{
  "type": "FeatureCollection",
  "features": [
    {
      "type": "Feature",
      "geometry": {
        "type": "Polygon",
        "coordinates": [
          [
            [
              2922.2856663568678,
              5249.884643661069
            ],
            [
              2968.5716307484417,
              5241.723179310724
            ],
            [
              2971.1763534134457,
              5256.495295605907
            ],
            [
              2924.8903890218717,
              5264.656759956252
            ],
            [
              2922.2856663568678,
              5249.884643661069
            ]
          ]
        ]
      },
      "properties": {
        "id": "050",
        "lote": "050",
        "estatus": "disponible",
        "paquete": null,
        "seccion": "PLATA",
        "manzana": "A",
        "manzanaId": "A"
      }
    },
    {
      "type": "Feature",
      "geometry": {
        "type": "Polygon",
        "coordinates": [
          [
            [
              2975.465285019527,
              5240.507642067055
            ],
            [
              3021.7512494111006,
              5232.3461777167095
            ],
            [
              3024.3559720761045,
              5247.118294011892
            ],
            [
              2978.070007684531,
              5255.279758362238
            ],
            [
              2975.465285019527,
              5240.507642067055
            ]
          ]
        ]
      },
      "properties": {
        "id": "040",
        "lote": "040",
        "estatus": "disponible",
        "paquete": null,
        "seccion": "PLATA",
        "manzana": "A",
        "manzanaId": "A"
      }
    },
    {
      "type": "Feature",
      "geometry": {
        "type": "Polygon",
        "coordinates": [
          [
            [
              3028.6449036821864,
              5231.130640473041
            ],
            [
              3074.93086807376,
              5222.969176122695
            ],
            [
              3077.535590738764,
              5237.741292417878
            ],
            [
              3031.2496263471903,
              5245.902756768224
            ],
            [
              3028.6449036821864,
              5231.130640473041
            ]
          ]
        ]
      },
      "properties": {
        "id": "030",
        "lote": "030",
        "estatus": "disponible",
        "paquete": null,
        "seccion": "PLATA",
        "manzana": "A",
        "manzanaId": "A"
      }
    },
    {
      "type": "Feature",
      "geometry": {
        "type": "Polygon",
        "coordinates": [
          [
            [
              3081.8245223448453,
              5221.753638879027
            ],
            [
              3128.1104867364193,
              5213.5921745286805
            ],
            [
              3130.715209401423,
              5228.364290823864
            ],
            [
              3084.4292450098496,
              5236.52575517421
            ],
            [
              3081.8245223448453,
              5221.753638879027
            ]
          ]
        ]
      },
      "properties": {
        "id": "020",
        "lote": "020",
        "estatus": "disponible",
        "paquete": null,
        "seccion": "PLATA",
        "manzana": "A",
        "manzanaId": "A"
      }
    },
    {
      "type": "Feature",
      "geometry": {
        "type": "Polygon",
        "coordinates": [
          [
            [
              3135.0041410075046,
              5212.376637285012
            ],
            [
              3181.2901053990786,
              5204.215172934667
            ],
            [
              3183.8948280640825,
              5218.98728922985
            ],
            [
              3137.6088636725085,
              5227.148753580195
            ],
            [
              3135.0041410075046,
              5212.376637285012
            ]
          ]
        ]
      },
      "properties": {
        "id": "010",
        "lote": "010",
        "estatus": "disponible",
        "paquete": null,
        "seccion": "PLATA",
        "manzana": "A",
        "manzanaId": "A"
      }
    },
    {
      "type": "Feature",
      "geometry": {
        "type": "Polygon",
        "coordinates": [
          [
            [
              2925.9322780878733,
              5270.565606474325
            ],
            [
              2972.218242479447,
              5262.40414212398
            ],
            [
              2974.8229651444512,
              5277.176258419163
            ],
            [
              2928.5370007528772,
              5285.337722769509
            ],
            [
              2925.9322780878733,
              5270.565606474325
            ]
          ]
        ]
      },
      "properties": {
        "id": "049",
        "lote": "049",
        "estatus": "disponible",
        "paquete": null,
        "seccion": "PLATA",
        "manzana": "A",
        "manzanaId": "A"
      }
    },
    {
      "type": "Feature",
      "geometry": {
        "type": "Polygon",
        "coordinates": [
          [
            [
              2979.1118967505327,
              5261.188604880312
            ],
            [
              3025.397861142106,
              5253.027140529965
            ],
            [
              3028.00258380711,
              5267.799256825148
            ],
            [
              2981.7166194155366,
              5275.960721175495
            ],
            [
              2979.1118967505327,
              5261.188604880312
            ]
          ]
        ]
      },
      "properties": {
        "id": "039",
        "lote": "039",
        "estatus": "disponible",
        "paquete": null,
        "seccion": "PLATA",
        "manzana": "A",
        "manzanaId": "A"
      }
    },
    {
      "type": "Feature",
      "geometry": {
        "type": "Polygon",
        "coordinates": [
          [
            [
              3032.291515413192,
              5251.811603286297
            ],
            [
              3078.5774798047655,
              5243.650138935952
            ],
            [
              3081.1822024697694,
              5258.422255231135
            ],
            [
              3034.896238078196,
              5266.58371958148
            ],
            [
              3032.291515413192,
              5251.811603286297
            ]
          ]
        ]
      },
      "properties": {
        "id": "029",
        "lote": "029",
        "estatus": "disponible",
        "paquete": null,
        "seccion": "PLATA",
        "manzana": "A",
        "manzanaId": "A"
      }
    },
    {
      "type": "Feature",
      "geometry": {
        "type": "Polygon",
        "coordinates": [
          [
            [
              3085.471134075851,
              5242.434601692283
            ],
            [
              3131.757098467425,
              5234.273137341937
            ],
            [
              3134.3618211324288,
              5249.04525363712
            ],
            [
              3088.0758567408548,
              5257.206717987466
            ],
            [
              3085.471134075851,
              5242.434601692283
            ]
          ]
        ]
      },
      "properties": {
        "id": "019",
        "lote": "019",
        "estatus": "disponible",
        "paquete": null,
        "seccion": "PLATA",
        "manzana": "A",
        "manzanaId": "A"
      }
    },
    {
      "type": "Feature",
      "geometry": {
        "type": "Polygon",
        "coordinates": [
          [
            [
              3138.65075273851,
              5233.057600098268
            ],
            [
              3184.936717130084,
              5224.896135747923
            ],
            [
              3187.541439795088,
              5239.668252043106
            ],
            [
              3141.255475403514,
              5247.829716393452
            ],
            [
              3138.65075273851,
              5233.057600098268
            ]
          ]
        ]
      },
      "properties": {
        "id": "009",
        "lote": "009",
        "estatus": "disponible",
        "paquete": null,
        "seccion": "PLATA",
        "manzana": "A",
        "manzanaId": "A"
      }
    },
    {
      "type": "Feature",
      "geometry": {
        "type": "Polygon",
        "coordinates": [
          [
            [
              2929.578889818879,
              5291.246569287582
            ],
            [
              2975.8648542104524,
              5283.085104937236
            ],
            [
              2978.4695768754564,
              5297.85722123242
            ],
            [
              2932.183612483883,
              5306.018685582765
            ],
            [
              2929.578889818879,
              5291.246569287582
            ]
          ]
        ]
      },
      "properties": {
        "id": "048",
        "lote": "048",
        "estatus": "disponible",
        "paquete": null,
        "seccion": "PLATA",
        "manzana": "A",
        "manzanaId": "A"
      }
    },
    {
      "type": "Feature",
      "geometry": {
        "type": "Polygon",
        "coordinates": [
          [
            [
              2982.7585084815382,
              5281.869567693568
            ],
            [
              3029.0444728731118,
              5273.708103343222
            ],
            [
              3031.6491955381157,
              5288.480219638405
            ],
            [
              2985.363231146542,
              5296.641683988751
            ],
            [
              2982.7585084815382,
              5281.869567693568
            ]
          ]
        ]
      },
      "properties": {
        "id": "038",
        "lote": "038",
        "estatus": "disponible",
        "paquete": null,
        "seccion": "PLATA",
        "manzana": "A",
        "manzanaId": "A"
      }
    },
    {
      "type": "Feature",
      "geometry": {
        "type": "Polygon",
        "coordinates": [
          [
            [
              3035.938127144197,
              5272.492566099553
            ],
            [
              3082.224091535771,
              5264.331101749208
            ],
            [
              3084.828814200775,
              5279.103218044391
            ],
            [
              3038.542849809201,
              5287.264682394737
            ],
            [
              3035.938127144197,
              5272.492566099553
            ]
          ]
        ]
      },
      "properties": {
        "id": "028",
        "lote": "028",
        "estatus": "disponible",
        "paquete": null,
        "seccion": "PLATA",
        "manzana": "A",
        "manzanaId": "A"
      }
    },
    {
      "type": "Feature",
      "geometry": {
        "type": "Polygon",
        "coordinates": [
          [
            [
              3089.1177458068564,
              5263.11556450554
            ],
            [
              3135.4037101984304,
              5254.954100155193
            ],
            [
              3138.0084328634343,
              5269.726216450376
            ],
            [
              3091.7224684718603,
              5277.887680800723
            ],
            [
              3089.1177458068564,
              5263.11556450554
            ]
          ]
        ]
      },
      "properties": {
        "id": "018",
        "lote": "018",
        "estatus": "disponible",
        "paquete": null,
        "seccion": "PLATA",
        "manzana": "A",
        "manzanaId": "A"
      }
    },
    {
      "type": "Feature",
      "geometry": {
        "type": "Polygon",
        "coordinates": [
          [
            [
              3142.2973644695157,
              5253.738562911525
            ],
            [
              3188.5833288610897,
              5245.577098561179
            ],
            [
              3191.1880515260937,
              5260.349214856363
            ],
            [
              3144.9020871345197,
              5268.510679206708
            ],
            [
              3142.2973644695157,
              5253.738562911525
            ]
          ]
        ]
      },
      "properties": {
        "id": "008",
        "lote": "008",
        "estatus": "disponible",
        "paquete": null,
        "seccion": "PLATA",
        "manzana": "A",
        "manzanaId": "A"
      }
    },
    {
      "type": "Feature",
      "geometry": {
        "type": "Polygon",
        "coordinates": [
          [
            [
              2933.2255015498845,
              5311.927532100838
            ],
            [
              2979.511465941458,
              5303.766067750493
            ],
            [
              2982.116188606462,
              5318.538184045676
            ],
            [
              2935.8302242148884,
              5326.699648396021
            ],
            [
              2933.2255015498845,
              5311.927532100838
            ]
          ]
        ]
      },
      "properties": {
        "id": "047",
        "lote": "047",
        "estatus": "disponible",
        "paquete": null,
        "seccion": "PLATA",
        "manzana": "A",
        "manzanaId": "A"
      }
    },
    {
      "type": "Feature",
      "geometry": {
        "type": "Polygon",
        "coordinates": [
          [
            [
              2986.405120212544,
              5302.5505305068245
            ],
            [
              3032.6910846041173,
              5294.389066156478
            ],
            [
              3035.2958072691213,
              5309.161182451661
            ],
            [
              2989.0098428775477,
              5317.3226468020075
            ],
            [
              2986.405120212544,
              5302.5505305068245
            ]
          ]
        ]
      },
      "properties": {
        "id": "037",
        "lote": "037",
        "estatus": "disponible",
        "paquete": null,
        "seccion": "PLATA",
        "manzana": "A",
        "manzanaId": "A"
      }
    },
    {
      "type": "Feature",
      "geometry": {
        "type": "Polygon",
        "coordinates": [
          [
            [
              3039.5847388752027,
              5293.17352891281
            ],
            [
              3085.8707032667767,
              5285.012064562464
            ],
            [
              3088.4754259317806,
              5299.784180857648
            ],
            [
              3042.1894615402066,
              5307.945645207993
            ],
            [
              3039.5847388752027,
              5293.17352891281
            ]
          ]
        ]
      },
      "properties": {
        "id": "027",
        "lote": "027",
        "estatus": "disponible",
        "paquete": null,
        "seccion": "PLATA",
        "manzana": "A",
        "manzanaId": "A"
      }
    },
    {
      "type": "Feature",
      "geometry": {
        "type": "Polygon",
        "coordinates": [
          [
            [
              3092.764357537862,
              5283.796527318796
            ],
            [
              3139.050321929436,
              5275.63506296845
            ],
            [
              3141.65504459444,
              5290.407179263633
            ],
            [
              3095.369080202866,
              5298.568643613979
            ],
            [
              3092.764357537862,
              5283.796527318796
            ]
          ]
        ]
      },
      "properties": {
        "id": "017",
        "lote": "017",
        "estatus": "disponible",
        "paquete": null,
        "seccion": "PLATA",
        "manzana": "A",
        "manzanaId": "A"
      }
    },
    {
      "type": "Feature",
      "geometry": {
        "type": "Polygon",
        "coordinates": [
          [
            [
              3145.9439762005213,
              5274.419525724781
            ],
            [
              3192.2299405920953,
              5266.258061374436
            ],
            [
              3194.834663257099,
              5281.030177669619
            ],
            [
              3148.5486988655252,
              5289.191642019965
            ],
            [
              3145.9439762005213,
              5274.419525724781
            ]
          ]
        ]
      },
      "properties": {
        "id": "007",
        "lote": "007",
        "estatus": "disponible",
        "paquete": null,
        "seccion": "PLATA",
        "manzana": "A",
        "manzanaId": "A"
      }
    },
    {
      "type": "Feature",
      "geometry": {
        "type": "Polygon",
        "coordinates": [
          [
            [
              2936.87211328089,
              5332.608494914095
            ],
            [
              2983.1580776724636,
              5324.447030563749
            ],
            [
              2985.7628003374675,
              5339.219146858932
            ],
            [
              2939.476835945894,
              5347.380611209278
            ],
            [
              2936.87211328089,
              5332.608494914095
            ]
          ]
        ]
      },
      "properties": {
        "id": "046",
        "lote": "046",
        "estatus": "disponible",
        "paquete": null,
        "seccion": "PLATA",
        "manzana": "A",
        "manzanaId": "A"
      }
    },
    {
      "type": "Feature",
      "geometry": {
        "type": "Polygon",
        "coordinates": [
          [
            [
              2990.051731943549,
              5323.2314933200805
            ],
            [
              3036.337696335123,
              5315.070028969735
            ],
            [
              3038.942419000127,
              5329.842145264918
            ],
            [
              2992.6564546085533,
              5338.0036096152635
            ],
            [
              2990.051731943549,
              5323.2314933200805
            ]
          ]
        ]
      },
      "properties": {
        "id": "036",
        "lote": "036",
        "estatus": "disponible",
        "paquete": null,
        "seccion": "PLATA",
        "manzana": "A",
        "manzanaId": "A"
      }
    },
    {
      "type": "Feature",
      "geometry": {
        "type": "Polygon",
        "coordinates": [
          [
            [
              3043.2313506062083,
              5313.854491726066
            ],
            [
              3089.5173149977823,
              5305.693027375721
            ],
            [
              3092.122037662786,
              5320.465143670904
            ],
            [
              3045.836073271212,
              5328.626608021249
            ],
            [
              3043.2313506062083,
              5313.854491726066
            ]
          ]
        ]
      },
      "properties": {
        "id": "026",
        "lote": "026",
        "estatus": "disponible",
        "paquete": null,
        "seccion": "PLATA",
        "manzana": "A",
        "manzanaId": "A"
      }
    },
    {
      "type": "Feature",
      "geometry": {
        "type": "Polygon",
        "coordinates": [
          [
            [
              3096.4109692688676,
              5304.4774901320525
            ],
            [
              3142.6969336604416,
              5296.316025781706
            ],
            [
              3145.3016563254455,
              5311.088142076889
            ],
            [
              3099.0156919338715,
              5319.249606427235
            ],
            [
              3096.4109692688676,
              5304.4774901320525
            ]
          ]
        ]
      },
      "properties": {
        "id": "016",
        "lote": "016",
        "estatus": "disponible",
        "paquete": null,
        "seccion": "PLATA",
        "manzana": "A",
        "manzanaId": "A"
      }
    },
    {
      "type": "Feature",
      "geometry": {
        "type": "Polygon",
        "coordinates": [
          [
            [
              3149.590587931527,
              5295.100488538038
            ],
            [
              3195.8765523231004,
              5286.939024187692
            ],
            [
              3198.4812749881044,
              5301.711140482876
            ],
            [
              3152.195310596531,
              5309.872604833221
            ],
            [
              3149.590587931527,
              5295.100488538038
            ]
          ]
        ]
      },
      "properties": {
        "id": "006",
        "lote": "006",
        "estatus": "disponible",
        "paquete": null,
        "seccion": "PLATA",
        "manzana": "A",
        "manzanaId": "A"
      }
    },
    {
      "type": "Feature",
      "geometry": {
        "type": "Polygon",
        "coordinates": [
          [
            [
              2940.5187250118956,
              5353.289457727351
            ],
            [
              2986.804689403469,
              5345.127993377006
            ],
            [
              2989.409412068473,
              5359.900109672189
            ],
            [
              2943.1234476768996,
              5368.061574022534
            ],
            [
              2940.5187250118956,
              5353.289457727351
            ]
          ]
        ]
      },
      "properties": {
        "id": "045",
        "lote": "045",
        "estatus": "disponible",
        "paquete": null,
        "seccion": "PLATA",
        "manzana": "A",
        "manzanaId": "A"
      }
    },
    {
      "type": "Feature",
      "geometry": {
        "type": "Polygon",
        "coordinates": [
          [
            [
              2993.6983436745545,
              5343.9124561333365
            ],
            [
              3039.9843080661285,
              5335.750991782991
            ],
            [
              3042.5890307311324,
              5350.523108078174
            ],
            [
              2996.3030663395584,
              5358.68457242852
            ],
            [
              2993.6983436745545,
              5343.9124561333365
            ]
          ]
        ]
      },
      "properties": {
        "id": "035",
        "lote": "035",
        "estatus": "disponible",
        "paquete": null,
        "seccion": "PLATA",
        "manzana": "A",
        "manzanaId": "A"
      }
    },
    {
      "type": "Feature",
      "geometry": {
        "type": "Polygon",
        "coordinates": [
          [
            [
              3046.877962337214,
              5334.535454539323
            ],
            [
              3093.163926728788,
              5326.373990188977
            ],
            [
              3095.7686493937917,
              5341.14610648416
            ],
            [
              3049.4826850022177,
              5349.307570834506
            ],
            [
              3046.877962337214,
              5334.535454539323
            ]
          ]
        ]
      },
      "properties": {
        "id": "025",
        "lote": "025",
        "estatus": "disponible",
        "paquete": null,
        "seccion": "PLATA",
        "manzana": "A",
        "manzanaId": "A"
      }
    },
    {
      "type": "Feature",
      "geometry": {
        "type": "Polygon",
        "coordinates": [
          [
            [
              3100.057580999873,
              5325.158452945308
            ],
            [
              3146.3435453914467,
              5316.996988594963
            ],
            [
              3148.948268056451,
              5331.769104890146
            ],
            [
              3102.662303664877,
              5339.930569240491
            ],
            [
              3100.057580999873,
              5325.158452945308
            ]
          ]
        ]
      },
      "properties": {
        "id": "015",
        "lote": "015",
        "estatus": "disponible",
        "paquete": null,
        "seccion": "PLATA",
        "manzana": "A",
        "manzanaId": "A"
      }
    },
    {
      "type": "Feature",
      "geometry": {
        "type": "Polygon",
        "coordinates": [
          [
            [
              3153.2371996625325,
              5315.781451351294
            ],
            [
              3199.523164054106,
              5307.619987000949
            ],
            [
              3202.12788671911,
              5322.392103296132
            ],
            [
              3155.8419223275364,
              5330.553567646477
            ],
            [
              3153.2371996625325,
              5315.781451351294
            ]
          ]
        ]
      },
      "properties": {
        "id": "005",
        "lote": "005",
        "estatus": "disponible",
        "paquete": null,
        "seccion": "PLATA",
        "manzana": "A",
        "manzanaId": "A"
      }
    },
    {
      "type": "Feature",
      "geometry": {
        "type": "Polygon",
        "coordinates": [
          [
            [
              2944.1653367429008,
              5373.970420540608
            ],
            [
              2990.4513011344748,
              5365.808956190262
            ],
            [
              2993.0560237994787,
              5380.581072485445
            ],
            [
              2946.770059407905,
              5388.742536835791
            ],
            [
              2944.1653367429008,
              5373.970420540608
            ]
          ]
        ]
      },
      "properties": {
        "id": "044",
        "lote": "044",
        "estatus": "disponible",
        "paquete": null,
        "seccion": "PLATA",
        "manzana": "A",
        "manzanaId": "A"
      }
    },
    {
      "type": "Feature",
      "geometry": {
        "type": "Polygon",
        "coordinates": [
          [
            [
              2997.34495540556,
              5364.593418946593
            ],
            [
              3043.630919797134,
              5356.431954596247
            ],
            [
              3046.235642462138,
              5371.204070891431
            ],
            [
              2999.949678070564,
              5379.365535241776
            ],
            [
              2997.34495540556,
              5364.593418946593
            ]
          ]
        ]
      },
      "properties": {
        "id": "034",
        "lote": "034",
        "estatus": "disponible",
        "paquete": null,
        "seccion": "PLATA",
        "manzana": "A",
        "manzanaId": "A"
      }
    },
    {
      "type": "Feature",
      "geometry": {
        "type": "Polygon",
        "coordinates": [
          [
            [
              3050.5245740682194,
              5355.216417352579
            ],
            [
              3096.8105384597934,
              5347.054953002234
            ],
            [
              3099.4152611247973,
              5361.8270692974165
            ],
            [
              3053.1292967332233,
              5369.988533647762
            ],
            [
              3050.5245740682194,
              5355.216417352579
            ]
          ]
        ]
      },
      "properties": {
        "id": "024",
        "lote": "024",
        "estatus": "disponible",
        "paquete": null,
        "seccion": "PLATA",
        "manzana": "A",
        "manzanaId": "A"
      }
    },
    {
      "type": "Feature",
      "geometry": {
        "type": "Polygon",
        "coordinates": [
          [
            [
              3103.7041927308787,
              5345.839415758564
            ],
            [
              3149.9901571224523,
              5337.677951408219
            ],
            [
              3152.5948797874566,
              5352.450067703402
            ],
            [
              3106.3089153958827,
              5360.611532053748
            ],
            [
              3103.7041927308787,
              5345.839415758564
            ]
          ]
        ]
      },
      "properties": {
        "id": "014",
        "lote": "014",
        "estatus": "disponible",
        "paquete": null,
        "seccion": "PLATA",
        "manzana": "A",
        "manzanaId": "A"
      }
    },
    {
      "type": "Feature",
      "geometry": {
        "type": "Polygon",
        "coordinates": [
          [
            [
              3156.883811393538,
              5336.462414164551
            ],
            [
              3203.1697757851116,
              5328.300949814205
            ],
            [
              3205.7744984501155,
              5343.073066109388
            ],
            [
              3159.488534058542,
              5351.234530459734
            ],
            [
              3156.883811393538,
              5336.462414164551
            ]
          ]
        ]
      },
      "properties": {
        "id": "004",
        "lote": "004",
        "estatus": "disponible",
        "paquete": null,
        "seccion": "PLATA",
        "manzana": "A",
        "manzanaId": "A"
      }
    },
    {
      "type": "Feature",
      "geometry": {
        "type": "Polygon",
        "coordinates": [
          [
            [
              2947.8119484739063,
              5394.651383353864
            ],
            [
              2994.0979128654803,
              5386.4899190035185
            ],
            [
              2996.7026355304843,
              5401.262035298701
            ],
            [
              2950.4166711389103,
              5409.423499649047
            ],
            [
              2947.8119484739063,
              5394.651383353864
            ]
          ]
        ]
      },
      "properties": {
        "id": "043",
        "lote": "043",
        "estatus": "disponible",
        "paquete": null,
        "seccion": "PLATA",
        "manzana": "A",
        "manzanaId": "A"
      }
    },
    {
      "type": "Feature",
      "geometry": {
        "type": "Polygon",
        "coordinates": [
          [
            [
              3000.9915671365657,
              5385.274381759849
            ],
            [
              3047.2775315281397,
              5377.112917409504
            ],
            [
              3049.8822541931436,
              5391.885033704687
            ],
            [
              3003.5962898015696,
              5400.046498055032
            ],
            [
              3000.9915671365657,
              5385.274381759849
            ]
          ]
        ]
      },
      "properties": {
        "id": "033",
        "lote": "033",
        "estatus": "disponible",
        "paquete": null,
        "seccion": "PLATA",
        "manzana": "A",
        "manzanaId": "A"
      }
    },
    {
      "type": "Feature",
      "geometry": {
        "type": "Polygon",
        "coordinates": [
          [
            [
              3054.171185799225,
              5375.897380165836
            ],
            [
              3100.457150190799,
              5367.7359158154895
            ],
            [
              3103.061872855803,
              5382.5080321106725
            ],
            [
              3056.775908464229,
              5390.669496461019
            ],
            [
              3054.171185799225,
              5375.897380165836
            ]
          ]
        ]
      },
      "properties": {
        "id": "023",
        "lote": "023",
        "estatus": "disponible",
        "paquete": null,
        "seccion": "PLATA",
        "manzana": "A",
        "manzanaId": "A"
      }
    },
    {
      "type": "Feature",
      "geometry": {
        "type": "Polygon",
        "coordinates": [
          [
            [
              3107.3508044618843,
              5366.520378571821
            ],
            [
              3153.636768853458,
              5358.358914221475
            ],
            [
              3156.2414915184618,
              5373.131030516659
            ],
            [
              3109.9555271268882,
              5381.292494867004
            ],
            [
              3107.3508044618843,
              5366.520378571821
            ]
          ]
        ]
      },
      "properties": {
        "id": "013",
        "lote": "013",
        "estatus": "disponible",
        "paquete": null,
        "seccion": "PLATA",
        "manzana": "A",
        "manzanaId": "A"
      }
    },
    {
      "type": "Feature",
      "geometry": {
        "type": "Polygon",
        "coordinates": [
          [
            [
              3160.5304231245436,
              5357.143376977807
            ],
            [
              3206.816387516117,
              5348.9819126274615
            ],
            [
              3209.421110181121,
              5363.7540289226445
            ],
            [
              3163.1351457895476,
              5371.91549327299
            ],
            [
              3160.5304231245436,
              5357.143376977807
            ]
          ]
        ]
      },
      "properties": {
        "id": "003",
        "lote": "003",
        "estatus": "disponible",
        "paquete": null,
        "seccion": "PLATA",
        "manzana": "A",
        "manzanaId": "A"
      }
    },
    {
      "type": "Feature",
      "geometry": {
        "type": "Polygon",
        "coordinates": [
          [
            [
              2951.458560204912,
              5415.33234616712
            ],
            [
              2997.744524596486,
              5407.170881816774
            ],
            [
              3000.34924726149,
              5421.942998111957
            ],
            [
              2954.063282869916,
              5430.104462462304
            ],
            [
              2951.458560204912,
              5415.33234616712
            ]
          ]
        ]
      },
      "properties": {
        "id": "042",
        "lote": "042",
        "estatus": "disponible",
        "paquete": null,
        "seccion": "PLATA",
        "manzana": "A",
        "manzanaId": "A"
      }
    },
    {
      "type": "Feature",
      "geometry": {
        "type": "Polygon",
        "coordinates": [
          [
            [
              3004.6381788675712,
              5405.955344573106
            ],
            [
              3050.9241432591452,
              5397.79388022276
            ],
            [
              3053.528865924149,
              5412.565996517943
            ],
            [
              3007.242901532575,
              5420.727460868289
            ],
            [
              3004.6381788675712,
              5405.955344573106
            ]
          ]
        ]
      },
      "properties": {
        "id": "032",
        "lote": "032",
        "estatus": "disponible",
        "paquete": null,
        "seccion": "PLATA",
        "manzana": "A",
        "manzanaId": "A"
      }
    },
    {
      "type": "Feature",
      "geometry": {
        "type": "Polygon",
        "coordinates": [
          [
            [
              3057.8177975302306,
              5396.578342979092
            ],
            [
              3104.103761921804,
              5388.416878628746
            ],
            [
              3106.708484586808,
              5403.188994923929
            ],
            [
              3060.4225201952345,
              5411.350459274275
            ],
            [
              3057.8177975302306,
              5396.578342979092
            ]
          ]
        ]
      },
      "properties": {
        "id": "022",
        "lote": "022",
        "estatus": "disponible",
        "paquete": null,
        "seccion": "PLATA",
        "manzana": "A",
        "manzanaId": "A"
      }
    },
    {
      "type": "Feature",
      "geometry": {
        "type": "Polygon",
        "coordinates": [
          [
            [
              3110.99741619289,
              5387.201341385077
            ],
            [
              3157.2833805844634,
              5379.039877034732
            ],
            [
              3159.8881032494673,
              5393.811993329915
            ],
            [
              3113.602138857894,
              5401.97345768026
            ],
            [
              3110.99741619289,
              5387.201341385077
            ]
          ]
        ]
      },
      "properties": {
        "id": "012",
        "lote": "012",
        "estatus": "disponible",
        "paquete": null,
        "seccion": "PLATA",
        "manzana": "A",
        "manzanaId": "A"
      }
    },
    {
      "type": "Feature",
      "geometry": {
        "type": "Polygon",
        "coordinates": [
          [
            [
              3164.1770348555488,
              5377.824339791063
            ],
            [
              3210.4629992471228,
              5369.6628754407175
            ],
            [
              3213.0677219121267,
              5384.4349917359
            ],
            [
              3166.781757520553,
              5392.596456086247
            ],
            [
              3164.1770348555488,
              5377.824339791063
            ]
          ]
        ]
      },
      "properties": {
        "id": "002",
        "lote": "002",
        "estatus": "disponible",
        "paquete": null,
        "seccion": "PLATA",
        "manzana": "A",
        "manzanaId": "A"
      }
    },
    {
      "type": "Feature",
      "geometry": {
        "type": "Polygon",
        "coordinates": [
          [
            [
              2955.1051719359175,
              5436.013308980377
            ],
            [
              3001.3911363274915,
              5427.85184463003
            ],
            [
              3003.9958589924954,
              5442.623960925214
            ],
            [
              2957.7098946009214,
              5450.78542527556
            ],
            [
              2955.1051719359175,
              5436.013308980377
            ]
          ]
        ]
      },
      "properties": {
        "id": "041",
        "lote": "041",
        "estatus": "disponible",
        "paquete": null,
        "seccion": "PLATA",
        "manzana": "A",
        "manzanaId": "A"
      }
    },
    {
      "type": "Feature",
      "geometry": {
        "type": "Polygon",
        "coordinates": [
          [
            [
              3008.284790598577,
              5426.636307386362
            ],
            [
              3054.5707549901504,
              5418.474843036017
            ],
            [
              3057.1754776551547,
              5433.2469593312
            ],
            [
              3010.8895132635807,
              5441.408423681545
            ],
            [
              3008.284790598577,
              5426.636307386362
            ]
          ]
        ]
      },
      "properties": {
        "id": "031",
        "lote": "031",
        "estatus": "disponible",
        "paquete": null,
        "seccion": "PLATA",
        "manzana": "A",
        "manzanaId": "A"
      }
    },
    {
      "type": "Feature",
      "geometry": {
        "type": "Polygon",
        "coordinates": [
          [
            [
              3061.464409261236,
              5417.259305792348
            ],
            [
              3107.7503736528097,
              5409.097841442002
            ],
            [
              3110.3550963178136,
              5423.869957737185
            ],
            [
              3064.06913192624,
              5432.031422087532
            ],
            [
              3061.464409261236,
              5417.259305792348
            ]
          ]
        ]
      },
      "properties": {
        "id": "021",
        "lote": "021",
        "estatus": "disponible",
        "paquete": null,
        "seccion": "PLATA",
        "manzana": "A",
        "manzanaId": "A"
      }
    },
    {
      "type": "Feature",
      "geometry": {
        "type": "Polygon",
        "coordinates": [
          [
            [
              3114.6440279238955,
              5407.882304198334
            ],
            [
              3160.929992315469,
              5399.720839847988
            ],
            [
              3163.534714980473,
              5414.492956143171
            ],
            [
              3117.2487505888994,
              5422.654420493517
            ],
            [
              3114.6440279238955,
              5407.882304198334
            ]
          ]
        ]
      },
      "properties": {
        "id": "011",
        "lote": "011",
        "estatus": "disponible",
        "paquete": null,
        "seccion": "PLATA",
        "manzana": "A",
        "manzanaId": "A"
      }
    },
    {
      "type": "Feature",
      "geometry": {
        "type": "Polygon",
        "coordinates": [
          [
            [
              3167.8236465865543,
              5398.50530260432
            ],
            [
              3214.1096109781283,
              5390.343838253973
            ],
            [
              3216.7143336431322,
              5405.115954549157
            ],
            [
              3170.4283692515583,
              5413.277418899503
            ],
            [
              3167.8236465865543,
              5398.50530260432
            ]
          ]
        ]
      },
      "properties": {
        "id": "001",
        "lote": "001",
        "estatus": "disponible",
        "paquete": null,
        "seccion": "PLATA",
        "manzana": "A",
        "manzanaId": "A"
      }
    },
    {
      "type": "Feature",
      "geometry": {
        "type": "Polygon",
        "coordinates": [
          [
            [
              2883.2856663568678,
              5018.883148135505
            ],
            [
              2929.5716307484417,
              5010.721683785159
            ],
            [
              2932.1763534134457,
              5025.493800080342
            ],
            [
              2885.8903890218717,
              5033.655264430688
            ],
            [
              2883.2856663568678,
              5018.883148135505
            ]
          ]
        ]
      },
      "properties": {
        "id": "100",
        "lote": "100",
        "estatus": "disponible",
        "paquete": null,
        "seccion": "PLATA",
        "manzana": "B",
        "manzanaId": "B"
      }
    },
    {
      "type": "Feature",
      "geometry": {
        "type": "Polygon",
        "coordinates": [
          [
            [
              2936.465285019527,
              5009.50614654149
            ],
            [
              2982.7512494111006,
              5001.344682191145
            ],
            [
              2985.3559720761045,
              5016.116798486328
            ],
            [
              2939.070007684531,
              5024.278262836673
            ],
            [
              2936.465285019527,
              5009.50614654149
            ]
          ]
        ]
      },
      "properties": {
        "id": "90",
        "lote": "90",
        "estatus": "disponible",
        "paquete": null,
        "seccion": "PLATA",
        "manzana": "B",
        "manzanaId": "B"
      }
    },
    {
      "type": "Feature",
      "geometry": {
        "type": "Polygon",
        "coordinates": [
          [
            [
              2989.6449036821864,
              5000.129144947477
            ],
            [
              3035.93086807376,
              4991.96768059713
            ],
            [
              3038.535590738764,
              5006.739796892313
            ],
            [
              2992.2496263471903,
              5014.9012612426595
            ],
            [
              2989.6449036821864,
              5000.129144947477
            ]
          ]
        ]
      },
      "properties": {
        "id": "80",
        "lote": "80",
        "estatus": "disponible",
        "paquete": null,
        "seccion": "PLATA",
        "manzana": "B",
        "manzanaId": "B"
      }
    },
    {
      "type": "Feature",
      "geometry": {
        "type": "Polygon",
        "coordinates": [
          [
            [
              3042.8245223448453,
              4990.752143353462
            ],
            [
              3089.1104867364193,
              4982.590679003116
            ],
            [
              3091.715209401423,
              4997.3627952983
            ],
            [
              3045.4292450098496,
              5005.524259648645
            ],
            [
              3042.8245223448453,
              4990.752143353462
            ]
          ]
        ]
      },
      "properties": {
        "id": "70",
        "lote": "70",
        "estatus": "disponible",
        "paquete": null,
        "seccion": "PLATA",
        "manzana": "B",
        "manzanaId": "B"
      }
    },
    {
      "type": "Feature",
      "geometry": {
        "type": "Polygon",
        "coordinates": [
          [
            [
              3096.0041410075046,
              4981.375141759448
            ],
            [
              3142.2901053990786,
              4973.213677409102
            ],
            [
              3144.8948280640825,
              4987.985793704285
            ],
            [
              3098.6088636725085,
              4996.147258054631
            ],
            [
              3096.0041410075046,
              4981.375141759448
            ]
          ]
        ]
      },
      "properties": {
        "id": "60",
        "lote": "60",
        "estatus": "disponible",
        "paquete": null,
        "seccion": "PLATA",
        "manzana": "B",
        "manzanaId": "B"
      }
    },
    {
      "type": "Feature",
      "geometry": {
        "type": "Polygon",
        "coordinates": [
          [
            [
              2886.9322780878733,
              5039.564110948761
            ],
            [
              2933.218242479447,
              5031.402646598415
            ],
            [
              2935.8229651444512,
              5046.174762893598
            ],
            [
              2889.5370007528772,
              5054.336227243944
            ],
            [
              2886.9322780878733,
              5039.564110948761
            ]
          ]
        ]
      },
      "properties": {
        "id": "99",
        "lote": "99",
        "estatus": "disponible",
        "paquete": null,
        "seccion": "PLATA",
        "manzana": "B",
        "manzanaId": "B"
      }
    },
    {
      "type": "Feature",
      "geometry": {
        "type": "Polygon",
        "coordinates": [
          [
            [
              2940.1118967505327,
              5030.187109354747
            ],
            [
              2986.397861142106,
              5022.025645004401
            ],
            [
              2989.00258380711,
              5036.797761299584
            ],
            [
              2942.7166194155366,
              5044.95922564993
            ],
            [
              2940.1118967505327,
              5030.187109354747
            ]
          ]
        ]
      },
      "properties": {
        "id": "89",
        "lote": "89",
        "estatus": "disponible",
        "paquete": null,
        "seccion": "PLATA",
        "manzana": "B",
        "manzanaId": "B"
      }
    },
    {
      "type": "Feature",
      "geometry": {
        "type": "Polygon",
        "coordinates": [
          [
            [
              2993.291515413192,
              5020.8101077607325
            ],
            [
              3039.5774798047655,
              5012.648643410387
            ],
            [
              3042.1822024697694,
              5027.42075970557
            ],
            [
              2995.896238078196,
              5035.5822240559155
            ],
            [
              2993.291515413192,
              5020.8101077607325
            ]
          ]
        ]
      },
      "properties": {
        "id": "79",
        "lote": "79",
        "estatus": "disponible",
        "paquete": null,
        "seccion": "PLATA",
        "manzana": "B",
        "manzanaId": "B"
      }
    },
    {
      "type": "Feature",
      "geometry": {
        "type": "Polygon",
        "coordinates": [
          [
            [
              3046.471134075851,
              5011.433106166718
            ],
            [
              3092.757098467425,
              5003.271641816373
            ],
            [
              3095.3618211324288,
              5018.043758111556
            ],
            [
              3049.0758567408548,
              5026.205222461901
            ],
            [
              3046.471134075851,
              5011.433106166718
            ]
          ]
        ]
      },
      "properties": {
        "id": "69",
        "lote": "69",
        "estatus": "disponible",
        "paquete": null,
        "seccion": "PLATA",
        "manzana": "B",
        "manzanaId": "B"
      }
    },
    {
      "type": "Feature",
      "geometry": {
        "type": "Polygon",
        "coordinates": [
          [
            [
              3099.65075273851,
              5002.056104572704
            ],
            [
              3145.936717130084,
              4993.894640222358
            ],
            [
              3148.541439795088,
              5008.666756517541
            ],
            [
              3102.255475403514,
              5016.8282208678875
            ],
            [
              3099.65075273851,
              5002.056104572704
            ]
          ]
        ]
      },
      "properties": {
        "id": "59",
        "lote": "59",
        "estatus": "disponible",
        "paquete": null,
        "seccion": "PLATA",
        "manzana": "B",
        "manzanaId": "B"
      }
    },
    {
      "type": "Feature",
      "geometry": {
        "type": "Polygon",
        "coordinates": [
          [
            [
              2890.578889818879,
              5060.2450737620175
            ],
            [
              2936.8648542104524,
              5052.083609411671
            ],
            [
              2939.4695768754564,
              5066.855725706855
            ],
            [
              2893.183612483883,
              5075.0171900572
            ],
            [
              2890.578889818879,
              5060.2450737620175
            ]
          ]
        ]
      },
      "properties": {
        "id": "98",
        "lote": "98",
        "estatus": "disponible",
        "paquete": null,
        "seccion": "PLATA",
        "manzana": "B",
        "manzanaId": "B"
      }
    },
    {
      "type": "Feature",
      "geometry": {
        "type": "Polygon",
        "coordinates": [
          [
            [
              2943.7585084815382,
              5050.868072168003
            ],
            [
              2990.0444728731118,
              5042.706607817658
            ],
            [
              2992.6491955381157,
              5057.478724112841
            ],
            [
              2946.363231146542,
              5065.640188463186
            ],
            [
              2943.7585084815382,
              5050.868072168003
            ]
          ]
        ]
      },
      "properties": {
        "id": "88",
        "lote": "88",
        "estatus": "disponible",
        "paquete": null,
        "seccion": "PLATA",
        "manzana": "B",
        "manzanaId": "B"
      }
    },
    {
      "type": "Feature",
      "geometry": {
        "type": "Polygon",
        "coordinates": [
          [
            [
              2996.938127144197,
              5041.4910705739885
            ],
            [
              3043.224091535771,
              5033.329606223643
            ],
            [
              3045.828814200775,
              5048.101722518826
            ],
            [
              2999.542849809201,
              5056.263186869172
            ],
            [
              2996.938127144197,
              5041.4910705739885
            ]
          ]
        ]
      },
      "properties": {
        "id": "78",
        "lote": "78",
        "estatus": "disponible",
        "paquete": null,
        "seccion": "PLATA",
        "manzana": "B",
        "manzanaId": "B"
      }
    },
    {
      "type": "Feature",
      "geometry": {
        "type": "Polygon",
        "coordinates": [
          [
            [
              3050.1177458068564,
              5032.114068979975
            ],
            [
              3096.4037101984304,
              5023.952604629629
            ],
            [
              3099.0084328634343,
              5038.724720924812
            ],
            [
              3052.7224684718603,
              5046.886185275158
            ],
            [
              3050.1177458068564,
              5032.114068979975
            ]
          ]
        ]
      },
      "properties": {
        "id": "68",
        "lote": "68",
        "estatus": "disponible",
        "paquete": null,
        "seccion": "PLATA",
        "manzana": "B",
        "manzanaId": "B"
      }
    },
    {
      "type": "Feature",
      "geometry": {
        "type": "Polygon",
        "coordinates": [
          [
            [
              3103.2973644695157,
              5022.7370673859605
            ],
            [
              3149.5833288610897,
              5014.575603035614
            ],
            [
              3152.1880515260937,
              5029.347719330798
            ],
            [
              3105.9020871345197,
              5037.509183681143
            ],
            [
              3103.2973644695157,
              5022.7370673859605
            ]
          ]
        ]
      },
      "properties": {
        "id": "58",
        "lote": "58",
        "estatus": "disponible",
        "paquete": null,
        "seccion": "PLATA",
        "manzana": "B",
        "manzanaId": "B"
      }
    },
    {
      "type": "Feature",
      "geometry": {
        "type": "Polygon",
        "coordinates": [
          [
            [
              2894.2255015498845,
              5080.926036575273
            ],
            [
              2940.511465941458,
              5072.764572224928
            ],
            [
              2943.116188606462,
              5087.536688520111
            ],
            [
              2896.8302242148884,
              5095.698152870456
            ],
            [
              2894.2255015498845,
              5080.926036575273
            ]
          ]
        ]
      },
      "properties": {
        "id": "97",
        "lote": "97",
        "estatus": "disponible",
        "paquete": null,
        "seccion": "PLATA",
        "manzana": "B",
        "manzanaId": "B"
      }
    },
    {
      "type": "Feature",
      "geometry": {
        "type": "Polygon",
        "coordinates": [
          [
            [
              2947.405120212544,
              5071.54903498126
            ],
            [
              2993.6910846041173,
              5063.387570630914
            ],
            [
              2996.2958072691213,
              5078.159686926097
            ],
            [
              2950.0098428775477,
              5086.321151276443
            ],
            [
              2947.405120212544,
              5071.54903498126
            ]
          ]
        ]
      },
      "properties": {
        "id": "87",
        "lote": "87",
        "estatus": "disponible",
        "paquete": null,
        "seccion": "PLATA",
        "manzana": "B",
        "manzanaId": "B"
      }
    },
    {
      "type": "Feature",
      "geometry": {
        "type": "Polygon",
        "coordinates": [
          [
            [
              3000.5847388752027,
              5062.172033387245
            ],
            [
              3046.8707032667767,
              5054.010569036899
            ],
            [
              3049.4754259317806,
              5068.782685332083
            ],
            [
              3003.1894615402066,
              5076.944149682428
            ],
            [
              3000.5847388752027,
              5062.172033387245
            ]
          ]
        ]
      },
      "properties": {
        "id": "77",
        "lote": "77",
        "estatus": "disponible",
        "paquete": null,
        "seccion": "PLATA",
        "manzana": "B",
        "manzanaId": "B"
      }
    },
    {
      "type": "Feature",
      "geometry": {
        "type": "Polygon",
        "coordinates": [
          [
            [
              3053.764357537862,
              5052.795031793231
            ],
            [
              3100.050321929436,
              5044.633567442886
            ],
            [
              3102.65504459444,
              5059.405683738069
            ],
            [
              3056.369080202866,
              5067.567148088414
            ],
            [
              3053.764357537862,
              5052.795031793231
            ]
          ]
        ]
      },
      "properties": {
        "id": "67",
        "lote": "67",
        "estatus": "disponible",
        "paquete": null,
        "seccion": "PLATA",
        "manzana": "B",
        "manzanaId": "B"
      }
    },
    {
      "type": "Feature",
      "geometry": {
        "type": "Polygon",
        "coordinates": [
          [
            [
              3106.9439762005213,
              5043.418030199216
            ],
            [
              3153.2299405920953,
              5035.256565848871
            ],
            [
              3155.834663257099,
              5050.028682144054
            ],
            [
              3109.5486988655252,
              5058.1901464944
            ],
            [
              3106.9439762005213,
              5043.418030199216
            ]
          ]
        ]
      },
      "properties": {
        "id": "57",
        "lote": "57",
        "estatus": "disponible",
        "paquete": null,
        "seccion": "PLATA",
        "manzana": "B",
        "manzanaId": "B"
      }
    },
    {
      "type": "Feature",
      "geometry": {
        "type": "Polygon",
        "coordinates": [
          [
            [
              2897.87211328089,
              5101.60699938853
            ],
            [
              2944.1580776724636,
              5093.445535038184
            ],
            [
              2946.7628003374675,
              5108.217651333367
            ],
            [
              2900.476835945894,
              5116.379115683713
            ],
            [
              2897.87211328089,
              5101.60699938853
            ]
          ]
        ]
      },
      "properties": {
        "id": "96",
        "lote": "96",
        "estatus": "disponible",
        "paquete": null,
        "seccion": "PLATA",
        "manzana": "B",
        "manzanaId": "B"
      }
    },
    {
      "type": "Feature",
      "geometry": {
        "type": "Polygon",
        "coordinates": [
          [
            [
              2951.051731943549,
              5092.229997794516
            ],
            [
              2997.337696335123,
              5084.0685334441705
            ],
            [
              2999.942419000127,
              5098.8406497393535
            ],
            [
              2953.6564546085533,
              5107.002114089699
            ],
            [
              2951.051731943549,
              5092.229997794516
            ]
          ]
        ]
      },
      "properties": {
        "id": "86",
        "lote": "86",
        "estatus": "disponible",
        "paquete": null,
        "seccion": "PLATA",
        "manzana": "B",
        "manzanaId": "B"
      }
    },
    {
      "type": "Feature",
      "geometry": {
        "type": "Polygon",
        "coordinates": [
          [
            [
              3004.2313506062083,
              5082.852996200501
            ],
            [
              3050.5173149977823,
              5074.691531850156
            ],
            [
              3053.122037662786,
              5089.463648145339
            ],
            [
              3006.836073271212,
              5097.625112495684
            ],
            [
              3004.2313506062083,
              5082.852996200501
            ]
          ]
        ]
      },
      "properties": {
        "id": "76",
        "lote": "76",
        "estatus": "disponible",
        "paquete": null,
        "seccion": "PLATA",
        "manzana": "B",
        "manzanaId": "B"
      }
    },
    {
      "type": "Feature",
      "geometry": {
        "type": "Polygon",
        "coordinates": [
          [
            [
              3057.4109692688676,
              5073.475994606488
            ],
            [
              3103.6969336604416,
              5065.314530256142
            ],
            [
              3106.3016563254455,
              5080.0866465513245
            ],
            [
              3060.0156919338715,
              5088.248110901671
            ],
            [
              3057.4109692688676,
              5073.475994606488
            ]
          ]
        ]
      },
      "properties": {
        "id": "66",
        "lote": "66",
        "estatus": "disponible",
        "paquete": null,
        "seccion": "PLATA",
        "manzana": "B",
        "manzanaId": "B"
      }
    },
    {
      "type": "Feature",
      "geometry": {
        "type": "Polygon",
        "coordinates": [
          [
            [
              3110.590587931527,
              5064.098993012473
            ],
            [
              3156.8765523231004,
              5055.937528662127
            ],
            [
              3159.4812749881044,
              5070.709644957311
            ],
            [
              3113.195310596531,
              5078.871109307656
            ],
            [
              3110.590587931527,
              5064.098993012473
            ]
          ]
        ]
      },
      "properties": {
        "id": "56",
        "lote": "56",
        "estatus": "disponible",
        "paquete": null,
        "seccion": "PLATA",
        "manzana": "B",
        "manzanaId": "B"
      }
    },
    {
      "type": "Feature",
      "geometry": {
        "type": "Polygon",
        "coordinates": [
          [
            [
              2901.5187250118956,
              5122.287962201786
            ],
            [
              2947.804689403469,
              5114.126497851441
            ],
            [
              2950.409412068473,
              5128.898614146624
            ],
            [
              2904.1234476768996,
              5137.060078496969
            ],
            [
              2901.5187250118956,
              5122.287962201786
            ]
          ]
        ]
      },
      "properties": {
        "id": "95",
        "lote": "95",
        "estatus": "disponible",
        "paquete": null,
        "seccion": "PLATA",
        "manzana": "B",
        "manzanaId": "B"
      }
    },
    {
      "type": "Feature",
      "geometry": {
        "type": "Polygon",
        "coordinates": [
          [
            [
              2954.6983436745545,
              5112.910960607772
            ],
            [
              3000.9843080661285,
              5104.7494962574265
            ],
            [
              3003.5890307311324,
              5119.521612552609
            ],
            [
              2957.3030663395584,
              5127.683076902956
            ],
            [
              2954.6983436745545,
              5112.910960607772
            ]
          ]
        ]
      },
      "properties": {
        "id": "85",
        "lote": "85",
        "estatus": "disponible",
        "paquete": null,
        "seccion": "PLATA",
        "manzana": "B",
        "manzanaId": "B"
      }
    },
    {
      "type": "Feature",
      "geometry": {
        "type": "Polygon",
        "coordinates": [
          [
            [
              3007.877962337214,
              5103.533959013758
            ],
            [
              3054.163926728788,
              5095.372494663412
            ],
            [
              3056.7686493937917,
              5110.144610958595
            ],
            [
              3010.4826850022177,
              5118.306075308941
            ],
            [
              3007.877962337214,
              5103.533959013758
            ]
          ]
        ]
      },
      "properties": {
        "id": "75",
        "lote": "75",
        "estatus": "disponible",
        "paquete": null,
        "seccion": "PLATA",
        "manzana": "B",
        "manzanaId": "B"
      }
    },
    {
      "type": "Feature",
      "geometry": {
        "type": "Polygon",
        "coordinates": [
          [
            [
              3061.057580999873,
              5094.156957419744
            ],
            [
              3107.3435453914467,
              5085.995493069398
            ],
            [
              3109.948268056451,
              5100.767609364581
            ],
            [
              3063.662303664877,
              5108.929073714927
            ],
            [
              3061.057580999873,
              5094.156957419744
            ]
          ]
        ]
      },
      "properties": {
        "id": "65",
        "lote": "65",
        "estatus": "disponible",
        "paquete": null,
        "seccion": "PLATA",
        "manzana": "B",
        "manzanaId": "B"
      }
    },
    {
      "type": "Feature",
      "geometry": {
        "type": "Polygon",
        "coordinates": [
          [
            [
              3114.2371996625325,
              5084.779955825729
            ],
            [
              3160.523164054106,
              5076.618491475384
            ],
            [
              3163.12788671911,
              5091.390607770567
            ],
            [
              3116.8419223275364,
              5099.552072120912
            ],
            [
              3114.2371996625325,
              5084.779955825729
            ]
          ]
        ]
      },
      "properties": {
        "id": "55",
        "lote": "55",
        "estatus": "disponible",
        "paquete": null,
        "seccion": "PLATA",
        "manzana": "B",
        "manzanaId": "B"
      }
    },
    {
      "type": "Feature",
      "geometry": {
        "type": "Polygon",
        "coordinates": [
          [
            [
              2905.1653367429008,
              5142.968925015043
            ],
            [
              2951.4513011344748,
              5134.807460664697
            ],
            [
              2954.0560237994787,
              5149.57957695988
            ],
            [
              2907.770059407905,
              5157.741041310226
            ],
            [
              2905.1653367429008,
              5142.968925015043
            ]
          ]
        ]
      },
      "properties": {
        "id": "94",
        "lote": "94",
        "estatus": "disponible",
        "paquete": null,
        "seccion": "PLATA",
        "manzana": "B",
        "manzanaId": "B"
      }
    },
    {
      "type": "Feature",
      "geometry": {
        "type": "Polygon",
        "coordinates": [
          [
            [
              2958.34495540556,
              5133.591923421029
            ],
            [
              3004.630919797134,
              5125.430459070682
            ],
            [
              3007.235642462138,
              5140.202575365866
            ],
            [
              2960.949678070564,
              5148.364039716212
            ],
            [
              2958.34495540556,
              5133.591923421029
            ]
          ]
        ]
      },
      "properties": {
        "id": "84",
        "lote": "84",
        "estatus": "disponible",
        "paquete": null,
        "seccion": "PLATA",
        "manzana": "B",
        "manzanaId": "B"
      }
    },
    {
      "type": "Feature",
      "geometry": {
        "type": "Polygon",
        "coordinates": [
          [
            [
              3011.5245740682194,
              5124.214921827014
            ],
            [
              3057.8105384597934,
              5116.053457476669
            ],
            [
              3060.4152611247973,
              5130.825573771852
            ],
            [
              3014.1292967332233,
              5138.987038122197
            ],
            [
              3011.5245740682194,
              5124.214921827014
            ]
          ]
        ]
      },
      "properties": {
        "id": "74",
        "lote": "74",
        "estatus": "disponible",
        "paquete": null,
        "seccion": "PLATA",
        "manzana": "B",
        "manzanaId": "B"
      }
    },
    {
      "type": "Feature",
      "geometry": {
        "type": "Polygon",
        "coordinates": [
          [
            [
              3064.7041927308787,
              5114.837920233
            ],
            [
              3110.9901571224523,
              5106.676455882654
            ],
            [
              3113.5948797874566,
              5121.448572177837
            ],
            [
              3067.3089153958827,
              5129.610036528184
            ],
            [
              3064.7041927308787,
              5114.837920233
            ]
          ]
        ]
      },
      "properties": {
        "id": "64",
        "lote": "64",
        "estatus": "disponible",
        "paquete": null,
        "seccion": "PLATA",
        "manzana": "B",
        "manzanaId": "B"
      }
    },
    {
      "type": "Feature",
      "geometry": {
        "type": "Polygon",
        "coordinates": [
          [
            [
              3117.883811393538,
              5105.460918638986
            ],
            [
              3164.1697757851116,
              5097.29945428864
            ],
            [
              3166.7744984501155,
              5112.071570583823
            ],
            [
              3120.488534058542,
              5120.233034934169
            ],
            [
              3117.883811393538,
              5105.460918638986
            ]
          ]
        ]
      },
      "properties": {
        "id": "54",
        "lote": "54",
        "estatus": "disponible",
        "paquete": null,
        "seccion": "PLATA",
        "manzana": "B",
        "manzanaId": "B"
      }
    },
    {
      "type": "Feature",
      "geometry": {
        "type": "Polygon",
        "coordinates": [
          [
            [
              2908.8119484739063,
              5163.649887828299
            ],
            [
              2955.0979128654803,
              5155.488423477954
            ],
            [
              2957.7026355304843,
              5170.260539773137
            ],
            [
              2911.4166711389103,
              5178.422004123482
            ],
            [
              2908.8119484739063,
              5163.649887828299
            ]
          ]
        ]
      },
      "properties": {
        "id": "93",
        "lote": "93",
        "estatus": "disponible",
        "paquete": null,
        "seccion": "PLATA",
        "manzana": "B",
        "manzanaId": "B"
      }
    },
    {
      "type": "Feature",
      "geometry": {
        "type": "Polygon",
        "coordinates": [
          [
            [
              2961.9915671365657,
              5154.272886234285
            ],
            [
              3008.2775315281397,
              5146.111421883939
            ],
            [
              3010.8822541931436,
              5160.883538179122
            ],
            [
              2964.5962898015696,
              5169.045002529468
            ],
            [
              2961.9915671365657,
              5154.272886234285
            ]
          ]
        ]
      },
      "properties": {
        "id": "83",
        "lote": "83",
        "estatus": "disponible",
        "paquete": null,
        "seccion": "PLATA",
        "manzana": "B",
        "manzanaId": "B"
      }
    },
    {
      "type": "Feature",
      "geometry": {
        "type": "Polygon",
        "coordinates": [
          [
            [
              3015.171185799225,
              5144.895884640271
            ],
            [
              3061.457150190799,
              5136.734420289925
            ],
            [
              3064.061872855803,
              5151.506536585108
            ],
            [
              3017.775908464229,
              5159.668000935454
            ],
            [
              3015.171185799225,
              5144.895884640271
            ]
          ]
        ]
      },
      "properties": {
        "id": "73",
        "lote": "73",
        "estatus": "disponible",
        "paquete": null,
        "seccion": "PLATA",
        "manzana": "B",
        "manzanaId": "B"
      }
    },
    {
      "type": "Feature",
      "geometry": {
        "type": "Polygon",
        "coordinates": [
          [
            [
              3068.3508044618843,
              5135.518883046257
            ],
            [
              3114.636768853458,
              5127.35741869591
            ],
            [
              3117.2414915184618,
              5142.129534991094
            ],
            [
              3070.9555271268882,
              5150.29099934144
            ],
            [
              3068.3508044618843,
              5135.518883046257
            ]
          ]
        ]
      },
      "properties": {
        "id": "63",
        "lote": "63",
        "estatus": "disponible",
        "paquete": null,
        "seccion": "PLATA",
        "manzana": "B",
        "manzanaId": "B"
      }
    },
    {
      "type": "Feature",
      "geometry": {
        "type": "Polygon",
        "coordinates": [
          [
            [
              3121.5304231245436,
              5126.141881452242
            ],
            [
              3167.816387516117,
              5117.980417101897
            ],
            [
              3170.421110181121,
              5132.75253339708
            ],
            [
              3124.1351457895476,
              5140.913997747425
            ],
            [
              3121.5304231245436,
              5126.141881452242
            ]
          ]
        ]
      },
      "properties": {
        "id": "53",
        "lote": "53",
        "estatus": "disponible",
        "paquete": null,
        "seccion": "PLATA",
        "manzana": "B",
        "manzanaId": "B"
      }
    },
    {
      "type": "Feature",
      "geometry": {
        "type": "Polygon",
        "coordinates": [
          [
            [
              2912.458560204912,
              5184.330850641555
            ],
            [
              2958.744524596486,
              5176.16938629121
            ],
            [
              2961.34924726149,
              5190.941502586393
            ],
            [
              2915.063282869916,
              5199.102966936739
            ],
            [
              2912.458560204912,
              5184.330850641555
            ]
          ]
        ]
      },
      "properties": {
        "id": "92",
        "lote": "92",
        "estatus": "disponible",
        "paquete": null,
        "seccion": "PLATA",
        "manzana": "B",
        "manzanaId": "B"
      }
    },
    {
      "type": "Feature",
      "geometry": {
        "type": "Polygon",
        "coordinates": [
          [
            [
              2965.6381788675712,
              5174.953849047542
            ],
            [
              3011.9241432591452,
              5166.792384697195
            ],
            [
              3014.528865924149,
              5181.564500992378
            ],
            [
              2968.242901532575,
              5189.7259653427245
            ],
            [
              2965.6381788675712,
              5174.953849047542
            ]
          ]
        ]
      },
      "properties": {
        "id": "82",
        "lote": "82",
        "estatus": "disponible",
        "paquete": null,
        "seccion": "PLATA",
        "manzana": "B",
        "manzanaId": "B"
      }
    },
    {
      "type": "Feature",
      "geometry": {
        "type": "Polygon",
        "coordinates": [
          [
            [
              3018.8177975302306,
              5165.576847453527
            ],
            [
              3065.103761921804,
              5157.415383103182
            ],
            [
              3067.708484586808,
              5172.187499398365
            ],
            [
              3021.4225201952345,
              5180.34896374871
            ],
            [
              3018.8177975302306,
              5165.576847453527
            ]
          ]
        ]
      },
      "properties": {
        "id": "72",
        "lote": "72",
        "estatus": "disponible",
        "paquete": null,
        "seccion": "PLATA",
        "manzana": "B",
        "manzanaId": "B"
      }
    },
    {
      "type": "Feature",
      "geometry": {
        "type": "Polygon",
        "coordinates": [
          [
            [
              3071.99741619289,
              5156.199845859513
            ],
            [
              3118.2833805844634,
              5148.038381509167
            ],
            [
              3120.8881032494673,
              5162.81049780435
            ],
            [
              3074.602138857894,
              5170.971962154696
            ],
            [
              3071.99741619289,
              5156.199845859513
            ]
          ]
        ]
      },
      "properties": {
        "id": "62",
        "lote": "62",
        "estatus": "disponible",
        "paquete": null,
        "seccion": "PLATA",
        "manzana": "B",
        "manzanaId": "B"
      }
    },
    {
      "type": "Feature",
      "geometry": {
        "type": "Polygon",
        "coordinates": [
          [
            [
              3125.1770348555488,
              5146.822844265498
            ],
            [
              3171.4629992471228,
              5138.661379915153
            ],
            [
              3174.0677219121267,
              5153.433496210336
            ],
            [
              3127.781757520553,
              5161.594960560682
            ],
            [
              3125.1770348555488,
              5146.822844265498
            ]
          ]
        ]
      },
      "properties": {
        "id": "52",
        "lote": "52",
        "estatus": "disponible",
        "paquete": null,
        "seccion": "PLATA",
        "manzana": "B",
        "manzanaId": "B"
      }
    },
    {
      "type": "Feature",
      "geometry": {
        "type": "Polygon",
        "coordinates": [
          [
            [
              2916.1051719359175,
              5205.011813454812
            ],
            [
              2962.3911363274915,
              5196.850349104466
            ],
            [
              2964.9958589924954,
              5211.62246539965
            ],
            [
              2918.7098946009214,
              5219.783929749995
            ],
            [
              2916.1051719359175,
              5205.011813454812
            ]
          ]
        ]
      },
      "properties": {
        "id": "91",
        "lote": "91",
        "estatus": "disponible",
        "paquete": null,
        "seccion": "PLATA",
        "manzana": "B",
        "manzanaId": "B"
      }
    },
    {
      "type": "Feature",
      "geometry": {
        "type": "Polygon",
        "coordinates": [
          [
            [
              2969.284790598577,
              5195.6348118607975
            ],
            [
              3015.5707549901504,
              5187.473347510452
            ],
            [
              3018.1754776551547,
              5202.245463805635
            ],
            [
              2971.8895132635807,
              5210.4069281559805
            ],
            [
              2969.284790598577,
              5195.6348118607975
            ]
          ]
        ]
      },
      "properties": {
        "id": "81",
        "lote": "81",
        "estatus": "disponible",
        "paquete": null,
        "seccion": "PLATA",
        "manzana": "B",
        "manzanaId": "B"
      }
    },
    {
      "type": "Feature",
      "geometry": {
        "type": "Polygon",
        "coordinates": [
          [
            [
              3022.464409261236,
              5186.257810266783
            ],
            [
              3068.7503736528097,
              5178.096345916438
            ],
            [
              3071.3550963178136,
              5192.868462211621
            ],
            [
              3025.06913192624,
              5201.029926561967
            ],
            [
              3022.464409261236,
              5186.257810266783
            ]
          ]
        ]
      },
      "properties": {
        "id": "71",
        "lote": "71",
        "estatus": "disponible",
        "paquete": null,
        "seccion": "PLATA",
        "manzana": "B",
        "manzanaId": "B"
      }
    },
    {
      "type": "Feature",
      "geometry": {
        "type": "Polygon",
        "coordinates": [
          [
            [
              3075.6440279238955,
              5176.8808086727695
            ],
            [
              3121.929992315469,
              5168.719344322423
            ],
            [
              3124.534714980473,
              5183.491460617606
            ],
            [
              3078.2487505888994,
              5191.6529249679525
            ],
            [
              3075.6440279238955,
              5176.8808086727695
            ]
          ]
        ]
      },
      "properties": {
        "id": "61",
        "lote": "61",
        "estatus": "disponible",
        "paquete": null,
        "seccion": "PLATA",
        "manzana": "B",
        "manzanaId": "B"
      }
    },
    {
      "type": "Feature",
      "geometry": {
        "type": "Polygon",
        "coordinates": [
          [
            [
              3128.8236465865543,
              5167.503807078755
            ],
            [
              3175.1096109781283,
              5159.342342728409
            ],
            [
              3177.7143336431322,
              5174.114459023593
            ],
            [
              3131.4283692515583,
              5182.275923373938
            ],
            [
              3128.8236465865543,
              5167.503807078755
            ]
          ]
        ]
      },
      "properties": {
        "id": "51",
        "lote": "51",
        "estatus": "disponible",
        "paquete": null,
        "seccion": "PLATA",
        "manzana": "B",
        "manzanaId": "B"
      }
    },
    {
      "type": "Feature",
      "geometry": {
        "type": "Polygon",
        "coordinates": [
          [
            [
              2840,
              4786.314853935101
            ],
            [
              2886.285964391574,
              4778.153389584756
            ],
            [
              2888.890687056578,
              4792.925505879939
            ],
            [
              2842.604722665004,
              4801.086970230284
            ],
            [
              2840,
              4786.314853935101
            ]
          ]
        ]
      },
      "properties": {
        "id": "150",
        "lote": "150",
        "estatus": "disponible",
        "paquete": null,
        "seccion": "PLATA",
        "manzana": "C",
        "manzanaId": "C"
      }
    },
    {
      "type": "Feature",
      "geometry": {
        "type": "Polygon",
        "coordinates": [
          [
            [
              2893.1796186626593,
              4776.937852341087
            ],
            [
              2939.465583054233,
              4768.776387990742
            ],
            [
              2942.070305719237,
              4783.5485042859245
            ],
            [
              2895.7843413276632,
              4791.70996863627
            ],
            [
              2893.1796186626593,
              4776.937852341087
            ]
          ]
        ]
      },
      "properties": {
        "id": "140",
        "lote": "140",
        "estatus": "disponible",
        "paquete": null,
        "seccion": "PLATA",
        "manzana": "C",
        "manzanaId": "C"
      }
    },
    {
      "type": "Feature",
      "geometry": {
        "type": "Polygon",
        "coordinates": [
          [
            [
              2946.3592373253186,
              4767.560850747073
            ],
            [
              2992.645201716892,
              4759.399386396727
            ],
            [
              2995.249924381896,
              4774.17150269191
            ],
            [
              2948.9639599903226,
              4782.332967042256
            ],
            [
              2946.3592373253186,
              4767.560850747073
            ]
          ]
        ]
      },
      "properties": {
        "id": "130",
        "lote": "130",
        "estatus": "disponible",
        "paquete": null,
        "seccion": "PLATA",
        "manzana": "C",
        "manzanaId": "C"
      }
    },
    {
      "type": "Feature",
      "geometry": {
        "type": "Polygon",
        "coordinates": [
          [
            [
              2999.5388559879775,
              4758.183849153059
            ],
            [
              3045.8248203795515,
              4750.022384802713
            ],
            [
              3048.4295430445554,
              4764.7945010978965
            ],
            [
              3002.143578652982,
              4772.955965448242
            ],
            [
              2999.5388559879775,
              4758.183849153059
            ]
          ]
        ]
      },
      "properties": {
        "id": "120",
        "lote": "120",
        "estatus": "disponible",
        "paquete": null,
        "seccion": "PLATA",
        "manzana": "C",
        "manzanaId": "C"
      }
    },
    {
      "type": "Feature",
      "geometry": {
        "type": "Polygon",
        "coordinates": [
          [
            [
              3052.718474650637,
              4748.806847559044
            ],
            [
              3099.004439042211,
              4740.645383208699
            ],
            [
              3101.6091617072148,
              4755.417499503882
            ],
            [
              3055.3231973156408,
              4763.578963854227
            ],
            [
              3052.718474650637,
              4748.806847559044
            ]
          ]
        ]
      },
      "properties": {
        "id": "110",
        "lote": "110",
        "estatus": "disponible",
        "paquete": null,
        "seccion": "PLATA",
        "manzana": "C",
        "manzanaId": "C"
      }
    },
    {
      "type": "Feature",
      "geometry": {
        "type": "Polygon",
        "coordinates": [
          [
            [
              2843.6466117310056,
              4806.995816748357
            ],
            [
              2889.932576122579,
              4798.834352398012
            ],
            [
              2892.5372987875835,
              4813.606468693195
            ],
            [
              2846.2513343960095,
              4821.767933043541
            ],
            [
              2843.6466117310056,
              4806.995816748357
            ]
          ]
        ]
      },
      "properties": {
        "id": "149",
        "lote": "149",
        "estatus": "disponible",
        "paquete": null,
        "seccion": "PLATA",
        "manzana": "C",
        "manzanaId": "C"
      }
    },
    {
      "type": "Feature",
      "geometry": {
        "type": "Polygon",
        "coordinates": [
          [
            [
              2896.826230393665,
              4797.618815154344
            ],
            [
              2943.1121947852384,
              4789.4573508039975
            ],
            [
              2945.7169174502424,
              4804.2294670991805
            ],
            [
              2899.430953058669,
              4812.390931449527
            ],
            [
              2896.826230393665,
              4797.618815154344
            ]
          ]
        ]
      },
      "properties": {
        "id": "139",
        "lote": "139",
        "estatus": "disponible",
        "paquete": null,
        "seccion": "PLATA",
        "manzana": "C",
        "manzanaId": "C"
      }
    },
    {
      "type": "Feature",
      "geometry": {
        "type": "Polygon",
        "coordinates": [
          [
            [
              2950.005849056324,
              4788.241813560329
            ],
            [
              2996.2918134478978,
              4780.080349209984
            ],
            [
              2998.8965361129017,
              4794.852465505167
            ],
            [
              2952.610571721328,
              4803.013929855512
            ],
            [
              2950.005849056324,
              4788.241813560329
            ]
          ]
        ]
      },
      "properties": {
        "id": "129",
        "lote": "129",
        "estatus": "disponible",
        "paquete": null,
        "seccion": "PLATA",
        "manzana": "C",
        "manzanaId": "C"
      }
    },
    {
      "type": "Feature",
      "geometry": {
        "type": "Polygon",
        "coordinates": [
          [
            [
              3003.185467718983,
              4778.864811966315
            ],
            [
              3049.471432110557,
              4770.7033476159695
            ],
            [
              3052.076154775561,
              4785.4754639111525
            ],
            [
              3005.790190383987,
              4793.636928261498
            ],
            [
              3003.185467718983,
              4778.864811966315
            ]
          ]
        ]
      },
      "properties": {
        "id": "119",
        "lote": "119",
        "estatus": "disponible",
        "paquete": null,
        "seccion": "PLATA",
        "manzana": "C",
        "manzanaId": "C"
      }
    },
    {
      "type": "Feature",
      "geometry": {
        "type": "Polygon",
        "coordinates": [
          [
            [
              3056.3650863816424,
              4769.4878103723
            ],
            [
              3102.6510507732164,
              4761.326346021955
            ],
            [
              3105.2557734382203,
              4776.098462317138
            ],
            [
              3058.9698090466463,
              4784.259926667484
            ],
            [
              3056.3650863816424,
              4769.4878103723
            ]
          ]
        ]
      },
      "properties": {
        "id": "109",
        "lote": "109",
        "estatus": "disponible",
        "paquete": null,
        "seccion": "PLATA",
        "manzana": "C",
        "manzanaId": "C"
      }
    },
    {
      "type": "Feature",
      "geometry": {
        "type": "Polygon",
        "coordinates": [
          [
            [
              2847.293223462011,
              4827.676779561614
            ],
            [
              2893.5791878535847,
              4819.515315211268
            ],
            [
              2896.1839105185886,
              4834.287431506452
            ],
            [
              2849.897946127015,
              4842.448895856797
            ],
            [
              2847.293223462011,
              4827.676779561614
            ]
          ]
        ]
      },
      "properties": {
        "id": "148",
        "lote": "148",
        "estatus": "disponible",
        "paquete": null,
        "seccion": "PLATA",
        "manzana": "C",
        "manzanaId": "C"
      }
    },
    {
      "type": "Feature",
      "geometry": {
        "type": "Polygon",
        "coordinates": [
          [
            [
              2900.4728421246705,
              4818.2997779676
            ],
            [
              2946.758806516244,
              4810.138313617254
            ],
            [
              2949.363529181248,
              4824.910429912437
            ],
            [
              2903.0775647896744,
              4833.071894262783
            ],
            [
              2900.4728421246705,
              4818.2997779676
            ]
          ]
        ]
      },
      "properties": {
        "id": "138",
        "lote": "138",
        "estatus": "disponible",
        "paquete": null,
        "seccion": "PLATA",
        "manzana": "C",
        "manzanaId": "C"
      }
    },
    {
      "type": "Feature",
      "geometry": {
        "type": "Polygon",
        "coordinates": [
          [
            [
              2953.6524607873293,
              4808.922776373585
            ],
            [
              2999.9384251789033,
              4800.76131202324
            ],
            [
              3002.5431478439073,
              4815.533428318423
            ],
            [
              2956.2571834523333,
              4823.694892668769
            ],
            [
              2953.6524607873293,
              4808.922776373585
            ]
          ]
        ]
      },
      "properties": {
        "id": "128",
        "lote": "128",
        "estatus": "disponible",
        "paquete": null,
        "seccion": "PLATA",
        "manzana": "C",
        "manzanaId": "C"
      }
    },
    {
      "type": "Feature",
      "geometry": {
        "type": "Polygon",
        "coordinates": [
          [
            [
              3006.8320794499887,
              4799.545774779572
            ],
            [
              3053.1180438415627,
              4791.3843104292255
            ],
            [
              3055.7227665065666,
              4806.156426724408
            ],
            [
              3009.4368021149926,
              4814.317891074755
            ],
            [
              3006.8320794499887,
              4799.545774779572
            ]
          ]
        ]
      },
      "properties": {
        "id": "118",
        "lote": "118",
        "estatus": "disponible",
        "paquete": null,
        "seccion": "PLATA",
        "manzana": "C",
        "manzanaId": "C"
      }
    },
    {
      "type": "Feature",
      "geometry": {
        "type": "Polygon",
        "coordinates": [
          [
            [
              3060.011698112648,
              4790.168773185557
            ],
            [
              3106.297662504222,
              4782.007308835211
            ],
            [
              3108.902385169226,
              4796.779425130395
            ],
            [
              3062.616420777652,
              4804.94088948074
            ],
            [
              3060.011698112648,
              4790.168773185557
            ]
          ]
        ]
      },
      "properties": {
        "id": "108",
        "lote": "108",
        "estatus": "disponible",
        "paquete": null,
        "seccion": "PLATA",
        "manzana": "C",
        "manzanaId": "C"
      }
    },
    {
      "type": "Feature",
      "geometry": {
        "type": "Polygon",
        "coordinates": [
          [
            [
              2850.9398351930167,
              4848.35774237487
            ],
            [
              2897.2257995845903,
              4840.196278024525
            ],
            [
              2899.830522249594,
              4854.968394319708
            ],
            [
              2853.5445578580207,
              4863.129858670053
            ],
            [
              2850.9398351930167,
              4848.35774237487
            ]
          ]
        ]
      },
      "properties": {
        "id": "147",
        "lote": "147",
        "estatus": "disponible",
        "paquete": null,
        "seccion": "PLATA",
        "manzana": "C",
        "manzanaId": "C"
      }
    },
    {
      "type": "Feature",
      "geometry": {
        "type": "Polygon",
        "coordinates": [
          [
            [
              2904.119453855676,
              4838.980740780857
            ],
            [
              2950.4054182472496,
              4830.81927643051
            ],
            [
              2953.0101409122535,
              4845.591392725693
            ],
            [
              2906.72417652068,
              4853.75285707604
            ],
            [
              2904.119453855676,
              4838.980740780857
            ]
          ]
        ]
      },
      "properties": {
        "id": "137",
        "lote": "137",
        "estatus": "disponible",
        "paquete": null,
        "seccion": "PLATA",
        "manzana": "C",
        "manzanaId": "C"
      }
    },
    {
      "type": "Feature",
      "geometry": {
        "type": "Polygon",
        "coordinates": [
          [
            [
              2957.299072518335,
              4829.603739186842
            ],
            [
              3003.585036909909,
              4821.442274836496
            ],
            [
              3006.189759574913,
              4836.21439113168
            ],
            [
              2959.903795183339,
              4844.375855482025
            ],
            [
              2957.299072518335,
              4829.603739186842
            ]
          ]
        ]
      },
      "properties": {
        "id": "127",
        "lote": "127",
        "estatus": "disponible",
        "paquete": null,
        "seccion": "PLATA",
        "manzana": "C",
        "manzanaId": "C"
      }
    },
    {
      "type": "Feature",
      "geometry": {
        "type": "Polygon",
        "coordinates": [
          [
            [
              3010.4786911809942,
              4820.226737592828
            ],
            [
              3056.7646555725682,
              4812.065273242482
            ],
            [
              3059.369378237572,
              4826.837389537665
            ],
            [
              3013.083413845998,
              4834.998853888011
            ],
            [
              3010.4786911809942,
              4820.226737592828
            ]
          ]
        ]
      },
      "properties": {
        "id": "117",
        "lote": "117",
        "estatus": "disponible",
        "paquete": null,
        "seccion": "PLATA",
        "manzana": "C",
        "manzanaId": "C"
      }
    },
    {
      "type": "Feature",
      "geometry": {
        "type": "Polygon",
        "coordinates": [
          [
            [
              3063.6583098436536,
              4810.849735998813
            ],
            [
              3109.9442742352276,
              4802.688271648468
            ],
            [
              3112.548996900231,
              4817.460387943651
            ],
            [
              3066.2630325086575,
              4825.621852293996
            ],
            [
              3063.6583098436536,
              4810.849735998813
            ]
          ]
        ]
      },
      "properties": {
        "id": "107",
        "lote": "107",
        "estatus": "disponible",
        "paquete": null,
        "seccion": "PLATA",
        "manzana": "C",
        "manzanaId": "C"
      }
    },
    {
      "type": "Feature",
      "geometry": {
        "type": "Polygon",
        "coordinates": [
          [
            [
              2854.5864469240223,
              4869.038705188127
            ],
            [
              2900.872411315596,
              4860.877240837781
            ],
            [
              2903.4771339806,
              4875.649357132964
            ],
            [
              2857.1911695890262,
              4883.81082148331
            ],
            [
              2854.5864469240223,
              4869.038705188127
            ]
          ]
        ]
      },
      "properties": {
        "id": "146",
        "lote": "146",
        "estatus": "disponible",
        "paquete": null,
        "seccion": "PLATA",
        "manzana": "C",
        "manzanaId": "C"
      }
    },
    {
      "type": "Feature",
      "geometry": {
        "type": "Polygon",
        "coordinates": [
          [
            [
              2907.766065586681,
              4859.661703594113
            ],
            [
              2954.052029978255,
              4851.500239243767
            ],
            [
              2956.656752643259,
              4866.27235553895
            ],
            [
              2910.3707882516856,
              4874.433819889296
            ],
            [
              2907.766065586681,
              4859.661703594113
            ]
          ]
        ]
      },
      "properties": {
        "id": "136",
        "lote": "136",
        "estatus": "disponible",
        "paquete": null,
        "seccion": "PLATA",
        "manzana": "C",
        "manzanaId": "C"
      }
    },
    {
      "type": "Feature",
      "geometry": {
        "type": "Polygon",
        "coordinates": [
          [
            [
              2960.9456842493405,
              4850.284702000098
            ],
            [
              3007.2316486409145,
              4842.123237649753
            ],
            [
              3009.8363713059184,
              4856.895353944936
            ],
            [
              2963.5504069143444,
              4865.056818295281
            ],
            [
              2960.9456842493405,
              4850.284702000098
            ]
          ]
        ]
      },
      "properties": {
        "id": "126",
        "lote": "126",
        "estatus": "disponible",
        "paquete": null,
        "seccion": "PLATA",
        "manzana": "C",
        "manzanaId": "C"
      }
    },
    {
      "type": "Feature",
      "geometry": {
        "type": "Polygon",
        "coordinates": [
          [
            [
              3014.125302912,
              4840.907700406085
            ],
            [
              3060.411267303574,
              4832.746236055738
            ],
            [
              3063.0159899685777,
              4847.518352350921
            ],
            [
              3016.7300255770037,
              4855.679816701268
            ],
            [
              3014.125302912,
              4840.907700406085
            ]
          ]
        ]
      },
      "properties": {
        "id": "116",
        "lote": "116",
        "estatus": "disponible",
        "paquete": null,
        "seccion": "PLATA",
        "manzana": "C",
        "manzanaId": "C"
      }
    },
    {
      "type": "Feature",
      "geometry": {
        "type": "Polygon",
        "coordinates": [
          [
            [
              3067.304921574659,
              4831.53069881207
            ],
            [
              3113.5908859662327,
              4823.369234461724
            ],
            [
              3116.1956086312366,
              4838.141350756908
            ],
            [
              3069.909644239663,
              4846.302815107253
            ],
            [
              3067.304921574659,
              4831.53069881207
            ]
          ]
        ]
      },
      "properties": {
        "id": "106",
        "lote": "106",
        "estatus": "disponible",
        "paquete": null,
        "seccion": "PLATA",
        "manzana": "C",
        "manzanaId": "C"
      }
    },
    {
      "type": "Feature",
      "geometry": {
        "type": "Polygon",
        "coordinates": [
          [
            [
              2858.233058655028,
              4889.719668001383
            ],
            [
              2904.5190230466014,
              4881.558203651038
            ],
            [
              2907.1237457116054,
              4896.330319946221
            ],
            [
              2860.837781320032,
              4904.491784296566
            ],
            [
              2858.233058655028,
              4889.719668001383
            ]
          ]
        ]
      },
      "properties": {
        "id": "145",
        "lote": "145",
        "estatus": "disponible",
        "paquete": null,
        "seccion": "PLATA",
        "manzana": "C",
        "manzanaId": "C"
      }
    },
    {
      "type": "Feature",
      "geometry": {
        "type": "Polygon",
        "coordinates": [
          [
            [
              2911.4126773176868,
              4880.342666407369
            ],
            [
              2957.6986417092608,
              4872.181202057023
            ],
            [
              2960.3033643742647,
              4886.953318352206
            ],
            [
              2914.0173999826907,
              4895.1147827025525
            ],
            [
              2911.4126773176868,
              4880.342666407369
            ]
          ]
        ]
      },
      "properties": {
        "id": "135",
        "lote": "135",
        "estatus": "disponible",
        "paquete": null,
        "seccion": "PLATA",
        "manzana": "C",
        "manzanaId": "C"
      }
    },
    {
      "type": "Feature",
      "geometry": {
        "type": "Polygon",
        "coordinates": [
          [
            [
              2964.592295980346,
              4870.965664813355
            ],
            [
              3010.87826037192,
              4862.804200463009
            ],
            [
              3013.482983036924,
              4877.576316758192
            ],
            [
              2967.19701864535,
              4885.737781108538
            ],
            [
              2964.592295980346,
              4870.965664813355
            ]
          ]
        ]
      },
      "properties": {
        "id": "125",
        "lote": "125",
        "estatus": "disponible",
        "paquete": null,
        "seccion": "PLATA",
        "manzana": "C",
        "manzanaId": "C"
      }
    },
    {
      "type": "Feature",
      "geometry": {
        "type": "Polygon",
        "coordinates": [
          [
            [
              3017.7719146430054,
              4861.588663219341
            ],
            [
              3064.057879034579,
              4853.427198868995
            ],
            [
              3066.6626016995833,
              4868.199315164178
            ],
            [
              3020.3766373080093,
              4876.3607795145235
            ],
            [
              3017.7719146430054,
              4861.588663219341
            ]
          ]
        ]
      },
      "properties": {
        "id": "115",
        "lote": "115",
        "estatus": "disponible",
        "paquete": null,
        "seccion": "PLATA",
        "manzana": "C",
        "manzanaId": "C"
      }
    },
    {
      "type": "Feature",
      "geometry": {
        "type": "Polygon",
        "coordinates": [
          [
            [
              3070.9515333056647,
              4852.211661625326
            ],
            [
              3117.2374976972383,
              4844.050197274981
            ],
            [
              3119.842220362242,
              4858.822313570164
            ],
            [
              3073.5562559706686,
              4866.983777920509
            ],
            [
              3070.9515333056647,
              4852.211661625326
            ]
          ]
        ]
      },
      "properties": {
        "id": "105",
        "lote": "105",
        "estatus": "disponible",
        "paquete": null,
        "seccion": "PLATA",
        "manzana": "C",
        "manzanaId": "C"
      }
    },
    {
      "type": "Feature",
      "geometry": {
        "type": "Polygon",
        "coordinates": [
          [
            [
              2861.879670386033,
              4910.40063081464
            ],
            [
              2908.165634777607,
              4902.239166464294
            ],
            [
              2910.770357442611,
              4917.011282759477
            ],
            [
              2864.4843930510374,
              4925.172747109823
            ],
            [
              2861.879670386033,
              4910.40063081464
            ]
          ]
        ]
      },
      "properties": {
        "id": "144",
        "lote": "144",
        "estatus": "disponible",
        "paquete": null,
        "seccion": "PLATA",
        "manzana": "C",
        "manzanaId": "C"
      }
    },
    {
      "type": "Feature",
      "geometry": {
        "type": "Polygon",
        "coordinates": [
          [
            [
              2915.0592890486923,
              4901.0236292206255
            ],
            [
              2961.3452534402663,
              4892.862164870279
            ],
            [
              2963.9499761052703,
              4907.634281165463
            ],
            [
              2917.6640117136963,
              4915.795745515808
            ],
            [
              2915.0592890486923,
              4901.0236292206255
            ]
          ]
        ]
      },
      "properties": {
        "id": "134",
        "lote": "134",
        "estatus": "disponible",
        "paquete": null,
        "seccion": "PLATA",
        "manzana": "C",
        "manzanaId": "C"
      }
    },
    {
      "type": "Feature",
      "geometry": {
        "type": "Polygon",
        "coordinates": [
          [
            [
              2968.2389077113517,
              4891.646627626611
            ],
            [
              3014.5248721029257,
              4883.485163276266
            ],
            [
              3017.1295947679296,
              4898.257279571449
            ],
            [
              2970.8436303763556,
              4906.418743921794
            ],
            [
              2968.2389077113517,
              4891.646627626611
            ]
          ]
        ]
      },
      "properties": {
        "id": "124",
        "lote": "124",
        "estatus": "disponible",
        "paquete": null,
        "seccion": "PLATA",
        "manzana": "C",
        "manzanaId": "C"
      }
    },
    {
      "type": "Feature",
      "geometry": {
        "type": "Polygon",
        "coordinates": [
          [
            [
              3021.418526374011,
              4882.2696260325965
            ],
            [
              3067.7044907655845,
              4874.108161682251
            ],
            [
              3070.309213430589,
              4888.880277977434
            ],
            [
              3024.023249039015,
              4897.04174232778
            ],
            [
              3021.418526374011,
              4882.2696260325965
            ]
          ]
        ]
      },
      "properties": {
        "id": "114",
        "lote": "114",
        "estatus": "disponible",
        "paquete": null,
        "seccion": "PLATA",
        "manzana": "C",
        "manzanaId": "C"
      }
    },
    {
      "type": "Feature",
      "geometry": {
        "type": "Polygon",
        "coordinates": [
          [
            [
              3074.5981450366703,
              4872.892624438583
            ],
            [
              3120.884109428244,
              4864.731160088237
            ],
            [
              3123.4888320932478,
              4879.50327638342
            ],
            [
              3077.202867701674,
              4887.664740733766
            ],
            [
              3074.5981450366703,
              4872.892624438583
            ]
          ]
        ]
      },
      "properties": {
        "id": "104",
        "lote": "104",
        "estatus": "disponible",
        "paquete": null,
        "seccion": "PLATA",
        "manzana": "C",
        "manzanaId": "C"
      }
    },
    {
      "type": "Feature",
      "geometry": {
        "type": "Polygon",
        "coordinates": [
          [
            [
              2865.5262821170386,
              4931.081593627896
            ],
            [
              2911.8122465086126,
              4922.920129277551
            ],
            [
              2914.4169691736165,
              4937.692245572734
            ],
            [
              2868.1310047820425,
              4945.853709923079
            ],
            [
              2865.5262821170386,
              4931.081593627896
            ]
          ]
        ]
      },
      "properties": {
        "id": "143",
        "lote": "143",
        "estatus": "disponible",
        "paquete": null,
        "seccion": "PLATA",
        "manzana": "C",
        "manzanaId": "C"
      }
    },
    {
      "type": "Feature",
      "geometry": {
        "type": "Polygon",
        "coordinates": [
          [
            [
              2918.705900779698,
              4921.704592033881
            ],
            [
              2964.991865171272,
              4913.543127683536
            ],
            [
              2967.596587836276,
              4928.315243978719
            ],
            [
              2921.310623444702,
              4936.476708329064
            ],
            [
              2918.705900779698,
              4921.704592033881
            ]
          ]
        ]
      },
      "properties": {
        "id": "133",
        "lote": "133",
        "estatus": "disponible",
        "paquete": null,
        "seccion": "PLATA",
        "manzana": "C",
        "manzanaId": "C"
      }
    },
    {
      "type": "Feature",
      "geometry": {
        "type": "Polygon",
        "coordinates": [
          [
            [
              2971.8855194423572,
              4912.327590439868
            ],
            [
              3018.1714838339312,
              4904.166126089522
            ],
            [
              3020.776206498935,
              4918.938242384705
            ],
            [
              2974.490242107361,
              4927.099706735051
            ],
            [
              2971.8855194423572,
              4912.327590439868
            ]
          ]
        ]
      },
      "properties": {
        "id": "123",
        "lote": "123",
        "estatus": "disponible",
        "paquete": null,
        "seccion": "PLATA",
        "manzana": "C",
        "manzanaId": "C"
      }
    },
    {
      "type": "Feature",
      "geometry": {
        "type": "Polygon",
        "coordinates": [
          [
            [
              3025.0651381050166,
              4902.950588845853
            ],
            [
              3071.35110249659,
              4894.789124495507
            ],
            [
              3073.955825161594,
              4909.561240790691
            ],
            [
              3027.6698607700205,
              4917.722705141036
            ],
            [
              3025.0651381050166,
              4902.950588845853
            ]
          ]
        ]
      },
      "properties": {
        "id": "113",
        "lote": "113",
        "estatus": "disponible",
        "paquete": null,
        "seccion": "PLATA",
        "manzana": "C",
        "manzanaId": "C"
      }
    },
    {
      "type": "Feature",
      "geometry": {
        "type": "Polygon",
        "coordinates": [
          [
            [
              3078.244756767676,
              4893.573587251839
            ],
            [
              3124.5307211592494,
              4885.412122901494
            ],
            [
              3127.1354438242533,
              4900.184239196677
            ],
            [
              3080.84947943268,
              4908.345703547022
            ],
            [
              3078.244756767676,
              4893.573587251839
            ]
          ]
        ]
      },
      "properties": {
        "id": "103",
        "lote": "103",
        "estatus": "disponible",
        "paquete": null,
        "seccion": "PLATA",
        "manzana": "C",
        "manzanaId": "C"
      }
    },
    {
      "type": "Feature",
      "geometry": {
        "type": "Polygon",
        "coordinates": [
          [
            [
              2869.172893848044,
              4951.762556441152
            ],
            [
              2915.458858239618,
              4943.601092090807
            ],
            [
              2918.063580904622,
              4958.3732083859895
            ],
            [
              2871.777616513048,
              4966.534672736336
            ],
            [
              2869.172893848044,
              4951.762556441152
            ]
          ]
        ]
      },
      "properties": {
        "id": "142",
        "lote": "142",
        "estatus": "disponible",
        "paquete": null,
        "seccion": "PLATA",
        "manzana": "C",
        "manzanaId": "C"
      }
    },
    {
      "type": "Feature",
      "geometry": {
        "type": "Polygon",
        "coordinates": [
          [
            [
              2922.3525125107035,
              4942.385554847138
            ],
            [
              2968.6384769022775,
              4934.224090496792
            ],
            [
              2971.2431995672814,
              4948.996206791975
            ],
            [
              2924.9572351757074,
              4957.157671142321
            ],
            [
              2922.3525125107035,
              4942.385554847138
            ]
          ]
        ]
      },
      "properties": {
        "id": "132",
        "lote": "132",
        "estatus": "disponible",
        "paquete": null,
        "seccion": "PLATA",
        "manzana": "C",
        "manzanaId": "C"
      }
    },
    {
      "type": "Feature",
      "geometry": {
        "type": "Polygon",
        "coordinates": [
          [
            [
              2975.532131173363,
              4933.008553253124
            ],
            [
              3021.8180955649364,
              4924.8470889027785
            ],
            [
              3024.4228182299403,
              4939.6192051979615
            ],
            [
              2978.1368538383667,
              4947.780669548307
            ],
            [
              2975.532131173363,
              4933.008553253124
            ]
          ]
        ]
      },
      "properties": {
        "id": "122",
        "lote": "122",
        "estatus": "disponible",
        "paquete": null,
        "seccion": "PLATA",
        "manzana": "C",
        "manzanaId": "C"
      }
    },
    {
      "type": "Feature",
      "geometry": {
        "type": "Polygon",
        "coordinates": [
          [
            [
              3028.711749836022,
              4923.631551659109
            ],
            [
              3074.9977142275957,
              4915.470087308764
            ],
            [
              3077.6024368925996,
              4930.242203603947
            ],
            [
              3031.316472501026,
              4938.403667954292
            ],
            [
              3028.711749836022,
              4923.631551659109
            ]
          ]
        ]
      },
      "properties": {
        "id": "112",
        "lote": "112",
        "estatus": "disponible",
        "paquete": null,
        "seccion": "PLATA",
        "manzana": "C",
        "manzanaId": "C"
      }
    },
    {
      "type": "Feature",
      "geometry": {
        "type": "Polygon",
        "coordinates": [
          [
            [
              3081.891368498681,
              4914.254550065096
            ],
            [
              3128.177332890255,
              4906.09308571475
            ],
            [
              3130.782055555259,
              4920.865202009933
            ],
            [
              3084.4960911636854,
              4929.026666360279
            ],
            [
              3081.891368498681,
              4914.254550065096
            ]
          ]
        ]
      },
      "properties": {
        "id": "102",
        "lote": "102",
        "estatus": "disponible",
        "paquete": null,
        "seccion": "PLATA",
        "manzana": "C",
        "manzanaId": "C"
      }
    },
    {
      "type": "Feature",
      "geometry": {
        "type": "Polygon",
        "coordinates": [
          [
            [
              2872.8195055790497,
              4972.443519254409
            ],
            [
              2919.1054699706237,
              4964.2820549040625
            ],
            [
              2921.7101926356277,
              4979.054171199246
            ],
            [
              2875.4242282440537,
              4987.215635549592
            ],
            [
              2872.8195055790497,
              4972.443519254409
            ]
          ]
        ]
      },
      "properties": {
        "id": "141",
        "lote": "141",
        "estatus": "disponible",
        "paquete": null,
        "seccion": "PLATA",
        "manzana": "C",
        "manzanaId": "C"
      }
    },
    {
      "type": "Feature",
      "geometry": {
        "type": "Polygon",
        "coordinates": [
          [
            [
              2925.999124241709,
              4963.066517660394
            ],
            [
              2972.2850886332826,
              4954.905053310049
            ],
            [
              2974.889811298287,
              4969.677169605232
            ],
            [
              2928.603846906713,
              4977.838633955577
            ],
            [
              2925.999124241709,
              4963.066517660394
            ]
          ]
        ]
      },
      "properties": {
        "id": "131",
        "lote": "131",
        "estatus": "disponible",
        "paquete": null,
        "seccion": "PLATA",
        "manzana": "C",
        "manzanaId": "C"
      }
    },
    {
      "type": "Feature",
      "geometry": {
        "type": "Polygon",
        "coordinates": [
          [
            [
              2979.1787429043684,
              4953.68951606638
            ],
            [
              3025.464707295942,
              4945.5280517160345
            ],
            [
              3028.069429960946,
              4960.3001680112175
            ],
            [
              2981.7834655693723,
              4968.461632361564
            ],
            [
              2979.1787429043684,
              4953.68951606638
            ]
          ]
        ]
      },
      "properties": {
        "id": "121",
        "lote": "121",
        "estatus": "disponible",
        "paquete": null,
        "seccion": "PLATA",
        "manzana": "C",
        "manzanaId": "C"
      }
    },
    {
      "type": "Feature",
      "geometry": {
        "type": "Polygon",
        "coordinates": [
          [
            [
              3032.3583615670277,
              4944.312514472366
            ],
            [
              3078.6443259586013,
              4936.15105012202
            ],
            [
              3081.249048623605,
              4950.923166417203
            ],
            [
              3034.9630842320316,
              4959.084630767549
            ],
            [
              3032.3583615670277,
              4944.312514472366
            ]
          ]
        ]
      },
      "properties": {
        "id": "111",
        "lote": "111",
        "estatus": "disponible",
        "paquete": null,
        "seccion": "PLATA",
        "manzana": "C",
        "manzanaId": "C"
      }
    },
    {
      "type": "Feature",
      "geometry": {
        "type": "Polygon",
        "coordinates": [
          [
            [
              3085.5379802296866,
              4934.935512878352
            ],
            [
              3131.8239446212606,
              4926.7740485280065
            ],
            [
              3134.4286672862645,
              4941.546164823189
            ],
            [
              3088.1427028946905,
              4949.707629173535
            ],
            [
              3085.5379802296866,
              4934.935512878352
            ]
          ]
        ]
      },
      "properties": {
        "id": "101",
        "lote": "101",
        "estatus": "disponible",
        "paquete": null,
        "seccion": "PLATA",
        "manzana": "C",
        "manzanaId": "C"
      }
    },
    {
      "type": "Feature",
      "geometry": {
        "type": "Polygon",
        "coordinates": [
          [
            [
              2801,
              4554.863998781123
            ],
            [
              2847.285964391574,
              4546.702534430778
            ],
            [
              2849.890687056578,
              4561.474650725961
            ],
            [
              2803.604722665004,
              4569.636115076306
            ],
            [
              2801,
              4554.863998781123
            ]
          ]
        ]
      },
      "properties": {
        "id": "200",
        "lote": "200",
        "estatus": "disponible",
        "paquete": null,
        "seccion": "PLATA",
        "manzana": "D",
        "manzanaId": "D"
      }
    },
    {
      "type": "Feature",
      "geometry": {
        "type": "Polygon",
        "coordinates": [
          [
            [
              2854.1796186626593,
              4545.4869971871085
            ],
            [
              2900.465583054233,
              4537.325532836763
            ],
            [
              2903.070305719237,
              4552.097649131946
            ],
            [
              2856.7843413276632,
              4560.2591134822915
            ],
            [
              2854.1796186626593,
              4545.4869971871085
            ]
          ]
        ]
      },
      "properties": {
        "id": "190",
        "lote": "190",
        "estatus": "disponible",
        "paquete": null,
        "seccion": "PLATA",
        "manzana": "D",
        "manzanaId": "D"
      }
    },
    {
      "type": "Feature",
      "geometry": {
        "type": "Polygon",
        "coordinates": [
          [
            [
              2907.3592373253186,
              4536.109995593095
            ],
            [
              2953.645201716892,
              4527.948531242749
            ],
            [
              2956.249924381896,
              4542.720647537932
            ],
            [
              2909.9639599903226,
              4550.882111888278
            ],
            [
              2907.3592373253186,
              4536.109995593095
            ]
          ]
        ]
      },
      "properties": {
        "id": "180",
        "lote": "180",
        "estatus": "disponible",
        "paquete": null,
        "seccion": "PLATA",
        "manzana": "D",
        "manzanaId": "D"
      }
    },
    {
      "type": "Feature",
      "geometry": {
        "type": "Polygon",
        "coordinates": [
          [
            [
              2960.5388559879775,
              4526.7329939990805
            ],
            [
              3006.8248203795515,
              4518.571529648734
            ],
            [
              3009.4295430445554,
              4533.343645943918
            ],
            [
              2963.143578652982,
              4541.505110294263
            ],
            [
              2960.5388559879775,
              4526.7329939990805
            ]
          ]
        ]
      },
      "properties": {
        "id": "170",
        "lote": "170",
        "estatus": "disponible",
        "paquete": null,
        "seccion": "PLATA",
        "manzana": "D",
        "manzanaId": "D"
      }
    },
    {
      "type": "Feature",
      "geometry": {
        "type": "Polygon",
        "coordinates": [
          [
            [
              3013.718474650637,
              4517.355992405066
            ],
            [
              3060.004439042211,
              4509.194528054721
            ],
            [
              3062.6091617072148,
              4523.966644349904
            ],
            [
              3016.3231973156408,
              4532.128108700249
            ],
            [
              3013.718474650637,
              4517.355992405066
            ]
          ]
        ]
      },
      "properties": {
        "id": "160",
        "lote": "160",
        "estatus": "disponible",
        "paquete": null,
        "seccion": "PLATA",
        "manzana": "D",
        "manzanaId": "D"
      }
    },
    {
      "type": "Feature",
      "geometry": {
        "type": "Polygon",
        "coordinates": [
          [
            [
              2804.6466117310056,
              4575.544961594379
            ],
            [
              2850.932576122579,
              4567.383497244034
            ],
            [
              2853.5372987875835,
              4582.155613539217
            ],
            [
              2807.2513343960095,
              4590.317077889563
            ],
            [
              2804.6466117310056,
              4575.544961594379
            ]
          ]
        ]
      },
      "properties": {
        "id": "199",
        "lote": "199",
        "estatus": "disponible",
        "paquete": null,
        "seccion": "PLATA",
        "manzana": "D",
        "manzanaId": "D"
      }
    },
    {
      "type": "Feature",
      "geometry": {
        "type": "Polygon",
        "coordinates": [
          [
            [
              2857.826230393665,
              4566.167960000365
            ],
            [
              2904.1121947852384,
              4558.006495650019
            ],
            [
              2906.7169174502424,
              4572.778611945202
            ],
            [
              2860.430953058669,
              4580.940076295548
            ],
            [
              2857.826230393665,
              4566.167960000365
            ]
          ]
        ]
      },
      "properties": {
        "id": "189",
        "lote": "189",
        "estatus": "disponible",
        "paquete": null,
        "seccion": "PLATA",
        "manzana": "D",
        "manzanaId": "D"
      }
    },
    {
      "type": "Feature",
      "geometry": {
        "type": "Polygon",
        "coordinates": [
          [
            [
              2911.005849056324,
              4556.790958406351
            ],
            [
              2957.2918134478978,
              4548.629494056006
            ],
            [
              2959.8965361129017,
              4563.4016103511885
            ],
            [
              2913.610571721328,
              4571.563074701534
            ],
            [
              2911.005849056324,
              4556.790958406351
            ]
          ]
        ]
      },
      "properties": {
        "id": "179",
        "lote": "179",
        "estatus": "disponible",
        "paquete": null,
        "seccion": "PLATA",
        "manzana": "D",
        "manzanaId": "D"
      }
    },
    {
      "type": "Feature",
      "geometry": {
        "type": "Polygon",
        "coordinates": [
          [
            [
              2964.185467718983,
              4547.413956812336
            ],
            [
              3010.471432110557,
              4539.252492461991
            ],
            [
              3013.076154775561,
              4554.024608757174
            ],
            [
              2966.790190383987,
              4562.186073107519
            ],
            [
              2964.185467718983,
              4547.413956812336
            ]
          ]
        ]
      },
      "properties": {
        "id": "169",
        "lote": "169",
        "estatus": "disponible",
        "paquete": null,
        "seccion": "PLATA",
        "manzana": "D",
        "manzanaId": "D"
      }
    },
    {
      "type": "Feature",
      "geometry": {
        "type": "Polygon",
        "coordinates": [
          [
            [
              3017.3650863816424,
              4538.036955218322
            ],
            [
              3063.6510507732164,
              4529.875490867977
            ],
            [
              3066.2557734382203,
              4544.64760716316
            ],
            [
              3019.9698090466463,
              4552.809071513506
            ],
            [
              3017.3650863816424,
              4538.036955218322
            ]
          ]
        ]
      },
      "properties": {
        "id": "159",
        "lote": "159",
        "estatus": "disponible",
        "paquete": null,
        "seccion": "PLATA",
        "manzana": "D",
        "manzanaId": "D"
      }
    },
    {
      "type": "Feature",
      "geometry": {
        "type": "Polygon",
        "coordinates": [
          [
            [
              2808.293223462011,
              4596.225924407636
            ],
            [
              2854.5791878535847,
              4588.06446005729
            ],
            [
              2857.1839105185886,
              4602.8365763524735
            ],
            [
              2810.897946127015,
              4610.998040702819
            ],
            [
              2808.293223462011,
              4596.225924407636
            ]
          ]
        ]
      },
      "properties": {
        "id": "198",
        "lote": "198",
        "estatus": "disponible",
        "paquete": null,
        "seccion": "PLATA",
        "manzana": "D",
        "manzanaId": "D"
      }
    },
    {
      "type": "Feature",
      "geometry": {
        "type": "Polygon",
        "coordinates": [
          [
            [
              2861.4728421246705,
              4586.848922813621
            ],
            [
              2907.758806516244,
              4578.687458463276
            ],
            [
              2910.363529181248,
              4593.459574758459
            ],
            [
              2864.0775647896744,
              4601.621039108804
            ],
            [
              2861.4728421246705,
              4586.848922813621
            ]
          ]
        ]
      },
      "properties": {
        "id": "188",
        "lote": "188",
        "estatus": "disponible",
        "paquete": null,
        "seccion": "PLATA",
        "manzana": "D",
        "manzanaId": "D"
      }
    },
    {
      "type": "Feature",
      "geometry": {
        "type": "Polygon",
        "coordinates": [
          [
            [
              2914.6524607873293,
              4577.471921219607
            ],
            [
              2960.9384251789033,
              4569.3104568692615
            ],
            [
              2963.5431478439073,
              4584.0825731644445
            ],
            [
              2917.2571834523333,
              4592.244037514791
            ],
            [
              2914.6524607873293,
              4577.471921219607
            ]
          ]
        ]
      },
      "properties": {
        "id": "178",
        "lote": "178",
        "estatus": "disponible",
        "paquete": null,
        "seccion": "PLATA",
        "manzana": "D",
        "manzanaId": "D"
      }
    },
    {
      "type": "Feature",
      "geometry": {
        "type": "Polygon",
        "coordinates": [
          [
            [
              2967.8320794499887,
              4568.094919625593
            ],
            [
              3014.1180438415627,
              4559.933455275247
            ],
            [
              3016.7227665065666,
              4574.70557157043
            ],
            [
              2970.4368021149926,
              4582.867035920776
            ],
            [
              2967.8320794499887,
              4568.094919625593
            ]
          ]
        ]
      },
      "properties": {
        "id": "168",
        "lote": "168",
        "estatus": "disponible",
        "paquete": null,
        "seccion": "PLATA",
        "manzana": "D",
        "manzanaId": "D"
      }
    },
    {
      "type": "Feature",
      "geometry": {
        "type": "Polygon",
        "coordinates": [
          [
            [
              3021.011698112648,
              4558.717918031579
            ],
            [
              3067.297662504222,
              4550.556453681233
            ],
            [
              3069.902385169226,
              4565.3285699764165
            ],
            [
              3023.616420777652,
              4573.490034326762
            ],
            [
              3021.011698112648,
              4558.717918031579
            ]
          ]
        ]
      },
      "properties": {
        "id": "158",
        "lote": "158",
        "estatus": "disponible",
        "paquete": null,
        "seccion": "PLATA",
        "manzana": "D",
        "manzanaId": "D"
      }
    },
    {
      "type": "Feature",
      "geometry": {
        "type": "Polygon",
        "coordinates": [
          [
            [
              2811.9398351930167,
              4616.906887220892
            ],
            [
              2858.2257995845903,
              4608.7454228705465
            ],
            [
              2860.830522249594,
              4623.517539165729
            ],
            [
              2814.5445578580207,
              4631.679003516075
            ],
            [
              2811.9398351930167,
              4616.906887220892
            ]
          ]
        ]
      },
      "properties": {
        "id": "197",
        "lote": "197",
        "estatus": "disponible",
        "paquete": null,
        "seccion": "PLATA",
        "manzana": "D",
        "manzanaId": "D"
      }
    },
    {
      "type": "Feature",
      "geometry": {
        "type": "Polygon",
        "coordinates": [
          [
            [
              2865.119453855676,
              4607.529885626878
            ],
            [
              2911.4054182472496,
              4599.368421276532
            ],
            [
              2914.0101409122535,
              4614.140537571715
            ],
            [
              2867.72417652068,
              4622.302001922061
            ],
            [
              2865.119453855676,
              4607.529885626878
            ]
          ]
        ]
      },
      "properties": {
        "id": "187",
        "lote": "187",
        "estatus": "disponible",
        "paquete": null,
        "seccion": "PLATA",
        "manzana": "D",
        "manzanaId": "D"
      }
    },
    {
      "type": "Feature",
      "geometry": {
        "type": "Polygon",
        "coordinates": [
          [
            [
              2918.299072518335,
              4598.152884032864
            ],
            [
              2964.585036909909,
              4589.9914196825175
            ],
            [
              2967.189759574913,
              4604.763535977701
            ],
            [
              2920.903795183339,
              4612.925000328047
            ],
            [
              2918.299072518335,
              4598.152884032864
            ]
          ]
        ]
      },
      "properties": {
        "id": "177",
        "lote": "177",
        "estatus": "disponible",
        "paquete": null,
        "seccion": "PLATA",
        "manzana": "D",
        "manzanaId": "D"
      }
    },
    {
      "type": "Feature",
      "geometry": {
        "type": "Polygon",
        "coordinates": [
          [
            [
              2971.4786911809942,
              4588.775882438849
            ],
            [
              3017.7646555725682,
              4580.614418088504
            ],
            [
              3020.369378237572,
              4595.386534383687
            ],
            [
              2974.083413845998,
              4603.547998734032
            ],
            [
              2971.4786911809942,
              4588.775882438849
            ]
          ]
        ]
      },
      "properties": {
        "id": "167",
        "lote": "167",
        "estatus": "disponible",
        "paquete": null,
        "seccion": "PLATA",
        "manzana": "D",
        "manzanaId": "D"
      }
    },
    {
      "type": "Feature",
      "geometry": {
        "type": "Polygon",
        "coordinates": [
          [
            [
              3024.6583098436536,
              4579.398880844835
            ],
            [
              3070.9442742352276,
              4571.2374164944895
            ],
            [
              3073.548996900231,
              4586.009532789672
            ],
            [
              3027.2630325086575,
              4594.170997140018
            ],
            [
              3024.6583098436536,
              4579.398880844835
            ]
          ]
        ]
      },
      "properties": {
        "id": "157",
        "lote": "157",
        "estatus": "disponible",
        "paquete": null,
        "seccion": "PLATA",
        "manzana": "D",
        "manzanaId": "D"
      }
    },
    {
      "type": "Feature",
      "geometry": {
        "type": "Polygon",
        "coordinates": [
          [
            [
              2815.5864469240223,
              4637.587850034149
            ],
            [
              2861.872411315596,
              4629.426385683802
            ],
            [
              2864.4771339806,
              4644.198501978985
            ],
            [
              2818.1911695890262,
              4652.359966329332
            ],
            [
              2815.5864469240223,
              4637.587850034149
            ]
          ]
        ]
      },
      "properties": {
        "id": "196",
        "lote": "196",
        "estatus": "disponible",
        "paquete": null,
        "seccion": "PLATA",
        "manzana": "D",
        "manzanaId": "D"
      }
    },
    {
      "type": "Feature",
      "geometry": {
        "type": "Polygon",
        "coordinates": [
          [
            [
              2868.766065586681,
              4628.210848440134
            ],
            [
              2915.052029978255,
              4620.049384089789
            ],
            [
              2917.656752643259,
              4634.821500384972
            ],
            [
              2871.3707882516856,
              4642.982964735317
            ],
            [
              2868.766065586681,
              4628.210848440134
            ]
          ]
        ]
      },
      "properties": {
        "id": "186",
        "lote": "186",
        "estatus": "disponible",
        "paquete": null,
        "seccion": "PLATA",
        "manzana": "D",
        "manzanaId": "D"
      }
    },
    {
      "type": "Feature",
      "geometry": {
        "type": "Polygon",
        "coordinates": [
          [
            [
              2921.9456842493405,
              4618.83384684612
            ],
            [
              2968.2316486409145,
              4610.672382495774
            ],
            [
              2970.8363713059184,
              4625.444498790957
            ],
            [
              2924.5504069143444,
              4633.605963141303
            ],
            [
              2921.9456842493405,
              4618.83384684612
            ]
          ]
        ]
      },
      "properties": {
        "id": "176",
        "lote": "176",
        "estatus": "disponible",
        "paquete": null,
        "seccion": "PLATA",
        "manzana": "D",
        "manzanaId": "D"
      }
    },
    {
      "type": "Feature",
      "geometry": {
        "type": "Polygon",
        "coordinates": [
          [
            [
              2975.125302912,
              4609.456845252106
            ],
            [
              3021.411267303574,
              4601.29538090176
            ],
            [
              3024.0159899685777,
              4616.067497196943
            ],
            [
              2977.7300255770037,
              4624.228961547289
            ],
            [
              2975.125302912,
              4609.456845252106
            ]
          ]
        ]
      },
      "properties": {
        "id": "166",
        "lote": "166",
        "estatus": "disponible",
        "paquete": null,
        "seccion": "PLATA",
        "manzana": "D",
        "manzanaId": "D"
      }
    },
    {
      "type": "Feature",
      "geometry": {
        "type": "Polygon",
        "coordinates": [
          [
            [
              3028.304921574659,
              4600.079843658092
            ],
            [
              3074.5908859662327,
              4591.918379307745
            ],
            [
              3077.1956086312366,
              4606.690495602929
            ],
            [
              3030.909644239663,
              4614.851959953275
            ],
            [
              3028.304921574659,
              4600.079843658092
            ]
          ]
        ]
      },
      "properties": {
        "id": "156",
        "lote": "156",
        "estatus": "disponible",
        "paquete": null,
        "seccion": "PLATA",
        "manzana": "D",
        "manzanaId": "D"
      }
    },
    {
      "type": "Feature",
      "geometry": {
        "type": "Polygon",
        "coordinates": [
          [
            [
              2819.233058655028,
              4658.268812847405
            ],
            [
              2865.5190230466014,
              4650.107348497059
            ],
            [
              2868.1237457116054,
              4664.879464792242
            ],
            [
              2821.837781320032,
              4673.040929142588
            ],
            [
              2819.233058655028,
              4658.268812847405
            ]
          ]
        ]
      },
      "properties": {
        "id": "195",
        "lote": "195",
        "estatus": "disponible",
        "paquete": null,
        "seccion": "PLATA",
        "manzana": "D",
        "manzanaId": "D"
      }
    },
    {
      "type": "Feature",
      "geometry": {
        "type": "Polygon",
        "coordinates": [
          [
            [
              2872.4126773176868,
              4648.89181125339
            ],
            [
              2918.6986417092608,
              4640.730346903045
            ],
            [
              2921.3033643742647,
              4655.502463198228
            ],
            [
              2875.0173999826907,
              4663.663927548574
            ],
            [
              2872.4126773176868,
              4648.89181125339
            ]
          ]
        ]
      },
      "properties": {
        "id": "185",
        "lote": "185",
        "estatus": "disponible",
        "paquete": null,
        "seccion": "PLATA",
        "manzana": "D",
        "manzanaId": "D"
      }
    },
    {
      "type": "Feature",
      "geometry": {
        "type": "Polygon",
        "coordinates": [
          [
            [
              2925.592295980346,
              4639.514809659377
            ],
            [
              2971.87826037192,
              4631.35334530903
            ],
            [
              2974.482983036924,
              4646.125461604213
            ],
            [
              2928.19701864535,
              4654.28692595456
            ],
            [
              2925.592295980346,
              4639.514809659377
            ]
          ]
        ]
      },
      "properties": {
        "id": "175",
        "lote": "175",
        "estatus": "disponible",
        "paquete": null,
        "seccion": "PLATA",
        "manzana": "D",
        "manzanaId": "D"
      }
    },
    {
      "type": "Feature",
      "geometry": {
        "type": "Polygon",
        "coordinates": [
          [
            [
              2978.7719146430054,
              4630.137808065362
            ],
            [
              3025.057879034579,
              4621.976343715017
            ],
            [
              3027.6626016995833,
              4636.7484600102
            ],
            [
              2981.3766373080093,
              4644.909924360545
            ],
            [
              2978.7719146430054,
              4630.137808065362
            ]
          ]
        ]
      },
      "properties": {
        "id": "165",
        "lote": "165",
        "estatus": "disponible",
        "paquete": null,
        "seccion": "PLATA",
        "manzana": "D",
        "manzanaId": "D"
      }
    },
    {
      "type": "Feature",
      "geometry": {
        "type": "Polygon",
        "coordinates": [
          [
            [
              3031.9515333056647,
              4620.760806471348
            ],
            [
              3078.2374976972383,
              4612.599342121002
            ],
            [
              3080.842220362242,
              4627.371458416185
            ],
            [
              3034.5562559706686,
              4635.532922766531
            ],
            [
              3031.9515333056647,
              4620.760806471348
            ]
          ]
        ]
      },
      "properties": {
        "id": "155",
        "lote": "155",
        "estatus": "disponible",
        "paquete": null,
        "seccion": "PLATA",
        "manzana": "D",
        "manzanaId": "D"
      }
    },
    {
      "type": "Feature",
      "geometry": {
        "type": "Polygon",
        "coordinates": [
          [
            [
              2822.879670386033,
              4678.9497756606615
            ],
            [
              2869.165634777607,
              4670.788311310315
            ],
            [
              2871.770357442611,
              4685.560427605498
            ],
            [
              2825.4843930510374,
              4693.7218919558445
            ],
            [
              2822.879670386033,
              4678.9497756606615
            ]
          ]
        ]
      },
      "properties": {
        "id": "194",
        "lote": "194",
        "estatus": "disponible",
        "paquete": null,
        "seccion": "PLATA",
        "manzana": "D",
        "manzanaId": "D"
      }
    },
    {
      "type": "Feature",
      "geometry": {
        "type": "Polygon",
        "coordinates": [
          [
            [
              2876.0592890486923,
              4669.572774066647
            ],
            [
              2922.3452534402663,
              4661.411309716301
            ],
            [
              2924.9499761052703,
              4676.183426011485
            ],
            [
              2878.6640117136963,
              4684.34489036183
            ],
            [
              2876.0592890486923,
              4669.572774066647
            ]
          ]
        ]
      },
      "properties": {
        "id": "184",
        "lote": "184",
        "estatus": "disponible",
        "paquete": null,
        "seccion": "PLATA",
        "manzana": "D",
        "manzanaId": "D"
      }
    },
    {
      "type": "Feature",
      "geometry": {
        "type": "Polygon",
        "coordinates": [
          [
            [
              2929.2389077113517,
              4660.195772472633
            ],
            [
              2975.5248721029257,
              4652.034308122287
            ],
            [
              2978.1295947679296,
              4666.80642441747
            ],
            [
              2931.8436303763556,
              4674.967888767816
            ],
            [
              2929.2389077113517,
              4660.195772472633
            ]
          ]
        ]
      },
      "properties": {
        "id": "174",
        "lote": "174",
        "estatus": "disponible",
        "paquete": null,
        "seccion": "PLATA",
        "manzana": "D",
        "manzanaId": "D"
      }
    },
    {
      "type": "Feature",
      "geometry": {
        "type": "Polygon",
        "coordinates": [
          [
            [
              2982.418526374011,
              4650.818770878618
            ],
            [
              3028.7044907655845,
              4642.657306528273
            ],
            [
              3031.309213430589,
              4657.429422823456
            ],
            [
              2985.023249039015,
              4665.590887173802
            ],
            [
              2982.418526374011,
              4650.818770878618
            ]
          ]
        ]
      },
      "properties": {
        "id": "164",
        "lote": "164",
        "estatus": "disponible",
        "paquete": null,
        "seccion": "PLATA",
        "manzana": "D",
        "manzanaId": "D"
      }
    },
    {
      "type": "Feature",
      "geometry": {
        "type": "Polygon",
        "coordinates": [
          [
            [
              3035.5981450366703,
              4641.441769284605
            ],
            [
              3081.884109428244,
              4633.280304934258
            ],
            [
              3084.4888320932478,
              4648.052421229441
            ],
            [
              3038.202867701674,
              4656.2138855797875
            ],
            [
              3035.5981450366703,
              4641.441769284605
            ]
          ]
        ]
      },
      "properties": {
        "id": "154",
        "lote": "154",
        "estatus": "disponible",
        "paquete": null,
        "seccion": "PLATA",
        "manzana": "D",
        "manzanaId": "D"
      }
    },
    {
      "type": "Feature",
      "geometry": {
        "type": "Polygon",
        "coordinates": [
          [
            [
              2826.5262821170386,
              4699.6307384739175
            ],
            [
              2872.8122465086126,
              4691.469274123572
            ],
            [
              2875.4169691736165,
              4706.241390418755
            ],
            [
              2829.1310047820425,
              4714.4028547691005
            ],
            [
              2826.5262821170386,
              4699.6307384739175
            ]
          ]
        ]
      },
      "properties": {
        "id": "193",
        "lote": "193",
        "estatus": "disponible",
        "paquete": null,
        "seccion": "PLATA",
        "manzana": "D",
        "manzanaId": "D"
      }
    },
    {
      "type": "Feature",
      "geometry": {
        "type": "Polygon",
        "coordinates": [
          [
            [
              2879.705900779698,
              4690.253736879903
            ],
            [
              2925.991865171272,
              4682.092272529558
            ],
            [
              2928.596587836276,
              4696.864388824741
            ],
            [
              2882.310623444702,
              4705.025853175086
            ],
            [
              2879.705900779698,
              4690.253736879903
            ]
          ]
        ]
      },
      "properties": {
        "id": "183",
        "lote": "183",
        "estatus": "disponible",
        "paquete": null,
        "seccion": "PLATA",
        "manzana": "D",
        "manzanaId": "D"
      }
    },
    {
      "type": "Feature",
      "geometry": {
        "type": "Polygon",
        "coordinates": [
          [
            [
              2932.8855194423572,
              4680.8767352858895
            ],
            [
              2979.1714838339312,
              4672.715270935543
            ],
            [
              2981.776206498935,
              4687.487387230726
            ],
            [
              2935.490242107361,
              4695.648851581072
            ],
            [
              2932.8855194423572,
              4680.8767352858895
            ]
          ]
        ]
      },
      "properties": {
        "id": "173",
        "lote": "173",
        "estatus": "disponible",
        "paquete": null,
        "seccion": "PLATA",
        "manzana": "D",
        "manzanaId": "D"
      }
    },
    {
      "type": "Feature",
      "geometry": {
        "type": "Polygon",
        "coordinates": [
          [
            [
              2986.0651381050166,
              4671.499733691875
            ],
            [
              3032.35110249659,
              4663.338269341529
            ],
            [
              3034.955825161594,
              4678.110385636713
            ],
            [
              2988.6698607700205,
              4686.271849987058
            ],
            [
              2986.0651381050166,
              4671.499733691875
            ]
          ]
        ]
      },
      "properties": {
        "id": "163",
        "lote": "163",
        "estatus": "disponible",
        "paquete": null,
        "seccion": "PLATA",
        "manzana": "D",
        "manzanaId": "D"
      }
    },
    {
      "type": "Feature",
      "geometry": {
        "type": "Polygon",
        "coordinates": [
          [
            [
              3039.244756767676,
              4662.1227320978605
            ],
            [
              3085.5307211592494,
              4653.961267747515
            ],
            [
              3088.1354438242533,
              4668.733384042698
            ],
            [
              3041.84947943268,
              4676.8948483930435
            ],
            [
              3039.244756767676,
              4662.1227320978605
            ]
          ]
        ]
      },
      "properties": {
        "id": "153",
        "lote": "153",
        "estatus": "disponible",
        "paquete": null,
        "seccion": "PLATA",
        "manzana": "D",
        "manzanaId": "D"
      }
    },
    {
      "type": "Feature",
      "geometry": {
        "type": "Polygon",
        "coordinates": [
          [
            [
              2830.172893848044,
              4720.3117012871735
            ],
            [
              2876.458858239618,
              4712.150236936828
            ],
            [
              2879.063580904622,
              4726.922353232011
            ],
            [
              2832.777616513048,
              4735.083817582357
            ],
            [
              2830.172893848044,
              4720.3117012871735
            ]
          ]
        ]
      },
      "properties": {
        "id": "192",
        "lote": "192",
        "estatus": "disponible",
        "paquete": null,
        "seccion": "PLATA",
        "manzana": "D",
        "manzanaId": "D"
      }
    },
    {
      "type": "Feature",
      "geometry": {
        "type": "Polygon",
        "coordinates": [
          [
            [
              2883.3525125107035,
              4710.93469969316
            ],
            [
              2929.6384769022775,
              4702.773235342814
            ],
            [
              2932.2431995672814,
              4717.545351637997
            ],
            [
              2885.9572351757074,
              4725.706815988343
            ],
            [
              2883.3525125107035,
              4710.93469969316
            ]
          ]
        ]
      },
      "properties": {
        "id": "182",
        "lote": "182",
        "estatus": "disponible",
        "paquete": null,
        "seccion": "PLATA",
        "manzana": "D",
        "manzanaId": "D"
      }
    },
    {
      "type": "Feature",
      "geometry": {
        "type": "Polygon",
        "coordinates": [
          [
            [
              2936.532131173363,
              4701.5576980991455
            ],
            [
              2982.8180955649364,
              4693.3962337488
            ],
            [
              2985.4228182299403,
              4708.168350043983
            ],
            [
              2939.1368538383667,
              4716.329814394328
            ],
            [
              2936.532131173363,
              4701.5576980991455
            ]
          ]
        ]
      },
      "properties": {
        "id": "172",
        "lote": "172",
        "estatus": "disponible",
        "paquete": null,
        "seccion": "PLATA",
        "manzana": "D",
        "manzanaId": "D"
      }
    },
    {
      "type": "Feature",
      "geometry": {
        "type": "Polygon",
        "coordinates": [
          [
            [
              2989.711749836022,
              4692.180696505131
            ],
            [
              3035.9977142275957,
              4684.019232154786
            ],
            [
              3038.6024368925996,
              4698.791348449969
            ],
            [
              2992.316472501026,
              4706.952812800314
            ],
            [
              2989.711749836022,
              4692.180696505131
            ]
          ]
        ]
      },
      "properties": {
        "id": "162",
        "lote": "162",
        "estatus": "disponible",
        "paquete": null,
        "seccion": "PLATA",
        "manzana": "D",
        "manzanaId": "D"
      }
    },
    {
      "type": "Feature",
      "geometry": {
        "type": "Polygon",
        "coordinates": [
          [
            [
              3042.891368498681,
              4682.803694911117
            ],
            [
              3089.177332890255,
              4674.642230560771
            ],
            [
              3091.782055555259,
              4689.414346855954
            ],
            [
              3045.4960911636854,
              4697.5758112063
            ],
            [
              3042.891368498681,
              4682.803694911117
            ]
          ]
        ]
      },
      "properties": {
        "id": "152",
        "lote": "152",
        "estatus": "disponible",
        "paquete": null,
        "seccion": "PLATA",
        "manzana": "D",
        "manzanaId": "D"
      }
    },
    {
      "type": "Feature",
      "geometry": {
        "type": "Polygon",
        "coordinates": [
          [
            [
              2833.8195055790497,
              4740.99266410043
            ],
            [
              2880.1054699706237,
              4732.831199750084
            ],
            [
              2882.7101926356277,
              4747.603316045268
            ],
            [
              2836.4242282440537,
              4755.764780395613
            ],
            [
              2833.8195055790497,
              4740.99266410043
            ]
          ]
        ]
      },
      "properties": {
        "id": "191",
        "lote": "191",
        "estatus": "disponible",
        "paquete": null,
        "seccion": "PLATA",
        "manzana": "D",
        "manzanaId": "D"
      }
    },
    {
      "type": "Feature",
      "geometry": {
        "type": "Polygon",
        "coordinates": [
          [
            [
              2886.999124241709,
              4731.615662506416
            ],
            [
              2933.2850886332826,
              4723.454198156071
            ],
            [
              2935.889811298287,
              4738.2263144512535
            ],
            [
              2889.603846906713,
              4746.387778801599
            ],
            [
              2886.999124241709,
              4731.615662506416
            ]
          ]
        ]
      },
      "properties": {
        "id": "181",
        "lote": "181",
        "estatus": "disponible",
        "paquete": null,
        "seccion": "PLATA",
        "manzana": "D",
        "manzanaId": "D"
      }
    },
    {
      "type": "Feature",
      "geometry": {
        "type": "Polygon",
        "coordinates": [
          [
            [
              2940.1787429043684,
              4722.238660912401
            ],
            [
              2986.464707295942,
              4714.077196562056
            ],
            [
              2989.069429960946,
              4728.849312857239
            ],
            [
              2942.7834655693723,
              4737.010777207585
            ],
            [
              2940.1787429043684,
              4722.238660912401
            ]
          ]
        ]
      },
      "properties": {
        "id": "171",
        "lote": "171",
        "estatus": "disponible",
        "paquete": null,
        "seccion": "PLATA",
        "manzana": "D",
        "manzanaId": "D"
      }
    },
    {
      "type": "Feature",
      "geometry": {
        "type": "Polygon",
        "coordinates": [
          [
            [
              2993.3583615670277,
              4712.861659318388
            ],
            [
              3039.6443259586013,
              4704.700194968042
            ],
            [
              3042.249048623605,
              4719.472311263225
            ],
            [
              2995.9630842320316,
              4727.633775613571
            ],
            [
              2993.3583615670277,
              4712.861659318388
            ]
          ]
        ]
      },
      "properties": {
        "id": "161",
        "lote": "161",
        "estatus": "disponible",
        "paquete": null,
        "seccion": "PLATA",
        "manzana": "D",
        "manzanaId": "D"
      }
    },
    {
      "type": "Feature",
      "geometry": {
        "type": "Polygon",
        "coordinates": [
          [
            [
              3046.5379802296866,
              4703.484657724373
            ],
            [
              3092.8239446212606,
              4695.323193374028
            ],
            [
              3095.4286672862645,
              4710.095309669211
            ],
            [
              3049.1427028946905,
              4718.256774019556
            ],
            [
              3046.5379802296866,
              4703.484657724373
            ]
          ]
        ]
      },
      "properties": {
        "id": "151",
        "lote": "151",
        "estatus": "disponible",
        "paquete": null,
        "seccion": "PLATA",
        "manzana": "D",
        "manzanaId": "D"
      }
    },
    {
      "type": "Feature",
      "geometry": {
        "type": "Polygon",
        "coordinates": [
          [
            [
              2754.7856663568678,
              4295.885241871295
            ],
            [
              2801.0716307484417,
              4287.72377752095
            ],
            [
              2803.6763534134457,
              4302.495893816133
            ],
            [
              2757.3903890218717,
              4310.657358166478
            ],
            [
              2754.7856663568678,
              4295.885241871295
            ]
          ]
        ]
      },
      "properties": {
        "id": "250",
        "lote": "250",
        "estatus": "disponible",
        "paquete": null,
        "seccion": "PLATA",
        "manzana": "E",
        "manzanaId": "E"
      }
    },
    {
      "type": "Feature",
      "geometry": {
        "type": "Polygon",
        "coordinates": [
          [
            [
              2807.965285019527,
              4286.5082402772805
            ],
            [
              2854.2512494111006,
              4278.346775926935
            ],
            [
              2856.8559720761045,
              4293.118892222118
            ],
            [
              2810.570007684531,
              4301.2803565724635
            ],
            [
              2807.965285019527,
              4286.5082402772805
            ]
          ]
        ]
      },
      "properties": {
        "id": "240",
        "lote": "240",
        "estatus": "disponible",
        "paquete": null,
        "seccion": "PLATA",
        "manzana": "E",
        "manzanaId": "E"
      }
    },
    {
      "type": "Feature",
      "geometry": {
        "type": "Polygon",
        "coordinates": [
          [
            [
              2861.1449036821864,
              4277.131238683267
            ],
            [
              2907.43086807376,
              4268.969774332921
            ],
            [
              2910.035590738764,
              4283.741890628104
            ],
            [
              2863.7496263471903,
              4291.90335497845
            ],
            [
              2861.1449036821864,
              4277.131238683267
            ]
          ]
        ]
      },
      "properties": {
        "id": "230",
        "lote": "230",
        "estatus": "disponible",
        "paquete": null,
        "seccion": "PLATA",
        "manzana": "E",
        "manzanaId": "E"
      }
    },
    {
      "type": "Feature",
      "geometry": {
        "type": "Polygon",
        "coordinates": [
          [
            [
              2914.3245223448453,
              4267.7542370892525
            ],
            [
              2960.6104867364193,
              4259.592772738906
            ],
            [
              2963.215209401423,
              4274.36488903409
            ],
            [
              2916.9292450098496,
              4282.526353384435
            ],
            [
              2914.3245223448453,
              4267.7542370892525
            ]
          ]
        ]
      },
      "properties": {
        "id": "220",
        "lote": "220",
        "estatus": "disponible",
        "paquete": null,
        "seccion": "PLATA",
        "manzana": "E",
        "manzanaId": "E"
      }
    },
    {
      "type": "Feature",
      "geometry": {
        "type": "Polygon",
        "coordinates": [
          [
            [
              2967.5041410075046,
              4258.377235495238
            ],
            [
              3013.7901053990786,
              4250.215771144893
            ],
            [
              3016.3948280640825,
              4264.987887440076
            ],
            [
              2970.1088636725085,
              4273.149351790421
            ],
            [
              2967.5041410075046,
              4258.377235495238
            ]
          ]
        ]
      },
      "properties": {
        "id": "210",
        "lote": "210",
        "estatus": "disponible",
        "paquete": null,
        "seccion": "PLATA",
        "manzana": "E",
        "manzanaId": "E"
      }
    },
    {
      "type": "Feature",
      "geometry": {
        "type": "Polygon",
        "coordinates": [
          [
            [
              2758.4322780878733,
              4316.566204684551
            ],
            [
              2804.718242479447,
              4308.404740334206
            ],
            [
              2807.3229651444512,
              4323.176856629389
            ],
            [
              2761.0370007528772,
              4331.338320979735
            ],
            [
              2758.4322780878733,
              4316.566204684551
            ]
          ]
        ]
      },
      "properties": {
        "id": "249",
        "lote": "249",
        "estatus": "disponible",
        "paquete": null,
        "seccion": "PLATA",
        "manzana": "E",
        "manzanaId": "E"
      }
    },
    {
      "type": "Feature",
      "geometry": {
        "type": "Polygon",
        "coordinates": [
          [
            [
              2811.6118967505327,
              4307.189203090537
            ],
            [
              2857.897861142106,
              4299.027738740191
            ],
            [
              2860.50258380711,
              4313.799855035374
            ],
            [
              2814.2166194155366,
              4321.96131938572
            ],
            [
              2811.6118967505327,
              4307.189203090537
            ]
          ]
        ]
      },
      "properties": {
        "id": "239",
        "lote": "239",
        "estatus": "disponible",
        "paquete": null,
        "seccion": "PLATA",
        "manzana": "E",
        "manzanaId": "E"
      }
    },
    {
      "type": "Feature",
      "geometry": {
        "type": "Polygon",
        "coordinates": [
          [
            [
              2864.791515413192,
              4297.812201496523
            ],
            [
              2911.0774798047655,
              4289.650737146178
            ],
            [
              2913.6822024697694,
              4304.4228534413605
            ],
            [
              2867.396238078196,
              4312.584317791706
            ],
            [
              2864.791515413192,
              4297.812201496523
            ]
          ]
        ]
      },
      "properties": {
        "id": "229",
        "lote": "229",
        "estatus": "disponible",
        "paquete": null,
        "seccion": "PLATA",
        "manzana": "E",
        "manzanaId": "E"
      }
    },
    {
      "type": "Feature",
      "geometry": {
        "type": "Polygon",
        "coordinates": [
          [
            [
              2917.971134075851,
              4288.435199902508
            ],
            [
              2964.257098467425,
              4280.273735552163
            ],
            [
              2966.8618211324288,
              4295.045851847346
            ],
            [
              2920.5758567408548,
              4303.207316197691
            ],
            [
              2917.971134075851,
              4288.435199902508
            ]
          ]
        ]
      },
      "properties": {
        "id": "219",
        "lote": "219",
        "estatus": "disponible",
        "paquete": null,
        "seccion": "PLATA",
        "manzana": "E",
        "manzanaId": "E"
      }
    },
    {
      "type": "Feature",
      "geometry": {
        "type": "Polygon",
        "coordinates": [
          [
            [
              2971.15075273851,
              4279.058198308494
            ],
            [
              3017.436717130084,
              4270.896733958149
            ],
            [
              3020.041439795088,
              4285.668850253332
            ],
            [
              2973.755475403514,
              4293.830314603678
            ],
            [
              2971.15075273851,
              4279.058198308494
            ]
          ]
        ]
      },
      "properties": {
        "id": "209",
        "lote": "209",
        "estatus": "disponible",
        "paquete": null,
        "seccion": "PLATA",
        "manzana": "E",
        "manzanaId": "E"
      }
    },
    {
      "type": "Feature",
      "geometry": {
        "type": "Polygon",
        "coordinates": [
          [
            [
              2762.078889818879,
              4337.247167497808
            ],
            [
              2808.3648542104524,
              4329.085703147462
            ],
            [
              2810.9695768754564,
              4343.857819442645
            ],
            [
              2764.683612483883,
              4352.019283792991
            ],
            [
              2762.078889818879,
              4337.247167497808
            ]
          ]
        ]
      },
      "properties": {
        "id": "248",
        "lote": "248",
        "estatus": "disponible",
        "paquete": null,
        "seccion": "PLATA",
        "manzana": "E",
        "manzanaId": "E"
      }
    },
    {
      "type": "Feature",
      "geometry": {
        "type": "Polygon",
        "coordinates": [
          [
            [
              2815.2585084815382,
              4327.870165903793
            ],
            [
              2861.5444728731118,
              4319.708701553448
            ],
            [
              2864.1491955381157,
              4334.480817848631
            ],
            [
              2817.863231146542,
              4342.642282198976
            ],
            [
              2815.2585084815382,
              4327.870165903793
            ]
          ]
        ]
      },
      "properties": {
        "id": "238",
        "lote": "238",
        "estatus": "disponible",
        "paquete": null,
        "seccion": "PLATA",
        "manzana": "E",
        "manzanaId": "E"
      }
    },
    {
      "type": "Feature",
      "geometry": {
        "type": "Polygon",
        "coordinates": [
          [
            [
              2868.438127144197,
              4318.493164309779
            ],
            [
              2914.724091535771,
              4310.3316999594335
            ],
            [
              2917.328814200775,
              4325.1038162546165
            ],
            [
              2871.042849809201,
              4333.265280604963
            ],
            [
              2868.438127144197,
              4318.493164309779
            ]
          ]
        ]
      },
      "properties": {
        "id": "228",
        "lote": "228",
        "estatus": "disponible",
        "paquete": null,
        "seccion": "PLATA",
        "manzana": "E",
        "manzanaId": "E"
      }
    },
    {
      "type": "Feature",
      "geometry": {
        "type": "Polygon",
        "coordinates": [
          [
            [
              2921.6177458068564,
              4309.116162715765
            ],
            [
              2967.9037101984304,
              4300.954698365419
            ],
            [
              2970.5084328634343,
              4315.726814660602
            ],
            [
              2924.2224684718603,
              4323.888279010948
            ],
            [
              2921.6177458068564,
              4309.116162715765
            ]
          ]
        ]
      },
      "properties": {
        "id": "218",
        "lote": "218",
        "estatus": "disponible",
        "paquete": null,
        "seccion": "PLATA",
        "manzana": "E",
        "manzanaId": "E"
      }
    },
    {
      "type": "Feature",
      "geometry": {
        "type": "Polygon",
        "coordinates": [
          [
            [
              2974.7973644695157,
              4299.739161121751
            ],
            [
              3021.0833288610897,
              4291.577696771405
            ],
            [
              3023.6880515260937,
              4306.3498130665885
            ],
            [
              2977.4020871345197,
              4314.511277416934
            ],
            [
              2974.7973644695157,
              4299.739161121751
            ]
          ]
        ]
      },
      "properties": {
        "id": "208",
        "lote": "208",
        "estatus": "disponible",
        "paquete": null,
        "seccion": "PLATA",
        "manzana": "E",
        "manzanaId": "E"
      }
    },
    {
      "type": "Feature",
      "geometry": {
        "type": "Polygon",
        "coordinates": [
          [
            [
              2765.7255015498845,
              4357.928130311064
            ],
            [
              2812.011465941458,
              4349.7666659607185
            ],
            [
              2814.616188606462,
              4364.538782255901
            ],
            [
              2768.3302242148884,
              4372.700246606247
            ],
            [
              2765.7255015498845,
              4357.928130311064
            ]
          ]
        ]
      },
      "properties": {
        "id": "247",
        "lote": "247",
        "estatus": "disponible",
        "paquete": null,
        "seccion": "PLATA",
        "manzana": "E",
        "manzanaId": "E"
      }
    },
    {
      "type": "Feature",
      "geometry": {
        "type": "Polygon",
        "coordinates": [
          [
            [
              2818.905120212544,
              4348.55112871705
            ],
            [
              2865.1910846041173,
              4340.389664366704
            ],
            [
              2867.7958072691213,
              4355.161780661887
            ],
            [
              2821.5098428775477,
              4363.323245012233
            ],
            [
              2818.905120212544,
              4348.55112871705
            ]
          ]
        ]
      },
      "properties": {
        "id": "237",
        "lote": "237",
        "estatus": "disponible",
        "paquete": null,
        "seccion": "PLATA",
        "manzana": "E",
        "manzanaId": "E"
      }
    },
    {
      "type": "Feature",
      "geometry": {
        "type": "Polygon",
        "coordinates": [
          [
            [
              2872.0847388752027,
              4339.174127123036
            ],
            [
              2918.3707032667767,
              4331.0126627726895
            ],
            [
              2920.9754259317806,
              4345.784779067873
            ],
            [
              2874.6894615402066,
              4353.946243418219
            ],
            [
              2872.0847388752027,
              4339.174127123036
            ]
          ]
        ]
      },
      "properties": {
        "id": "227",
        "lote": "227",
        "estatus": "disponible",
        "paquete": null,
        "seccion": "PLATA",
        "manzana": "E",
        "manzanaId": "E"
      }
    },
    {
      "type": "Feature",
      "geometry": {
        "type": "Polygon",
        "coordinates": [
          [
            [
              2925.264357537862,
              4329.797125529021
            ],
            [
              2971.550321929436,
              4321.635661178676
            ],
            [
              2974.15504459444,
              4336.407777473859
            ],
            [
              2927.869080202866,
              4344.569241824204
            ],
            [
              2925.264357537862,
              4329.797125529021
            ]
          ]
        ]
      },
      "properties": {
        "id": "217",
        "lote": "217",
        "estatus": "disponible",
        "paquete": null,
        "seccion": "PLATA",
        "manzana": "E",
        "manzanaId": "E"
      }
    },
    {
      "type": "Feature",
      "geometry": {
        "type": "Polygon",
        "coordinates": [
          [
            [
              2978.4439762005213,
              4320.420123935007
            ],
            [
              3024.7299405920953,
              4312.2586595846615
            ],
            [
              3027.334663257099,
              4327.030775879844
            ],
            [
              2981.0486988655252,
              4335.19224023019
            ],
            [
              2978.4439762005213,
              4320.420123935007
            ]
          ]
        ]
      },
      "properties": {
        "id": "207",
        "lote": "207",
        "estatus": "disponible",
        "paquete": null,
        "seccion": "PLATA",
        "manzana": "E",
        "manzanaId": "E"
      }
    },
    {
      "type": "Feature",
      "geometry": {
        "type": "Polygon",
        "coordinates": [
          [
            [
              2769.37211328089,
              4378.609093124321
            ],
            [
              2815.6580776724636,
              4370.447628773974
            ],
            [
              2818.2628003374675,
              4385.219745069157
            ],
            [
              2771.976835945894,
              4393.381209419504
            ],
            [
              2769.37211328089,
              4378.609093124321
            ]
          ]
        ]
      },
      "properties": {
        "id": "246",
        "lote": "246",
        "estatus": "disponible",
        "paquete": null,
        "seccion": "PLATA",
        "manzana": "E",
        "manzanaId": "E"
      }
    },
    {
      "type": "Feature",
      "geometry": {
        "type": "Polygon",
        "coordinates": [
          [
            [
              2822.551731943549,
              4369.232091530306
            ],
            [
              2868.837696335123,
              4361.070627179961
            ],
            [
              2871.442419000127,
              4375.842743475144
            ],
            [
              2825.1564546085533,
              4384.004207825489
            ],
            [
              2822.551731943549,
              4369.232091530306
            ]
          ]
        ]
      },
      "properties": {
        "id": "236",
        "lote": "236",
        "estatus": "disponible",
        "paquete": null,
        "seccion": "PLATA",
        "manzana": "E",
        "manzanaId": "E"
      }
    },
    {
      "type": "Feature",
      "geometry": {
        "type": "Polygon",
        "coordinates": [
          [
            [
              2875.7313506062083,
              4359.855089936292
            ],
            [
              2922.0173149977823,
              4351.693625585946
            ],
            [
              2924.622037662786,
              4366.465741881129
            ],
            [
              2878.336073271212,
              4374.627206231475
            ],
            [
              2875.7313506062083,
              4359.855089936292
            ]
          ]
        ]
      },
      "properties": {
        "id": "226",
        "lote": "226",
        "estatus": "disponible",
        "paquete": null,
        "seccion": "PLATA",
        "manzana": "E",
        "manzanaId": "E"
      }
    },
    {
      "type": "Feature",
      "geometry": {
        "type": "Polygon",
        "coordinates": [
          [
            [
              2928.9109692688676,
              4350.478088342278
            ],
            [
              2975.1969336604416,
              4342.316623991932
            ],
            [
              2977.8016563254455,
              4357.088740287115
            ],
            [
              2931.5156919338715,
              4365.250204637461
            ],
            [
              2928.9109692688676,
              4350.478088342278
            ]
          ]
        ]
      },
      "properties": {
        "id": "216",
        "lote": "216",
        "estatus": "disponible",
        "paquete": null,
        "seccion": "PLATA",
        "manzana": "E",
        "manzanaId": "E"
      }
    },
    {
      "type": "Feature",
      "geometry": {
        "type": "Polygon",
        "coordinates": [
          [
            [
              2982.090587931527,
              4341.101086748264
            ],
            [
              3028.3765523231004,
              4332.939622397917
            ],
            [
              3030.9812749881044,
              4347.711738693101
            ],
            [
              2984.695310596531,
              4355.873203043447
            ],
            [
              2982.090587931527,
              4341.101086748264
            ]
          ]
        ]
      },
      "properties": {
        "id": "206",
        "lote": "206",
        "estatus": "disponible",
        "paquete": null,
        "seccion": "PLATA",
        "manzana": "E",
        "manzanaId": "E"
      }
    },
    {
      "type": "Feature",
      "geometry": {
        "type": "Polygon",
        "coordinates": [
          [
            [
              2773.0187250118956,
              4399.290055937577
            ],
            [
              2819.304689403469,
              4391.128591587231
            ],
            [
              2821.909412068473,
              4405.900707882414
            ],
            [
              2775.6234476768996,
              4414.06217223276
            ],
            [
              2773.0187250118956,
              4399.290055937577
            ]
          ]
        ]
      },
      "properties": {
        "id": "245",
        "lote": "245",
        "estatus": "disponible",
        "paquete": null,
        "seccion": "PLATA",
        "manzana": "E",
        "manzanaId": "E"
      }
    },
    {
      "type": "Feature",
      "geometry": {
        "type": "Polygon",
        "coordinates": [
          [
            [
              2826.1983436745545,
              4389.913054343562
            ],
            [
              2872.4843080661285,
              4381.751589993217
            ],
            [
              2875.0890307311324,
              4396.5237062884
            ],
            [
              2828.8030663395584,
              4404.685170638746
            ],
            [
              2826.1983436745545,
              4389.913054343562
            ]
          ]
        ]
      },
      "properties": {
        "id": "235",
        "lote": "235",
        "estatus": "disponible",
        "paquete": null,
        "seccion": "PLATA",
        "manzana": "E",
        "manzanaId": "E"
      }
    },
    {
      "type": "Feature",
      "geometry": {
        "type": "Polygon",
        "coordinates": [
          [
            [
              2879.377962337214,
              4380.536052749549
            ],
            [
              2925.663926728788,
              4372.374588399202
            ],
            [
              2928.2686493937917,
              4387.146704694385
            ],
            [
              2881.9826850022177,
              4395.308169044732
            ],
            [
              2879.377962337214,
              4380.536052749549
            ]
          ]
        ]
      },
      "properties": {
        "id": "225",
        "lote": "225",
        "estatus": "disponible",
        "paquete": null,
        "seccion": "PLATA",
        "manzana": "E",
        "manzanaId": "E"
      }
    },
    {
      "type": "Feature",
      "geometry": {
        "type": "Polygon",
        "coordinates": [
          [
            [
              2932.557580999873,
              4371.159051155534
            ],
            [
              2978.8435453914467,
              4362.997586805189
            ],
            [
              2981.448268056451,
              4377.769703100372
            ],
            [
              2935.162303664877,
              4385.931167450717
            ],
            [
              2932.557580999873,
              4371.159051155534
            ]
          ]
        ]
      },
      "properties": {
        "id": "215",
        "lote": "215",
        "estatus": "disponible",
        "paquete": null,
        "seccion": "PLATA",
        "manzana": "E",
        "manzanaId": "E"
      }
    },
    {
      "type": "Feature",
      "geometry": {
        "type": "Polygon",
        "coordinates": [
          [
            [
              2985.7371996625325,
              4361.78204956152
            ],
            [
              3032.023164054106,
              4353.620585211174
            ],
            [
              3034.62788671911,
              4368.392701506357
            ],
            [
              2988.3419223275364,
              4376.554165856703
            ],
            [
              2985.7371996625325,
              4361.78204956152
            ]
          ]
        ]
      },
      "properties": {
        "id": "205",
        "lote": "205",
        "estatus": "disponible",
        "paquete": null,
        "seccion": "PLATA",
        "manzana": "E",
        "manzanaId": "E"
      }
    },
    {
      "type": "Feature",
      "geometry": {
        "type": "Polygon",
        "coordinates": [
          [
            [
              2776.6653367429008,
              4419.9710187508335
            ],
            [
              2822.9513011344748,
              4411.809554400487
            ],
            [
              2825.5560237994787,
              4426.58167069567
            ],
            [
              2779.270059407905,
              4434.7431350460165
            ],
            [
              2776.6653367429008,
              4419.9710187508335
            ]
          ]
        ]
      },
      "properties": {
        "id": "244",
        "lote": "244",
        "estatus": "disponible",
        "paquete": null,
        "seccion": "PLATA",
        "manzana": "E",
        "manzanaId": "E"
      }
    },
    {
      "type": "Feature",
      "geometry": {
        "type": "Polygon",
        "coordinates": [
          [
            [
              2829.84495540556,
              4410.594017156819
            ],
            [
              2876.130919797134,
              4402.432552806473
            ],
            [
              2878.735642462138,
              4417.204669101657
            ],
            [
              2832.449678070564,
              4425.366133452002
            ],
            [
              2829.84495540556,
              4410.594017156819
            ]
          ]
        ]
      },
      "properties": {
        "id": "234",
        "lote": "234",
        "estatus": "disponible",
        "paquete": null,
        "seccion": "PLATA",
        "manzana": "E",
        "manzanaId": "E"
      }
    },
    {
      "type": "Feature",
      "geometry": {
        "type": "Polygon",
        "coordinates": [
          [
            [
              2883.0245740682194,
              4401.217015562805
            ],
            [
              2929.3105384597934,
              4393.055551212459
            ],
            [
              2931.9152611247973,
              4407.827667507642
            ],
            [
              2885.6292967332233,
              4415.989131857988
            ],
            [
              2883.0245740682194,
              4401.217015562805
            ]
          ]
        ]
      },
      "properties": {
        "id": "224",
        "lote": "224",
        "estatus": "disponible",
        "paquete": null,
        "seccion": "PLATA",
        "manzana": "E",
        "manzanaId": "E"
      }
    },
    {
      "type": "Feature",
      "geometry": {
        "type": "Polygon",
        "coordinates": [
          [
            [
              2936.2041927308787,
              4391.84001396879
            ],
            [
              2982.4901571224523,
              4383.678549618445
            ],
            [
              2985.0948797874566,
              4398.450665913628
            ],
            [
              2938.8089153958827,
              4406.612130263974
            ],
            [
              2936.2041927308787,
              4391.84001396879
            ]
          ]
        ]
      },
      "properties": {
        "id": "214",
        "lote": "214",
        "estatus": "disponible",
        "paquete": null,
        "seccion": "PLATA",
        "manzana": "E",
        "manzanaId": "E"
      }
    },
    {
      "type": "Feature",
      "geometry": {
        "type": "Polygon",
        "coordinates": [
          [
            [
              2989.383811393538,
              4382.463012374777
            ],
            [
              3035.6697757851116,
              4374.30154802443
            ],
            [
              3038.2744984501155,
              4389.073664319613
            ],
            [
              2991.988534058542,
              4397.2351286699595
            ],
            [
              2989.383811393538,
              4382.463012374777
            ]
          ]
        ]
      },
      "properties": {
        "id": "204",
        "lote": "204",
        "estatus": "disponible",
        "paquete": null,
        "seccion": "PLATA",
        "manzana": "E",
        "manzanaId": "E"
      }
    },
    {
      "type": "Feature",
      "geometry": {
        "type": "Polygon",
        "coordinates": [
          [
            [
              2780.3119484739063,
              4440.6519815640895
            ],
            [
              2826.5979128654803,
              4432.490517213744
            ],
            [
              2829.2026355304843,
              4447.262633508927
            ],
            [
              2782.9166711389103,
              4455.4240978592725
            ],
            [
              2780.3119484739063,
              4440.6519815640895
            ]
          ]
        ]
      },
      "properties": {
        "id": "243",
        "lote": "243",
        "estatus": "disponible",
        "paquete": null,
        "seccion": "PLATA",
        "manzana": "E",
        "manzanaId": "E"
      }
    },
    {
      "type": "Feature",
      "geometry": {
        "type": "Polygon",
        "coordinates": [
          [
            [
              2833.4915671365657,
              4431.274979970075
            ],
            [
              2879.7775315281397,
              4423.11351561973
            ],
            [
              2882.3822541931436,
              4437.885631914913
            ],
            [
              2836.0962898015696,
              4446.047096265258
            ],
            [
              2833.4915671365657,
              4431.274979970075
            ]
          ]
        ]
      },
      "properties": {
        "id": "233",
        "lote": "233",
        "estatus": "disponible",
        "paquete": null,
        "seccion": "PLATA",
        "manzana": "E",
        "manzanaId": "E"
      }
    },
    {
      "type": "Feature",
      "geometry": {
        "type": "Polygon",
        "coordinates": [
          [
            [
              2886.671185799225,
              4421.8979783760615
            ],
            [
              2932.957150190799,
              4413.736514025715
            ],
            [
              2935.561872855803,
              4428.508630320898
            ],
            [
              2889.275908464229,
              4436.670094671244
            ],
            [
              2886.671185799225,
              4421.8979783760615
            ]
          ]
        ]
      },
      "properties": {
        "id": "223",
        "lote": "223",
        "estatus": "disponible",
        "paquete": null,
        "seccion": "PLATA",
        "manzana": "E",
        "manzanaId": "E"
      }
    },
    {
      "type": "Feature",
      "geometry": {
        "type": "Polygon",
        "coordinates": [
          [
            [
              2939.8508044618843,
              4412.520976782047
            ],
            [
              2986.136768853458,
              4404.359512431701
            ],
            [
              2988.7414915184618,
              4419.131628726885
            ],
            [
              2942.4555271268882,
              4427.29309307723
            ],
            [
              2939.8508044618843,
              4412.520976782047
            ]
          ]
        ]
      },
      "properties": {
        "id": "213",
        "lote": "213",
        "estatus": "disponible",
        "paquete": null,
        "seccion": "PLATA",
        "manzana": "E",
        "manzanaId": "E"
      }
    },
    {
      "type": "Feature",
      "geometry": {
        "type": "Polygon",
        "coordinates": [
          [
            [
              2993.0304231245436,
              4403.1439751880325
            ],
            [
              3039.316387516117,
              4394.982510837687
            ],
            [
              3041.921110181121,
              4409.75462713287
            ],
            [
              2995.6351457895476,
              4417.9160914832155
            ],
            [
              2993.0304231245436,
              4403.1439751880325
            ]
          ]
        ]
      },
      "properties": {
        "id": "203",
        "lote": "203",
        "estatus": "disponible",
        "paquete": null,
        "seccion": "PLATA",
        "manzana": "E",
        "manzanaId": "E"
      }
    },
    {
      "type": "Feature",
      "geometry": {
        "type": "Polygon",
        "coordinates": [
          [
            [
              2783.958560204912,
              4461.3329443773455
            ],
            [
              2830.244524596486,
              4453.171480027
            ],
            [
              2832.84924726149,
              4467.943596322183
            ],
            [
              2786.563282869916,
              4476.105060672529
            ],
            [
              2783.958560204912,
              4461.3329443773455
            ]
          ]
        ]
      },
      "properties": {
        "id": "242",
        "lote": "242",
        "estatus": "disponible",
        "paquete": null,
        "seccion": "PLATA",
        "manzana": "E",
        "manzanaId": "E"
      }
    },
    {
      "type": "Feature",
      "geometry": {
        "type": "Polygon",
        "coordinates": [
          [
            [
              2837.1381788675712,
              4451.955942783332
            ],
            [
              2883.4241432591452,
              4443.794478432986
            ],
            [
              2886.028865924149,
              4458.566594728169
            ],
            [
              2839.742901532575,
              4466.728059078515
            ],
            [
              2837.1381788675712,
              4451.955942783332
            ]
          ]
        ]
      },
      "properties": {
        "id": "232",
        "lote": "232",
        "estatus": "disponible",
        "paquete": null,
        "seccion": "PLATA",
        "manzana": "E",
        "manzanaId": "E"
      }
    },
    {
      "type": "Feature",
      "geometry": {
        "type": "Polygon",
        "coordinates": [
          [
            [
              2890.3177975302306,
              4442.578941189317
            ],
            [
              2936.603761921804,
              4434.417476838972
            ],
            [
              2939.208484586808,
              4449.189593134155
            ],
            [
              2892.9225201952345,
              4457.3510574845
            ],
            [
              2890.3177975302306,
              4442.578941189317
            ]
          ]
        ]
      },
      "properties": {
        "id": "222",
        "lote": "222",
        "estatus": "disponible",
        "paquete": null,
        "seccion": "PLATA",
        "manzana": "E",
        "manzanaId": "E"
      }
    },
    {
      "type": "Feature",
      "geometry": {
        "type": "Polygon",
        "coordinates": [
          [
            [
              2943.49741619289,
              4433.201939595303
            ],
            [
              2989.7833805844634,
              4425.040475244958
            ],
            [
              2992.3881032494673,
              4439.812591540141
            ],
            [
              2946.102138857894,
              4447.974055890486
            ],
            [
              2943.49741619289,
              4433.201939595303
            ]
          ]
        ]
      },
      "properties": {
        "id": "212",
        "lote": "212",
        "estatus": "disponible",
        "paquete": null,
        "seccion": "PLATA",
        "manzana": "E",
        "manzanaId": "E"
      }
    },
    {
      "type": "Feature",
      "geometry": {
        "type": "Polygon",
        "coordinates": [
          [
            [
              2996.6770348555488,
              4423.824938001289
            ],
            [
              3042.9629992471228,
              4415.663473650943
            ],
            [
              3045.5677219121267,
              4430.435589946126
            ],
            [
              2999.281757520553,
              4438.597054296472
            ],
            [
              2996.6770348555488,
              4423.824938001289
            ]
          ]
        ]
      },
      "properties": {
        "id": "202",
        "lote": "202",
        "estatus": "disponible",
        "paquete": null,
        "seccion": "PLATA",
        "manzana": "E",
        "manzanaId": "E"
      }
    },
    {
      "type": "Feature",
      "geometry": {
        "type": "Polygon",
        "coordinates": [
          [
            [
              2787.6051719359175,
              4482.013907190602
            ],
            [
              2833.8911363274915,
              4473.852442840256
            ],
            [
              2836.4958589924954,
              4488.62455913544
            ],
            [
              2790.2098946009214,
              4496.786023485785
            ],
            [
              2787.6051719359175,
              4482.013907190602
            ]
          ]
        ]
      },
      "properties": {
        "id": "241",
        "lote": "241",
        "estatus": "disponible",
        "paquete": null,
        "seccion": "PLATA",
        "manzana": "E",
        "manzanaId": "E"
      }
    },
    {
      "type": "Feature",
      "geometry": {
        "type": "Polygon",
        "coordinates": [
          [
            [
              2840.784790598577,
              4472.636905596588
            ],
            [
              2887.0707549901504,
              4464.475441246243
            ],
            [
              2889.6754776551547,
              4479.2475575414255
            ],
            [
              2843.3895132635807,
              4487.409021891771
            ],
            [
              2840.784790598577,
              4472.636905596588
            ]
          ]
        ]
      },
      "properties": {
        "id": "231",
        "lote": "231",
        "estatus": "disponible",
        "paquete": null,
        "seccion": "PLATA",
        "manzana": "E",
        "manzanaId": "E"
      }
    },
    {
      "type": "Feature",
      "geometry": {
        "type": "Polygon",
        "coordinates": [
          [
            [
              2893.964409261236,
              4463.259904002573
            ],
            [
              2940.2503736528097,
              4455.098439652228
            ],
            [
              2942.8550963178136,
              4469.870555947411
            ],
            [
              2896.56913192624,
              4478.032020297757
            ],
            [
              2893.964409261236,
              4463.259904002573
            ]
          ]
        ]
      },
      "properties": {
        "id": "221",
        "lote": "221",
        "estatus": "disponible",
        "paquete": null,
        "seccion": "PLATA",
        "manzana": "E",
        "manzanaId": "E"
      }
    },
    {
      "type": "Feature",
      "geometry": {
        "type": "Polygon",
        "coordinates": [
          [
            [
              2947.1440279238955,
              4453.88290240856
            ],
            [
              2993.429992315469,
              4445.721438058214
            ],
            [
              2996.034714980473,
              4460.493554353397
            ],
            [
              2949.7487505888994,
              4468.655018703743
            ],
            [
              2947.1440279238955,
              4453.88290240856
            ]
          ]
        ]
      },
      "properties": {
        "id": "211",
        "lote": "211",
        "estatus": "disponible",
        "paquete": null,
        "seccion": "PLATA",
        "manzana": "E",
        "manzanaId": "E"
      }
    },
    {
      "type": "Feature",
      "geometry": {
        "type": "Polygon",
        "coordinates": [
          [
            [
              3000.3236465865543,
              4444.505900814545
            ],
            [
              3046.6096109781283,
              4436.3444364642
            ],
            [
              3049.2143336431322,
              4451.116552759383
            ],
            [
              3002.9283692515583,
              4459.278017109728
            ],
            [
              3000.3236465865543,
              4444.505900814545
            ]
          ]
        ]
      },
      "properties": {
        "id": "201",
        "lote": "201",
        "estatus": "disponible",
        "paquete": null,
        "seccion": "PLATA",
        "manzana": "E",
        "manzanaId": "E"
      }
    },
    {
      "type": "Feature",
      "geometry": {
        "type": "Polygon",
        "coordinates": [
          [
            [
              2713.7856663568678,
              4064.385540976408
            ],
            [
              2760.0716307484417,
              4056.224076626062
            ],
            [
              2762.6763534134457,
              4070.996192921245
            ],
            [
              2716.3903890218717,
              4079.157657271591
            ],
            [
              2713.7856663568678,
              4064.385540976408
            ]
          ]
        ]
      },
      "properties": {
        "id": "300",
        "lote": "300",
        "estatus": "disponible",
        "paquete": null,
        "seccion": "PLATA",
        "manzana": "F",
        "manzanaId": "F"
      }
    },
    {
      "type": "Feature",
      "geometry": {
        "type": "Polygon",
        "coordinates": [
          [
            [
              2766.965285019527,
              4055.008539382394
            ],
            [
              2813.2512494111006,
              4046.847075032048
            ],
            [
              2815.8559720761045,
              4061.619191327231
            ],
            [
              2769.570007684531,
              4069.7806556775768
            ],
            [
              2766.965285019527,
              4055.008539382394
            ]
          ]
        ]
      },
      "properties": {
        "id": "290",
        "lote": "290",
        "estatus": "disponible",
        "paquete": null,
        "seccion": "PLATA",
        "manzana": "F",
        "manzanaId": "F"
      }
    },
    {
      "type": "Feature",
      "geometry": {
        "type": "Polygon",
        "coordinates": [
          [
            [
              2820.1449036821864,
              4045.6315377883793
            ],
            [
              2866.43086807376,
              4037.4700734380335
            ],
            [
              2869.035590738764,
              4052.242189733217
            ],
            [
              2822.7496263471903,
              4060.4036540835623
            ],
            [
              2820.1449036821864,
              4045.6315377883793
            ]
          ]
        ]
      },
      "properties": {
        "id": "280",
        "lote": "280",
        "estatus": "disponible",
        "paquete": null,
        "seccion": "PLATA",
        "manzana": "F",
        "manzanaId": "F"
      }
    },
    {
      "type": "Feature",
      "geometry": {
        "type": "Polygon",
        "coordinates": [
          [
            [
              2873.3245223448453,
              4036.2545361943653
            ],
            [
              2919.6104867364193,
              4028.0930718440195
            ],
            [
              2922.215209401423,
              4042.8651881392025
            ],
            [
              2875.9292450098496,
              4051.0266524895483
            ],
            [
              2873.3245223448453,
              4036.2545361943653
            ]
          ]
        ]
      },
      "properties": {
        "id": "270",
        "lote": "270",
        "estatus": "disponible",
        "paquete": null,
        "seccion": "PLATA",
        "manzana": "F",
        "manzanaId": "F"
      }
    },
    {
      "type": "Feature",
      "geometry": {
        "type": "Polygon",
        "coordinates": [
          [
            [
              2926.5041410075046,
              4026.877534600351
            ],
            [
              2972.7901053990786,
              4018.716070250005
            ],
            [
              2975.3948280640825,
              4033.4881865451885
            ],
            [
              2929.1088636725085,
              4041.649650895534
            ],
            [
              2926.5041410075046,
              4026.877534600351
            ]
          ]
        ]
      },
      "properties": {
        "id": "260",
        "lote": "260",
        "estatus": "disponible",
        "paquete": null,
        "seccion": "PLATA",
        "manzana": "F",
        "manzanaId": "F"
      }
    },
    {
      "type": "Feature",
      "geometry": {
        "type": "Polygon",
        "coordinates": [
          [
            [
              2717.4322780878733,
              4085.0665037896642
            ],
            [
              2763.718242479447,
              4076.9050394393184
            ],
            [
              2766.3229651444512,
              4091.6771557345014
            ],
            [
              2720.0370007528772,
              4099.838620084847
            ],
            [
              2717.4322780878733,
              4085.0665037896642
            ]
          ]
        ]
      },
      "properties": {
        "id": "299",
        "lote": "299",
        "estatus": "disponible",
        "paquete": null,
        "seccion": "PLATA",
        "manzana": "F",
        "manzanaId": "F"
      }
    },
    {
      "type": "Feature",
      "geometry": {
        "type": "Polygon",
        "coordinates": [
          [
            [
              2770.6118967505327,
              4075.6895021956498
            ],
            [
              2816.897861142106,
              4067.5280378453044
            ],
            [
              2819.50258380711,
              4082.3001541404874
            ],
            [
              2773.2166194155366,
              4090.461618490833
            ],
            [
              2770.6118967505327,
              4075.6895021956498
            ]
          ]
        ]
      },
      "properties": {
        "id": "289",
        "lote": "289",
        "estatus": "disponible",
        "paquete": null,
        "seccion": "PLATA",
        "manzana": "F",
        "manzanaId": "F"
      }
    },
    {
      "type": "Feature",
      "geometry": {
        "type": "Polygon",
        "coordinates": [
          [
            [
              2823.791515413192,
              4066.3125006016357
            ],
            [
              2870.0774798047655,
              4058.15103625129
            ],
            [
              2872.6822024697694,
              4072.923152546473
            ],
            [
              2826.396238078196,
              4081.0846168968187
            ],
            [
              2823.791515413192,
              4066.3125006016357
            ]
          ]
        ]
      },
      "properties": {
        "id": "279",
        "lote": "279",
        "estatus": "disponible",
        "paquete": null,
        "seccion": "PLATA",
        "manzana": "F",
        "manzanaId": "F"
      }
    },
    {
      "type": "Feature",
      "geometry": {
        "type": "Polygon",
        "coordinates": [
          [
            [
              2876.971134075851,
              4056.9354990076213
            ],
            [
              2923.257098467425,
              4048.774034657276
            ],
            [
              2925.8618211324288,
              4063.546150952459
            ],
            [
              2879.5758567408548,
              4071.7076153028047
            ],
            [
              2876.971134075851,
              4056.9354990076213
            ]
          ]
        ]
      },
      "properties": {
        "id": "269",
        "lote": "269",
        "estatus": "disponible",
        "paquete": null,
        "seccion": "PLATA",
        "manzana": "F",
        "manzanaId": "F"
      }
    },
    {
      "type": "Feature",
      "geometry": {
        "type": "Polygon",
        "coordinates": [
          [
            [
              2930.15075273851,
              4047.5584974136073
            ],
            [
              2976.436717130084,
              4039.3970330632615
            ],
            [
              2979.041439795088,
              4054.1691493584444
            ],
            [
              2932.755475403514,
              4062.33061370879
            ],
            [
              2930.15075273851,
              4047.5584974136073
            ]
          ]
        ]
      },
      "properties": {
        "id": "259",
        "lote": "259",
        "estatus": "disponible",
        "paquete": null,
        "seccion": "PLATA",
        "manzana": "F",
        "manzanaId": "F"
      }
    },
    {
      "type": "Feature",
      "geometry": {
        "type": "Polygon",
        "coordinates": [
          [
            [
              2721.078889818879,
              4105.74746660292
            ],
            [
              2767.3648542104524,
              4097.586002252575
            ],
            [
              2769.9695768754564,
              4112.358118547758
            ],
            [
              2723.683612483883,
              4120.519582898104
            ],
            [
              2721.078889818879,
              4105.74746660292
            ]
          ]
        ]
      },
      "properties": {
        "id": "298",
        "lote": "298",
        "estatus": "disponible",
        "paquete": null,
        "seccion": "PLATA",
        "manzana": "F",
        "manzanaId": "F"
      }
    },
    {
      "type": "Feature",
      "geometry": {
        "type": "Polygon",
        "coordinates": [
          [
            [
              2774.2585084815382,
              4096.370465008906
            ],
            [
              2820.5444728731118,
              4088.2090006585604
            ],
            [
              2823.1491955381157,
              4102.981116953743
            ],
            [
              2776.863231146542,
              4111.14258130409
            ],
            [
              2774.2585084815382,
              4096.370465008906
            ]
          ]
        ]
      },
      "properties": {
        "id": "288",
        "lote": "288",
        "estatus": "disponible",
        "paquete": null,
        "seccion": "PLATA",
        "manzana": "F",
        "manzanaId": "F"
      }
    },
    {
      "type": "Feature",
      "geometry": {
        "type": "Polygon",
        "coordinates": [
          [
            [
              2827.438127144197,
              4086.993463414892
            ],
            [
              2873.724091535771,
              4078.8319990645464
            ],
            [
              2876.328814200775,
              4093.6041153597293
            ],
            [
              2830.042849809201,
              4101.765579710075
            ],
            [
              2827.438127144197,
              4086.993463414892
            ]
          ]
        ]
      },
      "properties": {
        "id": "278",
        "lote": "278",
        "estatus": "disponible",
        "paquete": null,
        "seccion": "PLATA",
        "manzana": "F",
        "manzanaId": "F"
      }
    },
    {
      "type": "Feature",
      "geometry": {
        "type": "Polygon",
        "coordinates": [
          [
            [
              2880.6177458068564,
              4077.6164618208777
            ],
            [
              2926.9037101984304,
              4069.454997470532
            ],
            [
              2929.5084328634343,
              4084.2271137657153
            ],
            [
              2883.2224684718603,
              4092.388578116061
            ],
            [
              2880.6177458068564,
              4077.6164618208777
            ]
          ]
        ]
      },
      "properties": {
        "id": "268",
        "lote": "268",
        "estatus": "disponible",
        "paquete": null,
        "seccion": "PLATA",
        "manzana": "F",
        "manzanaId": "F"
      }
    },
    {
      "type": "Feature",
      "geometry": {
        "type": "Polygon",
        "coordinates": [
          [
            [
              2933.7973644695157,
              4068.2394602268637
            ],
            [
              2980.0833288610897,
              4060.077995876518
            ],
            [
              2982.6880515260937,
              4074.850112171701
            ],
            [
              2936.4020871345197,
              4083.0115765220467
            ],
            [
              2933.7973644695157,
              4068.2394602268637
            ]
          ]
        ]
      },
      "properties": {
        "id": "258",
        "lote": "258",
        "estatus": "disponible",
        "paquete": null,
        "seccion": "PLATA",
        "manzana": "F",
        "manzanaId": "F"
      }
    },
    {
      "type": "Feature",
      "geometry": {
        "type": "Polygon",
        "coordinates": [
          [
            [
              2724.7255015498845,
              4126.428429416177
            ],
            [
              2771.011465941458,
              4118.266965065831
            ],
            [
              2773.616188606462,
              4133.039081361015
            ],
            [
              2727.3302242148884,
              4141.20054571136
            ],
            [
              2724.7255015498845,
              4126.428429416177
            ]
          ]
        ]
      },
      "properties": {
        "id": "297",
        "lote": "297",
        "estatus": "disponible",
        "paquete": null,
        "seccion": "PLATA",
        "manzana": "F",
        "manzanaId": "F"
      }
    },
    {
      "type": "Feature",
      "geometry": {
        "type": "Polygon",
        "coordinates": [
          [
            [
              2777.905120212544,
              4117.051427822163
            ],
            [
              2824.1910846041173,
              4108.889963471817
            ],
            [
              2826.7958072691213,
              4123.662079767
            ],
            [
              2780.5098428775477,
              4131.823544117346
            ],
            [
              2777.905120212544,
              4117.051427822163
            ]
          ]
        ]
      },
      "properties": {
        "id": "287",
        "lote": "287",
        "estatus": "disponible",
        "paquete": null,
        "seccion": "PLATA",
        "manzana": "F",
        "manzanaId": "F"
      }
    },
    {
      "type": "Feature",
      "geometry": {
        "type": "Polygon",
        "coordinates": [
          [
            [
              2831.0847388752027,
              4107.674426228148
            ],
            [
              2877.3707032667767,
              4099.512961877803
            ],
            [
              2879.9754259317806,
              4114.285078172986
            ],
            [
              2833.6894615402066,
              4122.446542523331
            ],
            [
              2831.0847388752027,
              4107.674426228148
            ]
          ]
        ]
      },
      "properties": {
        "id": "277",
        "lote": "277",
        "estatus": "disponible",
        "paquete": null,
        "seccion": "PLATA",
        "manzana": "F",
        "manzanaId": "F"
      }
    },
    {
      "type": "Feature",
      "geometry": {
        "type": "Polygon",
        "coordinates": [
          [
            [
              2884.264357537862,
              4098.297424634135
            ],
            [
              2930.550321929436,
              4090.1359602837883
            ],
            [
              2933.15504459444,
              4104.908076578971
            ],
            [
              2886.869080202866,
              4113.069540929318
            ],
            [
              2884.264357537862,
              4098.297424634135
            ]
          ]
        ]
      },
      "properties": {
        "id": "267",
        "lote": "267",
        "estatus": "disponible",
        "paquete": null,
        "seccion": "PLATA",
        "manzana": "F",
        "manzanaId": "F"
      }
    },
    {
      "type": "Feature",
      "geometry": {
        "type": "Polygon",
        "coordinates": [
          [
            [
              2937.4439762005213,
              4088.92042304012
            ],
            [
              2983.7299405920953,
              4080.7589586897743
            ],
            [
              2986.334663257099,
              4095.5310749849573
            ],
            [
              2940.0486988655252,
              4103.692539335303
            ],
            [
              2937.4439762005213,
              4088.92042304012
            ]
          ]
        ]
      },
      "properties": {
        "id": "257",
        "lote": "257",
        "estatus": "disponible",
        "paquete": null,
        "seccion": "PLATA",
        "manzana": "F",
        "manzanaId": "F"
      }
    },
    {
      "type": "Feature",
      "geometry": {
        "type": "Polygon",
        "coordinates": [
          [
            [
              2728.37211328089,
              4147.109392229433
            ],
            [
              2774.6580776724636,
              4138.947927879088
            ],
            [
              2777.2628003374675,
              4153.720044174271
            ],
            [
              2730.976835945894,
              4161.881508524616
            ],
            [
              2728.37211328089,
              4147.109392229433
            ]
          ]
        ]
      },
      "properties": {
        "id": "296",
        "lote": "296",
        "estatus": "disponible",
        "paquete": null,
        "seccion": "PLATA",
        "manzana": "F",
        "manzanaId": "F"
      }
    },
    {
      "type": "Feature",
      "geometry": {
        "type": "Polygon",
        "coordinates": [
          [
            [
              2781.551731943549,
              4137.7323906354195
            ],
            [
              2827.837696335123,
              4129.570926285073
            ],
            [
              2830.442419000127,
              4144.343042580256
            ],
            [
              2784.1564546085533,
              4152.5045069306025
            ],
            [
              2781.551731943549,
              4137.7323906354195
            ]
          ]
        ]
      },
      "properties": {
        "id": "286",
        "lote": "286",
        "estatus": "disponible",
        "paquete": null,
        "seccion": "PLATA",
        "manzana": "F",
        "manzanaId": "F"
      }
    },
    {
      "type": "Feature",
      "geometry": {
        "type": "Polygon",
        "coordinates": [
          [
            [
              2834.7313506062083,
              4128.355389041405
            ],
            [
              2881.0173149977823,
              4120.193924691059
            ],
            [
              2883.622037662786,
              4134.966040986243
            ],
            [
              2837.336073271212,
              4143.127505336588
            ],
            [
              2834.7313506062083,
              4128.355389041405
            ]
          ]
        ]
      },
      "properties": {
        "id": "276",
        "lote": "276",
        "estatus": "disponible",
        "paquete": null,
        "seccion": "PLATA",
        "manzana": "F",
        "manzanaId": "F"
      }
    },
    {
      "type": "Feature",
      "geometry": {
        "type": "Polygon",
        "coordinates": [
          [
            [
              2887.9109692688676,
              4118.978387447391
            ],
            [
              2934.1969336604416,
              4110.816923097045
            ],
            [
              2936.8016563254455,
              4125.589039392228
            ],
            [
              2890.5156919338715,
              4133.7505037425735
            ],
            [
              2887.9109692688676,
              4118.978387447391
            ]
          ]
        ]
      },
      "properties": {
        "id": "266",
        "lote": "266",
        "estatus": "disponible",
        "paquete": null,
        "seccion": "PLATA",
        "manzana": "F",
        "manzanaId": "F"
      }
    },
    {
      "type": "Feature",
      "geometry": {
        "type": "Polygon",
        "coordinates": [
          [
            [
              2941.090587931527,
              4109.601385853376
            ],
            [
              2987.3765523231004,
              4101.439921503031
            ],
            [
              2989.9812749881044,
              4116.212037798214
            ],
            [
              2943.695310596531,
              4124.373502148559
            ],
            [
              2941.090587931527,
              4109.601385853376
            ]
          ]
        ]
      },
      "properties": {
        "id": "256",
        "lote": "256",
        "estatus": "disponible",
        "paquete": null,
        "seccion": "PLATA",
        "manzana": "F",
        "manzanaId": "F"
      }
    },
    {
      "type": "Feature",
      "geometry": {
        "type": "Polygon",
        "coordinates": [
          [
            [
              2732.0187250118956,
              4167.79035504269
            ],
            [
              2778.304689403469,
              4159.628890692344
            ],
            [
              2780.909412068473,
              4174.401006987527
            ],
            [
              2734.6234476768996,
              4182.562471337873
            ],
            [
              2732.0187250118956,
              4167.79035504269
            ]
          ]
        ]
      },
      "properties": {
        "id": "295",
        "lote": "295",
        "estatus": "disponible",
        "paquete": null,
        "seccion": "PLATA",
        "manzana": "F",
        "manzanaId": "F"
      }
    },
    {
      "type": "Feature",
      "geometry": {
        "type": "Polygon",
        "coordinates": [
          [
            [
              2785.1983436745545,
              4158.4133534486755
            ],
            [
              2831.4843080661285,
              4150.25188909833
            ],
            [
              2834.0890307311324,
              4165.024005393513
            ],
            [
              2787.8030663395584,
              4173.185469743858
            ],
            [
              2785.1983436745545,
              4158.4133534486755
            ]
          ]
        ]
      },
      "properties": {
        "id": "285",
        "lote": "285",
        "estatus": "disponible",
        "paquete": null,
        "seccion": "PLATA",
        "manzana": "F",
        "manzanaId": "F"
      }
    },
    {
      "type": "Feature",
      "geometry": {
        "type": "Polygon",
        "coordinates": [
          [
            [
              2838.377962337214,
              4149.036351854661
            ],
            [
              2884.663926728788,
              4140.874887504316
            ],
            [
              2887.2686493937917,
              4155.647003799499
            ],
            [
              2840.9826850022177,
              4163.808468149844
            ],
            [
              2838.377962337214,
              4149.036351854661
            ]
          ]
        ]
      },
      "properties": {
        "id": "275",
        "lote": "275",
        "estatus": "disponible",
        "paquete": null,
        "seccion": "PLATA",
        "manzana": "F",
        "manzanaId": "F"
      }
    },
    {
      "type": "Feature",
      "geometry": {
        "type": "Polygon",
        "coordinates": [
          [
            [
              2891.557580999873,
              4139.6593502606465
            ],
            [
              2937.8435453914467,
              4131.497885910301
            ],
            [
              2940.448268056451,
              4146.270002205484
            ],
            [
              2894.162303664877,
              4154.43146655583
            ],
            [
              2891.557580999873,
              4139.6593502606465
            ]
          ]
        ]
      },
      "properties": {
        "id": "265",
        "lote": "265",
        "estatus": "disponible",
        "paquete": null,
        "seccion": "PLATA",
        "manzana": "F",
        "manzanaId": "F"
      }
    },
    {
      "type": "Feature",
      "geometry": {
        "type": "Polygon",
        "coordinates": [
          [
            [
              2944.7371996625325,
              4130.282348666633
            ],
            [
              2991.023164054106,
              4122.120884316287
            ],
            [
              2993.62788671911,
              4136.89300061147
            ],
            [
              2947.3419223275364,
              4145.054464961816
            ],
            [
              2944.7371996625325,
              4130.282348666633
            ]
          ]
        ]
      },
      "properties": {
        "id": "255",
        "lote": "255",
        "estatus": "disponible",
        "paquete": null,
        "seccion": "PLATA",
        "manzana": "F",
        "manzanaId": "F"
      }
    },
    {
      "type": "Feature",
      "geometry": {
        "type": "Polygon",
        "coordinates": [
          [
            [
              2735.6653367429008,
              4188.471317855946
            ],
            [
              2781.9513011344748,
              4180.309853505601
            ],
            [
              2784.5560237994787,
              4195.081969800784
            ],
            [
              2738.270059407905,
              4203.243434151129
            ],
            [
              2735.6653367429008,
              4188.471317855946
            ]
          ]
        ]
      },
      "properties": {
        "id": "294",
        "lote": "294",
        "estatus": "disponible",
        "paquete": null,
        "seccion": "PLATA",
        "manzana": "F",
        "manzanaId": "F"
      }
    },
    {
      "type": "Feature",
      "geometry": {
        "type": "Polygon",
        "coordinates": [
          [
            [
              2788.84495540556,
              4179.094316261931
            ],
            [
              2835.130919797134,
              4170.932851911586
            ],
            [
              2837.735642462138,
              4185.704968206769
            ],
            [
              2791.449678070564,
              4193.866432557115
            ],
            [
              2788.84495540556,
              4179.094316261931
            ]
          ]
        ]
      },
      "properties": {
        "id": "284",
        "lote": "284",
        "estatus": "disponible",
        "paquete": null,
        "seccion": "PLATA",
        "manzana": "F",
        "manzanaId": "F"
      }
    },
    {
      "type": "Feature",
      "geometry": {
        "type": "Polygon",
        "coordinates": [
          [
            [
              2842.0245740682194,
              4169.717314667918
            ],
            [
              2888.3105384597934,
              4161.555850317572
            ],
            [
              2890.9152611247973,
              4176.327966612755
            ],
            [
              2844.6292967332233,
              4184.489430963101
            ],
            [
              2842.0245740682194,
              4169.717314667918
            ]
          ]
        ]
      },
      "properties": {
        "id": "274",
        "lote": "274",
        "estatus": "disponible",
        "paquete": null,
        "seccion": "PLATA",
        "manzana": "F",
        "manzanaId": "F"
      }
    },
    {
      "type": "Feature",
      "geometry": {
        "type": "Polygon",
        "coordinates": [
          [
            [
              2895.2041927308787,
              4160.340313073903
            ],
            [
              2941.4901571224523,
              4152.178848723557
            ],
            [
              2944.0948797874566,
              4166.950965018741
            ],
            [
              2897.8089153958827,
              4175.112429369086
            ],
            [
              2895.2041927308787,
              4160.340313073903
            ]
          ]
        ]
      },
      "properties": {
        "id": "264",
        "lote": "264",
        "estatus": "disponible",
        "paquete": null,
        "seccion": "PLATA",
        "manzana": "F",
        "manzanaId": "F"
      }
    },
    {
      "type": "Feature",
      "geometry": {
        "type": "Polygon",
        "coordinates": [
          [
            [
              2948.383811393538,
              4150.963311479889
            ],
            [
              2994.6697757851116,
              4142.801847129544
            ],
            [
              2997.2744984501155,
              4157.573963424727
            ],
            [
              2950.988534058542,
              4165.735427775072
            ],
            [
              2948.383811393538,
              4150.963311479889
            ]
          ]
        ]
      },
      "properties": {
        "id": "254",
        "lote": "254",
        "estatus": "disponible",
        "paquete": null,
        "seccion": "PLATA",
        "manzana": "F",
        "manzanaId": "F"
      }
    },
    {
      "type": "Feature",
      "geometry": {
        "type": "Polygon",
        "coordinates": [
          [
            [
              2739.3119484739063,
              4209.152280669203
            ],
            [
              2785.5979128654803,
              4200.990816318857
            ],
            [
              2788.2026355304843,
              4215.7629326140395
            ],
            [
              2741.9166711389103,
              4223.924396964386
            ],
            [
              2739.3119484739063,
              4209.152280669203
            ]
          ]
        ]
      },
      "properties": {
        "id": "293",
        "lote": "293",
        "estatus": "disponible",
        "paquete": null,
        "seccion": "PLATA",
        "manzana": "F",
        "manzanaId": "F"
      }
    },
    {
      "type": "Feature",
      "geometry": {
        "type": "Polygon",
        "coordinates": [
          [
            [
              2792.4915671365657,
              4199.775279075188
            ],
            [
              2838.7775315281397,
              4191.613814724842
            ],
            [
              2841.3822541931436,
              4206.385931020026
            ],
            [
              2795.0962898015696,
              4214.547395370371
            ],
            [
              2792.4915671365657,
              4199.775279075188
            ]
          ]
        ]
      },
      "properties": {
        "id": "283",
        "lote": "283",
        "estatus": "disponible",
        "paquete": null,
        "seccion": "PLATA",
        "manzana": "F",
        "manzanaId": "F"
      }
    },
    {
      "type": "Feature",
      "geometry": {
        "type": "Polygon",
        "coordinates": [
          [
            [
              2845.671185799225,
              4190.398277481174
            ],
            [
              2891.957150190799,
              4182.2368131308285
            ],
            [
              2894.561872855803,
              4197.0089294260115
            ],
            [
              2848.275908464229,
              4205.170393776357
            ],
            [
              2845.671185799225,
              4190.398277481174
            ]
          ]
        ]
      },
      "properties": {
        "id": "273",
        "lote": "273",
        "estatus": "disponible",
        "paquete": null,
        "seccion": "PLATA",
        "manzana": "F",
        "manzanaId": "F"
      }
    },
    {
      "type": "Feature",
      "geometry": {
        "type": "Polygon",
        "coordinates": [
          [
            [
              2898.8508044618843,
              4181.021275887159
            ],
            [
              2945.136768853458,
              4172.859811536814
            ],
            [
              2947.7414915184618,
              4187.631927831997
            ],
            [
              2901.4555271268882,
              4195.793392182342
            ],
            [
              2898.8508044618843,
              4181.021275887159
            ]
          ]
        ]
      },
      "properties": {
        "id": "263",
        "lote": "263",
        "estatus": "disponible",
        "paquete": null,
        "seccion": "PLATA",
        "manzana": "F",
        "manzanaId": "F"
      }
    },
    {
      "type": "Feature",
      "geometry": {
        "type": "Polygon",
        "coordinates": [
          [
            [
              2952.0304231245436,
              4171.644274293146
            ],
            [
              2998.316387516117,
              4163.4828099428
            ],
            [
              3000.921110181121,
              4178.2549262379825
            ],
            [
              2954.6351457895476,
              4186.416390588329
            ],
            [
              2952.0304231245436,
              4171.644274293146
            ]
          ]
        ]
      },
      "properties": {
        "id": "253",
        "lote": "253",
        "estatus": "disponible",
        "paquete": null,
        "seccion": "PLATA",
        "manzana": "F",
        "manzanaId": "F"
      }
    },
    {
      "type": "Feature",
      "geometry": {
        "type": "Polygon",
        "coordinates": [
          [
            [
              2742.958560204912,
              4229.833243482459
            ],
            [
              2789.244524596486,
              4221.671779132113
            ],
            [
              2791.84924726149,
              4236.443895427296
            ],
            [
              2745.563282869916,
              4244.605359777642
            ],
            [
              2742.958560204912,
              4229.833243482459
            ]
          ]
        ]
      },
      "properties": {
        "id": "292",
        "lote": "292",
        "estatus": "disponible",
        "paquete": null,
        "seccion": "PLATA",
        "manzana": "F",
        "manzanaId": "F"
      }
    },
    {
      "type": "Feature",
      "geometry": {
        "type": "Polygon",
        "coordinates": [
          [
            [
              2796.1381788675712,
              4220.456241888444
            ],
            [
              2842.4241432591452,
              4212.294777538099
            ],
            [
              2845.028865924149,
              4227.066893833282
            ],
            [
              2798.742901532575,
              4235.228358183627
            ],
            [
              2796.1381788675712,
              4220.456241888444
            ]
          ]
        ]
      },
      "properties": {
        "id": "282",
        "lote": "282",
        "estatus": "disponible",
        "paquete": null,
        "seccion": "PLATA",
        "manzana": "F",
        "manzanaId": "F"
      }
    },
    {
      "type": "Feature",
      "geometry": {
        "type": "Polygon",
        "coordinates": [
          [
            [
              2849.3177975302306,
              4211.07924029443
            ],
            [
              2895.603761921804,
              4202.9177759440845
            ],
            [
              2898.208484586808,
              4217.6898922392675
            ],
            [
              2851.9225201952345,
              4225.851356589614
            ],
            [
              2849.3177975302306,
              4211.07924029443
            ]
          ]
        ]
      },
      "properties": {
        "id": "272",
        "lote": "272",
        "estatus": "disponible",
        "paquete": null,
        "seccion": "PLATA",
        "manzana": "F",
        "manzanaId": "F"
      }
    },
    {
      "type": "Feature",
      "geometry": {
        "type": "Polygon",
        "coordinates": [
          [
            [
              2902.49741619289,
              4201.702238700416
            ],
            [
              2948.7833805844634,
              4193.54077435007
            ],
            [
              2951.3881032494673,
              4208.312890645253
            ],
            [
              2905.102138857894,
              4216.474354995599
            ],
            [
              2902.49741619289,
              4201.702238700416
            ]
          ]
        ]
      },
      "properties": {
        "id": "262",
        "lote": "262",
        "estatus": "disponible",
        "paquete": null,
        "seccion": "PLATA",
        "manzana": "F",
        "manzanaId": "F"
      }
    },
    {
      "type": "Feature",
      "geometry": {
        "type": "Polygon",
        "coordinates": [
          [
            [
              2955.6770348555488,
              4192.325237106402
            ],
            [
              3001.9629992471228,
              4184.1637727560565
            ],
            [
              3004.5677219121267,
              4198.935889051239
            ],
            [
              2958.281757520553,
              4207.097353401585
            ],
            [
              2955.6770348555488,
              4192.325237106402
            ]
          ]
        ]
      },
      "properties": {
        "id": "252",
        "lote": "252",
        "estatus": "disponible",
        "paquete": null,
        "seccion": "PLATA",
        "manzana": "F",
        "manzanaId": "F"
      }
    },
    {
      "type": "Feature",
      "geometry": {
        "type": "Polygon",
        "coordinates": [
          [
            [
              2746.6051719359175,
              4250.514206295715
            ],
            [
              2792.8911363274915,
              4242.352741945369
            ],
            [
              2795.4958589924954,
              4257.124858240552
            ],
            [
              2749.2098946009214,
              4265.286322590899
            ],
            [
              2746.6051719359175,
              4250.514206295715
            ]
          ]
        ]
      },
      "properties": {
        "id": "291",
        "lote": "291",
        "estatus": "disponible",
        "paquete": null,
        "seccion": "PLATA",
        "manzana": "F",
        "manzanaId": "F"
      }
    },
    {
      "type": "Feature",
      "geometry": {
        "type": "Polygon",
        "coordinates": [
          [
            [
              2799.784790598577,
              4241.137204701701
            ],
            [
              2846.0707549901504,
              4232.975740351355
            ],
            [
              2848.6754776551547,
              4247.747856646538
            ],
            [
              2802.3895132635807,
              4255.909320996884
            ],
            [
              2799.784790598577,
              4241.137204701701
            ]
          ]
        ]
      },
      "properties": {
        "id": "281",
        "lote": "281",
        "estatus": "disponible",
        "paquete": null,
        "seccion": "PLATA",
        "manzana": "F",
        "manzanaId": "F"
      }
    },
    {
      "type": "Feature",
      "geometry": {
        "type": "Polygon",
        "coordinates": [
          [
            [
              2852.964409261236,
              4231.760203107687
            ],
            [
              2899.2503736528097,
              4223.5987387573405
            ],
            [
              2901.8550963178136,
              4238.370855052524
            ],
            [
              2855.56913192624,
              4246.53231940287
            ],
            [
              2852.964409261236,
              4231.760203107687
            ]
          ]
        ]
      },
      "properties": {
        "id": "271",
        "lote": "271",
        "estatus": "disponible",
        "paquete": null,
        "seccion": "PLATA",
        "manzana": "F",
        "manzanaId": "F"
      }
    },
    {
      "type": "Feature",
      "geometry": {
        "type": "Polygon",
        "coordinates": [
          [
            [
              2906.1440279238955,
              4222.383201513672
            ],
            [
              2952.429992315469,
              4214.221737163327
            ],
            [
              2955.034714980473,
              4228.99385345851
            ],
            [
              2908.7487505888994,
              4237.155317808855
            ],
            [
              2906.1440279238955,
              4222.383201513672
            ]
          ]
        ]
      },
      "properties": {
        "id": "261",
        "lote": "261",
        "estatus": "disponible",
        "paquete": null,
        "seccion": "PLATA",
        "manzana": "F",
        "manzanaId": "F"
      }
    },
    {
      "type": "Feature",
      "geometry": {
        "type": "Polygon",
        "coordinates": [
          [
            [
              2959.3236465865543,
              4213.006199919658
            ],
            [
              3005.6096109781283,
              4204.844735569312
            ],
            [
              3008.2143336431322,
              4219.616851864495
            ],
            [
              2961.9283692515583,
              4227.778316214842
            ],
            [
              2959.3236465865543,
              4213.006199919658
            ]
          ]
        ]
      },
      "properties": {
        "id": "251",
        "lote": "251",
        "estatus": "disponible",
        "paquete": null,
        "seccion": "PLATA",
        "manzana": "F",
        "manzanaId": "F"
      }
    },
    {
      "type": "Feature",
      "geometry": {
        "type": "Polygon",
        "coordinates": [
          [
            [
              2674.7856663568678,
              3833.385540976408
            ],
            [
              2721.0716307484417,
              3825.224076626062
            ],
            [
              2723.6763534134457,
              3839.996192921245
            ],
            [
              2677.3903890218717,
              3848.157657271591
            ],
            [
              2674.7856663568678,
              3833.385540976408
            ]
          ]
        ]
      },
      "properties": {
        "id": "350",
        "lote": "350",
        "estatus": "disponible",
        "paquete": null,
        "seccion": "PLATA",
        "manzana": "G",
        "manzanaId": "G"
      }
    },
    {
      "type": "Feature",
      "geometry": {
        "type": "Polygon",
        "coordinates": [
          [
            [
              2727.965285019527,
              3824.008539382394
            ],
            [
              2774.2512494111006,
              3815.847075032048
            ],
            [
              2776.8559720761045,
              3830.619191327231
            ],
            [
              2730.570007684531,
              3838.7806556775768
            ],
            [
              2727.965285019527,
              3824.008539382394
            ]
          ]
        ]
      },
      "properties": {
        "id": "340",
        "lote": "340",
        "estatus": "disponible",
        "paquete": null,
        "seccion": "PLATA",
        "manzana": "G",
        "manzanaId": "G"
      }
    },
    {
      "type": "Feature",
      "geometry": {
        "type": "Polygon",
        "coordinates": [
          [
            [
              2781.1449036821864,
              3814.6315377883793
            ],
            [
              2827.43086807376,
              3806.4700734380335
            ],
            [
              2830.035590738764,
              3821.242189733217
            ],
            [
              2783.7496263471903,
              3829.4036540835623
            ],
            [
              2781.1449036821864,
              3814.6315377883793
            ]
          ]
        ]
      },
      "properties": {
        "id": "330",
        "lote": "330",
        "estatus": "disponible",
        "paquete": null,
        "seccion": "PLATA",
        "manzana": "G",
        "manzanaId": "G"
      }
    },
    {
      "type": "Feature",
      "geometry": {
        "type": "Polygon",
        "coordinates": [
          [
            [
              2834.3245223448453,
              3805.2545361943653
            ],
            [
              2880.6104867364193,
              3797.0930718440195
            ],
            [
              2883.215209401423,
              3811.8651881392025
            ],
            [
              2836.9292450098496,
              3820.0266524895483
            ],
            [
              2834.3245223448453,
              3805.2545361943653
            ]
          ]
        ]
      },
      "properties": {
        "id": "320",
        "lote": "320",
        "estatus": "disponible",
        "paquete": null,
        "seccion": "PLATA",
        "manzana": "G",
        "manzanaId": "G"
      }
    },
    {
      "type": "Feature",
      "geometry": {
        "type": "Polygon",
        "coordinates": [
          [
            [
              2887.5041410075046,
              3795.877534600351
            ],
            [
              2933.7901053990786,
              3787.716070250005
            ],
            [
              2936.3948280640825,
              3802.4881865451885
            ],
            [
              2890.1088636725085,
              3810.649650895534
            ],
            [
              2887.5041410075046,
              3795.877534600351
            ]
          ]
        ]
      },
      "properties": {
        "id": "310",
        "lote": "310",
        "estatus": "disponible",
        "paquete": null,
        "seccion": "PLATA",
        "manzana": "G",
        "manzanaId": "G"
      }
    },
    {
      "type": "Feature",
      "geometry": {
        "type": "Polygon",
        "coordinates": [
          [
            [
              2678.4322780878733,
              3854.0665037896642
            ],
            [
              2724.718242479447,
              3845.9050394393184
            ],
            [
              2727.3229651444512,
              3860.6771557345014
            ],
            [
              2681.0370007528772,
              3868.838620084847
            ],
            [
              2678.4322780878733,
              3854.0665037896642
            ]
          ]
        ]
      },
      "properties": {
        "id": "349",
        "lote": "349",
        "estatus": "disponible",
        "paquete": null,
        "seccion": "PLATA",
        "manzana": "G",
        "manzanaId": "G"
      }
    },
    {
      "type": "Feature",
      "geometry": {
        "type": "Polygon",
        "coordinates": [
          [
            [
              2731.6118967505327,
              3844.6895021956498
            ],
            [
              2777.897861142106,
              3836.5280378453044
            ],
            [
              2780.50258380711,
              3851.3001541404874
            ],
            [
              2734.2166194155366,
              3859.461618490833
            ],
            [
              2731.6118967505327,
              3844.6895021956498
            ]
          ]
        ]
      },
      "properties": {
        "id": "339",
        "lote": "339",
        "estatus": "disponible",
        "paquete": null,
        "seccion": "PLATA",
        "manzana": "G",
        "manzanaId": "G"
      }
    },
    {
      "type": "Feature",
      "geometry": {
        "type": "Polygon",
        "coordinates": [
          [
            [
              2784.791515413192,
              3835.3125006016357
            ],
            [
              2831.0774798047655,
              3827.15103625129
            ],
            [
              2833.6822024697694,
              3841.923152546473
            ],
            [
              2787.396238078196,
              3850.0846168968187
            ],
            [
              2784.791515413192,
              3835.3125006016357
            ]
          ]
        ]
      },
      "properties": {
        "id": "329",
        "lote": "329",
        "estatus": "disponible",
        "paquete": null,
        "seccion": "PLATA",
        "manzana": "G",
        "manzanaId": "G"
      }
    },
    {
      "type": "Feature",
      "geometry": {
        "type": "Polygon",
        "coordinates": [
          [
            [
              2837.971134075851,
              3825.9354990076213
            ],
            [
              2884.257098467425,
              3817.774034657276
            ],
            [
              2886.8618211324288,
              3832.546150952459
            ],
            [
              2840.5758567408548,
              3840.7076153028047
            ],
            [
              2837.971134075851,
              3825.9354990076213
            ]
          ]
        ]
      },
      "properties": {
        "id": "319",
        "lote": "319",
        "estatus": "disponible",
        "paquete": null,
        "seccion": "PLATA",
        "manzana": "G",
        "manzanaId": "G"
      }
    },
    {
      "type": "Feature",
      "geometry": {
        "type": "Polygon",
        "coordinates": [
          [
            [
              2891.15075273851,
              3816.5584974136073
            ],
            [
              2937.436717130084,
              3808.3970330632615
            ],
            [
              2940.041439795088,
              3823.1691493584444
            ],
            [
              2893.755475403514,
              3831.33061370879
            ],
            [
              2891.15075273851,
              3816.5584974136073
            ]
          ]
        ]
      },
      "properties": {
        "id": "309",
        "lote": "309",
        "estatus": "disponible",
        "paquete": null,
        "seccion": "PLATA",
        "manzana": "G",
        "manzanaId": "G"
      }
    },
    {
      "type": "Feature",
      "geometry": {
        "type": "Polygon",
        "coordinates": [
          [
            [
              2682.078889818879,
              3874.7474666029207
            ],
            [
              2728.3648542104524,
              3866.586002252575
            ],
            [
              2730.9695768754564,
              3881.358118547758
            ],
            [
              2684.683612483883,
              3889.5195828981036
            ],
            [
              2682.078889818879,
              3874.7474666029207
            ]
          ]
        ]
      },
      "properties": {
        "id": "348",
        "lote": "348",
        "estatus": "disponible",
        "paquete": null,
        "seccion": "PLATA",
        "manzana": "G",
        "manzanaId": "G"
      }
    },
    {
      "type": "Feature",
      "geometry": {
        "type": "Polygon",
        "coordinates": [
          [
            [
              2735.2585084815382,
              3865.370465008906
            ],
            [
              2781.5444728731118,
              3857.2090006585604
            ],
            [
              2784.1491955381157,
              3871.981116953744
            ],
            [
              2737.863231146542,
              3880.1425813040896
            ],
            [
              2735.2585084815382,
              3865.370465008906
            ]
          ]
        ]
      },
      "properties": {
        "id": "338",
        "lote": "338",
        "estatus": "disponible",
        "paquete": null,
        "seccion": "PLATA",
        "manzana": "G",
        "manzanaId": "G"
      }
    },
    {
      "type": "Feature",
      "geometry": {
        "type": "Polygon",
        "coordinates": [
          [
            [
              2788.438127144197,
              3855.993463414892
            ],
            [
              2834.724091535771,
              3847.8319990645464
            ],
            [
              2837.328814200775,
              3862.6041153597293
            ],
            [
              2791.042849809201,
              3870.765579710075
            ],
            [
              2788.438127144197,
              3855.993463414892
            ]
          ]
        ]
      },
      "properties": {
        "id": "328",
        "lote": "328",
        "estatus": "disponible",
        "paquete": null,
        "seccion": "PLATA",
        "manzana": "G",
        "manzanaId": "G"
      }
    },
    {
      "type": "Feature",
      "geometry": {
        "type": "Polygon",
        "coordinates": [
          [
            [
              2841.6177458068564,
              3846.6164618208777
            ],
            [
              2887.9037101984304,
              3838.454997470532
            ],
            [
              2890.5084328634343,
              3853.2271137657153
            ],
            [
              2844.2224684718603,
              3861.388578116061
            ],
            [
              2841.6177458068564,
              3846.6164618208777
            ]
          ]
        ]
      },
      "properties": {
        "id": "318",
        "lote": "318",
        "estatus": "disponible",
        "paquete": null,
        "seccion": "PLATA",
        "manzana": "G",
        "manzanaId": "G"
      }
    },
    {
      "type": "Feature",
      "geometry": {
        "type": "Polygon",
        "coordinates": [
          [
            [
              2894.7973644695157,
              3837.2394602268637
            ],
            [
              2941.0833288610897,
              3829.077995876518
            ],
            [
              2943.6880515260937,
              3843.850112171701
            ],
            [
              2897.4020871345197,
              3852.0115765220467
            ],
            [
              2894.7973644695157,
              3837.2394602268637
            ]
          ]
        ]
      },
      "properties": {
        "id": "308",
        "lote": "308",
        "estatus": "disponible",
        "paquete": null,
        "seccion": "PLATA",
        "manzana": "G",
        "manzanaId": "G"
      }
    },
    {
      "type": "Feature",
      "geometry": {
        "type": "Polygon",
        "coordinates": [
          [
            [
              2685.7255015498845,
              3895.428429416177
            ],
            [
              2732.011465941458,
              3887.2669650658313
            ],
            [
              2734.616188606462,
              3902.0390813610143
            ],
            [
              2688.3302242148884,
              3910.20054571136
            ],
            [
              2685.7255015498845,
              3895.428429416177
            ]
          ]
        ]
      },
      "properties": {
        "id": "347",
        "lote": "347",
        "estatus": "disponible",
        "paquete": null,
        "seccion": "PLATA",
        "manzana": "G",
        "manzanaId": "G"
      }
    },
    {
      "type": "Feature",
      "geometry": {
        "type": "Polygon",
        "coordinates": [
          [
            [
              2738.905120212544,
              3886.0514278221626
            ],
            [
              2785.1910846041173,
              3877.889963471817
            ],
            [
              2787.7958072691213,
              3892.6620797670003
            ],
            [
              2741.5098428775477,
              3900.8235441173456
            ],
            [
              2738.905120212544,
              3886.0514278221626
            ]
          ]
        ]
      },
      "properties": {
        "id": "337",
        "lote": "337",
        "estatus": "disponible",
        "paquete": null,
        "seccion": "PLATA",
        "manzana": "G",
        "manzanaId": "G"
      }
    },
    {
      "type": "Feature",
      "geometry": {
        "type": "Polygon",
        "coordinates": [
          [
            [
              2792.0847388752027,
              3876.6744262281486
            ],
            [
              2838.3707032667767,
              3868.512961877803
            ],
            [
              2840.9754259317806,
              3883.285078172986
            ],
            [
              2794.6894615402066,
              3891.4465425233316
            ],
            [
              2792.0847388752027,
              3876.6744262281486
            ]
          ]
        ]
      },
      "properties": {
        "id": "327",
        "lote": "327",
        "estatus": "disponible",
        "paquete": null,
        "seccion": "PLATA",
        "manzana": "G",
        "manzanaId": "G"
      }
    },
    {
      "type": "Feature",
      "geometry": {
        "type": "Polygon",
        "coordinates": [
          [
            [
              2845.264357537862,
              3867.297424634134
            ],
            [
              2891.550321929436,
              3859.1359602837883
            ],
            [
              2894.15504459444,
              3873.9080765789718
            ],
            [
              2847.869080202866,
              3882.069540929317
            ],
            [
              2845.264357537862,
              3867.297424634134
            ]
          ]
        ]
      },
      "properties": {
        "id": "317",
        "lote": "317",
        "estatus": "disponible",
        "paquete": null,
        "seccion": "PLATA",
        "manzana": "G",
        "manzanaId": "G"
      }
    },
    {
      "type": "Feature",
      "geometry": {
        "type": "Polygon",
        "coordinates": [
          [
            [
              2898.4439762005213,
              3857.92042304012
            ],
            [
              2944.7299405920953,
              3849.7589586897743
            ],
            [
              2947.334663257099,
              3864.5310749849573
            ],
            [
              2901.0486988655252,
              3872.692539335303
            ],
            [
              2898.4439762005213,
              3857.92042304012
            ]
          ]
        ]
      },
      "properties": {
        "id": "307",
        "lote": "307",
        "estatus": "disponible",
        "paquete": null,
        "seccion": "PLATA",
        "manzana": "G",
        "manzanaId": "G"
      }
    },
    {
      "type": "Feature",
      "geometry": {
        "type": "Polygon",
        "coordinates": [
          [
            [
              2689.37211328089,
              3916.109392229433
            ],
            [
              2735.6580776724636,
              3907.9479278790877
            ],
            [
              2738.2628003374675,
              3922.7200441742707
            ],
            [
              2691.976835945894,
              3930.8815085246165
            ],
            [
              2689.37211328089,
              3916.109392229433
            ]
          ]
        ]
      },
      "properties": {
        "id": "346",
        "lote": "346",
        "estatus": "disponible",
        "paquete": null,
        "seccion": "PLATA",
        "manzana": "G",
        "manzanaId": "G"
      }
    },
    {
      "type": "Feature",
      "geometry": {
        "type": "Polygon",
        "coordinates": [
          [
            [
              2742.551731943549,
              3906.732390635419
            ],
            [
              2788.837696335123,
              3898.5709262850733
            ],
            [
              2791.442419000127,
              3913.3430425802567
            ],
            [
              2745.1564546085533,
              3921.504506930602
            ],
            [
              2742.551731943549,
              3906.732390635419
            ]
          ]
        ]
      },
      "properties": {
        "id": "336",
        "lote": "336",
        "estatus": "disponible",
        "paquete": null,
        "seccion": "PLATA",
        "manzana": "G",
        "manzanaId": "G"
      }
    },
    {
      "type": "Feature",
      "geometry": {
        "type": "Polygon",
        "coordinates": [
          [
            [
              2795.7313506062083,
              3897.3553890414046
            ],
            [
              2842.0173149977823,
              3889.1939246910592
            ],
            [
              2844.622037662786,
              3903.966040986242
            ],
            [
              2798.336073271212,
              3912.127505336588
            ],
            [
              2795.7313506062083,
              3897.3553890414046
            ]
          ]
        ]
      },
      "properties": {
        "id": "326",
        "lote": "326",
        "estatus": "disponible",
        "paquete": null,
        "seccion": "PLATA",
        "manzana": "G",
        "manzanaId": "G"
      }
    },
    {
      "type": "Feature",
      "geometry": {
        "type": "Polygon",
        "coordinates": [
          [
            [
              2848.9109692688676,
              3887.9783874473906
            ],
            [
              2895.1969336604416,
              3879.8169230970448
            ],
            [
              2897.8016563254455,
              3894.589039392228
            ],
            [
              2851.5156919338715,
              3902.7505037425735
            ],
            [
              2848.9109692688676,
              3887.9783874473906
            ]
          ]
        ]
      },
      "properties": {
        "id": "316",
        "lote": "316",
        "estatus": "disponible",
        "paquete": null,
        "seccion": "PLATA",
        "manzana": "G",
        "manzanaId": "G"
      }
    },
    {
      "type": "Feature",
      "geometry": {
        "type": "Polygon",
        "coordinates": [
          [
            [
              2902.090587931527,
              3878.6013858533765
            ],
            [
              2948.3765523231004,
              3870.4399215030307
            ],
            [
              2950.9812749881044,
              3885.2120377982137
            ],
            [
              2904.695310596531,
              3893.3735021485595
            ],
            [
              2902.090587931527,
              3878.6013858533765
            ]
          ]
        ]
      },
      "properties": {
        "id": "306",
        "lote": "306",
        "estatus": "disponible",
        "paquete": null,
        "seccion": "PLATA",
        "manzana": "G",
        "manzanaId": "G"
      }
    },
    {
      "type": "Feature",
      "geometry": {
        "type": "Polygon",
        "coordinates": [
          [
            [
              2693.0187250118956,
              3936.7903550426895
            ],
            [
              2739.304689403469,
              3928.628890692344
            ],
            [
              2741.909412068473,
              3943.401006987527
            ],
            [
              2695.6234476768996,
              3951.562471337873
            ],
            [
              2693.0187250118956,
              3936.7903550426895
            ]
          ]
        ]
      },
      "properties": {
        "id": "345",
        "lote": "345",
        "estatus": "disponible",
        "paquete": null,
        "seccion": "PLATA",
        "manzana": "G",
        "manzanaId": "G"
      }
    },
    {
      "type": "Feature",
      "geometry": {
        "type": "Polygon",
        "coordinates": [
          [
            [
              2746.1983436745545,
              3927.4133534486755
            ],
            [
              2792.4843080661285,
              3919.2518890983297
            ],
            [
              2795.0890307311324,
              3934.0240053935127
            ],
            [
              2748.8030663395584,
              3942.1854697438584
            ],
            [
              2746.1983436745545,
              3927.4133534486755
            ]
          ]
        ]
      },
      "properties": {
        "id": "335",
        "lote": "335",
        "estatus": "disponible",
        "paquete": null,
        "seccion": "PLATA",
        "manzana": "G",
        "manzanaId": "G"
      }
    },
    {
      "type": "Feature",
      "geometry": {
        "type": "Polygon",
        "coordinates": [
          [
            [
              2799.377962337214,
              3918.036351854661
            ],
            [
              2845.663926728788,
              3909.8748875043157
            ],
            [
              2848.2686493937917,
              3924.6470037994986
            ],
            [
              2801.9826850022177,
              3932.8084681498444
            ],
            [
              2799.377962337214,
              3918.036351854661
            ]
          ]
        ]
      },
      "properties": {
        "id": "325",
        "lote": "325",
        "estatus": "disponible",
        "paquete": null,
        "seccion": "PLATA",
        "manzana": "G",
        "manzanaId": "G"
      }
    },
    {
      "type": "Feature",
      "geometry": {
        "type": "Polygon",
        "coordinates": [
          [
            [
              2852.557580999873,
              3908.659350260647
            ],
            [
              2898.8435453914467,
              3900.497885910301
            ],
            [
              2901.448268056451,
              3915.270002205484
            ],
            [
              2855.162303664877,
              3923.43146655583
            ],
            [
              2852.557580999873,
              3908.659350260647
            ]
          ]
        ]
      },
      "properties": {
        "id": "315",
        "lote": "315",
        "estatus": "disponible",
        "paquete": null,
        "seccion": "PLATA",
        "manzana": "G",
        "manzanaId": "G"
      }
    },
    {
      "type": "Feature",
      "geometry": {
        "type": "Polygon",
        "coordinates": [
          [
            [
              2905.7371996625325,
              3899.2823486666325
            ],
            [
              2952.023164054106,
              3891.120884316287
            ],
            [
              2954.62788671911,
              3905.89300061147
            ],
            [
              2908.3419223275364,
              3914.054464961816
            ],
            [
              2905.7371996625325,
              3899.2823486666325
            ]
          ]
        ]
      },
      "properties": {
        "id": "305",
        "lote": "305",
        "estatus": "disponible",
        "paquete": null,
        "seccion": "PLATA",
        "manzana": "G",
        "manzanaId": "G"
      }
    },
    {
      "type": "Feature",
      "geometry": {
        "type": "Polygon",
        "coordinates": [
          [
            [
              2696.6653367429008,
              3957.471317855946
            ],
            [
              2742.9513011344748,
              3949.3098535056
            ],
            [
              2745.5560237994787,
              3964.0819698007836
            ],
            [
              2699.270059407905,
              3972.2434341511293
            ],
            [
              2696.6653367429008,
              3957.471317855946
            ]
          ]
        ]
      },
      "properties": {
        "id": "344",
        "lote": "344",
        "estatus": "disponible",
        "paquete": null,
        "seccion": "PLATA",
        "manzana": "G",
        "manzanaId": "G"
      }
    },
    {
      "type": "Feature",
      "geometry": {
        "type": "Polygon",
        "coordinates": [
          [
            [
              2749.84495540556,
              3948.094316261932
            ],
            [
              2796.130919797134,
              3939.932851911586
            ],
            [
              2798.735642462138,
              3954.704968206769
            ],
            [
              2752.449678070564,
              3962.866432557115
            ],
            [
              2749.84495540556,
              3948.094316261932
            ]
          ]
        ]
      },
      "properties": {
        "id": "334",
        "lote": "334",
        "estatus": "disponible",
        "paquete": null,
        "seccion": "PLATA",
        "manzana": "G",
        "manzanaId": "G"
      }
    },
    {
      "type": "Feature",
      "geometry": {
        "type": "Polygon",
        "coordinates": [
          [
            [
              2803.0245740682194,
              3938.7173146679174
            ],
            [
              2849.3105384597934,
              3930.5558503175716
            ],
            [
              2851.9152611247973,
              3945.327966612755
            ],
            [
              2805.6292967332233,
              3953.489430963101
            ],
            [
              2803.0245740682194,
              3938.7173146679174
            ]
          ]
        ]
      },
      "properties": {
        "id": "324",
        "lote": "324",
        "estatus": "disponible",
        "paquete": null,
        "seccion": "PLATA",
        "manzana": "G",
        "manzanaId": "G"
      }
    },
    {
      "type": "Feature",
      "geometry": {
        "type": "Polygon",
        "coordinates": [
          [
            [
              2856.2041927308787,
              3929.3403130739034
            ],
            [
              2902.4901571224523,
              3921.1788487235576
            ],
            [
              2905.0948797874566,
              3935.9509650187406
            ],
            [
              2858.8089153958827,
              3944.1124293690864
            ],
            [
              2856.2041927308787,
              3929.3403130739034
            ]
          ]
        ]
      },
      "properties": {
        "id": "314",
        "lote": "314",
        "estatus": "disponible",
        "paquete": null,
        "seccion": "PLATA",
        "manzana": "G",
        "manzanaId": "G"
      }
    },
    {
      "type": "Feature",
      "geometry": {
        "type": "Polygon",
        "coordinates": [
          [
            [
              2909.383811393538,
              3919.963311479889
            ],
            [
              2955.6697757851116,
              3911.801847129543
            ],
            [
              2958.2744984501155,
              3926.5739634247266
            ],
            [
              2911.988534058542,
              3934.7354277750724
            ],
            [
              2909.383811393538,
              3919.963311479889
            ]
          ]
        ]
      },
      "properties": {
        "id": "304",
        "lote": "304",
        "estatus": "disponible",
        "paquete": null,
        "seccion": "PLATA",
        "manzana": "G",
        "manzanaId": "G"
      }
    },
    {
      "type": "Feature",
      "geometry": {
        "type": "Polygon",
        "coordinates": [
          [
            [
              2700.3119484739063,
              3978.1522806692024
            ],
            [
              2746.5979128654803,
              3969.9908163188566
            ],
            [
              2749.2026355304843,
              3984.76293261404
            ],
            [
              2702.9166711389103,
              3992.9243969643853
            ],
            [
              2700.3119484739063,
              3978.1522806692024
            ]
          ]
        ]
      },
      "properties": {
        "id": "343",
        "lote": "343",
        "estatus": "disponible",
        "paquete": null,
        "seccion": "PLATA",
        "manzana": "G",
        "manzanaId": "G"
      }
    },
    {
      "type": "Feature",
      "geometry": {
        "type": "Polygon",
        "coordinates": [
          [
            [
              2753.4915671365657,
              3968.7752790751883
            ],
            [
              2799.7775315281397,
              3960.6138147248425
            ],
            [
              2802.3822541931436,
              3975.3859310200255
            ],
            [
              2756.0962898015696,
              3983.5473953703713
            ],
            [
              2753.4915671365657,
              3968.7752790751883
            ]
          ]
        ]
      },
      "properties": {
        "id": "333",
        "lote": "333",
        "estatus": "disponible",
        "paquete": null,
        "seccion": "PLATA",
        "manzana": "G",
        "manzanaId": "G"
      }
    },
    {
      "type": "Feature",
      "geometry": {
        "type": "Polygon",
        "coordinates": [
          [
            [
              2806.671185799225,
              3959.398277481174
            ],
            [
              2852.957150190799,
              3951.236813130828
            ],
            [
              2855.561872855803,
              3966.0089294260115
            ],
            [
              2809.275908464229,
              3974.1703937763573
            ],
            [
              2806.671185799225,
              3959.398277481174
            ]
          ]
        ]
      },
      "properties": {
        "id": "323",
        "lote": "323",
        "estatus": "disponible",
        "paquete": null,
        "seccion": "PLATA",
        "manzana": "G",
        "manzanaId": "G"
      }
    },
    {
      "type": "Feature",
      "geometry": {
        "type": "Polygon",
        "coordinates": [
          [
            [
              2859.8508044618843,
              3950.02127588716
            ],
            [
              2906.136768853458,
              3941.859811536814
            ],
            [
              2908.7414915184618,
              3956.631927831997
            ],
            [
              2862.4555271268882,
              3964.793392182343
            ],
            [
              2859.8508044618843,
              3950.02127588716
            ]
          ]
        ]
      },
      "properties": {
        "id": "313",
        "lote": "313",
        "estatus": "disponible",
        "paquete": null,
        "seccion": "PLATA",
        "manzana": "G",
        "manzanaId": "G"
      }
    },
    {
      "type": "Feature",
      "geometry": {
        "type": "Polygon",
        "coordinates": [
          [
            [
              2913.0304231245436,
              3940.6442742931454
            ],
            [
              2959.316387516117,
              3932.4828099427996
            ],
            [
              2961.921110181121,
              3947.254926237983
            ],
            [
              2915.6351457895476,
              3955.4163905883283
            ],
            [
              2913.0304231245436,
              3940.6442742931454
            ]
          ]
        ]
      },
      "properties": {
        "id": "303",
        "lote": "303",
        "estatus": "disponible",
        "paquete": null,
        "seccion": "PLATA",
        "manzana": "G",
        "manzanaId": "G"
      }
    },
    {
      "type": "Feature",
      "geometry": {
        "type": "Polygon",
        "coordinates": [
          [
            [
              2703.958560204912,
              3998.833243482459
            ],
            [
              2750.244524596486,
              3990.671779132113
            ],
            [
              2752.84924726149,
              4005.443895427296
            ],
            [
              2706.563282869916,
              4013.6053597776418
            ],
            [
              2703.958560204912,
              3998.833243482459
            ]
          ]
        ]
      },
      "properties": {
        "id": "342",
        "lote": "342",
        "estatus": "disponible",
        "paquete": null,
        "seccion": "PLATA",
        "manzana": "G",
        "manzanaId": "G"
      }
    },
    {
      "type": "Feature",
      "geometry": {
        "type": "Polygon",
        "coordinates": [
          [
            [
              2757.1381788675712,
              3989.4562418884443
            ],
            [
              2803.4241432591452,
              3981.294777538099
            ],
            [
              2806.028865924149,
              3996.066893833282
            ],
            [
              2759.742901532575,
              4004.2283581836277
            ],
            [
              2757.1381788675712,
              3989.4562418884443
            ]
          ]
        ]
      },
      "properties": {
        "id": "332",
        "lote": "332",
        "estatus": "disponible",
        "paquete": null,
        "seccion": "PLATA",
        "manzana": "G",
        "manzanaId": "G"
      }
    },
    {
      "type": "Feature",
      "geometry": {
        "type": "Polygon",
        "coordinates": [
          [
            [
              2810.3177975302306,
              3980.0792402944303
            ],
            [
              2856.603761921804,
              3971.9177759440845
            ],
            [
              2859.208484586808,
              3986.6898922392675
            ],
            [
              2812.9225201952345,
              3994.8513565896133
            ],
            [
              2810.3177975302306,
              3980.0792402944303
            ]
          ]
        ]
      },
      "properties": {
        "id": "322",
        "lote": "322",
        "estatus": "disponible",
        "paquete": null,
        "seccion": "PLATA",
        "manzana": "G",
        "manzanaId": "G"
      }
    },
    {
      "type": "Feature",
      "geometry": {
        "type": "Polygon",
        "coordinates": [
          [
            [
              2863.49741619289,
              3970.702238700416
            ],
            [
              2909.7833805844634,
              3962.5407743500705
            ],
            [
              2912.3881032494673,
              3977.3128906452534
            ],
            [
              2866.102138857894,
              3985.4743549955992
            ],
            [
              2863.49741619289,
              3970.702238700416
            ]
          ]
        ]
      },
      "properties": {
        "id": "312",
        "lote": "312",
        "estatus": "disponible",
        "paquete": null,
        "seccion": "PLATA",
        "manzana": "G",
        "manzanaId": "G"
      }
    },
    {
      "type": "Feature",
      "geometry": {
        "type": "Polygon",
        "coordinates": [
          [
            [
              2916.6770348555488,
              3961.325237106402
            ],
            [
              2962.9629992471228,
              3953.163772756056
            ],
            [
              2965.5677219121267,
              3967.935889051239
            ],
            [
              2919.281757520553,
              3976.0973534015848
            ],
            [
              2916.6770348555488,
              3961.325237106402
            ]
          ]
        ]
      },
      "properties": {
        "id": "302",
        "lote": "302",
        "estatus": "disponible",
        "paquete": null,
        "seccion": "PLATA",
        "manzana": "G",
        "manzanaId": "G"
      }
    },
    {
      "type": "Feature",
      "geometry": {
        "type": "Polygon",
        "coordinates": [
          [
            [
              2707.6051719359175,
              4019.514206295715
            ],
            [
              2753.8911363274915,
              4011.3527419453694
            ],
            [
              2756.4958589924954,
              4026.1248582405524
            ],
            [
              2710.2098946009214,
              4034.286322590898
            ],
            [
              2707.6051719359175,
              4019.514206295715
            ]
          ]
        ]
      },
      "properties": {
        "id": "341",
        "lote": "341",
        "estatus": "disponible",
        "paquete": null,
        "seccion": "PLATA",
        "manzana": "G",
        "manzanaId": "G"
      }
    },
    {
      "type": "Feature",
      "geometry": {
        "type": "Polygon",
        "coordinates": [
          [
            [
              2760.784790598577,
              4010.1372047017007
            ],
            [
              2807.0707549901504,
              4001.9757403513554
            ],
            [
              2809.6754776551547,
              4016.7478566465384
            ],
            [
              2763.3895132635807,
              4024.909320996884
            ],
            [
              2760.784790598577,
              4010.1372047017007
            ]
          ]
        ]
      },
      "properties": {
        "id": "331",
        "lote": "331",
        "estatus": "disponible",
        "paquete": null,
        "seccion": "PLATA",
        "manzana": "G",
        "manzanaId": "G"
      }
    },
    {
      "type": "Feature",
      "geometry": {
        "type": "Polygon",
        "coordinates": [
          [
            [
              2813.964409261236,
              4000.7602031076867
            ],
            [
              2860.2503736528097,
              3992.598738757341
            ],
            [
              2862.8550963178136,
              4007.370855052524
            ],
            [
              2816.56913192624,
              4015.5323194028697
            ],
            [
              2813.964409261236,
              4000.7602031076867
            ]
          ]
        ]
      },
      "properties": {
        "id": "321",
        "lote": "321",
        "estatus": "disponible",
        "paquete": null,
        "seccion": "PLATA",
        "manzana": "G",
        "manzanaId": "G"
      }
    },
    {
      "type": "Feature",
      "geometry": {
        "type": "Polygon",
        "coordinates": [
          [
            [
              2867.1440279238955,
              3991.3832015136722
            ],
            [
              2913.429992315469,
              3983.2217371633265
            ],
            [
              2916.034714980473,
              3997.99385345851
            ],
            [
              2869.7487505888994,
              4006.1553178088557
            ],
            [
              2867.1440279238955,
              3991.3832015136722
            ]
          ]
        ]
      },
      "properties": {
        "id": "311",
        "lote": "311",
        "estatus": "disponible",
        "paquete": null,
        "seccion": "PLATA",
        "manzana": "G",
        "manzanaId": "G"
      }
    },
    {
      "type": "Feature",
      "geometry": {
        "type": "Polygon",
        "coordinates": [
          [
            [
              2920.3236465865543,
              3982.0061999196582
            ],
            [
              2966.6096109781283,
              3973.8447355693124
            ],
            [
              2969.2143336431322,
              3988.6168518644954
            ],
            [
              2922.9283692515583,
              3996.778316214841
            ],
            [
              2920.3236465865543,
              3982.0061999196582
            ]
          ]
        ]
      },
      "properties": {
        "id": "301",
        "lote": "301",
        "estatus": "disponible",
        "paquete": null,
        "seccion": "PLATA",
        "manzana": "G",
        "manzanaId": "G"
      }
    },
    {
      "type": "Feature",
      "geometry": {
        "type": "Polygon",
        "coordinates": [
          [
            [
              2632.5,
              3599.8730756833156
            ],
            [
              2678.785964391574,
              3591.71161133297
            ],
            [
              2681.390687056578,
              3606.483727628153
            ],
            [
              2635.104722665004,
              3614.6451919784986
            ],
            [
              2632.5,
              3599.8730756833156
            ]
          ]
        ]
      },
      "properties": {
        "id": "400",
        "lote": "400",
        "estatus": "disponible",
        "paquete": null,
        "seccion": "PLATA",
        "manzana": "H",
        "manzanaId": "H"
      }
    },
    {
      "type": "Feature",
      "geometry": {
        "type": "Polygon",
        "coordinates": [
          [
            [
              2685.6796186626593,
              3590.4960740893016
            ],
            [
              2731.965583054233,
              3582.334609738956
            ],
            [
              2734.570305719237,
              3597.106726034139
            ],
            [
              2688.2843413276632,
              3605.2681903844846
            ],
            [
              2685.6796186626593,
              3590.4960740893016
            ]
          ]
        ]
      },
      "properties": {
        "id": "390",
        "lote": "390",
        "estatus": "disponible",
        "paquete": null,
        "seccion": "PLATA",
        "manzana": "H",
        "manzanaId": "H"
      }
    },
    {
      "type": "Feature",
      "geometry": {
        "type": "Polygon",
        "coordinates": [
          [
            [
              2738.8592373253186,
              3581.119072495287
            ],
            [
              2785.145201716892,
              3572.9576081449413
            ],
            [
              2787.749924381896,
              3587.7297244401248
            ],
            [
              2741.4639599903226,
              3595.89118879047
            ],
            [
              2738.8592373253186,
              3581.119072495287
            ]
          ]
        ]
      },
      "properties": {
        "id": "380",
        "lote": "380",
        "estatus": "disponible",
        "paquete": null,
        "seccion": "PLATA",
        "manzana": "H",
        "manzanaId": "H"
      }
    },
    {
      "type": "Feature",
      "geometry": {
        "type": "Polygon",
        "coordinates": [
          [
            [
              2792.0388559879775,
              3571.742070901273
            ],
            [
              2838.3248203795515,
              3563.5806065509273
            ],
            [
              2840.9295430445554,
              3578.3527228461103
            ],
            [
              2794.643578652982,
              3586.514187196456
            ],
            [
              2792.0388559879775,
              3571.742070901273
            ]
          ]
        ]
      },
      "properties": {
        "id": "370",
        "lote": "370",
        "estatus": "disponible",
        "paquete": null,
        "seccion": "PLATA",
        "manzana": "H",
        "manzanaId": "H"
      }
    },
    {
      "type": "Feature",
      "geometry": {
        "type": "Polygon",
        "coordinates": [
          [
            [
              2845.218474650637,
              3562.3650693072586
            ],
            [
              2891.504439042211,
              3554.203604956913
            ],
            [
              2894.1091617072148,
              3568.9757212520963
            ],
            [
              2847.8231973156408,
              3577.1371856024416
            ],
            [
              2845.218474650637,
              3562.3650693072586
            ]
          ]
        ]
      },
      "properties": {
        "id": "360",
        "lote": "360",
        "estatus": "disponible",
        "paquete": null,
        "seccion": "PLATA",
        "manzana": "H",
        "manzanaId": "H"
      }
    },
    {
      "type": "Feature",
      "geometry": {
        "type": "Polygon",
        "coordinates": [
          [
            [
              2636.1466117310056,
              3620.554038496572
            ],
            [
              2682.432576122579,
              3612.3925741462263
            ],
            [
              2685.0372987875835,
              3627.164690441409
            ],
            [
              2638.7513343960095,
              3635.326154791755
            ],
            [
              2636.1466117310056,
              3620.554038496572
            ]
          ]
        ]
      },
      "properties": {
        "id": "399",
        "lote": "399",
        "estatus": "disponible",
        "paquete": null,
        "seccion": "PLATA",
        "manzana": "H",
        "manzanaId": "H"
      }
    },
    {
      "type": "Feature",
      "geometry": {
        "type": "Polygon",
        "coordinates": [
          [
            [
              2689.326230393665,
              3611.1770369025576
            ],
            [
              2735.6121947852384,
              3603.0155725522122
            ],
            [
              2738.2169174502424,
              3617.787688847395
            ],
            [
              2691.930953058669,
              3625.949153197741
            ],
            [
              2689.326230393665,
              3611.1770369025576
            ]
          ]
        ]
      },
      "properties": {
        "id": "389",
        "lote": "389",
        "estatus": "disponible",
        "paquete": null,
        "seccion": "PLATA",
        "manzana": "H",
        "manzanaId": "H"
      }
    },
    {
      "type": "Feature",
      "geometry": {
        "type": "Polygon",
        "coordinates": [
          [
            [
              2742.505849056324,
              3601.8000353085436
            ],
            [
              2788.7918134478978,
              3593.6385709581978
            ],
            [
              2791.3965361129017,
              3608.4106872533807
            ],
            [
              2745.110571721328,
              3616.5721516037265
            ],
            [
              2742.505849056324,
              3601.8000353085436
            ]
          ]
        ]
      },
      "properties": {
        "id": "379",
        "lote": "379",
        "estatus": "disponible",
        "paquete": null,
        "seccion": "PLATA",
        "manzana": "H",
        "manzanaId": "H"
      }
    },
    {
      "type": "Feature",
      "geometry": {
        "type": "Polygon",
        "coordinates": [
          [
            [
              2795.685467718983,
              3592.423033714529
            ],
            [
              2841.971432110557,
              3584.2615693641837
            ],
            [
              2844.576154775561,
              3599.0336856593667
            ],
            [
              2798.290190383987,
              3607.1951500097125
            ],
            [
              2795.685467718983,
              3592.423033714529
            ]
          ]
        ]
      },
      "properties": {
        "id": "369",
        "lote": "369",
        "estatus": "disponible",
        "paquete": null,
        "seccion": "PLATA",
        "manzana": "H",
        "manzanaId": "H"
      }
    },
    {
      "type": "Feature",
      "geometry": {
        "type": "Polygon",
        "coordinates": [
          [
            [
              2848.8650863816424,
              3583.046032120515
            ],
            [
              2895.1510507732164,
              3574.8845677701693
            ],
            [
              2897.7557734382203,
              3589.6566840653522
            ],
            [
              2851.4698090466463,
              3597.818148415698
            ],
            [
              2848.8650863816424,
              3583.046032120515
            ]
          ]
        ]
      },
      "properties": {
        "id": "359",
        "lote": "359",
        "estatus": "disponible",
        "paquete": null,
        "seccion": "PLATA",
        "manzana": "H",
        "manzanaId": "H"
      }
    },
    {
      "type": "Feature",
      "geometry": {
        "type": "Polygon",
        "coordinates": [
          [
            [
              2639.793223462011,
              3641.2350013098285
            ],
            [
              2686.0791878535847,
              3633.0735369594827
            ],
            [
              2688.6839105185886,
              3647.8456532546656
            ],
            [
              2642.397946127015,
              3656.0071176050114
            ],
            [
              2639.793223462011,
              3641.2350013098285
            ]
          ]
        ]
      },
      "properties": {
        "id": "398",
        "lote": "398",
        "estatus": "disponible",
        "paquete": null,
        "seccion": "PLATA",
        "manzana": "H",
        "manzanaId": "H"
      }
    },
    {
      "type": "Feature",
      "geometry": {
        "type": "Polygon",
        "coordinates": [
          [
            [
              2692.9728421246705,
              3631.857999715814
            ],
            [
              2739.258806516244,
              3623.696535365468
            ],
            [
              2741.863529181248,
              3638.4686516606516
            ],
            [
              2695.5775647896744,
              3646.6301160109974
            ],
            [
              2692.9728421246705,
              3631.857999715814
            ]
          ]
        ]
      },
      "properties": {
        "id": "388",
        "lote": "388",
        "estatus": "disponible",
        "paquete": null,
        "seccion": "PLATA",
        "manzana": "H",
        "manzanaId": "H"
      }
    },
    {
      "type": "Feature",
      "geometry": {
        "type": "Polygon",
        "coordinates": [
          [
            [
              2746.1524607873293,
              3622.4809981218
            ],
            [
              2792.4384251789033,
              3614.319533771454
            ],
            [
              2795.0431478439073,
              3629.091650066637
            ],
            [
              2748.7571834523333,
              3637.253114416983
            ],
            [
              2746.1524607873293,
              3622.4809981218
            ]
          ]
        ]
      },
      "properties": {
        "id": "378",
        "lote": "378",
        "estatus": "disponible",
        "paquete": null,
        "seccion": "PLATA",
        "manzana": "H",
        "manzanaId": "H"
      }
    },
    {
      "type": "Feature",
      "geometry": {
        "type": "Polygon",
        "coordinates": [
          [
            [
              2799.3320794499887,
              3613.1039965277855
            ],
            [
              2845.6180438415627,
              3604.9425321774397
            ],
            [
              2848.2227665065666,
              3619.714648472623
            ],
            [
              2801.9368021149926,
              3627.876112822969
            ],
            [
              2799.3320794499887,
              3613.1039965277855
            ]
          ]
        ]
      },
      "properties": {
        "id": "368",
        "lote": "368",
        "estatus": "disponible",
        "paquete": null,
        "seccion": "PLATA",
        "manzana": "H",
        "manzanaId": "H"
      }
    },
    {
      "type": "Feature",
      "geometry": {
        "type": "Polygon",
        "coordinates": [
          [
            [
              2852.511698112648,
              3603.7269949337715
            ],
            [
              2898.797662504222,
              3595.5655305834257
            ],
            [
              2901.402385169226,
              3610.3376468786087
            ],
            [
              2855.116420777652,
              3618.4991112289545
            ],
            [
              2852.511698112648,
              3603.7269949337715
            ]
          ]
        ]
      },
      "properties": {
        "id": "358",
        "lote": "358",
        "estatus": "disponible",
        "paquete": null,
        "seccion": "PLATA",
        "manzana": "H",
        "manzanaId": "H"
      }
    },
    {
      "type": "Feature",
      "geometry": {
        "type": "Polygon",
        "coordinates": [
          [
            [
              2643.4398351930167,
              3661.915964123085
            ],
            [
              2689.7257995845903,
              3653.754499772739
            ],
            [
              2692.330522249594,
              3668.526616067922
            ],
            [
              2646.0445578580207,
              3676.688080418268
            ],
            [
              2643.4398351930167,
              3661.915964123085
            ]
          ]
        ]
      },
      "properties": {
        "id": "397",
        "lote": "397",
        "estatus": "disponible",
        "paquete": null,
        "seccion": "PLATA",
        "manzana": "H",
        "manzanaId": "H"
      }
    },
    {
      "type": "Feature",
      "geometry": {
        "type": "Polygon",
        "coordinates": [
          [
            [
              2696.619453855676,
              3652.5389625290704
            ],
            [
              2742.9054182472496,
              3644.3774981787246
            ],
            [
              2745.5101409122535,
              3659.149614473908
            ],
            [
              2699.22417652068,
              3667.3110788242534
            ],
            [
              2696.619453855676,
              3652.5389625290704
            ]
          ]
        ]
      },
      "properties": {
        "id": "387",
        "lote": "387",
        "estatus": "disponible",
        "paquete": null,
        "seccion": "PLATA",
        "manzana": "H",
        "manzanaId": "H"
      }
    },
    {
      "type": "Feature",
      "geometry": {
        "type": "Polygon",
        "coordinates": [
          [
            [
              2749.799072518335,
              3643.1619609350564
            ],
            [
              2796.085036909909,
              3635.0004965847106
            ],
            [
              2798.689759574913,
              3649.7726128798936
            ],
            [
              2752.403795183339,
              3657.9340772302394
            ],
            [
              2749.799072518335,
              3643.1619609350564
            ]
          ]
        ]
      },
      "properties": {
        "id": "377",
        "lote": "377",
        "estatus": "disponible",
        "paquete": null,
        "seccion": "PLATA",
        "manzana": "H",
        "manzanaId": "H"
      }
    },
    {
      "type": "Feature",
      "geometry": {
        "type": "Polygon",
        "coordinates": [
          [
            [
              2802.9786911809942,
              3633.784959341042
            ],
            [
              2849.2646555725682,
              3625.623494990696
            ],
            [
              2851.869378237572,
              3640.3956112858796
            ],
            [
              2805.583413845998,
              3648.557075636225
            ],
            [
              2802.9786911809942,
              3633.784959341042
            ]
          ]
        ]
      },
      "properties": {
        "id": "367",
        "lote": "367",
        "estatus": "disponible",
        "paquete": null,
        "seccion": "PLATA",
        "manzana": "H",
        "manzanaId": "H"
      }
    },
    {
      "type": "Feature",
      "geometry": {
        "type": "Polygon",
        "coordinates": [
          [
            [
              2856.1583098436536,
              3624.407957747028
            ],
            [
              2902.4442742352276,
              3616.246493396682
            ],
            [
              2905.048996900231,
              3631.018609691865
            ],
            [
              2858.7630325086575,
              3639.180074042211
            ],
            [
              2856.1583098436536,
              3624.407957747028
            ]
          ]
        ]
      },
      "properties": {
        "id": "357",
        "lote": "357",
        "estatus": "disponible",
        "paquete": null,
        "seccion": "PLATA",
        "manzana": "H",
        "manzanaId": "H"
      }
    },
    {
      "type": "Feature",
      "geometry": {
        "type": "Polygon",
        "coordinates": [
          [
            [
              2647.0864469240223,
              3682.596926936341
            ],
            [
              2693.372411315596,
              3674.4354625859955
            ],
            [
              2695.9771339806,
              3689.2075788811785
            ],
            [
              2649.6911695890262,
              3697.3690432315243
            ],
            [
              2647.0864469240223,
              3682.596926936341
            ]
          ]
        ]
      },
      "properties": {
        "id": "396",
        "lote": "396",
        "estatus": "disponible",
        "paquete": null,
        "seccion": "PLATA",
        "manzana": "H",
        "manzanaId": "H"
      }
    },
    {
      "type": "Feature",
      "geometry": {
        "type": "Polygon",
        "coordinates": [
          [
            [
              2700.266065586681,
              3673.219925342327
            ],
            [
              2746.552029978255,
              3665.058460991981
            ],
            [
              2749.156752643259,
              3679.8305772871645
            ],
            [
              2702.8707882516856,
              3687.99204163751
            ],
            [
              2700.266065586681,
              3673.219925342327
            ]
          ]
        ]
      },
      "properties": {
        "id": "386",
        "lote": "386",
        "estatus": "disponible",
        "paquete": null,
        "seccion": "PLATA",
        "manzana": "H",
        "manzanaId": "H"
      }
    },
    {
      "type": "Feature",
      "geometry": {
        "type": "Polygon",
        "coordinates": [
          [
            [
              2753.4456842493405,
              3663.8429237483124
            ],
            [
              2799.7316486409145,
              3655.681459397967
            ],
            [
              2802.3363713059184,
              3670.45357569315
            ],
            [
              2756.0504069143444,
              3678.615040043496
            ],
            [
              2753.4456842493405,
              3663.8429237483124
            ]
          ]
        ]
      },
      "properties": {
        "id": "376",
        "lote": "376",
        "estatus": "disponible",
        "paquete": null,
        "seccion": "PLATA",
        "manzana": "H",
        "manzanaId": "H"
      }
    },
    {
      "type": "Feature",
      "geometry": {
        "type": "Polygon",
        "coordinates": [
          [
            [
              2806.625302912,
              3654.4659221542984
            ],
            [
              2852.911267303574,
              3646.3044578039526
            ],
            [
              2855.5159899685777,
              3661.076574099136
            ],
            [
              2809.2300255770037,
              3669.2380384494813
            ],
            [
              2806.625302912,
              3654.4659221542984
            ]
          ]
        ]
      },
      "properties": {
        "id": "366",
        "lote": "366",
        "estatus": "disponible",
        "paquete": null,
        "seccion": "PLATA",
        "manzana": "H",
        "manzanaId": "H"
      }
    },
    {
      "type": "Feature",
      "geometry": {
        "type": "Polygon",
        "coordinates": [
          [
            [
              2859.804921574659,
              3645.0889205602844
            ],
            [
              2906.0908859662327,
              3636.9274562099386
            ],
            [
              2908.6956086312366,
              3651.6995725051215
            ],
            [
              2862.409644239663,
              3659.8610368554673
            ],
            [
              2859.804921574659,
              3645.0889205602844
            ]
          ]
        ]
      },
      "properties": {
        "id": "356",
        "lote": "356",
        "estatus": "disponible",
        "paquete": null,
        "seccion": "PLATA",
        "manzana": "H",
        "manzanaId": "H"
      }
    },
    {
      "type": "Feature",
      "geometry": {
        "type": "Polygon",
        "coordinates": [
          [
            [
              2650.733058655028,
              3703.2778897495973
            ],
            [
              2697.0190230466014,
              3695.116425399252
            ],
            [
              2699.6237457116054,
              3709.888541694435
            ],
            [
              2653.337781320032,
              3718.0500060447807
            ],
            [
              2650.733058655028,
              3703.2778897495973
            ]
          ]
        ]
      },
      "properties": {
        "id": "395",
        "lote": "395",
        "estatus": "disponible",
        "paquete": null,
        "seccion": "PLATA",
        "manzana": "H",
        "manzanaId": "H"
      }
    },
    {
      "type": "Feature",
      "geometry": {
        "type": "Polygon",
        "coordinates": [
          [
            [
              2703.9126773176868,
              3693.9008881555833
            ],
            [
              2750.1986417092608,
              3685.7394238052375
            ],
            [
              2752.8033643742647,
              3700.5115401004205
            ],
            [
              2706.5173999826907,
              3708.6730044507663
            ],
            [
              2703.9126773176868,
              3693.9008881555833
            ]
          ]
        ]
      },
      "properties": {
        "id": "385",
        "lote": "385",
        "estatus": "disponible",
        "paquete": null,
        "seccion": "PLATA",
        "manzana": "H",
        "manzanaId": "H"
      }
    },
    {
      "type": "Feature",
      "geometry": {
        "type": "Polygon",
        "coordinates": [
          [
            [
              2757.092295980346,
              3684.523886561569
            ],
            [
              2803.37826037192,
              3676.3624222112235
            ],
            [
              2805.982983036924,
              3691.1345385064064
            ],
            [
              2759.69701864535,
              3699.2960028567522
            ],
            [
              2757.092295980346,
              3684.523886561569
            ]
          ]
        ]
      },
      "properties": {
        "id": "375",
        "lote": "375",
        "estatus": "disponible",
        "paquete": null,
        "seccion": "PLATA",
        "manzana": "H",
        "manzanaId": "H"
      }
    },
    {
      "type": "Feature",
      "geometry": {
        "type": "Polygon",
        "coordinates": [
          [
            [
              2810.2719146430054,
              3675.146884967555
            ],
            [
              2856.557879034579,
              3666.985420617209
            ],
            [
              2859.1626016995833,
              3681.757536912392
            ],
            [
              2812.8766373080093,
              3689.9190012627378
            ],
            [
              2810.2719146430054,
              3675.146884967555
            ]
          ]
        ]
      },
      "properties": {
        "id": "365",
        "lote": "365",
        "estatus": "disponible",
        "paquete": null,
        "seccion": "PLATA",
        "manzana": "H",
        "manzanaId": "H"
      }
    },
    {
      "type": "Feature",
      "geometry": {
        "type": "Polygon",
        "coordinates": [
          [
            [
              2863.4515333056647,
              3665.7698833735403
            ],
            [
              2909.7374976972383,
              3657.608419023195
            ],
            [
              2912.342220362242,
              3672.380535318378
            ],
            [
              2866.0562559706686,
              3680.5419996687237
            ],
            [
              2863.4515333056647,
              3665.7698833735403
            ]
          ]
        ]
      },
      "properties": {
        "id": "355",
        "lote": "355",
        "estatus": "disponible",
        "paquete": null,
        "seccion": "PLATA",
        "manzana": "H",
        "manzanaId": "H"
      }
    },
    {
      "type": "Feature",
      "geometry": {
        "type": "Polygon",
        "coordinates": [
          [
            [
              2654.379670386033,
              3723.9588525628537
            ],
            [
              2700.665634777607,
              3715.797388212508
            ],
            [
              2703.270357442611,
              3730.5695045076914
            ],
            [
              2656.9843930510374,
              3738.730968858037
            ],
            [
              2654.379670386033,
              3723.9588525628537
            ]
          ]
        ]
      },
      "properties": {
        "id": "394",
        "lote": "394",
        "estatus": "disponible",
        "paquete": null,
        "seccion": "PLATA",
        "manzana": "H",
        "manzanaId": "H"
      }
    },
    {
      "type": "Feature",
      "geometry": {
        "type": "Polygon",
        "coordinates": [
          [
            [
              2707.5592890486923,
              3714.5818509688397
            ],
            [
              2753.8452534402663,
              3706.420386618494
            ],
            [
              2756.4499761052703,
              3721.192502913677
            ],
            [
              2710.1640117136963,
              3729.3539672640227
            ],
            [
              2707.5592890486923,
              3714.5818509688397
            ]
          ]
        ]
      },
      "properties": {
        "id": "384",
        "lote": "384",
        "estatus": "disponible",
        "paquete": null,
        "seccion": "PLATA",
        "manzana": "H",
        "manzanaId": "H"
      }
    },
    {
      "type": "Feature",
      "geometry": {
        "type": "Polygon",
        "coordinates": [
          [
            [
              2760.7389077113517,
              3705.2048493748252
            ],
            [
              2807.0248721029257,
              3697.0433850244794
            ],
            [
              2809.6295947679296,
              3711.815501319663
            ],
            [
              2763.3436303763556,
              3719.9769656700087
            ],
            [
              2760.7389077113517,
              3705.2048493748252
            ]
          ]
        ]
      },
      "properties": {
        "id": "374",
        "lote": "374",
        "estatus": "disponible",
        "paquete": null,
        "seccion": "PLATA",
        "manzana": "H",
        "manzanaId": "H"
      }
    },
    {
      "type": "Feature",
      "geometry": {
        "type": "Polygon",
        "coordinates": [
          [
            [
              2813.918526374011,
              3695.827847780811
            ],
            [
              2860.2044907655845,
              3687.6663834304654
            ],
            [
              2862.809213430589,
              3702.4384997256484
            ],
            [
              2816.523249039015,
              3710.599964075994
            ],
            [
              2813.918526374011,
              3695.827847780811
            ]
          ]
        ]
      },
      "properties": {
        "id": "364",
        "lote": "364",
        "estatus": "disponible",
        "paquete": null,
        "seccion": "PLATA",
        "manzana": "H",
        "manzanaId": "H"
      }
    },
    {
      "type": "Feature",
      "geometry": {
        "type": "Polygon",
        "coordinates": [
          [
            [
              2867.0981450366703,
              3686.4508461867968
            ],
            [
              2913.384109428244,
              3678.289381836451
            ],
            [
              2915.9888320932478,
              3693.0614981316344
            ],
            [
              2869.702867701674,
              3701.22296248198
            ],
            [
              2867.0981450366703,
              3686.4508461867968
            ]
          ]
        ]
      },
      "properties": {
        "id": "354",
        "lote": "354",
        "estatus": "disponible",
        "paquete": null,
        "seccion": "PLATA",
        "manzana": "H",
        "manzanaId": "H"
      }
    },
    {
      "type": "Feature",
      "geometry": {
        "type": "Polygon",
        "coordinates": [
          [
            [
              2658.0262821170386,
              3744.63981537611
            ],
            [
              2704.3122465086126,
              3736.4783510257644
            ],
            [
              2706.9169691736165,
              3751.250467320948
            ],
            [
              2660.6310047820425,
              3759.411931671293
            ],
            [
              2658.0262821170386,
              3744.63981537611
            ]
          ]
        ]
      },
      "properties": {
        "id": "393",
        "lote": "393",
        "estatus": "disponible",
        "paquete": null,
        "seccion": "PLATA",
        "manzana": "H",
        "manzanaId": "H"
      }
    },
    {
      "type": "Feature",
      "geometry": {
        "type": "Polygon",
        "coordinates": [
          [
            [
              2711.205900779698,
              3735.262813782096
            ],
            [
              2757.491865171272,
              3727.1013494317504
            ],
            [
              2760.096587836276,
              3741.8734657269333
            ],
            [
              2713.810623444702,
              3750.034930077279
            ],
            [
              2711.205900779698,
              3735.262813782096
            ]
          ]
        ]
      },
      "properties": {
        "id": "383",
        "lote": "383",
        "estatus": "disponible",
        "paquete": null,
        "seccion": "PLATA",
        "manzana": "H",
        "manzanaId": "H"
      }
    },
    {
      "type": "Feature",
      "geometry": {
        "type": "Polygon",
        "coordinates": [
          [
            [
              2764.3855194423572,
              3725.8858121880817
            ],
            [
              2810.6714838339312,
              3717.724347837736
            ],
            [
              2813.276206498935,
              3732.4964641329193
            ],
            [
              2766.990242107361,
              3740.657928483265
            ],
            [
              2764.3855194423572,
              3725.8858121880817
            ]
          ]
        ]
      },
      "properties": {
        "id": "373",
        "lote": "373",
        "estatus": "disponible",
        "paquete": null,
        "seccion": "PLATA",
        "manzana": "H",
        "manzanaId": "H"
      }
    },
    {
      "type": "Feature",
      "geometry": {
        "type": "Polygon",
        "coordinates": [
          [
            [
              2817.5651381050166,
              3716.5088105940677
            ],
            [
              2863.85110249659,
              3708.347346243722
            ],
            [
              2866.455825161594,
              3723.119462538905
            ],
            [
              2820.1698607700205,
              3731.2809268892506
            ],
            [
              2817.5651381050166,
              3716.5088105940677
            ]
          ]
        ]
      },
      "properties": {
        "id": "363",
        "lote": "363",
        "estatus": "disponible",
        "paquete": null,
        "seccion": "PLATA",
        "manzana": "H",
        "manzanaId": "H"
      }
    },
    {
      "type": "Feature",
      "geometry": {
        "type": "Polygon",
        "coordinates": [
          [
            [
              2870.744756767676,
              3707.131809000053
            ],
            [
              2917.0307211592494,
              3698.9703446497074
            ],
            [
              2919.6354438242533,
              3713.742460944891
            ],
            [
              2873.34947943268,
              3721.903925295236
            ],
            [
              2870.744756767676,
              3707.131809000053
            ]
          ]
        ]
      },
      "properties": {
        "id": "353",
        "lote": "353",
        "estatus": "disponible",
        "paquete": null,
        "seccion": "PLATA",
        "manzana": "H",
        "manzanaId": "H"
      }
    },
    {
      "type": "Feature",
      "geometry": {
        "type": "Polygon",
        "coordinates": [
          [
            [
              2661.672893848044,
              3765.3207781893666
            ],
            [
              2707.958858239618,
              3757.159313839021
            ],
            [
              2710.563580904622,
              3771.9314301342038
            ],
            [
              2664.277616513048,
              3780.0928944845496
            ],
            [
              2661.672893848044,
              3765.3207781893666
            ]
          ]
        ]
      },
      "properties": {
        "id": "392",
        "lote": "392",
        "estatus": "disponible",
        "paquete": null,
        "seccion": "PLATA",
        "manzana": "H",
        "manzanaId": "H"
      }
    },
    {
      "type": "Feature",
      "geometry": {
        "type": "Polygon",
        "coordinates": [
          [
            [
              2714.8525125107035,
              3755.943776595352
            ],
            [
              2761.1384769022775,
              3747.782312245007
            ],
            [
              2763.7431995672814,
              3762.5544285401897
            ],
            [
              2717.4572351757074,
              3770.7158928905355
            ],
            [
              2714.8525125107035,
              3755.943776595352
            ]
          ]
        ]
      },
      "properties": {
        "id": "382",
        "lote": "382",
        "estatus": "disponible",
        "paquete": null,
        "seccion": "PLATA",
        "manzana": "H",
        "manzanaId": "H"
      }
    },
    {
      "type": "Feature",
      "geometry": {
        "type": "Polygon",
        "coordinates": [
          [
            [
              2768.032131173363,
              3746.566775001338
            ],
            [
              2814.3180955649364,
              3738.4053106509923
            ],
            [
              2816.9228182299403,
              3753.1774269461753
            ],
            [
              2770.6368538383667,
              3761.338891296521
            ],
            [
              2768.032131173363,
              3746.566775001338
            ]
          ]
        ]
      },
      "properties": {
        "id": "372",
        "lote": "372",
        "estatus": "disponible",
        "paquete": null,
        "seccion": "PLATA",
        "manzana": "H",
        "manzanaId": "H"
      }
    },
    {
      "type": "Feature",
      "geometry": {
        "type": "Polygon",
        "coordinates": [
          [
            [
              2821.211749836022,
              3737.1897734073236
            ],
            [
              2867.4977142275957,
              3729.0283090569783
            ],
            [
              2870.1024368925996,
              3743.8004253521613
            ],
            [
              2823.816472501026,
              3751.961889702507
            ],
            [
              2821.211749836022,
              3737.1897734073236
            ]
          ]
        ]
      },
      "properties": {
        "id": "362",
        "lote": "362",
        "estatus": "disponible",
        "paquete": null,
        "seccion": "PLATA",
        "manzana": "H",
        "manzanaId": "H"
      }
    },
    {
      "type": "Feature",
      "geometry": {
        "type": "Polygon",
        "coordinates": [
          [
            [
              2874.391368498681,
              3727.8127718133096
            ],
            [
              2920.677332890255,
              3719.651307462964
            ],
            [
              2923.282055555259,
              3734.423423758147
            ],
            [
              2876.9960911636854,
              3742.5848881084926
            ],
            [
              2874.391368498681,
              3727.8127718133096
            ]
          ]
        ]
      },
      "properties": {
        "id": "352",
        "lote": "352",
        "estatus": "disponible",
        "paquete": null,
        "seccion": "PLATA",
        "manzana": "H",
        "manzanaId": "H"
      }
    },
    {
      "type": "Feature",
      "geometry": {
        "type": "Polygon",
        "coordinates": [
          [
            [
              2665.3195055790497,
              3786.001741002623
            ],
            [
              2711.6054699706237,
              3777.840276652277
            ],
            [
              2714.2101926356277,
              3792.61239294746
            ],
            [
              2667.9242282440537,
              3800.773857297806
            ],
            [
              2665.3195055790497,
              3786.001741002623
            ]
          ]
        ]
      },
      "properties": {
        "id": "391",
        "lote": "391",
        "estatus": "disponible",
        "paquete": null,
        "seccion": "PLATA",
        "manzana": "H",
        "manzanaId": "H"
      }
    },
    {
      "type": "Feature",
      "geometry": {
        "type": "Polygon",
        "coordinates": [
          [
            [
              2718.499124241709,
              3776.6247394086085
            ],
            [
              2764.7850886332826,
              3768.463275058263
            ],
            [
              2767.389811298287,
              3783.235391353446
            ],
            [
              2721.103846906713,
              3791.396855703792
            ],
            [
              2718.499124241709,
              3776.6247394086085
            ]
          ]
        ]
      },
      "properties": {
        "id": "381",
        "lote": "381",
        "estatus": "disponible",
        "paquete": null,
        "seccion": "PLATA",
        "manzana": "H",
        "manzanaId": "H"
      }
    },
    {
      "type": "Feature",
      "geometry": {
        "type": "Polygon",
        "coordinates": [
          [
            [
              2771.6787429043684,
              3767.2477378145945
            ],
            [
              2817.964707295942,
              3759.0862734642487
            ],
            [
              2820.569429960946,
              3773.8583897594317
            ],
            [
              2774.2834655693723,
              3782.0198541097775
            ],
            [
              2771.6787429043684,
              3767.2477378145945
            ]
          ]
        ]
      },
      "properties": {
        "id": "371",
        "lote": "371",
        "estatus": "disponible",
        "paquete": null,
        "seccion": "PLATA",
        "manzana": "H",
        "manzanaId": "H"
      }
    },
    {
      "type": "Feature",
      "geometry": {
        "type": "Polygon",
        "coordinates": [
          [
            [
              2824.8583615670277,
              3757.87073622058
            ],
            [
              2871.1443259586013,
              3749.7092718702343
            ],
            [
              2873.749048623605,
              3764.4813881654177
            ],
            [
              2827.4630842320316,
              3772.6428525157635
            ],
            [
              2824.8583615670277,
              3757.87073622058
            ]
          ]
        ]
      },
      "properties": {
        "id": "361",
        "lote": "361",
        "estatus": "disponible",
        "paquete": null,
        "seccion": "PLATA",
        "manzana": "H",
        "manzanaId": "H"
      }
    },
    {
      "type": "Feature",
      "geometry": {
        "type": "Polygon",
        "coordinates": [
          [
            [
              2878.0379802296866,
              3748.493734626566
            ],
            [
              2924.3239446212606,
              3740.3322702762202
            ],
            [
              2926.9286672862645,
              3755.104386571403
            ],
            [
              2880.6427028946905,
              3763.265850921749
            ],
            [
              2878.0379802296866,
              3748.493734626566
            ]
          ]
        ]
      },
      "properties": {
        "id": "351",
        "lote": "351",
        "estatus": "disponible",
        "paquete": null,
        "seccion": "PLATA",
        "manzana": "H",
        "manzanaId": "H"
      }
    },
    {
      "type": "Feature",
      "geometry": {
        "type": "Polygon",
        "coordinates": [
          [
            [
              2464.7856663568678,
              4346.38374634573
            ],
            [
              2511.0716307484417,
              4338.222281995385
            ],
            [
              2513.6763534134457,
              4352.994398290568
            ],
            [
              2467.3903890218717,
              4361.155862640913
            ],
            [
              2464.7856663568678,
              4346.38374634573
            ]
          ]
        ]
      },
      "properties": {
        "id": "450",
        "lote": "450",
        "estatus": "disponible",
        "paquete": null,
        "seccion": "PLATA",
        "manzana": "I",
        "manzanaId": "I"
      }
    },
    {
      "type": "Feature",
      "geometry": {
        "type": "Polygon",
        "coordinates": [
          [
            [
              2517.965285019527,
              4337.006744751716
            ],
            [
              2564.2512494111006,
              4328.8452804013705
            ],
            [
              2566.8559720761045,
              4343.617396696553
            ],
            [
              2520.570007684531,
              4351.778861046899
            ],
            [
              2517.965285019527,
              4337.006744751716
            ]
          ]
        ]
      },
      "properties": {
        "id": "440",
        "lote": "440",
        "estatus": "disponible",
        "paquete": null,
        "seccion": "PLATA",
        "manzana": "I",
        "manzanaId": "I"
      }
    },
    {
      "type": "Feature",
      "geometry": {
        "type": "Polygon",
        "coordinates": [
          [
            [
              2571.1449036821864,
              4327.629743157702
            ],
            [
              2617.43086807376,
              4319.468278807356
            ],
            [
              2620.035590738764,
              4334.240395102539
            ],
            [
              2573.7496263471903,
              4342.401859452885
            ],
            [
              2571.1449036821864,
              4327.629743157702
            ]
          ]
        ]
      },
      "properties": {
        "id": "430",
        "lote": "430",
        "estatus": "disponible",
        "paquete": null,
        "seccion": "PLATA",
        "manzana": "I",
        "manzanaId": "I"
      }
    },
    {
      "type": "Feature",
      "geometry": {
        "type": "Polygon",
        "coordinates": [
          [
            [
              2624.3245223448453,
              4318.252741563688
            ],
            [
              2670.6104867364193,
              4310.0912772133415
            ],
            [
              2673.215209401423,
              4324.863393508525
            ],
            [
              2626.9292450098496,
              4333.024857858871
            ],
            [
              2624.3245223448453,
              4318.252741563688
            ]
          ]
        ]
      },
      "properties": {
        "id": "420",
        "lote": "420",
        "estatus": "disponible",
        "paquete": null,
        "seccion": "PLATA",
        "manzana": "I",
        "manzanaId": "I"
      }
    },
    {
      "type": "Feature",
      "geometry": {
        "type": "Polygon",
        "coordinates": [
          [
            [
              2677.5041410075046,
              4308.875739969673
            ],
            [
              2723.7901053990786,
              4300.714275619328
            ],
            [
              2726.3948280640825,
              4315.486391914511
            ],
            [
              2680.1088636725085,
              4323.647856264856
            ],
            [
              2677.5041410075046,
              4308.875739969673
            ]
          ]
        ]
      },
      "properties": {
        "id": "410",
        "lote": "410",
        "estatus": "disponible",
        "paquete": null,
        "seccion": "PLATA",
        "manzana": "I",
        "manzanaId": "I"
      }
    },
    {
      "type": "Feature",
      "geometry": {
        "type": "Polygon",
        "coordinates": [
          [
            [
              2468.4322780878733,
              4367.064709158986
            ],
            [
              2514.718242479447,
              4358.903244808641
            ],
            [
              2517.3229651444512,
              4373.675361103824
            ],
            [
              2471.0370007528772,
              4381.83682545417
            ],
            [
              2468.4322780878733,
              4367.064709158986
            ]
          ]
        ]
      },
      "properties": {
        "id": "449",
        "lote": "449",
        "estatus": "disponible",
        "paquete": null,
        "seccion": "PLATA",
        "manzana": "I",
        "manzanaId": "I"
      }
    },
    {
      "type": "Feature",
      "geometry": {
        "type": "Polygon",
        "coordinates": [
          [
            [
              2521.6118967505327,
              4357.687707564973
            ],
            [
              2567.897861142106,
              4349.526243214626
            ],
            [
              2570.50258380711,
              4364.298359509809
            ],
            [
              2524.2166194155366,
              4372.459823860156
            ],
            [
              2521.6118967505327,
              4357.687707564973
            ]
          ]
        ]
      },
      "properties": {
        "id": "439",
        "lote": "439",
        "estatus": "disponible",
        "paquete": null,
        "seccion": "PLATA",
        "manzana": "I",
        "manzanaId": "I"
      }
    },
    {
      "type": "Feature",
      "geometry": {
        "type": "Polygon",
        "coordinates": [
          [
            [
              2574.791515413192,
              4348.310705970958
            ],
            [
              2621.0774798047655,
              4340.149241620613
            ],
            [
              2623.6822024697694,
              4354.921357915796
            ],
            [
              2577.396238078196,
              4363.082822266141
            ],
            [
              2574.791515413192,
              4348.310705970958
            ]
          ]
        ]
      },
      "properties": {
        "id": "429",
        "lote": "429",
        "estatus": "disponible",
        "paquete": null,
        "seccion": "PLATA",
        "manzana": "I",
        "manzanaId": "I"
      }
    },
    {
      "type": "Feature",
      "geometry": {
        "type": "Polygon",
        "coordinates": [
          [
            [
              2627.971134075851,
              4338.933704376944
            ],
            [
              2674.257098467425,
              4330.772240026598
            ],
            [
              2676.8618211324288,
              4345.544356321781
            ],
            [
              2630.5758567408548,
              4353.705820672127
            ],
            [
              2627.971134075851,
              4338.933704376944
            ]
          ]
        ]
      },
      "properties": {
        "id": "419",
        "lote": "419",
        "estatus": "disponible",
        "paquete": null,
        "seccion": "PLATA",
        "manzana": "I",
        "manzanaId": "I"
      }
    },
    {
      "type": "Feature",
      "geometry": {
        "type": "Polygon",
        "coordinates": [
          [
            [
              2681.15075273851,
              4329.556702782929
            ],
            [
              2727.436717130084,
              4321.395238432584
            ],
            [
              2730.041439795088,
              4336.167354727767
            ],
            [
              2683.755475403514,
              4344.328819078113
            ],
            [
              2681.15075273851,
              4329.556702782929
            ]
          ]
        ]
      },
      "properties": {
        "id": "409",
        "lote": "409",
        "estatus": "disponible",
        "paquete": null,
        "seccion": "PLATA",
        "manzana": "I",
        "manzanaId": "I"
      }
    },
    {
      "type": "Feature",
      "geometry": {
        "type": "Polygon",
        "coordinates": [
          [
            [
              2472.078889818879,
              4387.745671972243
            ],
            [
              2518.3648542104524,
              4379.584207621897
            ],
            [
              2520.9695768754564,
              4394.356323917081
            ],
            [
              2474.683612483883,
              4402.517788267426
            ],
            [
              2472.078889818879,
              4387.745671972243
            ]
          ]
        ]
      },
      "properties": {
        "id": "448",
        "lote": "448",
        "estatus": "disponible",
        "paquete": null,
        "seccion": "PLATA",
        "manzana": "I",
        "manzanaId": "I"
      }
    },
    {
      "type": "Feature",
      "geometry": {
        "type": "Polygon",
        "coordinates": [
          [
            [
              2525.2585084815382,
              4378.368670378229
            ],
            [
              2571.5444728731118,
              4370.207206027883
            ],
            [
              2574.1491955381157,
              4384.979322323066
            ],
            [
              2527.863231146542,
              4393.140786673412
            ],
            [
              2525.2585084815382,
              4378.368670378229
            ]
          ]
        ]
      },
      "properties": {
        "id": "438",
        "lote": "438",
        "estatus": "disponible",
        "paquete": null,
        "seccion": "PLATA",
        "manzana": "I",
        "manzanaId": "I"
      }
    },
    {
      "type": "Feature",
      "geometry": {
        "type": "Polygon",
        "coordinates": [
          [
            [
              2578.438127144197,
              4368.991668784214
            ],
            [
              2624.724091535771,
              4360.830204433869
            ],
            [
              2627.328814200775,
              4375.602320729052
            ],
            [
              2581.042849809201,
              4383.763785079398
            ],
            [
              2578.438127144197,
              4368.991668784214
            ]
          ]
        ]
      },
      "properties": {
        "id": "428",
        "lote": "428",
        "estatus": "disponible",
        "paquete": null,
        "seccion": "PLATA",
        "manzana": "I",
        "manzanaId": "I"
      }
    },
    {
      "type": "Feature",
      "geometry": {
        "type": "Polygon",
        "coordinates": [
          [
            [
              2631.6177458068564,
              4359.614667190201
            ],
            [
              2677.9037101984304,
              4351.453202839854
            ],
            [
              2680.5084328634343,
              4366.225319135037
            ],
            [
              2634.2224684718603,
              4374.386783485384
            ],
            [
              2631.6177458068564,
              4359.614667190201
            ]
          ]
        ]
      },
      "properties": {
        "id": "418",
        "lote": "418",
        "estatus": "disponible",
        "paquete": null,
        "seccion": "PLATA",
        "manzana": "I",
        "manzanaId": "I"
      }
    },
    {
      "type": "Feature",
      "geometry": {
        "type": "Polygon",
        "coordinates": [
          [
            [
              2684.7973644695157,
              4350.237665596186
            ],
            [
              2731.0833288610897,
              4342.07620124584
            ],
            [
              2733.6880515260937,
              4356.848317541024
            ],
            [
              2687.4020871345197,
              4365.009781891369
            ],
            [
              2684.7973644695157,
              4350.237665596186
            ]
          ]
        ]
      },
      "properties": {
        "id": "408",
        "lote": "408",
        "estatus": "disponible",
        "paquete": null,
        "seccion": "PLATA",
        "manzana": "I",
        "manzanaId": "I"
      }
    },
    {
      "type": "Feature",
      "geometry": {
        "type": "Polygon",
        "coordinates": [
          [
            [
              2475.7255015498845,
              4408.426634785499
            ],
            [
              2522.011465941458,
              4400.265170435154
            ],
            [
              2524.616188606462,
              4415.037286730337
            ],
            [
              2478.3302242148884,
              4423.198751080682
            ],
            [
              2475.7255015498845,
              4408.426634785499
            ]
          ]
        ]
      },
      "properties": {
        "id": "447",
        "lote": "447",
        "estatus": "disponible",
        "paquete": null,
        "seccion": "PLATA",
        "manzana": "I",
        "manzanaId": "I"
      }
    },
    {
      "type": "Feature",
      "geometry": {
        "type": "Polygon",
        "coordinates": [
          [
            [
              2528.905120212544,
              4399.049633191486
            ],
            [
              2575.1910846041173,
              4390.888168841139
            ],
            [
              2577.7958072691213,
              4405.660285136322
            ],
            [
              2531.5098428775477,
              4413.8217494866685
            ],
            [
              2528.905120212544,
              4399.049633191486
            ]
          ]
        ]
      },
      "properties": {
        "id": "437",
        "lote": "437",
        "estatus": "disponible",
        "paquete": null,
        "seccion": "PLATA",
        "manzana": "I",
        "manzanaId": "I"
      }
    },
    {
      "type": "Feature",
      "geometry": {
        "type": "Polygon",
        "coordinates": [
          [
            [
              2582.0847388752027,
              4389.672631597471
            ],
            [
              2628.3707032667767,
              4381.511167247125
            ],
            [
              2630.9754259317806,
              4396.283283542309
            ],
            [
              2584.6894615402066,
              4404.444747892654
            ],
            [
              2582.0847388752027,
              4389.672631597471
            ]
          ]
        ]
      },
      "properties": {
        "id": "427",
        "lote": "427",
        "estatus": "disponible",
        "paquete": null,
        "seccion": "PLATA",
        "manzana": "I",
        "manzanaId": "I"
      }
    },
    {
      "type": "Feature",
      "geometry": {
        "type": "Polygon",
        "coordinates": [
          [
            [
              2635.264357537862,
              4380.295630003457
            ],
            [
              2681.550321929436,
              4372.134165653111
            ],
            [
              2684.15504459444,
              4386.906281948294
            ],
            [
              2637.869080202866,
              4395.06774629864
            ],
            [
              2635.264357537862,
              4380.295630003457
            ]
          ]
        ]
      },
      "properties": {
        "id": "417",
        "lote": "417",
        "estatus": "disponible",
        "paquete": null,
        "seccion": "PLATA",
        "manzana": "I",
        "manzanaId": "I"
      }
    },
    {
      "type": "Feature",
      "geometry": {
        "type": "Polygon",
        "coordinates": [
          [
            [
              2688.4439762005213,
              4370.918628409442
            ],
            [
              2734.7299405920953,
              4362.757164059097
            ],
            [
              2737.334663257099,
              4377.52928035428
            ],
            [
              2691.0486988655252,
              4385.690744704625
            ],
            [
              2688.4439762005213,
              4370.918628409442
            ]
          ]
        ]
      },
      "properties": {
        "id": "407",
        "lote": "407",
        "estatus": "disponible",
        "paquete": null,
        "seccion": "PLATA",
        "manzana": "I",
        "manzanaId": "I"
      }
    },
    {
      "type": "Feature",
      "geometry": {
        "type": "Polygon",
        "coordinates": [
          [
            [
              2479.37211328089,
              4429.107597598756
            ],
            [
              2525.6580776724636,
              4420.94613324841
            ],
            [
              2528.2628003374675,
              4435.718249543593
            ],
            [
              2481.976835945894,
              4443.879713893939
            ],
            [
              2479.37211328089,
              4429.107597598756
            ]
          ]
        ]
      },
      "properties": {
        "id": "446",
        "lote": "446",
        "estatus": "disponible",
        "paquete": null,
        "seccion": "PLATA",
        "manzana": "I",
        "manzanaId": "I"
      }
    },
    {
      "type": "Feature",
      "geometry": {
        "type": "Polygon",
        "coordinates": [
          [
            [
              2532.551731943549,
              4419.7305960047415
            ],
            [
              2578.837696335123,
              4411.569131654396
            ],
            [
              2581.442419000127,
              4426.341247949579
            ],
            [
              2535.1564546085533,
              4434.5027122999245
            ],
            [
              2532.551731943549,
              4419.7305960047415
            ]
          ]
        ]
      },
      "properties": {
        "id": "436",
        "lote": "436",
        "estatus": "disponible",
        "paquete": null,
        "seccion": "PLATA",
        "manzana": "I",
        "manzanaId": "I"
      }
    },
    {
      "type": "Feature",
      "geometry": {
        "type": "Polygon",
        "coordinates": [
          [
            [
              2585.7313506062083,
              4410.353594410727
            ],
            [
              2632.0173149977823,
              4402.192130060382
            ],
            [
              2634.622037662786,
              4416.964246355565
            ],
            [
              2588.336073271212,
              4425.12571070591
            ],
            [
              2585.7313506062083,
              4410.353594410727
            ]
          ]
        ]
      },
      "properties": {
        "id": "426",
        "lote": "426",
        "estatus": "disponible",
        "paquete": null,
        "seccion": "PLATA",
        "manzana": "I",
        "manzanaId": "I"
      }
    },
    {
      "type": "Feature",
      "geometry": {
        "type": "Polygon",
        "coordinates": [
          [
            [
              2638.9109692688676,
              4400.9765928167135
            ],
            [
              2685.1969336604416,
              4392.815128466367
            ],
            [
              2687.8016563254455,
              4407.58724476155
            ],
            [
              2641.5156919338715,
              4415.7487091118965
            ],
            [
              2638.9109692688676,
              4400.9765928167135
            ]
          ]
        ]
      },
      "properties": {
        "id": "416",
        "lote": "416",
        "estatus": "disponible",
        "paquete": null,
        "seccion": "PLATA",
        "manzana": "I",
        "manzanaId": "I"
      }
    },
    {
      "type": "Feature",
      "geometry": {
        "type": "Polygon",
        "coordinates": [
          [
            [
              2692.090587931527,
              4391.599591222699
            ],
            [
              2738.3765523231004,
              4383.438126872353
            ],
            [
              2740.9812749881044,
              4398.210243167537
            ],
            [
              2694.695310596531,
              4406.371707517882
            ],
            [
              2692.090587931527,
              4391.599591222699
            ]
          ]
        ]
      },
      "properties": {
        "id": "406",
        "lote": "406",
        "estatus": "disponible",
        "paquete": null,
        "seccion": "PLATA",
        "manzana": "I",
        "manzanaId": "I"
      }
    },
    {
      "type": "Feature",
      "geometry": {
        "type": "Polygon",
        "coordinates": [
          [
            [
              2483.0187250118956,
              4449.788560412012
            ],
            [
              2529.304689403469,
              4441.627096061667
            ],
            [
              2531.909412068473,
              4456.39921235685
            ],
            [
              2485.6234476768996,
              4464.560676707195
            ],
            [
              2483.0187250118956,
              4449.788560412012
            ]
          ]
        ]
      },
      "properties": {
        "id": "445",
        "lote": "445",
        "estatus": "disponible",
        "paquete": null,
        "seccion": "PLATA",
        "manzana": "I",
        "manzanaId": "I"
      }
    },
    {
      "type": "Feature",
      "geometry": {
        "type": "Polygon",
        "coordinates": [
          [
            [
              2536.1983436745545,
              4440.4115588179975
            ],
            [
              2582.4843080661285,
              4432.250094467652
            ],
            [
              2585.0890307311324,
              4447.022210762835
            ],
            [
              2538.8030663395584,
              4455.183675113181
            ],
            [
              2536.1983436745545,
              4440.4115588179975
            ]
          ]
        ]
      },
      "properties": {
        "id": "435",
        "lote": "435",
        "estatus": "disponible",
        "paquete": null,
        "seccion": "PLATA",
        "manzana": "I",
        "manzanaId": "I"
      }
    },
    {
      "type": "Feature",
      "geometry": {
        "type": "Polygon",
        "coordinates": [
          [
            [
              2589.377962337214,
              4431.034557223984
            ],
            [
              2635.663926728788,
              4422.873092873638
            ],
            [
              2638.2686493937917,
              4437.645209168821
            ],
            [
              2591.9826850022177,
              4445.806673519167
            ],
            [
              2589.377962337214,
              4431.034557223984
            ]
          ]
        ]
      },
      "properties": {
        "id": "425",
        "lote": "425",
        "estatus": "disponible",
        "paquete": null,
        "seccion": "PLATA",
        "manzana": "I",
        "manzanaId": "I"
      }
    },
    {
      "type": "Feature",
      "geometry": {
        "type": "Polygon",
        "coordinates": [
          [
            [
              2642.557580999873,
              4421.6575556299695
            ],
            [
              2688.8435453914467,
              4413.496091279624
            ],
            [
              2691.448268056451,
              4428.268207574807
            ],
            [
              2645.162303664877,
              4436.429671925152
            ],
            [
              2642.557580999873,
              4421.6575556299695
            ]
          ]
        ]
      },
      "properties": {
        "id": "415",
        "lote": "415",
        "estatus": "disponible",
        "paquete": null,
        "seccion": "PLATA",
        "manzana": "I",
        "manzanaId": "I"
      }
    },
    {
      "type": "Feature",
      "geometry": {
        "type": "Polygon",
        "coordinates": [
          [
            [
              2695.7371996625325,
              4412.280554035955
            ],
            [
              2742.023164054106,
              4404.11908968561
            ],
            [
              2744.62788671911,
              4418.891205980793
            ],
            [
              2698.3419223275364,
              4427.052670331138
            ],
            [
              2695.7371996625325,
              4412.280554035955
            ]
          ]
        ]
      },
      "properties": {
        "id": "405",
        "lote": "405",
        "estatus": "disponible",
        "paquete": null,
        "seccion": "PLATA",
        "manzana": "I",
        "manzanaId": "I"
      }
    },
    {
      "type": "Feature",
      "geometry": {
        "type": "Polygon",
        "coordinates": [
          [
            [
              2486.6653367429008,
              4470.469523225269
            ],
            [
              2532.9513011344748,
              4462.308058874923
            ],
            [
              2535.5560237994787,
              4477.080175170106
            ],
            [
              2489.270059407905,
              4485.241639520452
            ],
            [
              2486.6653367429008,
              4470.469523225269
            ]
          ]
        ]
      },
      "properties": {
        "id": "444",
        "lote": "444",
        "estatus": "disponible",
        "paquete": null,
        "seccion": "PLATA",
        "manzana": "I",
        "manzanaId": "I"
      }
    },
    {
      "type": "Feature",
      "geometry": {
        "type": "Polygon",
        "coordinates": [
          [
            [
              2539.84495540556,
              4461.092521631254
            ],
            [
              2586.130919797134,
              4452.931057280908
            ],
            [
              2588.735642462138,
              4467.703173576092
            ],
            [
              2542.449678070564,
              4475.864637926437
            ],
            [
              2539.84495540556,
              4461.092521631254
            ]
          ]
        ]
      },
      "properties": {
        "id": "434",
        "lote": "434",
        "estatus": "disponible",
        "paquete": null,
        "seccion": "PLATA",
        "manzana": "I",
        "manzanaId": "I"
      }
    },
    {
      "type": "Feature",
      "geometry": {
        "type": "Polygon",
        "coordinates": [
          [
            [
              2593.0245740682194,
              4451.71552003724
            ],
            [
              2639.3105384597934,
              4443.554055686895
            ],
            [
              2641.9152611247973,
              4458.3261719820775
            ],
            [
              2595.6292967332233,
              4466.487636332423
            ],
            [
              2593.0245740682194,
              4451.71552003724
            ]
          ]
        ]
      },
      "properties": {
        "id": "424",
        "lote": "424",
        "estatus": "disponible",
        "paquete": null,
        "seccion": "PLATA",
        "manzana": "I",
        "manzanaId": "I"
      }
    },
    {
      "type": "Feature",
      "geometry": {
        "type": "Polygon",
        "coordinates": [
          [
            [
              2646.2041927308787,
              4442.338518443225
            ],
            [
              2692.4901571224523,
              4434.17705409288
            ],
            [
              2695.0948797874566,
              4448.949170388063
            ],
            [
              2648.8089153958827,
              4457.110634738409
            ],
            [
              2646.2041927308787,
              4442.338518443225
            ]
          ]
        ]
      },
      "properties": {
        "id": "414",
        "lote": "414",
        "estatus": "disponible",
        "paquete": null,
        "seccion": "PLATA",
        "manzana": "I",
        "manzanaId": "I"
      }
    },
    {
      "type": "Feature",
      "geometry": {
        "type": "Polygon",
        "coordinates": [
          [
            [
              2699.383811393538,
              4432.961516849212
            ],
            [
              2745.6697757851116,
              4424.800052498866
            ],
            [
              2748.2744984501155,
              4439.572168794049
            ],
            [
              2701.988534058542,
              4447.733633144395
            ],
            [
              2699.383811393538,
              4432.961516849212
            ]
          ]
        ]
      },
      "properties": {
        "id": "404",
        "lote": "404",
        "estatus": "disponible",
        "paquete": null,
        "seccion": "PLATA",
        "manzana": "I",
        "manzanaId": "I"
      }
    },
    {
      "type": "Feature",
      "geometry": {
        "type": "Polygon",
        "coordinates": [
          [
            [
              2490.3119484739063,
              4491.150486038525
            ],
            [
              2536.5979128654803,
              4482.9890216881795
            ],
            [
              2539.2026355304843,
              4497.7611379833625
            ],
            [
              2492.9166711389103,
              4505.922602333708
            ],
            [
              2490.3119484739063,
              4491.150486038525
            ]
          ]
        ]
      },
      "properties": {
        "id": "443",
        "lote": "443",
        "estatus": "disponible",
        "paquete": null,
        "seccion": "PLATA",
        "manzana": "I",
        "manzanaId": "I"
      }
    },
    {
      "type": "Feature",
      "geometry": {
        "type": "Polygon",
        "coordinates": [
          [
            [
              2543.4915671365657,
              4481.77348444451
            ],
            [
              2589.7775315281397,
              4473.612020094165
            ],
            [
              2592.3822541931436,
              4488.384136389348
            ],
            [
              2546.0962898015696,
              4496.545600739693
            ],
            [
              2543.4915671365657,
              4481.77348444451
            ]
          ]
        ]
      },
      "properties": {
        "id": "433",
        "lote": "433",
        "estatus": "disponible",
        "paquete": null,
        "seccion": "PLATA",
        "manzana": "I",
        "manzanaId": "I"
      }
    },
    {
      "type": "Feature",
      "geometry": {
        "type": "Polygon",
        "coordinates": [
          [
            [
              2596.671185799225,
              4472.396482850497
            ],
            [
              2642.957150190799,
              4464.2350185001505
            ],
            [
              2645.561872855803,
              4479.0071347953335
            ],
            [
              2599.275908464229,
              4487.16859914568
            ],
            [
              2596.671185799225,
              4472.396482850497
            ]
          ]
        ]
      },
      "properties": {
        "id": "423",
        "lote": "423",
        "estatus": "disponible",
        "paquete": null,
        "seccion": "PLATA",
        "manzana": "I",
        "manzanaId": "I"
      }
    },
    {
      "type": "Feature",
      "geometry": {
        "type": "Polygon",
        "coordinates": [
          [
            [
              2649.8508044618843,
              4463.019481256482
            ],
            [
              2696.136768853458,
              4454.858016906136
            ],
            [
              2698.7414915184618,
              4469.63013320132
            ],
            [
              2652.4555271268882,
              4477.791597551665
            ],
            [
              2649.8508044618843,
              4463.019481256482
            ]
          ]
        ]
      },
      "properties": {
        "id": "413",
        "lote": "413",
        "estatus": "disponible",
        "paquete": null,
        "seccion": "PLATA",
        "manzana": "I",
        "manzanaId": "I"
      }
    },
    {
      "type": "Feature",
      "geometry": {
        "type": "Polygon",
        "coordinates": [
          [
            [
              2703.0304231245436,
              4453.642479662468
            ],
            [
              2749.316387516117,
              4445.4810153121225
            ],
            [
              2751.921110181121,
              4460.2531316073055
            ],
            [
              2705.6351457895476,
              4468.414595957651
            ],
            [
              2703.0304231245436,
              4453.642479662468
            ]
          ]
        ]
      },
      "properties": {
        "id": "403",
        "lote": "403",
        "estatus": "disponible",
        "paquete": null,
        "seccion": "PLATA",
        "manzana": "I",
        "manzanaId": "I"
      }
    },
    {
      "type": "Feature",
      "geometry": {
        "type": "Polygon",
        "coordinates": [
          [
            [
              2493.958560204912,
              4511.831448851781
            ],
            [
              2540.244524596486,
              4503.6699845014355
            ],
            [
              2542.84924726149,
              4518.442100796618
            ],
            [
              2496.563282869916,
              4526.603565146965
            ],
            [
              2493.958560204912,
              4511.831448851781
            ]
          ]
        ]
      },
      "properties": {
        "id": "442",
        "lote": "442",
        "estatus": "disponible",
        "paquete": null,
        "seccion": "PLATA",
        "manzana": "I",
        "manzanaId": "I"
      }
    },
    {
      "type": "Feature",
      "geometry": {
        "type": "Polygon",
        "coordinates": [
          [
            [
              2547.1381788675712,
              4502.454447257767
            ],
            [
              2593.4241432591452,
              4494.292982907421
            ],
            [
              2596.028865924149,
              4509.065099202604
            ],
            [
              2549.742901532575,
              4517.22656355295
            ],
            [
              2547.1381788675712,
              4502.454447257767
            ]
          ]
        ]
      },
      "properties": {
        "id": "432",
        "lote": "432",
        "estatus": "disponible",
        "paquete": null,
        "seccion": "PLATA",
        "manzana": "I",
        "manzanaId": "I"
      }
    },
    {
      "type": "Feature",
      "geometry": {
        "type": "Polygon",
        "coordinates": [
          [
            [
              2600.3177975302306,
              4493.077445663753
            ],
            [
              2646.603761921804,
              4484.915981313407
            ],
            [
              2649.208484586808,
              4499.68809760859
            ],
            [
              2602.9225201952345,
              4507.849561958936
            ],
            [
              2600.3177975302306,
              4493.077445663753
            ]
          ]
        ]
      },
      "properties": {
        "id": "422",
        "lote": "422",
        "estatus": "disponible",
        "paquete": null,
        "seccion": "PLATA",
        "manzana": "I",
        "manzanaId": "I"
      }
    },
    {
      "type": "Feature",
      "geometry": {
        "type": "Polygon",
        "coordinates": [
          [
            [
              2653.49741619289,
              4483.700444069738
            ],
            [
              2699.7833805844634,
              4475.538979719393
            ],
            [
              2702.3881032494673,
              4490.311096014576
            ],
            [
              2656.102138857894,
              4498.472560364921
            ],
            [
              2653.49741619289,
              4483.700444069738
            ]
          ]
        ]
      },
      "properties": {
        "id": "412",
        "lote": "412",
        "estatus": "disponible",
        "paquete": null,
        "seccion": "PLATA",
        "manzana": "I",
        "manzanaId": "I"
      }
    },
    {
      "type": "Feature",
      "geometry": {
        "type": "Polygon",
        "coordinates": [
          [
            [
              2706.6770348555488,
              4474.323442475725
            ],
            [
              2752.9629992471228,
              4466.1619781253785
            ],
            [
              2755.5677219121267,
              4480.934094420561
            ],
            [
              2709.281757520553,
              4489.095558770908
            ],
            [
              2706.6770348555488,
              4474.323442475725
            ]
          ]
        ]
      },
      "properties": {
        "id": "402",
        "lote": "402",
        "estatus": "disponible",
        "paquete": null,
        "seccion": "PLATA",
        "manzana": "I",
        "manzanaId": "I"
      }
    },
    {
      "type": "Feature",
      "geometry": {
        "type": "Polygon",
        "coordinates": [
          [
            [
              2497.6051719359175,
              4532.512411665038
            ],
            [
              2543.8911363274915,
              4524.350947314691
            ],
            [
              2546.4958589924954,
              4539.123063609875
            ],
            [
              2500.2098946009214,
              4547.284527960221
            ],
            [
              2497.6051719359175,
              4532.512411665038
            ]
          ]
        ]
      },
      "properties": {
        "id": "441",
        "lote": "441",
        "estatus": "disponible",
        "paquete": null,
        "seccion": "PLATA",
        "manzana": "I",
        "manzanaId": "I"
      }
    },
    {
      "type": "Feature",
      "geometry": {
        "type": "Polygon",
        "coordinates": [
          [
            [
              2550.784790598577,
              4523.135410071023
            ],
            [
              2597.0707549901504,
              4514.973945720678
            ],
            [
              2599.6754776551547,
              4529.746062015861
            ],
            [
              2553.3895132635807,
              4537.907526366206
            ],
            [
              2550.784790598577,
              4523.135410071023
            ]
          ]
        ]
      },
      "properties": {
        "id": "431",
        "lote": "431",
        "estatus": "disponible",
        "paquete": null,
        "seccion": "PLATA",
        "manzana": "I",
        "manzanaId": "I"
      }
    },
    {
      "type": "Feature",
      "geometry": {
        "type": "Polygon",
        "coordinates": [
          [
            [
              2603.964409261236,
              4513.758408477009
            ],
            [
              2650.2503736528097,
              4505.596944126663
            ],
            [
              2652.8550963178136,
              4520.369060421846
            ],
            [
              2606.56913192624,
              4528.530524772193
            ],
            [
              2603.964409261236,
              4513.758408477009
            ]
          ]
        ]
      },
      "properties": {
        "id": "421",
        "lote": "421",
        "estatus": "disponible",
        "paquete": null,
        "seccion": "PLATA",
        "manzana": "I",
        "manzanaId": "I"
      }
    },
    {
      "type": "Feature",
      "geometry": {
        "type": "Polygon",
        "coordinates": [
          [
            [
              2657.1440279238955,
              4504.381406882995
            ],
            [
              2703.429992315469,
              4496.219942532649
            ],
            [
              2706.034714980473,
              4510.992058827832
            ],
            [
              2659.7487505888994,
              4519.153523178178
            ],
            [
              2657.1440279238955,
              4504.381406882995
            ]
          ]
        ]
      },
      "properties": {
        "id": "411",
        "lote": "411",
        "estatus": "disponible",
        "paquete": null,
        "seccion": "PLATA",
        "manzana": "I",
        "manzanaId": "I"
      }
    },
    {
      "type": "Feature",
      "geometry": {
        "type": "Polygon",
        "coordinates": [
          [
            [
              2710.3236465865543,
              4495.004405288981
            ],
            [
              2756.6096109781283,
              4486.842940938635
            ],
            [
              2759.2143336431322,
              4501.615057233818
            ],
            [
              2712.9283692515583,
              4509.776521584164
            ],
            [
              2710.3236465865543,
              4495.004405288981
            ]
          ]
        ]
      },
      "properties": {
        "id": "401",
        "lote": "401",
        "estatus": "disponible",
        "paquete": null,
        "seccion": "PLATA",
        "manzana": "I",
        "manzanaId": "I"
      }
    },
    {
      "type": "Feature",
      "geometry": {
        "type": "Polygon",
        "coordinates": [
          [
            [
              2422.7856663568678,
              4115.885540976407
            ],
            [
              2469.0716307484417,
              4107.724076626062
            ],
            [
              2471.6763534134457,
              4122.496192921245
            ],
            [
              2425.3903890218717,
              4130.65765727159
            ],
            [
              2422.7856663568678,
              4115.885540976407
            ]
          ]
        ]
      },
      "properties": {
        "id": "500",
        "lote": "500",
        "estatus": "disponible",
        "paquete": null,
        "seccion": "PLATA",
        "manzana": "J",
        "manzanaId": "J"
      }
    },
    {
      "type": "Feature",
      "geometry": {
        "type": "Polygon",
        "coordinates": [
          [
            [
              2475.965285019527,
              4106.508539382393
            ],
            [
              2522.2512494111006,
              4098.3470750320475
            ],
            [
              2524.8559720761045,
              4113.1191913272305
            ],
            [
              2478.570007684531,
              4121.280655677576
            ],
            [
              2475.965285019527,
              4106.508539382393
            ]
          ]
        ]
      },
      "properties": {
        "id": "490",
        "lote": "490",
        "estatus": "disponible",
        "paquete": null,
        "seccion": "PLATA",
        "manzana": "J",
        "manzanaId": "J"
      }
    },
    {
      "type": "Feature",
      "geometry": {
        "type": "Polygon",
        "coordinates": [
          [
            [
              2529.1449036821864,
              4097.131537788378
            ],
            [
              2575.43086807376,
              4088.970073438033
            ],
            [
              2578.035590738764,
              4103.742189733216
            ],
            [
              2531.7496263471903,
              4111.903654083562
            ],
            [
              2529.1449036821864,
              4097.131537788378
            ]
          ]
        ]
      },
      "properties": {
        "id": "480",
        "lote": "480",
        "estatus": "disponible",
        "paquete": null,
        "seccion": "PLATA",
        "manzana": "J",
        "manzanaId": "J"
      }
    },
    {
      "type": "Feature",
      "geometry": {
        "type": "Polygon",
        "coordinates": [
          [
            [
              2582.3245223448453,
              4087.754536194365
            ],
            [
              2628.6104867364193,
              4079.593071844019
            ],
            [
              2631.215209401423,
              4094.365188139202
            ],
            [
              2584.9292450098496,
              4102.526652489548
            ],
            [
              2582.3245223448453,
              4087.754536194365
            ]
          ]
        ]
      },
      "properties": {
        "id": "470",
        "lote": "470",
        "estatus": "disponible",
        "paquete": null,
        "seccion": "PLATA",
        "manzana": "J",
        "manzanaId": "J"
      }
    },
    {
      "type": "Feature",
      "geometry": {
        "type": "Polygon",
        "coordinates": [
          [
            [
              2635.5041410075046,
              4078.3775346003504
            ],
            [
              2681.7901053990786,
              4070.2160702500046
            ],
            [
              2684.3948280640825,
              4084.988186545188
            ],
            [
              2638.1088636725085,
              4093.1496508955333
            ],
            [
              2635.5041410075046,
              4078.3775346003504
            ]
          ]
        ]
      },
      "properties": {
        "id": "460",
        "lote": "460",
        "estatus": "disponible",
        "paquete": null,
        "seccion": "PLATA",
        "manzana": "J",
        "manzanaId": "J"
      }
    },
    {
      "type": "Feature",
      "geometry": {
        "type": "Polygon",
        "coordinates": [
          [
            [
              2426.4322780878733,
              4136.566503789663
            ],
            [
              2472.718242479447,
              4128.405039439318
            ],
            [
              2475.3229651444512,
              4143.177155734501
            ],
            [
              2429.0370007528772,
              4151.338620084847
            ],
            [
              2426.4322780878733,
              4136.566503789663
            ]
          ]
        ]
      },
      "properties": {
        "id": "499",
        "lote": "499",
        "estatus": "disponible",
        "paquete": null,
        "seccion": "PLATA",
        "manzana": "J",
        "manzanaId": "J"
      }
    },
    {
      "type": "Feature",
      "geometry": {
        "type": "Polygon",
        "coordinates": [
          [
            [
              2479.6118967505327,
              4127.18950219565
            ],
            [
              2525.897861142106,
              4119.0280378453035
            ],
            [
              2528.50258380711,
              4133.8001541404865
            ],
            [
              2482.2166194155366,
              4141.961618490833
            ],
            [
              2479.6118967505327,
              4127.18950219565
            ]
          ]
        ]
      },
      "properties": {
        "id": "489",
        "lote": "489",
        "estatus": "disponible",
        "paquete": null,
        "seccion": "PLATA",
        "manzana": "J",
        "manzanaId": "J"
      }
    },
    {
      "type": "Feature",
      "geometry": {
        "type": "Polygon",
        "coordinates": [
          [
            [
              2532.791515413192,
              4117.812500601635
            ],
            [
              2579.0774798047655,
              4109.65103625129
            ],
            [
              2581.6822024697694,
              4124.423152546473
            ],
            [
              2535.396238078196,
              4132.584616896818
            ],
            [
              2532.791515413192,
              4117.812500601635
            ]
          ]
        ]
      },
      "properties": {
        "id": "479",
        "lote": "479",
        "estatus": "disponible",
        "paquete": null,
        "seccion": "PLATA",
        "manzana": "J",
        "manzanaId": "J"
      }
    },
    {
      "type": "Feature",
      "geometry": {
        "type": "Polygon",
        "coordinates": [
          [
            [
              2585.971134075851,
              4108.435499007621
            ],
            [
              2632.257098467425,
              4100.2740346572755
            ],
            [
              2634.8618211324288,
              4115.046150952458
            ],
            [
              2588.5758567408548,
              4123.207615302804
            ],
            [
              2585.971134075851,
              4108.435499007621
            ]
          ]
        ]
      },
      "properties": {
        "id": "469",
        "lote": "469",
        "estatus": "disponible",
        "paquete": null,
        "seccion": "PLATA",
        "manzana": "J",
        "manzanaId": "J"
      }
    },
    {
      "type": "Feature",
      "geometry": {
        "type": "Polygon",
        "coordinates": [
          [
            [
              2639.15075273851,
              4099.058497413606
            ],
            [
              2685.436717130084,
              4090.897033063261
            ],
            [
              2688.041439795088,
              4105.669149358444
            ],
            [
              2641.755475403514,
              4113.83061370879
            ],
            [
              2639.15075273851,
              4099.058497413606
            ]
          ]
        ]
      },
      "properties": {
        "id": "459",
        "lote": "459",
        "estatus": "disponible",
        "paquete": null,
        "seccion": "PLATA",
        "manzana": "J",
        "manzanaId": "J"
      }
    },
    {
      "type": "Feature",
      "geometry": {
        "type": "Polygon",
        "coordinates": [
          [
            [
              2430.078889818879,
              4157.24746660292
            ],
            [
              2476.3648542104524,
              4149.086002252574
            ],
            [
              2478.9695768754564,
              4163.858118547758
            ],
            [
              2432.683612483883,
              4172.019582898103
            ],
            [
              2430.078889818879,
              4157.24746660292
            ]
          ]
        ]
      },
      "properties": {
        "id": "498",
        "lote": "498",
        "estatus": "disponible",
        "paquete": null,
        "seccion": "PLATA",
        "manzana": "J",
        "manzanaId": "J"
      }
    },
    {
      "type": "Feature",
      "geometry": {
        "type": "Polygon",
        "coordinates": [
          [
            [
              2483.2585084815382,
              4147.870465008906
            ],
            [
              2529.5444728731118,
              4139.70900065856
            ],
            [
              2532.1491955381157,
              4154.481116953743
            ],
            [
              2485.863231146542,
              4162.642581304089
            ],
            [
              2483.2585084815382,
              4147.870465008906
            ]
          ]
        ]
      },
      "properties": {
        "id": "488",
        "lote": "488",
        "estatus": "disponible",
        "paquete": null,
        "seccion": "PLATA",
        "manzana": "J",
        "manzanaId": "J"
      }
    },
    {
      "type": "Feature",
      "geometry": {
        "type": "Polygon",
        "coordinates": [
          [
            [
              2536.438127144197,
              4138.493463414891
            ],
            [
              2582.724091535771,
              4130.331999064546
            ],
            [
              2585.328814200775,
              4145.104115359729
            ],
            [
              2539.042849809201,
              4153.265579710075
            ],
            [
              2536.438127144197,
              4138.493463414891
            ]
          ]
        ]
      },
      "properties": {
        "id": "478",
        "lote": "478",
        "estatus": "disponible",
        "paquete": null,
        "seccion": "PLATA",
        "manzana": "J",
        "manzanaId": "J"
      }
    },
    {
      "type": "Feature",
      "geometry": {
        "type": "Polygon",
        "coordinates": [
          [
            [
              2589.6177458068564,
              4129.116461820878
            ],
            [
              2635.9037101984304,
              4120.954997470531
            ],
            [
              2638.5084328634343,
              4135.727113765714
            ],
            [
              2592.2224684718603,
              4143.888578116061
            ],
            [
              2589.6177458068564,
              4129.116461820878
            ]
          ]
        ]
      },
      "properties": {
        "id": "468",
        "lote": "468",
        "estatus": "disponible",
        "paquete": null,
        "seccion": "PLATA",
        "manzana": "J",
        "manzanaId": "J"
      }
    },
    {
      "type": "Feature",
      "geometry": {
        "type": "Polygon",
        "coordinates": [
          [
            [
              2642.7973644695157,
              4119.739460226863
            ],
            [
              2689.0833288610897,
              4111.577995876517
            ],
            [
              2691.6880515260937,
              4126.350112171701
            ],
            [
              2645.4020871345197,
              4134.511576522046
            ],
            [
              2642.7973644695157,
              4119.739460226863
            ]
          ]
        ]
      },
      "properties": {
        "id": "458",
        "lote": "458",
        "estatus": "disponible",
        "paquete": null,
        "seccion": "PLATA",
        "manzana": "J",
        "manzanaId": "J"
      }
    },
    {
      "type": "Feature",
      "geometry": {
        "type": "Polygon",
        "coordinates": [
          [
            [
              2433.7255015498845,
              4177.928429416176
            ],
            [
              2480.011465941458,
              4169.766965065831
            ],
            [
              2482.616188606462,
              4184.539081361014
            ],
            [
              2436.3302242148884,
              4192.700545711359
            ],
            [
              2433.7255015498845,
              4177.928429416176
            ]
          ]
        ]
      },
      "properties": {
        "id": "497",
        "lote": "497",
        "estatus": "disponible",
        "paquete": null,
        "seccion": "PLATA",
        "manzana": "J",
        "manzanaId": "J"
      }
    },
    {
      "type": "Feature",
      "geometry": {
        "type": "Polygon",
        "coordinates": [
          [
            [
              2486.905120212544,
              4168.551427822163
            ],
            [
              2533.1910846041173,
              4160.389963471816
            ],
            [
              2535.7958072691213,
              4175.162079766999
            ],
            [
              2489.5098428775477,
              4183.323544117346
            ],
            [
              2486.905120212544,
              4168.551427822163
            ]
          ]
        ]
      },
      "properties": {
        "id": "487",
        "lote": "487",
        "estatus": "disponible",
        "paquete": null,
        "seccion": "PLATA",
        "manzana": "J",
        "manzanaId": "J"
      }
    },
    {
      "type": "Feature",
      "geometry": {
        "type": "Polygon",
        "coordinates": [
          [
            [
              2540.0847388752027,
              4159.174426228148
            ],
            [
              2586.3707032667767,
              4151.012961877802
            ],
            [
              2588.9754259317806,
              4165.785078172986
            ],
            [
              2542.6894615402066,
              4173.946542523331
            ],
            [
              2540.0847388752027,
              4159.174426228148
            ]
          ]
        ]
      },
      "properties": {
        "id": "477",
        "lote": "477",
        "estatus": "disponible",
        "paquete": null,
        "seccion": "PLATA",
        "manzana": "J",
        "manzanaId": "J"
      }
    },
    {
      "type": "Feature",
      "geometry": {
        "type": "Polygon",
        "coordinates": [
          [
            [
              2593.264357537862,
              4149.797424634134
            ],
            [
              2639.550321929436,
              4141.635960283788
            ],
            [
              2642.15504459444,
              4156.408076578971
            ],
            [
              2595.869080202866,
              4164.569540929317
            ],
            [
              2593.264357537862,
              4149.797424634134
            ]
          ]
        ]
      },
      "properties": {
        "id": "467",
        "lote": "467",
        "estatus": "disponible",
        "paquete": null,
        "seccion": "PLATA",
        "manzana": "J",
        "manzanaId": "J"
      }
    },
    {
      "type": "Feature",
      "geometry": {
        "type": "Polygon",
        "coordinates": [
          [
            [
              2646.4439762005213,
              4140.420423040119
            ],
            [
              2692.7299405920953,
              4132.258958689774
            ],
            [
              2695.334663257099,
              4147.031074984957
            ],
            [
              2649.0486988655252,
              4155.192539335303
            ],
            [
              2646.4439762005213,
              4140.420423040119
            ]
          ]
        ]
      },
      "properties": {
        "id": "457",
        "lote": "457",
        "estatus": "disponible",
        "paquete": null,
        "seccion": "PLATA",
        "manzana": "J",
        "manzanaId": "J"
      }
    },
    {
      "type": "Feature",
      "geometry": {
        "type": "Polygon",
        "coordinates": [
          [
            [
              2437.37211328089,
              4198.609392229433
            ],
            [
              2483.6580776724636,
              4190.447927879087
            ],
            [
              2486.2628003374675,
              4205.22004417427
            ],
            [
              2439.976835945894,
              4213.381508524616
            ],
            [
              2437.37211328089,
              4198.609392229433
            ]
          ]
        ]
      },
      "properties": {
        "id": "496",
        "lote": "496",
        "estatus": "disponible",
        "paquete": null,
        "seccion": "PLATA",
        "manzana": "J",
        "manzanaId": "J"
      }
    },
    {
      "type": "Feature",
      "geometry": {
        "type": "Polygon",
        "coordinates": [
          [
            [
              2490.551731943549,
              4189.232390635419
            ],
            [
              2536.837696335123,
              4181.070926285073
            ],
            [
              2539.442419000127,
              4195.843042580256
            ],
            [
              2493.1564546085533,
              4204.004506930602
            ],
            [
              2490.551731943549,
              4189.232390635419
            ]
          ]
        ]
      },
      "properties": {
        "id": "486",
        "lote": "486",
        "estatus": "disponible",
        "paquete": null,
        "seccion": "PLATA",
        "manzana": "J",
        "manzanaId": "J"
      }
    },
    {
      "type": "Feature",
      "geometry": {
        "type": "Polygon",
        "coordinates": [
          [
            [
              2543.7313506062083,
              4179.855389041404
            ],
            [
              2590.0173149977823,
              4171.693924691059
            ],
            [
              2592.622037662786,
              4186.466040986242
            ],
            [
              2546.336073271212,
              4194.627505336587
            ],
            [
              2543.7313506062083,
              4179.855389041404
            ]
          ]
        ]
      },
      "properties": {
        "id": "476",
        "lote": "476",
        "estatus": "disponible",
        "paquete": null,
        "seccion": "PLATA",
        "manzana": "J",
        "manzanaId": "J"
      }
    },
    {
      "type": "Feature",
      "geometry": {
        "type": "Polygon",
        "coordinates": [
          [
            [
              2596.9109692688676,
              4170.478387447391
            ],
            [
              2643.1969336604416,
              4162.316923097044
            ],
            [
              2645.8016563254455,
              4177.089039392227
            ],
            [
              2599.5156919338715,
              4185.2505037425735
            ],
            [
              2596.9109692688676,
              4170.478387447391
            ]
          ]
        ]
      },
      "properties": {
        "id": "466",
        "lote": "466",
        "estatus": "disponible",
        "paquete": null,
        "seccion": "PLATA",
        "manzana": "J",
        "manzanaId": "J"
      }
    },
    {
      "type": "Feature",
      "geometry": {
        "type": "Polygon",
        "coordinates": [
          [
            [
              2650.090587931527,
              4161.101385853376
            ],
            [
              2696.3765523231004,
              4152.93992150303
            ],
            [
              2698.9812749881044,
              4167.712037798214
            ],
            [
              2652.695310596531,
              4175.873502148559
            ],
            [
              2650.090587931527,
              4161.101385853376
            ]
          ]
        ]
      },
      "properties": {
        "id": "456",
        "lote": "456",
        "estatus": "disponible",
        "paquete": null,
        "seccion": "PLATA",
        "manzana": "J",
        "manzanaId": "J"
      }
    },
    {
      "type": "Feature",
      "geometry": {
        "type": "Polygon",
        "coordinates": [
          [
            [
              2441.0187250118956,
              4219.290355042689
            ],
            [
              2487.304689403469,
              4211.128890692344
            ],
            [
              2489.909412068473,
              4225.901006987527
            ],
            [
              2443.6234476768996,
              4234.062471337872
            ],
            [
              2441.0187250118956,
              4219.290355042689
            ]
          ]
        ]
      },
      "properties": {
        "id": "495",
        "lote": "495",
        "estatus": "disponible",
        "paquete": null,
        "seccion": "PLATA",
        "manzana": "J",
        "manzanaId": "J"
      }
    },
    {
      "type": "Feature",
      "geometry": {
        "type": "Polygon",
        "coordinates": [
          [
            [
              2494.1983436745545,
              4209.913353448675
            ],
            [
              2540.4843080661285,
              4201.751889098329
            ],
            [
              2543.0890307311324,
              4216.524005393512
            ],
            [
              2496.8030663395584,
              4224.685469743858
            ],
            [
              2494.1983436745545,
              4209.913353448675
            ]
          ]
        ]
      },
      "properties": {
        "id": "485",
        "lote": "485",
        "estatus": "disponible",
        "paquete": null,
        "seccion": "PLATA",
        "manzana": "J",
        "manzanaId": "J"
      }
    },
    {
      "type": "Feature",
      "geometry": {
        "type": "Polygon",
        "coordinates": [
          [
            [
              2547.377962337214,
              4200.536351854661
            ],
            [
              2593.663926728788,
              4192.374887504315
            ],
            [
              2596.2686493937917,
              4207.147003799498
            ],
            [
              2549.9826850022177,
              4215.308468149844
            ],
            [
              2547.377962337214,
              4200.536351854661
            ]
          ]
        ]
      },
      "properties": {
        "id": "475",
        "lote": "475",
        "estatus": "disponible",
        "paquete": null,
        "seccion": "PLATA",
        "manzana": "J",
        "manzanaId": "J"
      }
    },
    {
      "type": "Feature",
      "geometry": {
        "type": "Polygon",
        "coordinates": [
          [
            [
              2600.557580999873,
              4191.1593502606465
            ],
            [
              2646.8435453914467,
              4182.997885910301
            ],
            [
              2649.448268056451,
              4197.770002205484
            ],
            [
              2603.162303664877,
              4205.9314665558295
            ],
            [
              2600.557580999873,
              4191.1593502606465
            ]
          ]
        ]
      },
      "properties": {
        "id": "465",
        "lote": "465",
        "estatus": "disponible",
        "paquete": null,
        "seccion": "PLATA",
        "manzana": "J",
        "manzanaId": "J"
      }
    },
    {
      "type": "Feature",
      "geometry": {
        "type": "Polygon",
        "coordinates": [
          [
            [
              2653.7371996625325,
              4181.782348666632
            ],
            [
              2700.023164054106,
              4173.620884316287
            ],
            [
              2702.62788671911,
              4188.39300061147
            ],
            [
              2656.3419223275364,
              4196.554464961815
            ],
            [
              2653.7371996625325,
              4181.782348666632
            ]
          ]
        ]
      },
      "properties": {
        "id": "455",
        "lote": "455",
        "estatus": "disponible",
        "paquete": null,
        "seccion": "PLATA",
        "manzana": "J",
        "manzanaId": "J"
      }
    },
    {
      "type": "Feature",
      "geometry": {
        "type": "Polygon",
        "coordinates": [
          [
            [
              2444.6653367429008,
              4239.971317855946
            ],
            [
              2490.9513011344748,
              4231.8098535056
            ],
            [
              2493.5560237994787,
              4246.581969800783
            ],
            [
              2447.270059407905,
              4254.743434151129
            ],
            [
              2444.6653367429008,
              4239.971317855946
            ]
          ]
        ]
      },
      "properties": {
        "id": "494",
        "lote": "494",
        "estatus": "disponible",
        "paquete": null,
        "seccion": "PLATA",
        "manzana": "J",
        "manzanaId": "J"
      }
    },
    {
      "type": "Feature",
      "geometry": {
        "type": "Polygon",
        "coordinates": [
          [
            [
              2497.84495540556,
              4230.594316261931
            ],
            [
              2544.130919797134,
              4222.432851911585
            ],
            [
              2546.735642462138,
              4237.204968206769
            ],
            [
              2500.449678070564,
              4245.366432557114
            ],
            [
              2497.84495540556,
              4230.594316261931
            ]
          ]
        ]
      },
      "properties": {
        "id": "484",
        "lote": "484",
        "estatus": "disponible",
        "paquete": null,
        "seccion": "PLATA",
        "manzana": "J",
        "manzanaId": "J"
      }
    },
    {
      "type": "Feature",
      "geometry": {
        "type": "Polygon",
        "coordinates": [
          [
            [
              2551.0245740682194,
              4221.217314667917
            ],
            [
              2597.3105384597934,
              4213.055850317572
            ],
            [
              2599.9152611247973,
              4227.827966612755
            ],
            [
              2553.6292967332233,
              4235.9894309631
            ],
            [
              2551.0245740682194,
              4221.217314667917
            ]
          ]
        ]
      },
      "properties": {
        "id": "474",
        "lote": "474",
        "estatus": "disponible",
        "paquete": null,
        "seccion": "PLATA",
        "manzana": "J",
        "manzanaId": "J"
      }
    },
    {
      "type": "Feature",
      "geometry": {
        "type": "Polygon",
        "coordinates": [
          [
            [
              2604.2041927308787,
              4211.8403130739025
            ],
            [
              2650.4901571224523,
              4203.678848723557
            ],
            [
              2653.0948797874566,
              4218.45096501874
            ],
            [
              2606.8089153958827,
              4226.612429369086
            ],
            [
              2604.2041927308787,
              4211.8403130739025
            ]
          ]
        ]
      },
      "properties": {
        "id": "464",
        "lote": "464",
        "estatus": "disponible",
        "paquete": null,
        "seccion": "PLATA",
        "manzana": "J",
        "manzanaId": "J"
      }
    },
    {
      "type": "Feature",
      "geometry": {
        "type": "Polygon",
        "coordinates": [
          [
            [
              2657.383811393538,
              4202.463311479889
            ],
            [
              2703.6697757851116,
              4194.301847129543
            ],
            [
              2706.2744984501155,
              4209.073963424726
            ],
            [
              2659.988534058542,
              4217.235427775072
            ],
            [
              2657.383811393538,
              4202.463311479889
            ]
          ]
        ]
      },
      "properties": {
        "id": "454",
        "lote": "454",
        "estatus": "disponible",
        "paquete": null,
        "seccion": "PLATA",
        "manzana": "J",
        "manzanaId": "J"
      }
    },
    {
      "type": "Feature",
      "geometry": {
        "type": "Polygon",
        "coordinates": [
          [
            [
              2448.3119484739063,
              4260.652280669202
            ],
            [
              2494.5979128654803,
              4252.490816318857
            ],
            [
              2497.2026355304843,
              4267.2629326140395
            ],
            [
              2450.9166711389103,
              4275.424396964385
            ],
            [
              2448.3119484739063,
              4260.652280669202
            ]
          ]
        ]
      },
      "properties": {
        "id": "493",
        "lote": "493",
        "estatus": "disponible",
        "paquete": null,
        "seccion": "PLATA",
        "manzana": "J",
        "manzanaId": "J"
      }
    },
    {
      "type": "Feature",
      "geometry": {
        "type": "Polygon",
        "coordinates": [
          [
            [
              2501.4915671365657,
              4251.275279075187
            ],
            [
              2547.7775315281397,
              4243.113814724842
            ],
            [
              2550.3822541931436,
              4257.885931020025
            ],
            [
              2504.0962898015696,
              4266.04739537037
            ],
            [
              2501.4915671365657,
              4251.275279075187
            ]
          ]
        ]
      },
      "properties": {
        "id": "483",
        "lote": "483",
        "estatus": "disponible",
        "paquete": null,
        "seccion": "PLATA",
        "manzana": "J",
        "manzanaId": "J"
      }
    },
    {
      "type": "Feature",
      "geometry": {
        "type": "Polygon",
        "coordinates": [
          [
            [
              2554.671185799225,
              4241.898277481174
            ],
            [
              2600.957150190799,
              4233.736813130828
            ],
            [
              2603.561872855803,
              4248.508929426011
            ],
            [
              2557.275908464229,
              4256.670393776357
            ],
            [
              2554.671185799225,
              4241.898277481174
            ]
          ]
        ]
      },
      "properties": {
        "id": "473",
        "lote": "473",
        "estatus": "disponible",
        "paquete": null,
        "seccion": "PLATA",
        "manzana": "J",
        "manzanaId": "J"
      }
    },
    {
      "type": "Feature",
      "geometry": {
        "type": "Polygon",
        "coordinates": [
          [
            [
              2607.8508044618843,
              4232.521275887159
            ],
            [
              2654.136768853458,
              4224.359811536813
            ],
            [
              2656.7414915184618,
              4239.131927831997
            ],
            [
              2610.4555271268882,
              4247.293392182342
            ],
            [
              2607.8508044618843,
              4232.521275887159
            ]
          ]
        ]
      },
      "properties": {
        "id": "463",
        "lote": "463",
        "estatus": "disponible",
        "paquete": null,
        "seccion": "PLATA",
        "manzana": "J",
        "manzanaId": "J"
      }
    },
    {
      "type": "Feature",
      "geometry": {
        "type": "Polygon",
        "coordinates": [
          [
            [
              2661.0304231245436,
              4223.144274293145
            ],
            [
              2707.316387516117,
              4214.9828099428
            ],
            [
              2709.921110181121,
              4229.7549262379825
            ],
            [
              2663.6351457895476,
              4237.916390588328
            ],
            [
              2661.0304231245436,
              4223.144274293145
            ]
          ]
        ]
      },
      "properties": {
        "id": "453",
        "lote": "453",
        "estatus": "disponible",
        "paquete": null,
        "seccion": "PLATA",
        "manzana": "J",
        "manzanaId": "J"
      }
    },
    {
      "type": "Feature",
      "geometry": {
        "type": "Polygon",
        "coordinates": [
          [
            [
              2451.958560204912,
              4281.333243482458
            ],
            [
              2498.244524596486,
              4273.1717791321125
            ],
            [
              2500.84924726149,
              4287.9438954272955
            ],
            [
              2454.563282869916,
              4296.105359777642
            ],
            [
              2451.958560204912,
              4281.333243482458
            ]
          ]
        ]
      },
      "properties": {
        "id": "492",
        "lote": "492",
        "estatus": "disponible",
        "paquete": null,
        "seccion": "PLATA",
        "manzana": "J",
        "manzanaId": "J"
      }
    },
    {
      "type": "Feature",
      "geometry": {
        "type": "Polygon",
        "coordinates": [
          [
            [
              2505.1381788675712,
              4271.956241888444
            ],
            [
              2551.4241432591452,
              4263.794777538098
            ],
            [
              2554.028865924149,
              4278.566893833281
            ],
            [
              2507.742901532575,
              4286.728358183627
            ],
            [
              2505.1381788675712,
              4271.956241888444
            ]
          ]
        ]
      },
      "properties": {
        "id": "482",
        "lote": "482",
        "estatus": "disponible",
        "paquete": null,
        "seccion": "PLATA",
        "manzana": "J",
        "manzanaId": "J"
      }
    },
    {
      "type": "Feature",
      "geometry": {
        "type": "Polygon",
        "coordinates": [
          [
            [
              2558.3177975302306,
              4262.57924029443
            ],
            [
              2604.603761921804,
              4254.4177759440845
            ],
            [
              2607.208484586808,
              4269.1898922392675
            ],
            [
              2560.9225201952345,
              4277.351356589613
            ],
            [
              2558.3177975302306,
              4262.57924029443
            ]
          ]
        ]
      },
      "properties": {
        "id": "472",
        "lote": "472",
        "estatus": "disponible",
        "paquete": null,
        "seccion": "PLATA",
        "manzana": "J",
        "manzanaId": "J"
      }
    },
    {
      "type": "Feature",
      "geometry": {
        "type": "Polygon",
        "coordinates": [
          [
            [
              2611.49741619289,
              4253.202238700415
            ],
            [
              2657.7833805844634,
              4245.04077435007
            ],
            [
              2660.3881032494673,
              4259.812890645253
            ],
            [
              2614.102138857894,
              4267.974354995598
            ],
            [
              2611.49741619289,
              4253.202238700415
            ]
          ]
        ]
      },
      "properties": {
        "id": "462",
        "lote": "462",
        "estatus": "disponible",
        "paquete": null,
        "seccion": "PLATA",
        "manzana": "J",
        "manzanaId": "J"
      }
    },
    {
      "type": "Feature",
      "geometry": {
        "type": "Polygon",
        "coordinates": [
          [
            [
              2664.6770348555488,
              4243.825237106401
            ],
            [
              2710.9629992471228,
              4235.663772756056
            ],
            [
              2713.5677219121267,
              4250.4358890512385
            ],
            [
              2667.281757520553,
              4258.597353401585
            ],
            [
              2664.6770348555488,
              4243.825237106401
            ]
          ]
        ]
      },
      "properties": {
        "id": "452",
        "lote": "452",
        "estatus": "disponible",
        "paquete": null,
        "seccion": "PLATA",
        "manzana": "J",
        "manzanaId": "J"
      }
    },
    {
      "type": "Feature",
      "geometry": {
        "type": "Polygon",
        "coordinates": [
          [
            [
              2455.6051719359175,
              4302.014206295715
            ],
            [
              2501.8911363274915,
              4293.8527419453685
            ],
            [
              2504.4958589924954,
              4308.624858240552
            ],
            [
              2458.2098946009214,
              4316.786322590898
            ],
            [
              2455.6051719359175,
              4302.014206295715
            ]
          ]
        ]
      },
      "properties": {
        "id": "491",
        "lote": "491",
        "estatus": "disponible",
        "paquete": null,
        "seccion": "PLATA",
        "manzana": "J",
        "manzanaId": "J"
      }
    },
    {
      "type": "Feature",
      "geometry": {
        "type": "Polygon",
        "coordinates": [
          [
            [
              2508.784790598577,
              4292.6372047017
            ],
            [
              2555.0707549901504,
              4284.475740351355
            ],
            [
              2557.6754776551547,
              4299.247856646538
            ],
            [
              2511.3895132635807,
              4307.409320996883
            ],
            [
              2508.784790598577,
              4292.6372047017
            ]
          ]
        ]
      },
      "properties": {
        "id": "481",
        "lote": "481",
        "estatus": "disponible",
        "paquete": null,
        "seccion": "PLATA",
        "manzana": "J",
        "manzanaId": "J"
      }
    },
    {
      "type": "Feature",
      "geometry": {
        "type": "Polygon",
        "coordinates": [
          [
            [
              2561.964409261236,
              4283.260203107686
            ],
            [
              2608.2503736528097,
              4275.0987387573405
            ],
            [
              2610.8550963178136,
              4289.870855052523
            ],
            [
              2564.56913192624,
              4298.03231940287
            ],
            [
              2561.964409261236,
              4283.260203107686
            ]
          ]
        ]
      },
      "properties": {
        "id": "471",
        "lote": "471",
        "estatus": "disponible",
        "paquete": null,
        "seccion": "PLATA",
        "manzana": "J",
        "manzanaId": "J"
      }
    },
    {
      "type": "Feature",
      "geometry": {
        "type": "Polygon",
        "coordinates": [
          [
            [
              2615.1440279238955,
              4273.883201513672
            ],
            [
              2661.429992315469,
              4265.721737163326
            ],
            [
              2664.034714980473,
              4280.493853458509
            ],
            [
              2617.7487505888994,
              4288.655317808855
            ],
            [
              2615.1440279238955,
              4273.883201513672
            ]
          ]
        ]
      },
      "properties": {
        "id": "461",
        "lote": "461",
        "estatus": "disponible",
        "paquete": null,
        "seccion": "PLATA",
        "manzana": "J",
        "manzanaId": "J"
      }
    },
    {
      "type": "Feature",
      "geometry": {
        "type": "Polygon",
        "coordinates": [
          [
            [
              2668.3236465865543,
              4264.506199919658
            ],
            [
              2714.6096109781283,
              4256.3447355693115
            ],
            [
              2717.2143336431322,
              4271.116851864495
            ],
            [
              2670.9283692515583,
              4279.278316214841
            ],
            [
              2668.3236465865543,
              4264.506199919658
            ]
          ]
        ]
      },
      "properties": {
        "id": "451",
        "lote": "451",
        "estatus": "disponible",
        "paquete": null,
        "seccion": "PLATA",
        "manzana": "J",
        "manzanaId": "J"
      }
    },
    {
      "type": "Feature",
      "geometry": {
        "type": "Polygon",
        "coordinates": [
          [
            [
              2382.2856663568678,
              3883.384942766182
            ],
            [
              2428.5716307484417,
              3875.2234784158363
            ],
            [
              2431.1763534134457,
              3889.9955947110193
            ],
            [
              2384.8903890218717,
              3898.157059061365
            ],
            [
              2382.2856663568678,
              3883.384942766182
            ]
          ]
        ]
      },
      "properties": {
        "id": "550",
        "lote": "550",
        "estatus": "disponible",
        "paquete": null,
        "seccion": "PLATA",
        "manzana": "K",
        "manzanaId": "K"
      }
    },
    {
      "type": "Feature",
      "geometry": {
        "type": "Polygon",
        "coordinates": [
          [
            [
              2435.465285019527,
              3874.007941172168
            ],
            [
              2481.7512494111006,
              3865.8464768218223
            ],
            [
              2484.3559720761045,
              3880.6185931170053
            ],
            [
              2438.070007684531,
              3888.780057467351
            ],
            [
              2435.465285019527,
              3874.007941172168
            ]
          ]
        ]
      },
      "properties": {
        "id": "540",
        "lote": "540",
        "estatus": "disponible",
        "paquete": null,
        "seccion": "PLATA",
        "manzana": "K",
        "manzanaId": "K"
      }
    },
    {
      "type": "Feature",
      "geometry": {
        "type": "Polygon",
        "coordinates": [
          [
            [
              2488.6449036821864,
              3864.6309395781536
            ],
            [
              2534.93086807376,
              3856.469475227808
            ],
            [
              2537.535590738764,
              3871.2415915229913
            ],
            [
              2491.2496263471903,
              3879.4030558733366
            ],
            [
              2488.6449036821864,
              3864.6309395781536
            ]
          ]
        ]
      },
      "properties": {
        "id": "530",
        "lote": "530",
        "estatus": "disponible",
        "paquete": null,
        "seccion": "PLATA",
        "manzana": "K",
        "manzanaId": "K"
      }
    },
    {
      "type": "Feature",
      "geometry": {
        "type": "Polygon",
        "coordinates": [
          [
            [
              2541.8245223448453,
              3855.2539379841396
            ],
            [
              2588.1104867364193,
              3847.092473633794
            ],
            [
              2590.715209401423,
              3861.864589928977
            ],
            [
              2544.4292450098496,
              3870.0260542793226
            ],
            [
              2541.8245223448453,
              3855.2539379841396
            ]
          ]
        ]
      },
      "properties": {
        "id": "520",
        "lote": "520",
        "estatus": "disponible",
        "paquete": null,
        "seccion": "PLATA",
        "manzana": "K",
        "manzanaId": "K"
      }
    },
    {
      "type": "Feature",
      "geometry": {
        "type": "Polygon",
        "coordinates": [
          [
            [
              2595.0041410075046,
              3845.876936390125
            ],
            [
              2641.2901053990786,
              3837.7154720397793
            ],
            [
              2643.8948280640825,
              3852.4875883349628
            ],
            [
              2597.6088636725085,
              3860.649052685308
            ],
            [
              2595.0041410075046,
              3845.876936390125
            ]
          ]
        ]
      },
      "properties": {
        "id": "510",
        "lote": "510",
        "estatus": "disponible",
        "paquete": null,
        "seccion": "PLATA",
        "manzana": "K",
        "manzanaId": "K"
      }
    },
    {
      "type": "Feature",
      "geometry": {
        "type": "Polygon",
        "coordinates": [
          [
            [
              2385.9322780878733,
              3904.0659055794385
            ],
            [
              2432.218242479447,
              3895.9044412290928
            ],
            [
              2434.8229651444512,
              3910.6765575242757
            ],
            [
              2388.5370007528772,
              3918.8380218746215
            ],
            [
              2385.9322780878733,
              3904.0659055794385
            ]
          ]
        ]
      },
      "properties": {
        "id": "549",
        "lote": "549",
        "estatus": "disponible",
        "paquete": null,
        "seccion": "PLATA",
        "manzana": "K",
        "manzanaId": "K"
      }
    },
    {
      "type": "Feature",
      "geometry": {
        "type": "Polygon",
        "coordinates": [
          [
            [
              2439.1118967505327,
              3894.688903985424
            ],
            [
              2485.397861142106,
              3886.5274396350787
            ],
            [
              2488.00258380711,
              3901.2995559302617
            ],
            [
              2441.7166194155366,
              3909.4610202806075
            ],
            [
              2439.1118967505327,
              3894.688903985424
            ]
          ]
        ]
      },
      "properties": {
        "id": "539",
        "lote": "539",
        "estatus": "disponible",
        "paquete": null,
        "seccion": "PLATA",
        "manzana": "K",
        "manzanaId": "K"
      }
    },
    {
      "type": "Feature",
      "geometry": {
        "type": "Polygon",
        "coordinates": [
          [
            [
              2492.291515413192,
              3885.31190239141
            ],
            [
              2538.5774798047655,
              3877.1504380410643
            ],
            [
              2541.1822024697694,
              3891.9225543362472
            ],
            [
              2494.896238078196,
              3900.084018686593
            ],
            [
              2492.291515413192,
              3885.31190239141
            ]
          ]
        ]
      },
      "properties": {
        "id": "529",
        "lote": "529",
        "estatus": "disponible",
        "paquete": null,
        "seccion": "PLATA",
        "manzana": "K",
        "manzanaId": "K"
      }
    },
    {
      "type": "Feature",
      "geometry": {
        "type": "Polygon",
        "coordinates": [
          [
            [
              2545.471134075851,
              3875.9349007973956
            ],
            [
              2591.757098467425,
              3867.7734364470502
            ],
            [
              2594.3618211324288,
              3882.545552742233
            ],
            [
              2548.0758567408548,
              3890.707017092579
            ],
            [
              2545.471134075851,
              3875.9349007973956
            ]
          ]
        ]
      },
      "properties": {
        "id": "519",
        "lote": "519",
        "estatus": "disponible",
        "paquete": null,
        "seccion": "PLATA",
        "manzana": "K",
        "manzanaId": "K"
      }
    },
    {
      "type": "Feature",
      "geometry": {
        "type": "Polygon",
        "coordinates": [
          [
            [
              2598.65075273851,
              3866.5578992033816
            ],
            [
              2644.936717130084,
              3858.3964348530358
            ],
            [
              2647.541439795088,
              3873.1685511482187
            ],
            [
              2601.255475403514,
              3881.3300154985645
            ],
            [
              2598.65075273851,
              3866.5578992033816
            ]
          ]
        ]
      },
      "properties": {
        "id": "509",
        "lote": "509",
        "estatus": "disponible",
        "paquete": null,
        "seccion": "PLATA",
        "manzana": "K",
        "manzanaId": "K"
      }
    },
    {
      "type": "Feature",
      "geometry": {
        "type": "Polygon",
        "coordinates": [
          [
            [
              2389.578889818879,
              3924.746868392695
            ],
            [
              2435.8648542104524,
              3916.585404042349
            ],
            [
              2438.4695768754564,
              3931.357520337532
            ],
            [
              2392.183612483883,
              3939.518984687878
            ],
            [
              2389.578889818879,
              3924.746868392695
            ]
          ]
        ]
      },
      "properties": {
        "id": "548",
        "lote": "548",
        "estatus": "disponible",
        "paquete": null,
        "seccion": "PLATA",
        "manzana": "K",
        "manzanaId": "K"
      }
    },
    {
      "type": "Feature",
      "geometry": {
        "type": "Polygon",
        "coordinates": [
          [
            [
              2442.7585084815382,
              3915.3698667986805
            ],
            [
              2489.0444728731118,
              3907.2084024483347
            ],
            [
              2491.6491955381157,
              3921.980518743518
            ],
            [
              2445.363231146542,
              3930.141983093864
            ],
            [
              2442.7585084815382,
              3915.3698667986805
            ]
          ]
        ]
      },
      "properties": {
        "id": "538",
        "lote": "538",
        "estatus": "disponible",
        "paquete": null,
        "seccion": "PLATA",
        "manzana": "K",
        "manzanaId": "K"
      }
    },
    {
      "type": "Feature",
      "geometry": {
        "type": "Polygon",
        "coordinates": [
          [
            [
              2495.938127144197,
              3905.9928652046665
            ],
            [
              2542.224091535771,
              3897.8314008543207
            ],
            [
              2544.828814200775,
              3912.6035171495037
            ],
            [
              2498.542849809201,
              3920.7649814998495
            ],
            [
              2495.938127144197,
              3905.9928652046665
            ]
          ]
        ]
      },
      "properties": {
        "id": "528",
        "lote": "528",
        "estatus": "disponible",
        "paquete": null,
        "seccion": "PLATA",
        "manzana": "K",
        "manzanaId": "K"
      }
    },
    {
      "type": "Feature",
      "geometry": {
        "type": "Polygon",
        "coordinates": [
          [
            [
              2549.1177458068564,
              3896.615863610652
            ],
            [
              2595.4037101984304,
              3888.454399260306
            ],
            [
              2598.0084328634343,
              3903.2265155554896
            ],
            [
              2551.7224684718603,
              3911.3879799058354
            ],
            [
              2549.1177458068564,
              3896.615863610652
            ]
          ]
        ]
      },
      "properties": {
        "id": "518",
        "lote": "518",
        "estatus": "disponible",
        "paquete": null,
        "seccion": "PLATA",
        "manzana": "K",
        "manzanaId": "K"
      }
    },
    {
      "type": "Feature",
      "geometry": {
        "type": "Polygon",
        "coordinates": [
          [
            [
              2602.2973644695157,
              3887.238862016638
            ],
            [
              2648.5833288610897,
              3879.077397666292
            ],
            [
              2651.1880515260937,
              3893.849513961475
            ],
            [
              2604.9020871345197,
              3902.010978311821
            ],
            [
              2602.2973644695157,
              3887.238862016638
            ]
          ]
        ]
      },
      "properties": {
        "id": "508",
        "lote": "508",
        "estatus": "disponible",
        "paquete": null,
        "seccion": "PLATA",
        "manzana": "K",
        "manzanaId": "K"
      }
    },
    {
      "type": "Feature",
      "geometry": {
        "type": "Polygon",
        "coordinates": [
          [
            [
              2393.2255015498845,
              3945.4278312059514
            ],
            [
              2439.511465941458,
              3937.2663668556056
            ],
            [
              2442.116188606462,
              3952.0384831507886
            ],
            [
              2395.8302242148884,
              3960.1999475011344
            ],
            [
              2393.2255015498845,
              3945.4278312059514
            ]
          ]
        ]
      },
      "properties": {
        "id": "547",
        "lote": "547",
        "estatus": "disponible",
        "paquete": null,
        "seccion": "PLATA",
        "manzana": "K",
        "manzanaId": "K"
      }
    },
    {
      "type": "Feature",
      "geometry": {
        "type": "Polygon",
        "coordinates": [
          [
            [
              2446.405120212544,
              3936.050829611937
            ],
            [
              2492.6910846041173,
              3927.889365261591
            ],
            [
              2495.2958072691213,
              3942.6614815567746
            ],
            [
              2449.0098428775477,
              3950.82294590712
            ],
            [
              2446.405120212544,
              3936.050829611937
            ]
          ]
        ]
      },
      "properties": {
        "id": "537",
        "lote": "537",
        "estatus": "disponible",
        "paquete": null,
        "seccion": "PLATA",
        "manzana": "K",
        "manzanaId": "K"
      }
    },
    {
      "type": "Feature",
      "geometry": {
        "type": "Polygon",
        "coordinates": [
          [
            [
              2499.5847388752027,
              3926.673828017923
            ],
            [
              2545.8707032667767,
              3918.512363667577
            ],
            [
              2548.4754259317806,
              3933.28447996276
            ],
            [
              2502.1894615402066,
              3941.445944313106
            ],
            [
              2499.5847388752027,
              3926.673828017923
            ]
          ]
        ]
      },
      "properties": {
        "id": "527",
        "lote": "527",
        "estatus": "disponible",
        "paquete": null,
        "seccion": "PLATA",
        "manzana": "K",
        "manzanaId": "K"
      }
    },
    {
      "type": "Feature",
      "geometry": {
        "type": "Polygon",
        "coordinates": [
          [
            [
              2552.764357537862,
              3917.2968264239084
            ],
            [
              2599.050321929436,
              3909.1353620735626
            ],
            [
              2601.65504459444,
              3923.907478368746
            ],
            [
              2555.369080202866,
              3932.068942719092
            ],
            [
              2552.764357537862,
              3917.2968264239084
            ]
          ]
        ]
      },
      "properties": {
        "id": "517",
        "lote": "517",
        "estatus": "disponible",
        "paquete": null,
        "seccion": "PLATA",
        "manzana": "K",
        "manzanaId": "K"
      }
    },
    {
      "type": "Feature",
      "geometry": {
        "type": "Polygon",
        "coordinates": [
          [
            [
              2605.9439762005213,
              3907.9198248298944
            ],
            [
              2652.2299405920953,
              3899.7583604795486
            ],
            [
              2654.834663257099,
              3914.5304767747316
            ],
            [
              2608.5486988655252,
              3922.6919411250774
            ],
            [
              2605.9439762005213,
              3907.9198248298944
            ]
          ]
        ]
      },
      "properties": {
        "id": "507",
        "lote": "507",
        "estatus": "disponible",
        "paquete": null,
        "seccion": "PLATA",
        "manzana": "K",
        "manzanaId": "K"
      }
    },
    {
      "type": "Feature",
      "geometry": {
        "type": "Polygon",
        "coordinates": [
          [
            [
              2396.87211328089,
              3966.1087940192074
            ],
            [
              2443.1580776724636,
              3957.947329668862
            ],
            [
              2445.7628003374675,
              3972.719445964045
            ],
            [
              2399.476835945894,
              3980.880910314391
            ],
            [
              2396.87211328089,
              3966.1087940192074
            ]
          ]
        ]
      },
      "properties": {
        "id": "546",
        "lote": "546",
        "estatus": "disponible",
        "paquete": null,
        "seccion": "PLATA",
        "manzana": "K",
        "manzanaId": "K"
      }
    },
    {
      "type": "Feature",
      "geometry": {
        "type": "Polygon",
        "coordinates": [
          [
            [
              2450.051731943549,
              3956.7317924251934
            ],
            [
              2496.337696335123,
              3948.5703280748476
            ],
            [
              2498.942419000127,
              3963.3424443700305
            ],
            [
              2452.6564546085533,
              3971.5039087203763
            ],
            [
              2450.051731943549,
              3956.7317924251934
            ]
          ]
        ]
      },
      "properties": {
        "id": "536",
        "lote": "536",
        "estatus": "disponible",
        "paquete": null,
        "seccion": "PLATA",
        "manzana": "K",
        "manzanaId": "K"
      }
    },
    {
      "type": "Feature",
      "geometry": {
        "type": "Polygon",
        "coordinates": [
          [
            [
              2503.2313506062083,
              3947.3547908311793
            ],
            [
              2549.5173149977823,
              3939.1933264808335
            ],
            [
              2552.122037662786,
              3953.9654427760165
            ],
            [
              2505.836073271212,
              3962.1269071263623
            ],
            [
              2503.2313506062083,
              3947.3547908311793
            ]
          ]
        ]
      },
      "properties": {
        "id": "526",
        "lote": "526",
        "estatus": "disponible",
        "paquete": null,
        "seccion": "PLATA",
        "manzana": "K",
        "manzanaId": "K"
      }
    },
    {
      "type": "Feature",
      "geometry": {
        "type": "Polygon",
        "coordinates": [
          [
            [
              2556.4109692688676,
              3937.977789237165
            ],
            [
              2602.6969336604416,
              3929.816324886819
            ],
            [
              2605.3016563254455,
              3944.5884411820025
            ],
            [
              2559.0156919338715,
              3952.749905532348
            ],
            [
              2556.4109692688676,
              3937.977789237165
            ]
          ]
        ]
      },
      "properties": {
        "id": "516",
        "lote": "516",
        "estatus": "disponible",
        "paquete": null,
        "seccion": "PLATA",
        "manzana": "K",
        "manzanaId": "K"
      }
    },
    {
      "type": "Feature",
      "geometry": {
        "type": "Polygon",
        "coordinates": [
          [
            [
              2609.590587931527,
              3928.600787643151
            ],
            [
              2655.8765523231004,
              3920.439323292805
            ],
            [
              2658.4812749881044,
              3935.211439587988
            ],
            [
              2612.195310596531,
              3943.372903938334
            ],
            [
              2609.590587931527,
              3928.600787643151
            ]
          ]
        ]
      },
      "properties": {
        "id": "506",
        "lote": "506",
        "estatus": "disponible",
        "paquete": null,
        "seccion": "PLATA",
        "manzana": "K",
        "manzanaId": "K"
      }
    },
    {
      "type": "Feature",
      "geometry": {
        "type": "Polygon",
        "coordinates": [
          [
            [
              2400.5187250118956,
              3986.789756832464
            ],
            [
              2446.804689403469,
              3978.628292482118
            ],
            [
              2449.409412068473,
              3993.4004087773014
            ],
            [
              2403.1234476768996,
              4001.5618731276472
            ],
            [
              2400.5187250118956,
              3986.789756832464
            ]
          ]
        ]
      },
      "properties": {
        "id": "545",
        "lote": "545",
        "estatus": "disponible",
        "paquete": null,
        "seccion": "PLATA",
        "manzana": "K",
        "manzanaId": "K"
      }
    },
    {
      "type": "Feature",
      "geometry": {
        "type": "Polygon",
        "coordinates": [
          [
            [
              2453.6983436745545,
              3977.41275523845
            ],
            [
              2499.9843080661285,
              3969.251290888104
            ],
            [
              2502.5890307311324,
              3984.023407183287
            ],
            [
              2456.3030663395584,
              3992.1848715336328
            ],
            [
              2453.6983436745545,
              3977.41275523845
            ]
          ]
        ]
      },
      "properties": {
        "id": "535",
        "lote": "535",
        "estatus": "disponible",
        "paquete": null,
        "seccion": "PLATA",
        "manzana": "K",
        "manzanaId": "K"
      }
    },
    {
      "type": "Feature",
      "geometry": {
        "type": "Polygon",
        "coordinates": [
          [
            [
              2506.877962337214,
              3968.0357536444353
            ],
            [
              2553.163926728788,
              3959.87428929409
            ],
            [
              2555.7686493937917,
              3974.646405589273
            ],
            [
              2509.4826850022177,
              3982.8078699396187
            ],
            [
              2506.877962337214,
              3968.0357536444353
            ]
          ]
        ]
      },
      "properties": {
        "id": "525",
        "lote": "525",
        "estatus": "disponible",
        "paquete": null,
        "seccion": "PLATA",
        "manzana": "K",
        "manzanaId": "K"
      }
    },
    {
      "type": "Feature",
      "geometry": {
        "type": "Polygon",
        "coordinates": [
          [
            [
              2560.057580999873,
              3958.6587520504213
            ],
            [
              2606.3435453914467,
              3950.4972877000755
            ],
            [
              2608.948268056451,
              3965.2694039952585
            ],
            [
              2562.662303664877,
              3973.4308683456043
            ],
            [
              2560.057580999873,
              3958.6587520504213
            ]
          ]
        ]
      },
      "properties": {
        "id": "515",
        "lote": "515",
        "estatus": "disponible",
        "paquete": null,
        "seccion": "PLATA",
        "manzana": "K",
        "manzanaId": "K"
      }
    },
    {
      "type": "Feature",
      "geometry": {
        "type": "Polygon",
        "coordinates": [
          [
            [
              2613.2371996625325,
              3949.281750456407
            ],
            [
              2659.523164054106,
              3941.1202861060615
            ],
            [
              2662.12788671911,
              3955.8924024012445
            ],
            [
              2615.8419223275364,
              3964.0538667515902
            ],
            [
              2613.2371996625325,
              3949.281750456407
            ]
          ]
        ]
      },
      "properties": {
        "id": "505",
        "lote": "505",
        "estatus": "disponible",
        "paquete": null,
        "seccion": "PLATA",
        "manzana": "K",
        "manzanaId": "K"
      }
    },
    {
      "type": "Feature",
      "geometry": {
        "type": "Polygon",
        "coordinates": [
          [
            [
              2404.1653367429008,
              4007.4707196457202
            ],
            [
              2450.4513011344748,
              3999.3092552953744
            ],
            [
              2453.0560237994787,
              4014.081371590558
            ],
            [
              2406.770059407905,
              4022.2428359409037
            ],
            [
              2404.1653367429008,
              4007.4707196457202
            ]
          ]
        ]
      },
      "properties": {
        "id": "544",
        "lote": "544",
        "estatus": "disponible",
        "paquete": null,
        "seccion": "PLATA",
        "manzana": "K",
        "manzanaId": "K"
      }
    },
    {
      "type": "Feature",
      "geometry": {
        "type": "Polygon",
        "coordinates": [
          [
            [
              2457.34495540556,
              3998.093718051706
            ],
            [
              2503.630919797134,
              3989.9322537013604
            ],
            [
              2506.235642462138,
              4004.7043699965434
            ],
            [
              2459.949678070564,
              4012.865834346889
            ],
            [
              2457.34495540556,
              3998.093718051706
            ]
          ]
        ]
      },
      "properties": {
        "id": "534",
        "lote": "534",
        "estatus": "disponible",
        "paquete": null,
        "seccion": "PLATA",
        "manzana": "K",
        "manzanaId": "K"
      }
    },
    {
      "type": "Feature",
      "geometry": {
        "type": "Polygon",
        "coordinates": [
          [
            [
              2510.5245740682194,
              3988.7167164576917
            ],
            [
              2556.8105384597934,
              3980.555252107346
            ],
            [
              2559.4152611247973,
              3995.3273684025294
            ],
            [
              2513.1292967332233,
              4003.488832752875
            ],
            [
              2510.5245740682194,
              3988.7167164576917
            ]
          ]
        ]
      },
      "properties": {
        "id": "524",
        "lote": "524",
        "estatus": "disponible",
        "paquete": null,
        "seccion": "PLATA",
        "manzana": "K",
        "manzanaId": "K"
      }
    },
    {
      "type": "Feature",
      "geometry": {
        "type": "Polygon",
        "coordinates": [
          [
            [
              2563.7041927308787,
              3979.3397148636777
            ],
            [
              2609.9901571224523,
              3971.178250513332
            ],
            [
              2612.5948797874566,
              3985.950366808515
            ],
            [
              2566.3089153958827,
              3994.1118311588607
            ],
            [
              2563.7041927308787,
              3979.3397148636777
            ]
          ]
        ]
      },
      "properties": {
        "id": "514",
        "lote": "514",
        "estatus": "disponible",
        "paquete": null,
        "seccion": "PLATA",
        "manzana": "K",
        "manzanaId": "K"
      }
    },
    {
      "type": "Feature",
      "geometry": {
        "type": "Polygon",
        "coordinates": [
          [
            [
              2616.883811393538,
              3969.9627132696633
            ],
            [
              2663.1697757851116,
              3961.8012489193175
            ],
            [
              2665.7744984501155,
              3976.573365214501
            ],
            [
              2619.488534058542,
              3984.7348295648467
            ],
            [
              2616.883811393538,
              3969.9627132696633
            ]
          ]
        ]
      },
      "properties": {
        "id": "504",
        "lote": "504",
        "estatus": "disponible",
        "paquete": null,
        "seccion": "PLATA",
        "manzana": "K",
        "manzanaId": "K"
      }
    },
    {
      "type": "Feature",
      "geometry": {
        "type": "Polygon",
        "coordinates": [
          [
            [
              2407.8119484739063,
              4028.1516824589767
            ],
            [
              2454.0979128654803,
              4019.990218108631
            ],
            [
              2456.7026355304843,
              4034.7623344038143
            ],
            [
              2410.4166711389103,
              4042.9237987541596
            ],
            [
              2407.8119484739063,
              4028.1516824589767
            ]
          ]
        ]
      },
      "properties": {
        "id": "543",
        "lote": "543",
        "estatus": "disponible",
        "paquete": null,
        "seccion": "PLATA",
        "manzana": "K",
        "manzanaId": "K"
      }
    },
    {
      "type": "Feature",
      "geometry": {
        "type": "Polygon",
        "coordinates": [
          [
            [
              2460.9915671365657,
              4018.7746808649626
            ],
            [
              2507.2775315281397,
              4010.613216514617
            ],
            [
              2509.8822541931436,
              4025.3853328098
            ],
            [
              2463.5962898015696,
              4033.5467971601456
            ],
            [
              2460.9915671365657,
              4018.7746808649626
            ]
          ]
        ]
      },
      "properties": {
        "id": "533",
        "lote": "533",
        "estatus": "disponible",
        "paquete": null,
        "seccion": "PLATA",
        "manzana": "K",
        "manzanaId": "K"
      }
    },
    {
      "type": "Feature",
      "geometry": {
        "type": "Polygon",
        "coordinates": [
          [
            [
              2514.171185799225,
              4009.397679270948
            ],
            [
              2560.457150190799,
              4001.2362149206024
            ],
            [
              2563.061872855803,
              4016.008331215786
            ],
            [
              2516.775908464229,
              4024.169795566131
            ],
            [
              2514.171185799225,
              4009.397679270948
            ]
          ]
        ]
      },
      "properties": {
        "id": "523",
        "lote": "523",
        "estatus": "disponible",
        "paquete": null,
        "seccion": "PLATA",
        "manzana": "K",
        "manzanaId": "K"
      }
    },
    {
      "type": "Feature",
      "geometry": {
        "type": "Polygon",
        "coordinates": [
          [
            [
              2567.3508044618843,
              4000.020677676934
            ],
            [
              2613.636768853458,
              3991.8592133265884
            ],
            [
              2616.2414915184618,
              4006.6313296217713
            ],
            [
              2569.9555271268882,
              4014.792793972117
            ],
            [
              2567.3508044618843,
              4000.020677676934
            ]
          ]
        ]
      },
      "properties": {
        "id": "513",
        "lote": "513",
        "estatus": "disponible",
        "paquete": null,
        "seccion": "PLATA",
        "manzana": "K",
        "manzanaId": "K"
      }
    },
    {
      "type": "Feature",
      "geometry": {
        "type": "Polygon",
        "coordinates": [
          [
            [
              2620.5304231245436,
              3990.6436760829197
            ],
            [
              2666.816387516117,
              3982.482211732574
            ],
            [
              2669.421110181121,
              3997.2543280277573
            ],
            [
              2623.1351457895476,
              4005.415792378103
            ],
            [
              2620.5304231245436,
              3990.6436760829197
            ]
          ]
        ]
      },
      "properties": {
        "id": "503",
        "lote": "503",
        "estatus": "disponible",
        "paquete": null,
        "seccion": "PLATA",
        "manzana": "K",
        "manzanaId": "K"
      }
    },
    {
      "type": "Feature",
      "geometry": {
        "type": "Polygon",
        "coordinates": [
          [
            [
              2411.458560204912,
              4048.832645272233
            ],
            [
              2457.744524596486,
              4040.6711809218873
            ],
            [
              2460.34924726149,
              4055.4432972170703
            ],
            [
              2414.063282869916,
              4063.604761567416
            ],
            [
              2411.458560204912,
              4048.832645272233
            ]
          ]
        ]
      },
      "properties": {
        "id": "542",
        "lote": "542",
        "estatus": "disponible",
        "paquete": null,
        "seccion": "PLATA",
        "manzana": "K",
        "manzanaId": "K"
      }
    },
    {
      "type": "Feature",
      "geometry": {
        "type": "Polygon",
        "coordinates": [
          [
            [
              2464.6381788675712,
              4039.4556436782186
            ],
            [
              2510.9241432591452,
              4031.2941793278733
            ],
            [
              2513.528865924149,
              4046.0662956230562
            ],
            [
              2467.242901532575,
              4054.227759973402
            ],
            [
              2464.6381788675712,
              4039.4556436782186
            ]
          ]
        ]
      },
      "properties": {
        "id": "532",
        "lote": "532",
        "estatus": "disponible",
        "paquete": null,
        "seccion": "PLATA",
        "manzana": "K",
        "manzanaId": "K"
      }
    },
    {
      "type": "Feature",
      "geometry": {
        "type": "Polygon",
        "coordinates": [
          [
            [
              2517.8177975302306,
              4030.0786420842046
            ],
            [
              2564.103761921804,
              4021.917177733859
            ],
            [
              2566.708484586808,
              4036.689294029042
            ],
            [
              2520.4225201952345,
              4044.8507583793876
            ],
            [
              2517.8177975302306,
              4030.0786420842046
            ]
          ]
        ]
      },
      "properties": {
        "id": "522",
        "lote": "522",
        "estatus": "disponible",
        "paquete": null,
        "seccion": "PLATA",
        "manzana": "K",
        "manzanaId": "K"
      }
    },
    {
      "type": "Feature",
      "geometry": {
        "type": "Polygon",
        "coordinates": [
          [
            [
              2570.99741619289,
              4020.7016404901906
            ],
            [
              2617.2833805844634,
              4012.540176139845
            ],
            [
              2619.8881032494673,
              4027.3122924350278
            ],
            [
              2573.602138857894,
              4035.4737567853736
            ],
            [
              2570.99741619289,
              4020.7016404901906
            ]
          ]
        ]
      },
      "properties": {
        "id": "512",
        "lote": "512",
        "estatus": "disponible",
        "paquete": null,
        "seccion": "PLATA",
        "manzana": "K",
        "manzanaId": "K"
      }
    },
    {
      "type": "Feature",
      "geometry": {
        "type": "Polygon",
        "coordinates": [
          [
            [
              2624.1770348555488,
              4011.324638896176
            ],
            [
              2670.4629992471228,
              4003.1631745458303
            ],
            [
              2673.0677219121267,
              4017.9352908410137
            ],
            [
              2626.781757520553,
              4026.096755191359
            ],
            [
              2624.1770348555488,
              4011.324638896176
            ]
          ]
        ]
      },
      "properties": {
        "id": "502",
        "lote": "502",
        "estatus": "disponible",
        "paquete": null,
        "seccion": "PLATA",
        "manzana": "K",
        "manzanaId": "K"
      }
    },
    {
      "type": "Feature",
      "geometry": {
        "type": "Polygon",
        "coordinates": [
          [
            [
              2415.1051719359175,
              4069.5136080854895
            ],
            [
              2461.3911363274915,
              4061.3521437351437
            ],
            [
              2463.9958589924954,
              4076.1242600303267
            ],
            [
              2417.7098946009214,
              4084.2857243806725
            ],
            [
              2415.1051719359175,
              4069.5136080854895
            ]
          ]
        ]
      },
      "properties": {
        "id": "541",
        "lote": "541",
        "estatus": "disponible",
        "paquete": null,
        "seccion": "PLATA",
        "manzana": "K",
        "manzanaId": "K"
      }
    },
    {
      "type": "Feature",
      "geometry": {
        "type": "Polygon",
        "coordinates": [
          [
            [
              2468.284790598577,
              4060.136606491475
            ],
            [
              2514.5707549901504,
              4051.9751421411293
            ],
            [
              2517.1754776551547,
              4066.7472584363127
            ],
            [
              2470.8895132635807,
              4074.9087227866585
            ],
            [
              2468.284790598577,
              4060.136606491475
            ]
          ]
        ]
      },
      "properties": {
        "id": "531",
        "lote": "531",
        "estatus": "disponible",
        "paquete": null,
        "seccion": "PLATA",
        "manzana": "K",
        "manzanaId": "K"
      }
    },
    {
      "type": "Feature",
      "geometry": {
        "type": "Polygon",
        "coordinates": [
          [
            [
              2521.464409261236,
              4050.759604897461
            ],
            [
              2567.7503736528097,
              4042.5981405471152
            ],
            [
              2570.3550963178136,
              4057.370256842298
            ],
            [
              2524.06913192624,
              4065.531721192644
            ],
            [
              2521.464409261236,
              4050.759604897461
            ]
          ]
        ]
      },
      "properties": {
        "id": "521",
        "lote": "521",
        "estatus": "disponible",
        "paquete": null,
        "seccion": "PLATA",
        "manzana": "K",
        "manzanaId": "K"
      }
    },
    {
      "type": "Feature",
      "geometry": {
        "type": "Polygon",
        "coordinates": [
          [
            [
              2574.6440279238955,
              4041.3826033034466
            ],
            [
              2620.929992315469,
              4033.221138953101
            ],
            [
              2623.534714980473,
              4047.993255248284
            ],
            [
              2577.2487505888994,
              4056.15471959863
            ],
            [
              2574.6440279238955,
              4041.3826033034466
            ]
          ]
        ]
      },
      "properties": {
        "id": "511",
        "lote": "511",
        "estatus": "disponible",
        "paquete": null,
        "seccion": "PLATA",
        "manzana": "K",
        "manzanaId": "K"
      }
    },
    {
      "type": "Feature",
      "geometry": {
        "type": "Polygon",
        "coordinates": [
          [
            [
              2627.8236465865543,
              4032.0056017094325
            ],
            [
              2674.1096109781283,
              4023.8441373590867
            ],
            [
              2676.7143336431322,
              4038.6162536542697
            ],
            [
              2630.4283692515583,
              4046.7777180046155
            ],
            [
              2627.8236465865543,
              4032.0056017094325
            ]
          ]
        ]
      },
      "properties": {
        "id": "501",
        "lote": "501",
        "estatus": "disponible",
        "paquete": null,
        "seccion": "PLATA",
        "manzana": "K",
        "manzanaId": "K"
      }
    },
    {
      "type": "Feature",
      "geometry": {
        "type": "Polygon",
        "coordinates": [
          [
            [
              2342.2856663568678,
              3651.885241871295
            ],
            [
              2388.5716307484417,
              3643.723777520949
            ],
            [
              2391.1763534134457,
              3658.495893816132
            ],
            [
              2344.8903890218717,
              3666.657358166478
            ],
            [
              2342.2856663568678,
              3651.885241871295
            ]
          ]
        ]
      },
      "properties": {
        "id": "600",
        "lote": "600",
        "estatus": "disponible",
        "paquete": null,
        "seccion": "PLATA",
        "manzana": "L",
        "manzanaId": "L"
      }
    },
    {
      "type": "Feature",
      "geometry": {
        "type": "Polygon",
        "coordinates": [
          [
            [
              2395.465285019527,
              3642.508240277281
            ],
            [
              2441.7512494111006,
              3634.346775926935
            ],
            [
              2444.3559720761045,
              3649.118892222118
            ],
            [
              2398.070007684531,
              3657.280356572464
            ],
            [
              2395.465285019527,
              3642.508240277281
            ]
          ]
        ]
      },
      "properties": {
        "id": "590",
        "lote": "590",
        "estatus": "disponible",
        "paquete": null,
        "seccion": "PLATA",
        "manzana": "L",
        "manzanaId": "L"
      }
    },
    {
      "type": "Feature",
      "geometry": {
        "type": "Polygon",
        "coordinates": [
          [
            [
              2448.6449036821864,
              3633.1312386832665
            ],
            [
              2494.93086807376,
              3624.9697743329207
            ],
            [
              2497.535590738764,
              3639.741890628104
            ],
            [
              2451.2496263471903,
              3647.9033549784494
            ],
            [
              2448.6449036821864,
              3633.1312386832665
            ]
          ]
        ]
      },
      "properties": {
        "id": "580",
        "lote": "580",
        "estatus": "disponible",
        "paquete": null,
        "seccion": "PLATA",
        "manzana": "L",
        "manzanaId": "L"
      }
    },
    {
      "type": "Feature",
      "geometry": {
        "type": "Polygon",
        "coordinates": [
          [
            [
              2501.8245223448453,
              3623.7542370892525
            ],
            [
              2548.1104867364193,
              3615.5927727389067
            ],
            [
              2550.715209401423,
              3630.3648890340896
            ],
            [
              2504.4292450098496,
              3638.5263533844354
            ],
            [
              2501.8245223448453,
              3623.7542370892525
            ]
          ]
        ]
      },
      "properties": {
        "id": "570",
        "lote": "570",
        "estatus": "disponible",
        "paquete": null,
        "seccion": "PLATA",
        "manzana": "L",
        "manzanaId": "L"
      }
    },
    {
      "type": "Feature",
      "geometry": {
        "type": "Polygon",
        "coordinates": [
          [
            [
              2555.0041410075046,
              3614.377235495238
            ],
            [
              2601.2901053990786,
              3606.215771144892
            ],
            [
              2603.8948280640825,
              3620.9878874400756
            ],
            [
              2557.6088636725085,
              3629.149351790421
            ],
            [
              2555.0041410075046,
              3614.377235495238
            ]
          ]
        ]
      },
      "properties": {
        "id": "560",
        "lote": "560",
        "estatus": "disponible",
        "paquete": null,
        "seccion": "PLATA",
        "manzana": "L",
        "manzanaId": "L"
      }
    },
    {
      "type": "Feature",
      "geometry": {
        "type": "Polygon",
        "coordinates": [
          [
            [
              2345.9322780878733,
              3672.5662046845514
            ],
            [
              2392.218242479447,
              3664.4047403342056
            ],
            [
              2394.8229651444512,
              3679.1768566293886
            ],
            [
              2348.5370007528772,
              3687.3383209797344
            ],
            [
              2345.9322780878733,
              3672.5662046845514
            ]
          ]
        ]
      },
      "properties": {
        "id": "599",
        "lote": "599",
        "estatus": "disponible",
        "paquete": null,
        "seccion": "PLATA",
        "manzana": "L",
        "manzanaId": "L"
      }
    },
    {
      "type": "Feature",
      "geometry": {
        "type": "Polygon",
        "coordinates": [
          [
            [
              2399.1118967505327,
              3663.189203090537
            ],
            [
              2445.397861142106,
              3655.0277387401916
            ],
            [
              2448.00258380711,
              3669.7998550353745
            ],
            [
              2401.7166194155366,
              3677.9613193857203
            ],
            [
              2399.1118967505327,
              3663.189203090537
            ]
          ]
        ]
      },
      "properties": {
        "id": "589",
        "lote": "589",
        "estatus": "disponible",
        "paquete": null,
        "seccion": "PLATA",
        "manzana": "L",
        "manzanaId": "L"
      }
    },
    {
      "type": "Feature",
      "geometry": {
        "type": "Polygon",
        "coordinates": [
          [
            [
              2452.291515413192,
              3653.812201496523
            ],
            [
              2498.5774798047655,
              3645.650737146177
            ],
            [
              2501.1822024697694,
              3660.42285344136
            ],
            [
              2454.896238078196,
              3668.584317791706
            ],
            [
              2452.291515413192,
              3653.812201496523
            ]
          ]
        ]
      },
      "properties": {
        "id": "579",
        "lote": "579",
        "estatus": "disponible",
        "paquete": null,
        "seccion": "PLATA",
        "manzana": "L",
        "manzanaId": "L"
      }
    },
    {
      "type": "Feature",
      "geometry": {
        "type": "Polygon",
        "coordinates": [
          [
            [
              2505.471134075851,
              3644.4351999025084
            ],
            [
              2551.757098467425,
              3636.273735552163
            ],
            [
              2554.3618211324288,
              3651.045851847346
            ],
            [
              2508.0758567408548,
              3659.207316197692
            ],
            [
              2505.471134075851,
              3644.4351999025084
            ]
          ]
        ]
      },
      "properties": {
        "id": "569",
        "lote": "569",
        "estatus": "disponible",
        "paquete": null,
        "seccion": "PLATA",
        "manzana": "L",
        "manzanaId": "L"
      }
    },
    {
      "type": "Feature",
      "geometry": {
        "type": "Polygon",
        "coordinates": [
          [
            [
              2558.65075273851,
              3635.0581983084944
            ],
            [
              2604.936717130084,
              3626.8967339581486
            ],
            [
              2607.541439795088,
              3641.6688502533316
            ],
            [
              2561.255475403514,
              3649.8303146036774
            ],
            [
              2558.65075273851,
              3635.0581983084944
            ]
          ]
        ]
      },
      "properties": {
        "id": "559",
        "lote": "559",
        "estatus": "disponible",
        "paquete": null,
        "seccion": "PLATA",
        "manzana": "L",
        "manzanaId": "L"
      }
    },
    {
      "type": "Feature",
      "geometry": {
        "type": "Polygon",
        "coordinates": [
          [
            [
              2349.578889818879,
              3693.247167497808
            ],
            [
              2395.8648542104524,
              3685.085703147462
            ],
            [
              2398.4695768754564,
              3699.857819442645
            ],
            [
              2352.183612483883,
              3708.019283792991
            ],
            [
              2349.578889818879,
              3693.247167497808
            ]
          ]
        ]
      },
      "properties": {
        "id": "598",
        "lote": "598",
        "estatus": "disponible",
        "paquete": null,
        "seccion": "PLATA",
        "manzana": "L",
        "manzanaId": "L"
      }
    },
    {
      "type": "Feature",
      "geometry": {
        "type": "Polygon",
        "coordinates": [
          [
            [
              2402.7585084815382,
              3683.8701659037933
            ],
            [
              2449.0444728731118,
              3675.7087015534476
            ],
            [
              2451.6491955381157,
              3690.480817848631
            ],
            [
              2405.363231146542,
              3698.642282198977
            ],
            [
              2402.7585084815382,
              3683.8701659037933
            ]
          ]
        ]
      },
      "properties": {
        "id": "588",
        "lote": "588",
        "estatus": "disponible",
        "paquete": null,
        "seccion": "PLATA",
        "manzana": "L",
        "manzanaId": "L"
      }
    },
    {
      "type": "Feature",
      "geometry": {
        "type": "Polygon",
        "coordinates": [
          [
            [
              2455.938127144197,
              3674.4931643097793
            ],
            [
              2502.224091535771,
              3666.3316999594335
            ],
            [
              2504.828814200775,
              3681.1038162546165
            ],
            [
              2458.542849809201,
              3689.2652806049623
            ],
            [
              2455.938127144197,
              3674.4931643097793
            ]
          ]
        ]
      },
      "properties": {
        "id": "578",
        "lote": "578",
        "estatus": "disponible",
        "paquete": null,
        "seccion": "PLATA",
        "manzana": "L",
        "manzanaId": "L"
      }
    },
    {
      "type": "Feature",
      "geometry": {
        "type": "Polygon",
        "coordinates": [
          [
            [
              2509.1177458068564,
              3665.116162715765
            ],
            [
              2555.4037101984304,
              3656.954698365419
            ],
            [
              2558.0084328634343,
              3671.7268146606025
            ],
            [
              2511.7224684718603,
              3679.8882790109483
            ],
            [
              2509.1177458068564,
              3665.116162715765
            ]
          ]
        ]
      },
      "properties": {
        "id": "568",
        "lote": "568",
        "estatus": "disponible",
        "paquete": null,
        "seccion": "PLATA",
        "manzana": "L",
        "manzanaId": "L"
      }
    },
    {
      "type": "Feature",
      "geometry": {
        "type": "Polygon",
        "coordinates": [
          [
            [
              2562.2973644695157,
              3655.739161121751
            ],
            [
              2608.5833288610897,
              3647.577696771405
            ],
            [
              2611.1880515260937,
              3662.349813066588
            ],
            [
              2564.9020871345197,
              3670.511277416934
            ],
            [
              2562.2973644695157,
              3655.739161121751
            ]
          ]
        ]
      },
      "properties": {
        "id": "558",
        "lote": "558",
        "estatus": "disponible",
        "paquete": null,
        "seccion": "PLATA",
        "manzana": "L",
        "manzanaId": "L"
      }
    },
    {
      "type": "Feature",
      "geometry": {
        "type": "Polygon",
        "coordinates": [
          [
            [
              2353.2255015498845,
              3713.9281303110643
            ],
            [
              2399.511465941458,
              3705.7666659607185
            ],
            [
              2402.116188606462,
              3720.5387822559014
            ],
            [
              2355.8302242148884,
              3728.700246606247
            ],
            [
              2353.2255015498845,
              3713.9281303110643
            ]
          ]
        ]
      },
      "properties": {
        "id": "597",
        "lote": "597",
        "estatus": "disponible",
        "paquete": null,
        "seccion": "PLATA",
        "manzana": "L",
        "manzanaId": "L"
      }
    },
    {
      "type": "Feature",
      "geometry": {
        "type": "Polygon",
        "coordinates": [
          [
            [
              2406.405120212544,
              3704.55112871705
            ],
            [
              2452.6910846041173,
              3696.389664366704
            ],
            [
              2455.2958072691213,
              3711.1617806618874
            ],
            [
              2409.0098428775477,
              3719.3232450122327
            ],
            [
              2406.405120212544,
              3704.55112871705
            ]
          ]
        ]
      },
      "properties": {
        "id": "587",
        "lote": "587",
        "estatus": "disponible",
        "paquete": null,
        "seccion": "PLATA",
        "manzana": "L",
        "manzanaId": "L"
      }
    },
    {
      "type": "Feature",
      "geometry": {
        "type": "Polygon",
        "coordinates": [
          [
            [
              2459.5847388752027,
              3695.1741271230358
            ],
            [
              2505.8707032667767,
              3687.01266277269
            ],
            [
              2508.4754259317806,
              3701.784779067873
            ],
            [
              2462.1894615402066,
              3709.9462434182187
            ],
            [
              2459.5847388752027,
              3695.1741271230358
            ]
          ]
        ]
      },
      "properties": {
        "id": "577",
        "lote": "577",
        "estatus": "disponible",
        "paquete": null,
        "seccion": "PLATA",
        "manzana": "L",
        "manzanaId": "L"
      }
    },
    {
      "type": "Feature",
      "geometry": {
        "type": "Polygon",
        "coordinates": [
          [
            [
              2512.764357537862,
              3685.7971255290213
            ],
            [
              2559.050321929436,
              3677.6356611786755
            ],
            [
              2561.65504459444,
              3692.407777473859
            ],
            [
              2515.369080202866,
              3700.5692418242043
            ],
            [
              2512.764357537862,
              3685.7971255290213
            ]
          ]
        ]
      },
      "properties": {
        "id": "567",
        "lote": "567",
        "estatus": "disponible",
        "paquete": null,
        "seccion": "PLATA",
        "manzana": "L",
        "manzanaId": "L"
      }
    },
    {
      "type": "Feature",
      "geometry": {
        "type": "Polygon",
        "coordinates": [
          [
            [
              2565.9439762005213,
              3676.4201239350073
            ],
            [
              2612.2299405920953,
              3668.2586595846615
            ],
            [
              2614.834663257099,
              3683.0307758798444
            ],
            [
              2568.5486988655252,
              3691.1922402301902
            ],
            [
              2565.9439762005213,
              3676.4201239350073
            ]
          ]
        ]
      },
      "properties": {
        "id": "557",
        "lote": "557",
        "estatus": "disponible",
        "paquete": null,
        "seccion": "PLATA",
        "manzana": "L",
        "manzanaId": "L"
      }
    },
    {
      "type": "Feature",
      "geometry": {
        "type": "Polygon",
        "coordinates": [
          [
            [
              2356.87211328089,
              3734.60909312432
            ],
            [
              2403.1580776724636,
              3726.447628773975
            ],
            [
              2405.7628003374675,
              3741.219745069158
            ],
            [
              2359.476835945894,
              3749.3812094195036
            ],
            [
              2356.87211328089,
              3734.60909312432
            ]
          ]
        ]
      },
      "properties": {
        "id": "596",
        "lote": "596",
        "estatus": "disponible",
        "paquete": null,
        "seccion": "PLATA",
        "manzana": "L",
        "manzanaId": "L"
      }
    },
    {
      "type": "Feature",
      "geometry": {
        "type": "Polygon",
        "coordinates": [
          [
            [
              2410.051731943549,
              3725.232091530306
            ],
            [
              2456.337696335123,
              3717.0706271799604
            ],
            [
              2458.942419000127,
              3731.842743475144
            ],
            [
              2412.6564546085533,
              3740.004207825489
            ],
            [
              2410.051731943549,
              3725.232091530306
            ]
          ]
        ]
      },
      "properties": {
        "id": "586",
        "lote": "586",
        "estatus": "disponible",
        "paquete": null,
        "seccion": "PLATA",
        "manzana": "L",
        "manzanaId": "L"
      }
    },
    {
      "type": "Feature",
      "geometry": {
        "type": "Polygon",
        "coordinates": [
          [
            [
              2463.2313506062083,
              3715.8550899362917
            ],
            [
              2509.5173149977823,
              3707.6936255859464
            ],
            [
              2512.122037662786,
              3722.4657418811294
            ],
            [
              2465.836073271212,
              3730.627206231475
            ],
            [
              2463.2313506062083,
              3715.8550899362917
            ]
          ]
        ]
      },
      "properties": {
        "id": "576",
        "lote": "576",
        "estatus": "disponible",
        "paquete": null,
        "seccion": "PLATA",
        "manzana": "L",
        "manzanaId": "L"
      }
    },
    {
      "type": "Feature",
      "geometry": {
        "type": "Polygon",
        "coordinates": [
          [
            [
              2516.4109692688676,
              3706.4780883422777
            ],
            [
              2562.6969336604416,
              3698.316623991932
            ],
            [
              2565.3016563254455,
              3713.0887402871153
            ],
            [
              2519.0156919338715,
              3721.2502046374607
            ],
            [
              2516.4109692688676,
              3706.4780883422777
            ]
          ]
        ]
      },
      "properties": {
        "id": "566",
        "lote": "566",
        "estatus": "disponible",
        "paquete": null,
        "seccion": "PLATA",
        "manzana": "L",
        "manzanaId": "L"
      }
    },
    {
      "type": "Feature",
      "geometry": {
        "type": "Polygon",
        "coordinates": [
          [
            [
              2569.590587931527,
              3697.1010867482637
            ],
            [
              2615.8765523231004,
              3688.939622397918
            ],
            [
              2618.4812749881044,
              3703.711738693101
            ],
            [
              2572.195310596531,
              3711.8732030434467
            ],
            [
              2569.590587931527,
              3697.1010867482637
            ]
          ]
        ]
      },
      "properties": {
        "id": "556",
        "lote": "556",
        "estatus": "disponible",
        "paquete": null,
        "seccion": "PLATA",
        "manzana": "L",
        "manzanaId": "L"
      }
    },
    {
      "type": "Feature",
      "geometry": {
        "type": "Polygon",
        "coordinates": [
          [
            [
              2360.5187250118956,
              3755.2900559375767
            ],
            [
              2406.804689403469,
              3747.1285915872313
            ],
            [
              2409.409412068473,
              3761.9007078824143
            ],
            [
              2363.1234476768996,
              3770.06217223276
            ],
            [
              2360.5187250118956,
              3755.2900559375767
            ]
          ]
        ]
      },
      "properties": {
        "id": "595",
        "lote": "595",
        "estatus": "disponible",
        "paquete": null,
        "seccion": "PLATA",
        "manzana": "L",
        "manzanaId": "L"
      }
    },
    {
      "type": "Feature",
      "geometry": {
        "type": "Polygon",
        "coordinates": [
          [
            [
              2413.6983436745545,
              3745.9130543435626
            ],
            [
              2459.9843080661285,
              3737.751589993217
            ],
            [
              2462.5890307311324,
              3752.5237062884
            ],
            [
              2416.3030663395584,
              3760.6851706387456
            ],
            [
              2413.6983436745545,
              3745.9130543435626
            ]
          ]
        ]
      },
      "properties": {
        "id": "585",
        "lote": "585",
        "estatus": "disponible",
        "paquete": null,
        "seccion": "PLATA",
        "manzana": "L",
        "manzanaId": "L"
      }
    },
    {
      "type": "Feature",
      "geometry": {
        "type": "Polygon",
        "coordinates": [
          [
            [
              2466.877962337214,
              3736.536052749548
            ],
            [
              2513.163926728788,
              3728.374588399203
            ],
            [
              2515.7686493937917,
              3743.146704694386
            ],
            [
              2469.4826850022177,
              3751.3081690447316
            ],
            [
              2466.877962337214,
              3736.536052749548
            ]
          ]
        ]
      },
      "properties": {
        "id": "575",
        "lote": "575",
        "estatus": "disponible",
        "paquete": null,
        "seccion": "PLATA",
        "manzana": "L",
        "manzanaId": "L"
      }
    },
    {
      "type": "Feature",
      "geometry": {
        "type": "Polygon",
        "coordinates": [
          [
            [
              2520.057580999873,
              3727.159051155534
            ],
            [
              2566.3435453914467,
              3718.9975868051883
            ],
            [
              2568.948268056451,
              3733.7697031003713
            ],
            [
              2522.662303664877,
              3741.931167450717
            ],
            [
              2520.057580999873,
              3727.159051155534
            ]
          ]
        ]
      },
      "properties": {
        "id": "565",
        "lote": "565",
        "estatus": "disponible",
        "paquete": null,
        "seccion": "PLATA",
        "manzana": "L",
        "manzanaId": "L"
      }
    },
    {
      "type": "Feature",
      "geometry": {
        "type": "Polygon",
        "coordinates": [
          [
            [
              2573.2371996625325,
              3717.7820495615197
            ],
            [
              2619.523164054106,
              3709.6205852111743
            ],
            [
              2622.12788671911,
              3724.3927015063573
            ],
            [
              2575.8419223275364,
              3732.554165856703
            ],
            [
              2573.2371996625325,
              3717.7820495615197
            ]
          ]
        ]
      },
      "properties": {
        "id": "555",
        "lote": "555",
        "estatus": "disponible",
        "paquete": null,
        "seccion": "PLATA",
        "manzana": "L",
        "manzanaId": "L"
      }
    },
    {
      "type": "Feature",
      "geometry": {
        "type": "Polygon",
        "coordinates": [
          [
            [
              2364.1653367429008,
              3775.971018750833
            ],
            [
              2410.4513011344748,
              3767.8095544004873
            ],
            [
              2413.0560237994787,
              3782.5816706956707
            ],
            [
              2366.770059407905,
              3790.7431350460165
            ],
            [
              2364.1653367429008,
              3775.971018750833
            ]
          ]
        ]
      },
      "properties": {
        "id": "594",
        "lote": "594",
        "estatus": "disponible",
        "paquete": null,
        "seccion": "PLATA",
        "manzana": "L",
        "manzanaId": "L"
      }
    },
    {
      "type": "Feature",
      "geometry": {
        "type": "Polygon",
        "coordinates": [
          [
            [
              2417.34495540556,
              3766.594017156819
            ],
            [
              2463.630919797134,
              3758.4325528064733
            ],
            [
              2466.235642462138,
              3773.2046691016562
            ],
            [
              2419.949678070564,
              3781.366133452002
            ],
            [
              2417.34495540556,
              3766.594017156819
            ]
          ]
        ]
      },
      "properties": {
        "id": "584",
        "lote": "584",
        "estatus": "disponible",
        "paquete": null,
        "seccion": "PLATA",
        "manzana": "L",
        "manzanaId": "L"
      }
    },
    {
      "type": "Feature",
      "geometry": {
        "type": "Polygon",
        "coordinates": [
          [
            [
              2470.5245740682194,
              3757.2170155628046
            ],
            [
              2516.8105384597934,
              3749.055551212459
            ],
            [
              2519.4152611247973,
              3763.827667507642
            ],
            [
              2473.1292967332233,
              3771.989131857988
            ],
            [
              2470.5245740682194,
              3757.2170155628046
            ]
          ]
        ]
      },
      "properties": {
        "id": "574",
        "lote": "574",
        "estatus": "disponible",
        "paquete": null,
        "seccion": "PLATA",
        "manzana": "L",
        "manzanaId": "L"
      }
    },
    {
      "type": "Feature",
      "geometry": {
        "type": "Polygon",
        "coordinates": [
          [
            [
              2523.7041927308787,
              3747.8400139687906
            ],
            [
              2569.9901571224523,
              3739.678549618445
            ],
            [
              2572.5948797874566,
              3754.4506659136277
            ],
            [
              2526.3089153958827,
              3762.6121302639735
            ],
            [
              2523.7041927308787,
              3747.8400139687906
            ]
          ]
        ]
      },
      "properties": {
        "id": "564",
        "lote": "564",
        "estatus": "disponible",
        "paquete": null,
        "seccion": "PLATA",
        "manzana": "L",
        "manzanaId": "L"
      }
    },
    {
      "type": "Feature",
      "geometry": {
        "type": "Polygon",
        "coordinates": [
          [
            [
              2576.883811393538,
              3738.463012374776
            ],
            [
              2623.1697757851116,
              3730.3015480244303
            ],
            [
              2625.7744984501155,
              3745.0736643196137
            ],
            [
              2579.488534058542,
              3753.2351286699595
            ],
            [
              2576.883811393538,
              3738.463012374776
            ]
          ]
        ]
      },
      "properties": {
        "id": "554",
        "lote": "554",
        "estatus": "disponible",
        "paquete": null,
        "seccion": "PLATA",
        "manzana": "L",
        "manzanaId": "L"
      }
    },
    {
      "type": "Feature",
      "geometry": {
        "type": "Polygon",
        "coordinates": [
          [
            [
              2367.8119484739063,
              3796.6519815640895
            ],
            [
              2414.0979128654803,
              3788.4905172137437
            ],
            [
              2416.7026355304843,
              3803.262633508927
            ],
            [
              2370.4166711389103,
              3811.4240978592725
            ],
            [
              2367.8119484739063,
              3796.6519815640895
            ]
          ]
        ]
      },
      "properties": {
        "id": "593",
        "lote": "593",
        "estatus": "disponible",
        "paquete": null,
        "seccion": "PLATA",
        "manzana": "L",
        "manzanaId": "L"
      }
    },
    {
      "type": "Feature",
      "geometry": {
        "type": "Polygon",
        "coordinates": [
          [
            [
              2420.9915671365657,
              3787.2749799700755
            ],
            [
              2467.2775315281397,
              3779.1135156197297
            ],
            [
              2469.8822541931436,
              3793.8856319149127
            ],
            [
              2423.5962898015696,
              3802.0470962652585
            ],
            [
              2420.9915671365657,
              3787.2749799700755
            ]
          ]
        ]
      },
      "properties": {
        "id": "583",
        "lote": "583",
        "estatus": "disponible",
        "paquete": null,
        "seccion": "PLATA",
        "manzana": "L",
        "manzanaId": "L"
      }
    },
    {
      "type": "Feature",
      "geometry": {
        "type": "Polygon",
        "coordinates": [
          [
            [
              2474.171185799225,
              3777.897978376061
            ],
            [
              2520.457150190799,
              3769.736514025715
            ],
            [
              2523.061872855803,
              3784.5086303208986
            ],
            [
              2476.775908464229,
              3792.6700946712444
            ],
            [
              2474.171185799225,
              3777.897978376061
            ]
          ]
        ]
      },
      "properties": {
        "id": "573",
        "lote": "573",
        "estatus": "disponible",
        "paquete": null,
        "seccion": "PLATA",
        "manzana": "L",
        "manzanaId": "L"
      }
    },
    {
      "type": "Feature",
      "geometry": {
        "type": "Polygon",
        "coordinates": [
          [
            [
              2527.3508044618843,
              3768.520976782047
            ],
            [
              2573.636768853458,
              3760.359512431701
            ],
            [
              2576.2414915184618,
              3775.131628726884
            ],
            [
              2529.9555271268882,
              3783.29309307723
            ],
            [
              2527.3508044618843,
              3768.520976782047
            ]
          ]
        ]
      },
      "properties": {
        "id": "563",
        "lote": "563",
        "estatus": "disponible",
        "paquete": null,
        "seccion": "PLATA",
        "manzana": "L",
        "manzanaId": "L"
      }
    },
    {
      "type": "Feature",
      "geometry": {
        "type": "Polygon",
        "coordinates": [
          [
            [
              2580.5304231245436,
              3759.1439751880325
            ],
            [
              2626.816387516117,
              3750.9825108376867
            ],
            [
              2629.421110181121,
              3765.75462713287
            ],
            [
              2583.1351457895476,
              3773.9160914832155
            ],
            [
              2580.5304231245436,
              3759.1439751880325
            ]
          ]
        ]
      },
      "properties": {
        "id": "553",
        "lote": "553",
        "estatus": "disponible",
        "paquete": null,
        "seccion": "PLATA",
        "manzana": "L",
        "manzanaId": "L"
      }
    },
    {
      "type": "Feature",
      "geometry": {
        "type": "Polygon",
        "coordinates": [
          [
            [
              2371.458560204912,
              3817.332944377346
            ],
            [
              2417.744524596486,
              3809.171480027
            ],
            [
              2420.34924726149,
              3823.943596322183
            ],
            [
              2374.063282869916,
              3832.105060672529
            ],
            [
              2371.458560204912,
              3817.332944377346
            ]
          ]
        ]
      },
      "properties": {
        "id": "592",
        "lote": "592",
        "estatus": "disponible",
        "paquete": null,
        "seccion": "PLATA",
        "manzana": "L",
        "manzanaId": "L"
      }
    },
    {
      "type": "Feature",
      "geometry": {
        "type": "Polygon",
        "coordinates": [
          [
            [
              2424.6381788675712,
              3807.9559427833315
            ],
            [
              2470.9241432591452,
              3799.794478432986
            ],
            [
              2473.528865924149,
              3814.566594728169
            ],
            [
              2427.242901532575,
              3822.728059078515
            ],
            [
              2424.6381788675712,
              3807.9559427833315
            ]
          ]
        ]
      },
      "properties": {
        "id": "582",
        "lote": "582",
        "estatus": "disponible",
        "paquete": null,
        "seccion": "PLATA",
        "manzana": "L",
        "manzanaId": "L"
      }
    },
    {
      "type": "Feature",
      "geometry": {
        "type": "Polygon",
        "coordinates": [
          [
            [
              2477.8177975302306,
              3798.5789411893174
            ],
            [
              2524.103761921804,
              3790.4174768389717
            ],
            [
              2526.708484586808,
              3805.1895931341546
            ],
            [
              2480.4225201952345,
              3813.3510574845004
            ],
            [
              2477.8177975302306,
              3798.5789411893174
            ]
          ]
        ]
      },
      "properties": {
        "id": "572",
        "lote": "572",
        "estatus": "disponible",
        "paquete": null,
        "seccion": "PLATA",
        "manzana": "L",
        "manzanaId": "L"
      }
    },
    {
      "type": "Feature",
      "geometry": {
        "type": "Polygon",
        "coordinates": [
          [
            [
              2530.99741619289,
              3789.201939595303
            ],
            [
              2577.2833805844634,
              3781.0404752449576
            ],
            [
              2579.8881032494673,
              3795.8125915401406
            ],
            [
              2533.602138857894,
              3803.9740558904864
            ],
            [
              2530.99741619289,
              3789.201939595303
            ]
          ]
        ]
      },
      "properties": {
        "id": "562",
        "lote": "562",
        "estatus": "disponible",
        "paquete": null,
        "seccion": "PLATA",
        "manzana": "L",
        "manzanaId": "L"
      }
    },
    {
      "type": "Feature",
      "geometry": {
        "type": "Polygon",
        "coordinates": [
          [
            [
              2584.1770348555488,
              3779.824938001289
            ],
            [
              2630.4629992471228,
              3771.663473650943
            ],
            [
              2633.0677219121267,
              3786.435589946126
            ],
            [
              2586.781757520553,
              3794.597054296472
            ],
            [
              2584.1770348555488,
              3779.824938001289
            ]
          ]
        ]
      },
      "properties": {
        "id": "552",
        "lote": "552",
        "estatus": "disponible",
        "paquete": null,
        "seccion": "PLATA",
        "manzana": "L",
        "manzanaId": "L"
      }
    },
    {
      "type": "Feature",
      "geometry": {
        "type": "Polygon",
        "coordinates": [
          [
            [
              2375.1051719359175,
              3838.0139071906024
            ],
            [
              2421.3911363274915,
              3829.8524428402566
            ],
            [
              2423.9958589924954,
              3844.6245591354395
            ],
            [
              2377.7098946009214,
              3852.7860234857853
            ],
            [
              2375.1051719359175,
              3838.0139071906024
            ]
          ]
        ]
      },
      "properties": {
        "id": "591",
        "lote": "591",
        "estatus": "disponible",
        "paquete": null,
        "seccion": "PLATA",
        "manzana": "L",
        "manzanaId": "L"
      }
    },
    {
      "type": "Feature",
      "geometry": {
        "type": "Polygon",
        "coordinates": [
          [
            [
              2428.284790598577,
              3828.636905596588
            ],
            [
              2474.5707549901504,
              3820.4754412462426
            ],
            [
              2477.1754776551547,
              3835.2475575414255
            ],
            [
              2430.8895132635807,
              3843.4090218917713
            ],
            [
              2428.284790598577,
              3828.636905596588
            ]
          ]
        ]
      },
      "properties": {
        "id": "581",
        "lote": "581",
        "estatus": "disponible",
        "paquete": null,
        "seccion": "PLATA",
        "manzana": "L",
        "manzanaId": "L"
      }
    },
    {
      "type": "Feature",
      "geometry": {
        "type": "Polygon",
        "coordinates": [
          [
            [
              2481.464409261236,
              3819.259904002574
            ],
            [
              2527.7503736528097,
              3811.098439652228
            ],
            [
              2530.3550963178136,
              3825.870555947411
            ],
            [
              2484.06913192624,
              3834.032020297757
            ],
            [
              2481.464409261236,
              3819.259904002574
            ]
          ]
        ]
      },
      "properties": {
        "id": "571",
        "lote": "571",
        "estatus": "disponible",
        "paquete": null,
        "seccion": "PLATA",
        "manzana": "L",
        "manzanaId": "L"
      }
    },
    {
      "type": "Feature",
      "geometry": {
        "type": "Polygon",
        "coordinates": [
          [
            [
              2534.6440279238955,
              3809.8829024085594
            ],
            [
              2580.929992315469,
              3801.7214380582136
            ],
            [
              2583.534714980473,
              3816.493554353397
            ],
            [
              2537.2487505888994,
              3824.655018703743
            ],
            [
              2534.6440279238955,
              3809.8829024085594
            ]
          ]
        ]
      },
      "properties": {
        "id": "561",
        "lote": "561",
        "estatus": "disponible",
        "paquete": null,
        "seccion": "PLATA",
        "manzana": "L",
        "manzanaId": "L"
      }
    },
    {
      "type": "Feature",
      "geometry": {
        "type": "Polygon",
        "coordinates": [
          [
            [
              2587.8236465865543,
              3800.5059008145454
            ],
            [
              2634.1096109781283,
              3792.3444364641996
            ],
            [
              2636.7143336431322,
              3807.1165527593826
            ],
            [
              2590.4283692515583,
              3815.2780171097284
            ],
            [
              2587.8236465865543,
              3800.5059008145454
            ]
          ]
        ]
      },
      "properties": {
        "id": "551",
        "lote": "551",
        "estatus": "disponible",
        "paquete": null,
        "seccion": "PLATA",
        "manzana": "L",
        "manzanaId": "L"
      }
    },
    {
      "type": "Feature",
      "geometry": {
        "type": "Polygon",
        "coordinates": [
          [
            [
              2302.2856663568678,
              3420.384344555956
            ],
            [
              2348.5716307484417,
              3412.22288020561
            ],
            [
              2351.1763534134457,
              3426.994996500793
            ],
            [
              2304.8903890218717,
              3435.156460851139
            ],
            [
              2302.2856663568678,
              3420.384344555956
            ]
          ]
        ]
      },
      "properties": {
        "id": "650",
        "lote": "650",
        "estatus": "disponible",
        "paquete": null,
        "seccion": "PLATA",
        "manzana": "M",
        "manzanaId": "M"
      }
    },
    {
      "type": "Feature",
      "geometry": {
        "type": "Polygon",
        "coordinates": [
          [
            [
              2355.465285019527,
              3411.007342961942
            ],
            [
              2401.7512494111006,
              3402.845878611596
            ],
            [
              2404.3559720761045,
              3417.617994906779
            ],
            [
              2358.070007684531,
              3425.779459257125
            ],
            [
              2355.465285019527,
              3411.007342961942
            ]
          ]
        ]
      },
      "properties": {
        "id": "640",
        "lote": "640",
        "estatus": "disponible",
        "paquete": null,
        "seccion": "PLATA",
        "manzana": "M",
        "manzanaId": "M"
      }
    },
    {
      "type": "Feature",
      "geometry": {
        "type": "Polygon",
        "coordinates": [
          [
            [
              2408.6449036821864,
              3401.6303413679275
            ],
            [
              2454.93086807376,
              3393.4688770175817
            ],
            [
              2457.535590738764,
              3408.240993312765
            ],
            [
              2411.2496263471903,
              3416.4024576631105
            ],
            [
              2408.6449036821864,
              3401.6303413679275
            ]
          ]
        ]
      },
      "properties": {
        "id": "630",
        "lote": "630",
        "estatus": "disponible",
        "paquete": null,
        "seccion": "PLATA",
        "manzana": "M",
        "manzanaId": "M"
      }
    },
    {
      "type": "Feature",
      "geometry": {
        "type": "Polygon",
        "coordinates": [
          [
            [
              2461.8245223448453,
              3392.2533397739135
            ],
            [
              2508.1104867364193,
              3384.0918754235677
            ],
            [
              2510.715209401423,
              3398.8639917187506
            ],
            [
              2464.4292450098496,
              3407.0254560690964
            ],
            [
              2461.8245223448453,
              3392.2533397739135
            ]
          ]
        ]
      },
      "properties": {
        "id": "620",
        "lote": "620",
        "estatus": "disponible",
        "paquete": null,
        "seccion": "PLATA",
        "manzana": "M",
        "manzanaId": "M"
      }
    },
    {
      "type": "Feature",
      "geometry": {
        "type": "Polygon",
        "coordinates": [
          [
            [
              2515.0041410075046,
              3382.876338179899
            ],
            [
              2561.2901053990786,
              3374.714873829553
            ],
            [
              2563.8948280640825,
              3389.4869901247366
            ],
            [
              2517.6088636725085,
              3397.648454475082
            ],
            [
              2515.0041410075046,
              3382.876338179899
            ]
          ]
        ]
      },
      "properties": {
        "id": "610",
        "lote": "610",
        "estatus": "disponible",
        "paquete": null,
        "seccion": "PLATA",
        "manzana": "M",
        "manzanaId": "M"
      }
    },
    {
      "type": "Feature",
      "geometry": {
        "type": "Polygon",
        "coordinates": [
          [
            [
              2305.9322780878733,
              3441.0653073692124
            ],
            [
              2352.218242479447,
              3432.9038430188666
            ],
            [
              2354.8229651444512,
              3447.6759593140496
            ],
            [
              2308.5370007528772,
              3455.8374236643954
            ],
            [
              2305.9322780878733,
              3441.0653073692124
            ]
          ]
        ]
      },
      "properties": {
        "id": "649",
        "lote": "649",
        "estatus": "disponible",
        "paquete": null,
        "seccion": "PLATA",
        "manzana": "M",
        "manzanaId": "M"
      }
    },
    {
      "type": "Feature",
      "geometry": {
        "type": "Polygon",
        "coordinates": [
          [
            [
              2359.1118967505327,
              3431.688305775198
            ],
            [
              2405.397861142106,
              3423.5268414248526
            ],
            [
              2408.00258380711,
              3438.2989577200356
            ],
            [
              2361.7166194155366,
              3446.4604220703814
            ],
            [
              2359.1118967505327,
              3431.688305775198
            ]
          ]
        ]
      },
      "properties": {
        "id": "639",
        "lote": "639",
        "estatus": "disponible",
        "paquete": null,
        "seccion": "PLATA",
        "manzana": "M",
        "manzanaId": "M"
      }
    },
    {
      "type": "Feature",
      "geometry": {
        "type": "Polygon",
        "coordinates": [
          [
            [
              2412.291515413192,
              3422.311304181184
            ],
            [
              2458.5774798047655,
              3414.149839830838
            ],
            [
              2461.1822024697694,
              3428.921956126021
            ],
            [
              2414.896238078196,
              3437.083420476367
            ],
            [
              2412.291515413192,
              3422.311304181184
            ]
          ]
        ]
      },
      "properties": {
        "id": "629",
        "lote": "629",
        "estatus": "disponible",
        "paquete": null,
        "seccion": "PLATA",
        "manzana": "M",
        "manzanaId": "M"
      }
    },
    {
      "type": "Feature",
      "geometry": {
        "type": "Polygon",
        "coordinates": [
          [
            [
              2465.471134075851,
              3412.9343025871694
            ],
            [
              2511.757098467425,
              3404.772838236824
            ],
            [
              2514.3618211324288,
              3419.544954532007
            ],
            [
              2468.0758567408548,
              3427.706418882353
            ],
            [
              2465.471134075851,
              3412.9343025871694
            ]
          ]
        ]
      },
      "properties": {
        "id": "619",
        "lote": "619",
        "estatus": "disponible",
        "paquete": null,
        "seccion": "PLATA",
        "manzana": "M",
        "manzanaId": "M"
      }
    },
    {
      "type": "Feature",
      "geometry": {
        "type": "Polygon",
        "coordinates": [
          [
            [
              2518.65075273851,
              3403.5573009931554
            ],
            [
              2564.936717130084,
              3395.3958366428096
            ],
            [
              2567.541439795088,
              3410.1679529379926
            ],
            [
              2521.255475403514,
              3418.3294172883384
            ],
            [
              2518.65075273851,
              3403.5573009931554
            ]
          ]
        ]
      },
      "properties": {
        "id": "609",
        "lote": "609",
        "estatus": "disponible",
        "paquete": null,
        "seccion": "PLATA",
        "manzana": "M",
        "manzanaId": "M"
      }
    },
    {
      "type": "Feature",
      "geometry": {
        "type": "Polygon",
        "coordinates": [
          [
            [
              2309.578889818879,
              3461.746270182469
            ],
            [
              2355.8648542104524,
              3453.584805832123
            ],
            [
              2358.4695768754564,
              3468.356922127306
            ],
            [
              2312.183612483883,
              3476.518386477652
            ],
            [
              2309.578889818879,
              3461.746270182469
            ]
          ]
        ]
      },
      "properties": {
        "id": "648",
        "lote": "648",
        "estatus": "disponible",
        "paquete": null,
        "seccion": "PLATA",
        "manzana": "M",
        "manzanaId": "M"
      }
    },
    {
      "type": "Feature",
      "geometry": {
        "type": "Polygon",
        "coordinates": [
          [
            [
              2362.7585084815382,
              3452.3692685884544
            ],
            [
              2409.0444728731118,
              3444.2078042381086
            ],
            [
              2411.6491955381157,
              3458.979920533292
            ],
            [
              2365.363231146542,
              3467.141384883638
            ],
            [
              2362.7585084815382,
              3452.3692685884544
            ]
          ]
        ]
      },
      "properties": {
        "id": "638",
        "lote": "638",
        "estatus": "disponible",
        "paquete": null,
        "seccion": "PLATA",
        "manzana": "M",
        "manzanaId": "M"
      }
    },
    {
      "type": "Feature",
      "geometry": {
        "type": "Polygon",
        "coordinates": [
          [
            [
              2415.938127144197,
              3442.9922669944403
            ],
            [
              2462.224091535771,
              3434.8308026440945
            ],
            [
              2464.828814200775,
              3449.6029189392775
            ],
            [
              2418.542849809201,
              3457.7643832896233
            ],
            [
              2415.938127144197,
              3442.9922669944403
            ]
          ]
        ]
      },
      "properties": {
        "id": "628",
        "lote": "628",
        "estatus": "disponible",
        "paquete": null,
        "seccion": "PLATA",
        "manzana": "M",
        "manzanaId": "M"
      }
    },
    {
      "type": "Feature",
      "geometry": {
        "type": "Polygon",
        "coordinates": [
          [
            [
              2469.1177458068564,
              3433.615265400426
            ],
            [
              2515.4037101984304,
              3425.45380105008
            ],
            [
              2518.0084328634343,
              3440.2259173452635
            ],
            [
              2471.7224684718603,
              3448.3873816956093
            ],
            [
              2469.1177458068564,
              3433.615265400426
            ]
          ]
        ]
      },
      "properties": {
        "id": "618",
        "lote": "618",
        "estatus": "disponible",
        "paquete": null,
        "seccion": "PLATA",
        "manzana": "M",
        "manzanaId": "M"
      }
    },
    {
      "type": "Feature",
      "geometry": {
        "type": "Polygon",
        "coordinates": [
          [
            [
              2522.2973644695157,
              3424.238263806412
            ],
            [
              2568.5833288610897,
              3416.076799456066
            ],
            [
              2571.1880515260937,
              3430.848915751249
            ],
            [
              2524.9020871345197,
              3439.010380101595
            ],
            [
              2522.2973644695157,
              3424.238263806412
            ]
          ]
        ]
      },
      "properties": {
        "id": "608",
        "lote": "608",
        "estatus": "disponible",
        "paquete": null,
        "seccion": "PLATA",
        "manzana": "M",
        "manzanaId": "M"
      }
    },
    {
      "type": "Feature",
      "geometry": {
        "type": "Polygon",
        "coordinates": [
          [
            [
              2313.2255015498845,
              3482.4272329957253
            ],
            [
              2359.511465941458,
              3474.2657686453795
            ],
            [
              2362.116188606462,
              3489.0378849405624
            ],
            [
              2315.8302242148884,
              3497.1993492909082
            ],
            [
              2313.2255015498845,
              3482.4272329957253
            ]
          ]
        ]
      },
      "properties": {
        "id": "647",
        "lote": "647",
        "estatus": "disponible",
        "paquete": null,
        "seccion": "PLATA",
        "manzana": "M",
        "manzanaId": "M"
      }
    },
    {
      "type": "Feature",
      "geometry": {
        "type": "Polygon",
        "coordinates": [
          [
            [
              2366.405120212544,
              3473.050231401711
            ],
            [
              2412.6910846041173,
              3464.888767051365
            ],
            [
              2415.2958072691213,
              3479.6608833465484
            ],
            [
              2369.0098428775477,
              3487.8223476968938
            ],
            [
              2366.405120212544,
              3473.050231401711
            ]
          ]
        ]
      },
      "properties": {
        "id": "637",
        "lote": "637",
        "estatus": "disponible",
        "paquete": null,
        "seccion": "PLATA",
        "manzana": "M",
        "manzanaId": "M"
      }
    },
    {
      "type": "Feature",
      "geometry": {
        "type": "Polygon",
        "coordinates": [
          [
            [
              2419.5847388752027,
              3463.6732298076968
            ],
            [
              2465.8707032667767,
              3455.511765457351
            ],
            [
              2468.4754259317806,
              3470.283881752534
            ],
            [
              2422.1894615402066,
              3478.4453461028797
            ],
            [
              2419.5847388752027,
              3463.6732298076968
            ]
          ]
        ]
      },
      "properties": {
        "id": "627",
        "lote": "627",
        "estatus": "disponible",
        "paquete": null,
        "seccion": "PLATA",
        "manzana": "M",
        "manzanaId": "M"
      }
    },
    {
      "type": "Feature",
      "geometry": {
        "type": "Polygon",
        "coordinates": [
          [
            [
              2472.764357537862,
              3454.2962282136823
            ],
            [
              2519.050321929436,
              3446.1347638633365
            ],
            [
              2521.65504459444,
              3460.90688015852
            ],
            [
              2475.369080202866,
              3469.0683445088653
            ],
            [
              2472.764357537862,
              3454.2962282136823
            ]
          ]
        ]
      },
      "properties": {
        "id": "617",
        "lote": "617",
        "estatus": "disponible",
        "paquete": null,
        "seccion": "PLATA",
        "manzana": "M",
        "manzanaId": "M"
      }
    },
    {
      "type": "Feature",
      "geometry": {
        "type": "Polygon",
        "coordinates": [
          [
            [
              2525.9439762005213,
              3444.9192266196683
            ],
            [
              2572.2299405920953,
              3436.7577622693225
            ],
            [
              2574.834663257099,
              3451.5298785645055
            ],
            [
              2528.5486988655252,
              3459.6913429148512
            ],
            [
              2525.9439762005213,
              3444.9192266196683
            ]
          ]
        ]
      },
      "properties": {
        "id": "607",
        "lote": "607",
        "estatus": "disponible",
        "paquete": null,
        "seccion": "PLATA",
        "manzana": "M",
        "manzanaId": "M"
      }
    },
    {
      "type": "Feature",
      "geometry": {
        "type": "Polygon",
        "coordinates": [
          [
            [
              2316.87211328089,
              3503.1081958089812
            ],
            [
              2363.1580776724636,
              3494.946731458636
            ],
            [
              2365.7628003374675,
              3509.718847753819
            ],
            [
              2319.476835945894,
              3517.8803121041647
            ],
            [
              2316.87211328089,
              3503.1081958089812
            ]
          ]
        ]
      },
      "properties": {
        "id": "646",
        "lote": "646",
        "estatus": "disponible",
        "paquete": null,
        "seccion": "PLATA",
        "manzana": "M",
        "manzanaId": "M"
      }
    },
    {
      "type": "Feature",
      "geometry": {
        "type": "Polygon",
        "coordinates": [
          [
            [
              2370.051731943549,
              3493.731194214967
            ],
            [
              2416.337696335123,
              3485.5697298646214
            ],
            [
              2418.942419000127,
              3500.341846159805
            ],
            [
              2372.6564546085533,
              3508.50331051015
            ],
            [
              2370.051731943549,
              3493.731194214967
            ]
          ]
        ]
      },
      "properties": {
        "id": "636",
        "lote": "636",
        "estatus": "disponible",
        "paquete": null,
        "seccion": "PLATA",
        "manzana": "M",
        "manzanaId": "M"
      }
    },
    {
      "type": "Feature",
      "geometry": {
        "type": "Polygon",
        "coordinates": [
          [
            [
              2423.2313506062083,
              3484.3541926209527
            ],
            [
              2469.5173149977823,
              3476.1927282706074
            ],
            [
              2472.122037662786,
              3490.9648445657904
            ],
            [
              2425.836073271212,
              3499.126308916136
            ],
            [
              2423.2313506062083,
              3484.3541926209527
            ]
          ]
        ]
      },
      "properties": {
        "id": "626",
        "lote": "626",
        "estatus": "disponible",
        "paquete": null,
        "seccion": "PLATA",
        "manzana": "M",
        "manzanaId": "M"
      }
    },
    {
      "type": "Feature",
      "geometry": {
        "type": "Polygon",
        "coordinates": [
          [
            [
              2476.4109692688676,
              3474.9771910269387
            ],
            [
              2522.6969336604416,
              3466.815726676593
            ],
            [
              2525.3016563254455,
              3481.5878429717764
            ],
            [
              2479.0156919338715,
              3489.7493073221217
            ],
            [
              2476.4109692688676,
              3474.9771910269387
            ]
          ]
        ]
      },
      "properties": {
        "id": "616",
        "lote": "616",
        "estatus": "disponible",
        "paquete": null,
        "seccion": "PLATA",
        "manzana": "M",
        "manzanaId": "M"
      }
    },
    {
      "type": "Feature",
      "geometry": {
        "type": "Polygon",
        "coordinates": [
          [
            [
              2529.590587931527,
              3465.6001894329247
            ],
            [
              2575.8765523231004,
              3457.438725082579
            ],
            [
              2578.4812749881044,
              3472.210841377762
            ],
            [
              2532.195310596531,
              3480.3723057281077
            ],
            [
              2529.590587931527,
              3465.6001894329247
            ]
          ]
        ]
      },
      "properties": {
        "id": "606",
        "lote": "606",
        "estatus": "disponible",
        "paquete": null,
        "seccion": "PLATA",
        "manzana": "M",
        "manzanaId": "M"
      }
    },
    {
      "type": "Feature",
      "geometry": {
        "type": "Polygon",
        "coordinates": [
          [
            [
              2320.5187250118956,
              3523.7891586222377
            ],
            [
              2366.804689403469,
              3515.6276942718923
            ],
            [
              2369.409412068473,
              3530.3998105670753
            ],
            [
              2323.1234476768996,
              3538.561274917421
            ],
            [
              2320.5187250118956,
              3523.7891586222377
            ]
          ]
        ]
      },
      "properties": {
        "id": "645",
        "lote": "645",
        "estatus": "disponible",
        "paquete": null,
        "seccion": "PLATA",
        "manzana": "M",
        "manzanaId": "M"
      }
    },
    {
      "type": "Feature",
      "geometry": {
        "type": "Polygon",
        "coordinates": [
          [
            [
              2373.6983436745545,
              3514.4121570282236
            ],
            [
              2419.9843080661285,
              3506.250692677878
            ],
            [
              2422.5890307311324,
              3521.022808973061
            ],
            [
              2376.3030663395584,
              3529.1842733234066
            ],
            [
              2373.6983436745545,
              3514.4121570282236
            ]
          ]
        ]
      },
      "properties": {
        "id": "635",
        "lote": "635",
        "estatus": "disponible",
        "paquete": null,
        "seccion": "PLATA",
        "manzana": "M",
        "manzanaId": "M"
      }
    },
    {
      "type": "Feature",
      "geometry": {
        "type": "Polygon",
        "coordinates": [
          [
            [
              2426.877962337214,
              3505.035155434209
            ],
            [
              2473.163926728788,
              3496.873691083864
            ],
            [
              2475.7686493937917,
              3511.645807379047
            ],
            [
              2429.4826850022177,
              3519.8072717293926
            ],
            [
              2426.877962337214,
              3505.035155434209
            ]
          ]
        ]
      },
      "properties": {
        "id": "625",
        "lote": "625",
        "estatus": "disponible",
        "paquete": null,
        "seccion": "PLATA",
        "manzana": "M",
        "manzanaId": "M"
      }
    },
    {
      "type": "Feature",
      "geometry": {
        "type": "Polygon",
        "coordinates": [
          [
            [
              2480.057580999873,
              3495.658153840195
            ],
            [
              2526.3435453914467,
              3487.4966894898494
            ],
            [
              2528.948268056451,
              3502.2688057850323
            ],
            [
              2482.662303664877,
              3510.430270135378
            ],
            [
              2480.057580999873,
              3495.658153840195
            ]
          ]
        ]
      },
      "properties": {
        "id": "615",
        "lote": "615",
        "estatus": "disponible",
        "paquete": null,
        "seccion": "PLATA",
        "manzana": "M",
        "manzanaId": "M"
      }
    },
    {
      "type": "Feature",
      "geometry": {
        "type": "Polygon",
        "coordinates": [
          [
            [
              2533.2371996625325,
              3486.2811522461807
            ],
            [
              2579.523164054106,
              3478.1196878958353
            ],
            [
              2582.12788671911,
              3492.8918041910183
            ],
            [
              2535.8419223275364,
              3501.053268541364
            ],
            [
              2533.2371996625325,
              3486.2811522461807
            ]
          ]
        ]
      },
      "properties": {
        "id": "605",
        "lote": "605",
        "estatus": "disponible",
        "paquete": null,
        "seccion": "PLATA",
        "manzana": "M",
        "manzanaId": "M"
      }
    },
    {
      "type": "Feature",
      "geometry": {
        "type": "Polygon",
        "coordinates": [
          [
            [
              2324.1653367429008,
              3544.470121435494
            ],
            [
              2370.4513011344748,
              3536.3086570851483
            ],
            [
              2373.0560237994787,
              3551.0807733803317
            ],
            [
              2326.770059407905,
              3559.2422377306775
            ],
            [
              2324.1653367429008,
              3544.470121435494
            ]
          ]
        ]
      },
      "properties": {
        "id": "644",
        "lote": "644",
        "estatus": "disponible",
        "paquete": null,
        "seccion": "PLATA",
        "manzana": "M",
        "manzanaId": "M"
      }
    },
    {
      "type": "Feature",
      "geometry": {
        "type": "Polygon",
        "coordinates": [
          [
            [
              2377.34495540556,
              3535.09311984148
            ],
            [
              2423.630919797134,
              3526.9316554911343
            ],
            [
              2426.235642462138,
              3541.7037717863172
            ],
            [
              2379.949678070564,
              3549.865236136663
            ],
            [
              2377.34495540556,
              3535.09311984148
            ]
          ]
        ]
      },
      "properties": {
        "id": "634",
        "lote": "634",
        "estatus": "disponible",
        "paquete": null,
        "seccion": "PLATA",
        "manzana": "M",
        "manzanaId": "M"
      }
    },
    {
      "type": "Feature",
      "geometry": {
        "type": "Polygon",
        "coordinates": [
          [
            [
              2430.5245740682194,
              3525.7161182474656
            ],
            [
              2476.8105384597934,
              3517.55465389712
            ],
            [
              2479.4152611247973,
              3532.3267701923032
            ],
            [
              2433.1292967332233,
              3540.488234542649
            ],
            [
              2430.5245740682194,
              3525.7161182474656
            ]
          ]
        ]
      },
      "properties": {
        "id": "624",
        "lote": "624",
        "estatus": "disponible",
        "paquete": null,
        "seccion": "PLATA",
        "manzana": "M",
        "manzanaId": "M"
      }
    },
    {
      "type": "Feature",
      "geometry": {
        "type": "Polygon",
        "coordinates": [
          [
            [
              2483.7041927308787,
              3516.3391166534516
            ],
            [
              2529.9901571224523,
              3508.177652303106
            ],
            [
              2532.5948797874566,
              3522.9497685982888
            ],
            [
              2486.3089153958827,
              3531.1112329486346
            ],
            [
              2483.7041927308787,
              3516.3391166534516
            ]
          ]
        ]
      },
      "properties": {
        "id": "614",
        "lote": "614",
        "estatus": "disponible",
        "paquete": null,
        "seccion": "PLATA",
        "manzana": "M",
        "manzanaId": "M"
      }
    },
    {
      "type": "Feature",
      "geometry": {
        "type": "Polygon",
        "coordinates": [
          [
            [
              2536.883811393538,
              3506.962115059437
            ],
            [
              2583.1697757851116,
              3498.8006507090913
            ],
            [
              2585.7744984501155,
              3513.5727670042747
            ],
            [
              2539.488534058542,
              3521.7342313546205
            ],
            [
              2536.883811393538,
              3506.962115059437
            ]
          ]
        ]
      },
      "properties": {
        "id": "604",
        "lote": "604",
        "estatus": "disponible",
        "paquete": null,
        "seccion": "PLATA",
        "manzana": "M",
        "manzanaId": "M"
      }
    },
    {
      "type": "Feature",
      "geometry": {
        "type": "Polygon",
        "coordinates": [
          [
            [
              2327.8119484739063,
              3565.1510842487505
            ],
            [
              2374.0979128654803,
              3556.9896198984047
            ],
            [
              2376.7026355304843,
              3571.761736193588
            ],
            [
              2330.4166711389103,
              3579.9232005439335
            ],
            [
              2327.8119484739063,
              3565.1510842487505
            ]
          ]
        ]
      },
      "properties": {
        "id": "643",
        "lote": "643",
        "estatus": "disponible",
        "paquete": null,
        "seccion": "PLATA",
        "manzana": "M",
        "manzanaId": "M"
      }
    },
    {
      "type": "Feature",
      "geometry": {
        "type": "Polygon",
        "coordinates": [
          [
            [
              2380.9915671365657,
              3555.7740826547365
            ],
            [
              2427.2775315281397,
              3547.6126183043907
            ],
            [
              2429.8822541931436,
              3562.3847345995737
            ],
            [
              2383.5962898015696,
              3570.5461989499195
            ],
            [
              2380.9915671365657,
              3555.7740826547365
            ]
          ]
        ]
      },
      "properties": {
        "id": "633",
        "lote": "633",
        "estatus": "disponible",
        "paquete": null,
        "seccion": "PLATA",
        "manzana": "M",
        "manzanaId": "M"
      }
    },
    {
      "type": "Feature",
      "geometry": {
        "type": "Polygon",
        "coordinates": [
          [
            [
              2434.171185799225,
              3546.397081060722
            ],
            [
              2480.457150190799,
              3538.2356167103762
            ],
            [
              2483.061872855803,
              3553.0077330055597
            ],
            [
              2436.775908464229,
              3561.1691973559055
            ],
            [
              2434.171185799225,
              3546.397081060722
            ]
          ]
        ]
      },
      "properties": {
        "id": "623",
        "lote": "623",
        "estatus": "disponible",
        "paquete": null,
        "seccion": "PLATA",
        "manzana": "M",
        "manzanaId": "M"
      }
    },
    {
      "type": "Feature",
      "geometry": {
        "type": "Polygon",
        "coordinates": [
          [
            [
              2487.3508044618843,
              3537.020079466708
            ],
            [
              2533.636768853458,
              3528.858615116362
            ],
            [
              2536.2414915184618,
              3543.630731411545
            ],
            [
              2489.9555271268882,
              3551.792195761891
            ],
            [
              2487.3508044618843,
              3537.020079466708
            ]
          ]
        ]
      },
      "properties": {
        "id": "613",
        "lote": "613",
        "estatus": "disponible",
        "paquete": null,
        "seccion": "PLATA",
        "manzana": "M",
        "manzanaId": "M"
      }
    },
    {
      "type": "Feature",
      "geometry": {
        "type": "Polygon",
        "coordinates": [
          [
            [
              2540.5304231245436,
              3527.6430778726935
            ],
            [
              2586.816387516117,
              3519.4816135223477
            ],
            [
              2589.421110181121,
              3534.253729817531
            ],
            [
              2543.1351457895476,
              3542.4151941678765
            ],
            [
              2540.5304231245436,
              3527.6430778726935
            ]
          ]
        ]
      },
      "properties": {
        "id": "603",
        "lote": "603",
        "estatus": "disponible",
        "paquete": null,
        "seccion": "PLATA",
        "manzana": "M",
        "manzanaId": "M"
      }
    },
    {
      "type": "Feature",
      "geometry": {
        "type": "Polygon",
        "coordinates": [
          [
            [
              2331.458560204912,
              3585.832047062007
            ],
            [
              2377.744524596486,
              3577.670582711661
            ],
            [
              2380.34924726149,
              3592.442699006844
            ],
            [
              2334.063282869916,
              3600.60416335719
            ],
            [
              2331.458560204912,
              3585.832047062007
            ]
          ]
        ]
      },
      "properties": {
        "id": "642",
        "lote": "642",
        "estatus": "disponible",
        "paquete": null,
        "seccion": "PLATA",
        "manzana": "M",
        "manzanaId": "M"
      }
    },
    {
      "type": "Feature",
      "geometry": {
        "type": "Polygon",
        "coordinates": [
          [
            [
              2384.6381788675712,
              3576.4550454679925
            ],
            [
              2430.9241432591452,
              3568.293581117647
            ],
            [
              2433.528865924149,
              3583.06569741283
            ],
            [
              2387.242901532575,
              3591.227161763176
            ],
            [
              2384.6381788675712,
              3576.4550454679925
            ]
          ]
        ]
      },
      "properties": {
        "id": "632",
        "lote": "632",
        "estatus": "disponible",
        "paquete": null,
        "seccion": "PLATA",
        "manzana": "M",
        "manzanaId": "M"
      }
    },
    {
      "type": "Feature",
      "geometry": {
        "type": "Polygon",
        "coordinates": [
          [
            [
              2437.8177975302306,
              3567.0780438739785
            ],
            [
              2484.103761921804,
              3558.9165795236327
            ],
            [
              2486.708484586808,
              3573.6886958188156
            ],
            [
              2440.4225201952345,
              3581.8501601691614
            ],
            [
              2437.8177975302306,
              3567.0780438739785
            ]
          ]
        ]
      },
      "properties": {
        "id": "622",
        "lote": "622",
        "estatus": "disponible",
        "paquete": null,
        "seccion": "PLATA",
        "manzana": "M",
        "manzanaId": "M"
      }
    },
    {
      "type": "Feature",
      "geometry": {
        "type": "Polygon",
        "coordinates": [
          [
            [
              2490.99741619289,
              3557.701042279964
            ],
            [
              2537.2833805844634,
              3549.5395779296186
            ],
            [
              2539.8881032494673,
              3564.3116942248016
            ],
            [
              2493.602138857894,
              3572.4731585751474
            ],
            [
              2490.99741619289,
              3557.701042279964
            ]
          ]
        ]
      },
      "properties": {
        "id": "612",
        "lote": "612",
        "estatus": "disponible",
        "paquete": null,
        "seccion": "PLATA",
        "manzana": "M",
        "manzanaId": "M"
      }
    },
    {
      "type": "Feature",
      "geometry": {
        "type": "Polygon",
        "coordinates": [
          [
            [
              2544.1770348555488,
              3548.32404068595
            ],
            [
              2590.4629992471228,
              3540.162576335604
            ],
            [
              2593.0677219121267,
              3554.934692630787
            ],
            [
              2546.781757520553,
              3563.096156981133
            ],
            [
              2544.1770348555488,
              3548.32404068595
            ]
          ]
        ]
      },
      "properties": {
        "id": "602",
        "lote": "602",
        "estatus": "disponible",
        "paquete": null,
        "seccion": "PLATA",
        "manzana": "M",
        "manzanaId": "M"
      }
    },
    {
      "type": "Feature",
      "geometry": {
        "type": "Polygon",
        "coordinates": [
          [
            [
              2335.1051719359175,
              3606.5130098752634
            ],
            [
              2381.3911363274915,
              3598.3515455249176
            ],
            [
              2383.9958589924954,
              3613.1236618201006
            ],
            [
              2337.7098946009214,
              3621.2851261704463
            ],
            [
              2335.1051719359175,
              3606.5130098752634
            ]
          ]
        ]
      },
      "properties": {
        "id": "641",
        "lote": "641",
        "estatus": "disponible",
        "paquete": null,
        "seccion": "PLATA",
        "manzana": "M",
        "manzanaId": "M"
      }
    },
    {
      "type": "Feature",
      "geometry": {
        "type": "Polygon",
        "coordinates": [
          [
            [
              2388.284790598577,
              3597.136008281249
            ],
            [
              2434.5707549901504,
              3588.9745439309036
            ],
            [
              2437.1754776551547,
              3603.7466602260865
            ],
            [
              2390.8895132635807,
              3611.9081245764323
            ],
            [
              2388.284790598577,
              3597.136008281249
            ]
          ]
        ]
      },
      "properties": {
        "id": "631",
        "lote": "631",
        "estatus": "disponible",
        "paquete": null,
        "seccion": "PLATA",
        "manzana": "M",
        "manzanaId": "M"
      }
    },
    {
      "type": "Feature",
      "geometry": {
        "type": "Polygon",
        "coordinates": [
          [
            [
              2441.464409261236,
              3587.759006687235
            ],
            [
              2487.7503736528097,
              3579.597542336889
            ],
            [
              2490.3550963178136,
              3594.369658632072
            ],
            [
              2444.06913192624,
              3602.531122982418
            ],
            [
              2441.464409261236,
              3587.759006687235
            ]
          ]
        ]
      },
      "properties": {
        "id": "621",
        "lote": "621",
        "estatus": "disponible",
        "paquete": null,
        "seccion": "PLATA",
        "manzana": "M",
        "manzanaId": "M"
      }
    },
    {
      "type": "Feature",
      "geometry": {
        "type": "Polygon",
        "coordinates": [
          [
            [
              2494.6440279238955,
              3578.3820050932204
            ],
            [
              2540.929992315469,
              3570.2205407428746
            ],
            [
              2543.534714980473,
              3584.992657038058
            ],
            [
              2497.2487505888994,
              3593.154121388404
            ],
            [
              2494.6440279238955,
              3578.3820050932204
            ]
          ]
        ]
      },
      "properties": {
        "id": "611",
        "lote": "611",
        "estatus": "disponible",
        "paquete": null,
        "seccion": "PLATA",
        "manzana": "M",
        "manzanaId": "M"
      }
    },
    {
      "type": "Feature",
      "geometry": {
        "type": "Polygon",
        "coordinates": [
          [
            [
              2547.8236465865543,
              3569.0050034992064
            ],
            [
              2594.1096109781283,
              3560.8435391488606
            ],
            [
              2596.7143336431322,
              3575.6156554440436
            ],
            [
              2550.4283692515583,
              3583.7771197943894
            ],
            [
              2547.8236465865543,
              3569.0050034992064
            ]
          ]
        ]
      },
      "properties": {
        "id": "601",
        "lote": "601",
        "estatus": "disponible",
        "paquete": null,
        "seccion": "PLATA",
        "manzana": "M",
        "manzanaId": "M"
      }
    }
  ]
}
