{
  "type": "FeatureCollection",
  "features": [
    {
      "type": "Feature",
      "geometry": {
        "type": "Polygon",
        "coordinates": [
          [
            [
              4793.285666356867,
              5157.882849030391
            ],
            [
              4839.571630748441,
              5149.721384680046
            ],
            [
              4842.176353413445,
              5164.493500975229
            ],
            [
              4795.890389021872,
              5172.654965325574
            ],
            [
              4793.285666356867,
              5157.882849030391
            ]
          ]
        ]
      },
      "properties": {
        "id": "050",
        "lote": "050",
        "estatus": "disponible",
        "paquete": null,
        "seccion": "ORO",
        "manzana": "A",
        "manzanaId": "A"
      }
    },
    {
      "type": "Feature",
      "geometry": {
        "type": "Polygon",
        "coordinates": [
          [
            [
              4846.465285019526,
              5148.505847436377
            ],
            [
              4892.751249411101,
              5140.3443830860315
            ],
            [
              4895.355972076104,
              5155.116499381214
            ],
            [
              4849.0700076845305,
              5163.27796373156
            ],
            [
              4846.465285019526,
              5148.505847436377
            ]
          ]
        ]
      },
      "properties": {
        "id": "040",
        "lote": "040",
        "estatus": "disponible",
        "paquete": null,
        "seccion": "ORO",
        "manzana": "A",
        "manzanaId": "A"
      }
    },
    {
      "type": "Feature",
      "geometry": {
        "type": "Polygon",
        "coordinates": [
          [
            [
              4899.644903682186,
              5139.128845842363
            ],
            [
              4945.9308680737595,
              5130.967381492017
            ],
            [
              4948.535590738764,
              5145.7394977872
            ],
            [
              4902.249626347189,
              5153.900962137546
            ],
            [
              4899.644903682186,
              5139.128845842363
            ]
          ]
        ]
      },
      "properties": {
        "id": "030",
        "lote": "030",
        "estatus": "disponible",
        "paquete": null,
        "seccion": "ORO",
        "manzana": "A",
        "manzanaId": "A"
      }
    },
    {
      "type": "Feature",
      "geometry": {
        "type": "Polygon",
        "coordinates": [
          [
            [
              4952.824522344845,
              5129.751844248349
            ],
            [
              4999.110486736418,
              5121.5903798980025
            ],
            [
              5001.715209401423,
              5136.362496193186
            ],
            [
              4955.429245009849,
              5144.523960543532
            ],
            [
              4952.824522344845,
              5129.751844248349
            ]
          ]
        ]
      },
      "properties": {
        "id": "020",
        "lote": "020",
        "estatus": "disponible",
        "paquete": null,
        "seccion": "ORO",
        "manzana": "A",
        "manzanaId": "A"
      }
    },
    {
      "type": "Feature",
      "geometry": {
        "type": "Polygon",
        "coordinates": [
          [
            [
              5006.004141007505,
              5120.374842654334
            ],
            [
              5052.290105399078,
              5112.213378303989
            ],
            [
              5054.894828064082,
              5126.985494599172
            ],
            [
              5008.608863672508,
              5135.146958949517
            ],
            [
              5006.004141007505,
              5120.374842654334
            ]
          ]
        ]
      },
      "properties": {
        "id": "010",
        "lote": "010",
        "estatus": "disponible",
        "paquete": null,
        "seccion": "ORO",
        "manzana": "A",
        "manzanaId": "A"
      }
    },
    {
      "type": "Feature",
      "geometry": {
        "type": "Polygon",
        "coordinates": [
          [
            [
              4796.932278087873,
              5178.563811843647
            ],
            [
              4843.218242479446,
              5170.402347493302
            ],
            [
              4845.822965144451,
              5185.174463788485
            ],
            [
              4799.537000752876,
              5193.335928138831
            ],
            [
              4796.932278087873,
              5178.563811843647
            ]
          ]
        ]
      },
      "properties": {
        "id": "049",
        "lote": "049",
        "estatus": "disponible",
        "paquete": null,
        "seccion": "ORO",
        "manzana": "A",
        "manzanaId": "A"
      }
    },
    {
      "type": "Feature",
      "geometry": {
        "type": "Polygon",
        "coordinates": [
          [
            [
              4850.111896750532,
              5169.186810249634
            ],
            [
              4896.397861142106,
              5161.0253458992875
            ],
            [
              4899.00258380711,
              5175.79746219447
            ],
            [
              4852.716619415536,
              5183.958926544817
            ],
            [
              4850.111896750532,
              5169.186810249634
            ]
          ]
        ]
      },
      "properties": {
        "id": "039",
        "lote": "039",
        "estatus": "disponible",
        "paquete": null,
        "seccion": "ORO",
        "manzana": "A",
        "manzanaId": "A"
      }
    },
    {
      "type": "Feature",
      "geometry": {
        "type": "Polygon",
        "coordinates": [
          [
            [
              4903.2915154131915,
              5159.809808655619
            ],
            [
              4949.577479804765,
              5151.648344305274
            ],
            [
              4952.182202469769,
              5166.420460600457
            ],
            [
              4905.896238078195,
              5174.581924950802
            ],
            [
              4903.2915154131915,
              5159.809808655619
            ]
          ]
        ]
      },
      "properties": {
        "id": "029",
        "lote": "029",
        "estatus": "disponible",
        "paquete": null,
        "seccion": "ORO",
        "manzana": "A",
        "manzanaId": "A"
      }
    },
    {
      "type": "Feature",
      "geometry": {
        "type": "Polygon",
        "coordinates": [
          [
            [
              4956.47113407585,
              5150.432807061605
            ],
            [
              5002.757098467424,
              5142.271342711259
            ],
            [
              5005.361821132428,
              5157.043459006442
            ],
            [
              4959.075856740855,
              5165.204923356788
            ],
            [
              4956.47113407585,
              5150.432807061605
            ]
          ]
        ]
      },
      "properties": {
        "id": "019",
        "lote": "019",
        "estatus": "disponible",
        "paquete": null,
        "seccion": "ORO",
        "manzana": "A",
        "manzanaId": "A"
      }
    },
    {
      "type": "Feature",
      "geometry": {
        "type": "Polygon",
        "coordinates": [
          [
            [
              5009.65075273851,
              5141.05580546759
            ],
            [
              5055.936717130084,
              5132.894341117245
            ],
            [
              5058.541439795087,
              5147.666457412428
            ],
            [
              5012.255475403514,
              5155.827921762774
            ],
            [
              5009.65075273851,
              5141.05580546759
            ]
          ]
        ]
      },
      "properties": {
        "id": "009",
        "lote": "009",
        "estatus": "disponible",
        "paquete": null,
        "seccion": "ORO",
        "manzana": "A",
        "manzanaId": "A"
      }
    },
    {
      "type": "Feature",
      "geometry": {
        "type": "Polygon",
        "coordinates": [
          [
            [
              4800.578889818878,
              5199.244774656904
            ],
            [
              4846.864854210452,
              5191.083310306558
            ],
            [
              4849.469576875456,
              5205.855426601742
            ],
            [
              4803.183612483882,
              5214.016890952087
            ],
            [
              4800.578889818878,
              5199.244774656904
            ]
          ]
        ]
      },
      "properties": {
        "id": "048",
        "lote": "048",
        "estatus": "disponible",
        "paquete": null,
        "seccion": "ORO",
        "manzana": "A",
        "manzanaId": "A"
      }
    },
    {
      "type": "Feature",
      "geometry": {
        "type": "Polygon",
        "coordinates": [
          [
            [
              4853.758508481537,
              5189.86777306289
            ],
            [
              4900.044472873112,
              5181.706308712544
            ],
            [
              4902.649195538115,
              5196.478425007727
            ],
            [
              4856.363231146542,
              5204.639889358073
            ],
            [
              4853.758508481537,
              5189.86777306289
            ]
          ]
        ]
      },
      "properties": {
        "id": "038",
        "lote": "038",
        "estatus": "disponible",
        "paquete": null,
        "seccion": "ORO",
        "manzana": "A",
        "manzanaId": "A"
      }
    },
    {
      "type": "Feature",
      "geometry": {
        "type": "Polygon",
        "coordinates": [
          [
            [
              4906.938127144197,
              5180.490771468875
            ],
            [
              4953.224091535771,
              5172.32930711853
            ],
            [
              4955.828814200775,
              5187.101423413713
            ],
            [
              4909.542849809201,
              5195.262887764059
            ],
            [
              4906.938127144197,
              5180.490771468875
            ]
          ]
        ]
      },
      "properties": {
        "id": "028",
        "lote": "028",
        "estatus": "disponible",
        "paquete": null,
        "seccion": "ORO",
        "manzana": "A",
        "manzanaId": "A"
      }
    },
    {
      "type": "Feature",
      "geometry": {
        "type": "Polygon",
        "coordinates": [
          [
            [
              4960.117745806856,
              5171.113769874862
            ],
            [
              5006.4037101984295,
              5162.952305524515
            ],
            [
              5009.008432863434,
              5177.724421819698
            ],
            [
              4962.72246847186,
              5185.885886170045
            ],
            [
              4960.117745806856,
              5171.113769874862
            ]
          ]
        ]
      },
      "properties": {
        "id": "018",
        "lote": "018",
        "estatus": "disponible",
        "paquete": null,
        "seccion": "ORO",
        "manzana": "A",
        "manzanaId": "A"
      }
    },
    {
      "type": "Feature",
      "geometry": {
        "type": "Polygon",
        "coordinates": [
          [
            [
              5013.297364469516,
              5161.736768280847
            ],
            [
              5059.583328861089,
              5153.575303930501
            ],
            [
              5062.188051526093,
              5168.347420225685
            ],
            [
              5015.902087134519,
              5176.50888457603
            ],
            [
              5013.297364469516,
              5161.736768280847
            ]
          ]
        ]
      },
      "properties": {
        "id": "008",
        "lote": "008",
        "estatus": "disponible",
        "paquete": null,
        "seccion": "ORO",
        "manzana": "A",
        "manzanaId": "A"
      }
    },
    {
      "type": "Feature",
      "geometry": {
        "type": "Polygon",
        "coordinates": [
          [
            [
              4804.225501549884,
              5219.92573747016
            ],
            [
              4850.511465941458,
              5211.764273119815
            ],
            [
              4853.116188606462,
              5226.536389414998
            ],
            [
              4806.8302242148875,
              5234.697853765343
            ],
            [
              4804.225501549884,
              5219.92573747016
            ]
          ]
        ]
      },
      "properties": {
        "id": "047",
        "lote": "047",
        "estatus": "disponible",
        "paquete": null,
        "seccion": "ORO",
        "manzana": "A",
        "manzanaId": "A"
      }
    },
    {
      "type": "Feature",
      "geometry": {
        "type": "Polygon",
        "coordinates": [
          [
            [
              4857.405120212543,
              5210.548735876147
            ],
            [
              4903.691084604117,
              5202.3872715258
            ],
            [
              4906.295807269121,
              5217.159387820983
            ],
            [
              4860.009842877547,
              5225.3208521713295
            ],
            [
              4857.405120212543,
              5210.548735876147
            ]
          ]
        ]
      },
      "properties": {
        "id": "037",
        "lote": "037",
        "estatus": "disponible",
        "paquete": null,
        "seccion": "ORO",
        "manzana": "A",
        "manzanaId": "A"
      }
    },
    {
      "type": "Feature",
      "geometry": {
        "type": "Polygon",
        "coordinates": [
          [
            [
              4910.584738875203,
              5201.171734282132
            ],
            [
              4956.870703266776,
              5193.010269931786
            ],
            [
              4959.47542593178,
              5207.78238622697
            ],
            [
              4913.189461540206,
              5215.943850577315
            ],
            [
              4910.584738875203,
              5201.171734282132
            ]
          ]
        ]
      },
      "properties": {
        "id": "027",
        "lote": "027",
        "estatus": "disponible",
        "paquete": null,
        "seccion": "ORO",
        "manzana": "A",
        "manzanaId": "A"
      }
    },
    {
      "type": "Feature",
      "geometry": {
        "type": "Polygon",
        "coordinates": [
          [
            [
              4963.7643575378615,
              5191.794732688118
            ],
            [
              5010.050321929435,
              5183.633268337772
            ],
            [
              5012.6550445944395,
              5198.405384632955
            ],
            [
              4966.369080202866,
              5206.566848983301
            ],
            [
              4963.7643575378615,
              5191.794732688118
            ]
          ]
        ]
      },
      "properties": {
        "id": "017",
        "lote": "017",
        "estatus": "disponible",
        "paquete": null,
        "seccion": "ORO",
        "manzana": "A",
        "manzanaId": "A"
      }
    },
    {
      "type": "Feature",
      "geometry": {
        "type": "Polygon",
        "coordinates": [
          [
            [
              5016.94397620052,
              5182.417731094103
            ],
            [
              5063.229940592095,
              5174.256266743758
            ],
            [
              5065.834663257098,
              5189.028383038941
            ],
            [
              5019.548698865525,
              5197.189847389286
            ],
            [
              5016.94397620052,
              5182.417731094103
            ]
          ]
        ]
      },
      "properties": {
        "id": "007",
        "lote": "007",
        "estatus": "disponible",
        "paquete": null,
        "seccion": "ORO",
        "manzana": "A",
        "manzanaId": "A"
      }
    },
    {
      "type": "Feature",
      "geometry": {
        "type": "Polygon",
        "coordinates": [
          [
            [
              4807.87211328089,
              5240.606700283417
            ],
            [
              4854.158077672463,
              5232.445235933071
            ],
            [
              4856.7628003374675,
              5247.217352228254
            ],
            [
              4810.476835945893,
              5255.3788165786
            ],
            [
              4807.87211328089,
              5240.606700283417
            ]
          ]
        ]
      },
      "properties": {
        "id": "046",
        "lote": "046",
        "estatus": "disponible",
        "paquete": null,
        "seccion": "ORO",
        "manzana": "A",
        "manzanaId": "A"
      }
    },
    {
      "type": "Feature",
      "geometry": {
        "type": "Polygon",
        "coordinates": [
          [
            [
              4861.0517319435485,
              5231.2296986894025
            ],
            [
              4907.337696335122,
              5223.068234339057
            ],
            [
              4909.942419000126,
              5237.84035063424
            ],
            [
              4863.656454608553,
              5246.0018149845855
            ],
            [
              4861.0517319435485,
              5231.2296986894025
            ]
          ]
        ]
      },
      "properties": {
        "id": "036",
        "lote": "036",
        "estatus": "disponible",
        "paquete": null,
        "seccion": "ORO",
        "manzana": "A",
        "manzanaId": "A"
      }
    },
    {
      "type": "Feature",
      "geometry": {
        "type": "Polygon",
        "coordinates": [
          [
            [
              4914.231350606208,
              5221.852697095388
            ],
            [
              4960.517314997782,
              5213.691232745043
            ],
            [
              4963.122037662785,
              5228.463349040226
            ],
            [
              4916.836073271212,
              5236.624813390571
            ],
            [
              4914.231350606208,
              5221.852697095388
            ]
          ]
        ]
      },
      "properties": {
        "id": "026",
        "lote": "026",
        "estatus": "disponible",
        "paquete": null,
        "seccion": "ORO",
        "manzana": "A",
        "manzanaId": "A"
      }
    },
    {
      "type": "Feature",
      "geometry": {
        "type": "Polygon",
        "coordinates": [
          [
            [
              4967.410969268867,
              5212.4756955013745
            ],
            [
              5013.696933660441,
              5204.314231151028
            ],
            [
              5016.301656325445,
              5219.086347446211
            ],
            [
              4970.0156919338715,
              5227.2478117965575
            ],
            [
              4967.410969268867,
              5212.4756955013745
            ]
          ]
        ]
      },
      "properties": {
        "id": "016",
        "lote": "016",
        "estatus": "disponible",
        "paquete": null,
        "seccion": "ORO",
        "manzana": "A",
        "manzanaId": "A"
      }
    },
    {
      "type": "Feature",
      "geometry": {
        "type": "Polygon",
        "coordinates": [
          [
            [
              5020.590587931526,
              5203.09869390736
            ],
            [
              5066.8765523231,
              5194.937229557014
            ],
            [
              5069.481274988104,
              5209.709345852198
            ],
            [
              5023.19531059653,
              5217.870810202543
            ],
            [
              5020.590587931526,
              5203.09869390736
            ]
          ]
        ]
      },
      "properties": {
        "id": "006",
        "lote": "006",
        "estatus": "disponible",
        "paquete": null,
        "seccion": "ORO",
        "manzana": "A",
        "manzanaId": "A"
      }
    },
    {
      "type": "Feature",
      "geometry": {
        "type": "Polygon",
        "coordinates": [
          [
            [
              4811.518725011895,
              5261.287663096673
            ],
            [
              4857.804689403469,
              5253.126198746328
            ],
            [
              4860.409412068473,
              5267.898315041511
            ],
            [
              4814.123447676899,
              5276.059779391856
            ],
            [
              4811.518725011895,
              5261.287663096673
            ]
          ]
        ]
      },
      "properties": {
        "id": "045",
        "lote": "045",
        "estatus": "disponible",
        "paquete": null,
        "seccion": "ORO",
        "manzana": "A",
        "manzanaId": "A"
      }
    },
    {
      "type": "Feature",
      "geometry": {
        "type": "Polygon",
        "coordinates": [
          [
            [
              4864.698343674554,
              5251.9106615026585
            ],
            [
              4910.984308066128,
              5243.749197152313
            ],
            [
              4913.589030731132,
              5258.521313447496
            ],
            [
              4867.303066339558,
              5266.682777797842
            ],
            [
              4864.698343674554,
              5251.9106615026585
            ]
          ]
        ]
      },
      "properties": {
        "id": "035",
        "lote": "035",
        "estatus": "disponible",
        "paquete": null,
        "seccion": "ORO",
        "manzana": "A",
        "manzanaId": "A"
      }
    },
    {
      "type": "Feature",
      "geometry": {
        "type": "Polygon",
        "coordinates": [
          [
            [
              4917.877962337214,
              5242.533659908645
            ],
            [
              4964.163926728787,
              5234.372195558299
            ],
            [
              4966.768649393791,
              5249.144311853482
            ],
            [
              4920.482685002217,
              5257.305776203828
            ],
            [
              4917.877962337214,
              5242.533659908645
            ]
          ]
        ]
      },
      "properties": {
        "id": "025",
        "lote": "025",
        "estatus": "disponible",
        "paquete": null,
        "seccion": "ORO",
        "manzana": "A",
        "manzanaId": "A"
      }
    },
    {
      "type": "Feature",
      "geometry": {
        "type": "Polygon",
        "coordinates": [
          [
            [
              4971.057580999873,
              5233.1566583146305
            ],
            [
              5017.343545391446,
              5224.995193964285
            ],
            [
              5019.948268056451,
              5239.767310259468
            ],
            [
              4973.662303664877,
              5247.928774609813
            ],
            [
              4971.057580999873,
              5233.1566583146305
            ]
          ]
        ]
      },
      "properties": {
        "id": "015",
        "lote": "015",
        "estatus": "disponible",
        "paquete": null,
        "seccion": "ORO",
        "manzana": "A",
        "manzanaId": "A"
      }
    },
    {
      "type": "Feature",
      "geometry": {
        "type": "Polygon",
        "coordinates": [
          [
            [
              5024.237199662532,
              5223.779656720616
            ],
            [
              5070.523164054106,
              5215.618192370271
            ],
            [
              5073.1278867191095,
              5230.390308665454
            ],
            [
              5026.841922327536,
              5238.551773015799
            ],
            [
              5024.237199662532,
              5223.779656720616
            ]
          ]
        ]
      },
      "properties": {
        "id": "005",
        "lote": "005",
        "estatus": "disponible",
        "paquete": null,
        "seccion": "ORO",
        "manzana": "A",
        "manzanaId": "A"
      }
    },
    {
      "type": "Feature",
      "geometry": {
        "type": "Polygon",
        "coordinates": [
          [
            [
              4815.165336742901,
              5281.96862590993
            ],
            [
              4861.451301134474,
              5273.807161559584
            ],
            [
              4864.056023799479,
              5288.579277854767
            ],
            [
              4817.770059407904,
              5296.740742205113
            ],
            [
              4815.165336742901,
              5281.96862590993
            ]
          ]
        ]
      },
      "properties": {
        "id": "044",
        "lote": "044",
        "estatus": "disponible",
        "paquete": null,
        "seccion": "ORO",
        "manzana": "A",
        "manzanaId": "A"
      }
    },
    {
      "type": "Feature",
      "geometry": {
        "type": "Polygon",
        "coordinates": [
          [
            [
              4868.34495540556,
              5272.591624315915
            ],
            [
              4914.630919797133,
              5264.430159965569
            ],
            [
              4917.235642462138,
              5279.202276260753
            ],
            [
              4870.949678070564,
              5287.363740611098
            ],
            [
              4868.34495540556,
              5272.591624315915
            ]
          ]
        ]
      },
      "properties": {
        "id": "034",
        "lote": "034",
        "estatus": "disponible",
        "paquete": null,
        "seccion": "ORO",
        "manzana": "A",
        "manzanaId": "A"
      }
    },
    {
      "type": "Feature",
      "geometry": {
        "type": "Polygon",
        "coordinates": [
          [
            [
              4921.524574068219,
              5263.214622721901
            ],
            [
              4967.810538459793,
              5255.053158371556
            ],
            [
              4970.415261124796,
              5269.825274666739
            ],
            [
              4924.129296733223,
              5277.986739017084
            ],
            [
              4921.524574068219,
              5263.214622721901
            ]
          ]
        ]
      },
      "properties": {
        "id": "024",
        "lote": "024",
        "estatus": "disponible",
        "paquete": null,
        "seccion": "ORO",
        "manzana": "A",
        "manzanaId": "A"
      }
    },
    {
      "type": "Feature",
      "geometry": {
        "type": "Polygon",
        "coordinates": [
          [
            [
              4974.704192730878,
              5253.837621127886
            ],
            [
              5020.990157122452,
              5245.676156777541
            ],
            [
              5023.594879787456,
              5260.448273072724
            ],
            [
              4977.308915395883,
              5268.60973742307
            ],
            [
              4974.704192730878,
              5253.837621127886
            ]
          ]
        ]
      },
      "properties": {
        "id": "014",
        "lote": "014",
        "estatus": "disponible",
        "paquete": null,
        "seccion": "ORO",
        "manzana": "A",
        "manzanaId": "A"
      }
    },
    {
      "type": "Feature",
      "geometry": {
        "type": "Polygon",
        "coordinates": [
          [
            [
              5027.883811393537,
              5244.460619533873
            ],
            [
              5074.169775785112,
              5236.299155183527
            ],
            [
              5076.774498450115,
              5251.07127147871
            ],
            [
              5030.4885340585415,
              5259.232735829056
            ],
            [
              5027.883811393537,
              5244.460619533873
            ]
          ]
        ]
      },
      "properties": {
        "id": "004",
        "lote": "004",
        "estatus": "disponible",
        "paquete": null,
        "seccion": "ORO",
        "manzana": "A",
        "manzanaId": "A"
      }
    },
    {
      "type": "Feature",
      "geometry": {
        "type": "Polygon",
        "coordinates": [
          [
            [
              4818.811948473906,
              5302.649588723186
            ],
            [
              4865.09791286548,
              5294.4881243728405
            ],
            [
              4867.702635530483,
              5309.2602406680235
            ],
            [
              4821.41667113891,
              5317.421705018369
            ],
            [
              4818.811948473906,
              5302.649588723186
            ]
          ]
        ]
      },
      "properties": {
        "id": "043",
        "lote": "043",
        "estatus": "disponible",
        "paquete": null,
        "seccion": "ORO",
        "manzana": "A",
        "manzanaId": "A"
      }
    },
    {
      "type": "Feature",
      "geometry": {
        "type": "Polygon",
        "coordinates": [
          [
            [
              4871.991567136565,
              5293.272587129171
            ],
            [
              4918.277531528139,
              5285.111122778826
            ],
            [
              4920.882254193143,
              5299.883239074009
            ],
            [
              4874.59628980157,
              5308.044703424354
            ],
            [
              4871.991567136565,
              5293.272587129171
            ]
          ]
        ]
      },
      "properties": {
        "id": "033",
        "lote": "033",
        "estatus": "disponible",
        "paquete": null,
        "seccion": "ORO",
        "manzana": "A",
        "manzanaId": "A"
      }
    },
    {
      "type": "Feature",
      "geometry": {
        "type": "Polygon",
        "coordinates": [
          [
            [
              4925.171185799224,
              5283.895585535158
            ],
            [
              4971.4571501907985,
              5275.734121184812
            ],
            [
              4974.061872855802,
              5290.5062374799945
            ],
            [
              4927.775908464228,
              5298.667701830341
            ],
            [
              4925.171185799224,
              5283.895585535158
            ]
          ]
        ]
      },
      "properties": {
        "id": "023",
        "lote": "023",
        "estatus": "disponible",
        "paquete": null,
        "seccion": "ORO",
        "manzana": "A",
        "manzanaId": "A"
      }
    },
    {
      "type": "Feature",
      "geometry": {
        "type": "Polygon",
        "coordinates": [
          [
            [
              4978.350804461884,
              5274.518583941143
            ],
            [
              5024.636768853457,
              5266.357119590797
            ],
            [
              5027.241491518462,
              5281.129235885981
            ],
            [
              4980.955527126887,
              5289.290700236326
            ],
            [
              4978.350804461884,
              5274.518583941143
            ]
          ]
        ]
      },
      "properties": {
        "id": "013",
        "lote": "013",
        "estatus": "disponible",
        "paquete": null,
        "seccion": "ORO",
        "manzana": "A",
        "manzanaId": "A"
      }
    },
    {
      "type": "Feature",
      "geometry": {
        "type": "Polygon",
        "coordinates": [
          [
            [
              5031.530423124543,
              5265.141582347129
            ],
            [
              5077.816387516117,
              5256.9801179967835
            ],
            [
              5080.421110181121,
              5271.7522342919665
            ],
            [
              5034.135145789547,
              5279.913698642312
            ],
            [
              5031.530423124543,
              5265.141582347129
            ]
          ]
        ]
      },
      "properties": {
        "id": "003",
        "lote": "003",
        "estatus": "disponible",
        "paquete": null,
        "seccion": "ORO",
        "manzana": "A",
        "manzanaId": "A"
      }
    },
    {
      "type": "Feature",
      "geometry": {
        "type": "Polygon",
        "coordinates": [
          [
            [
              4822.458560204912,
              5323.330551536442
            ],
            [
              4868.7445245964855,
              5315.1690871860965
            ],
            [
              4871.349247261489,
              5329.941203481279
            ],
            [
              4825.063282869915,
              5338.102667831626
            ],
            [
              4822.458560204912,
              5323.330551536442
            ]
          ]
        ]
      },
      "properties": {
        "id": "042",
        "lote": "042",
        "estatus": "disponible",
        "paquete": null,
        "seccion": "ORO",
        "manzana": "A",
        "manzanaId": "A"
      }
    },
    {
      "type": "Feature",
      "geometry": {
        "type": "Polygon",
        "coordinates": [
          [
            [
              4875.638178867571,
              5313.953549942428
            ],
            [
              4921.924143259144,
              5305.792085592082
            ],
            [
              4924.528865924149,
              5320.564201887265
            ],
            [
              4878.242901532575,
              5328.725666237611
            ],
            [
              4875.638178867571,
              5313.953549942428
            ]
          ]
        ]
      },
      "properties": {
        "id": "032",
        "lote": "032",
        "estatus": "disponible",
        "paquete": null,
        "seccion": "ORO",
        "manzana": "A",
        "manzanaId": "A"
      }
    },
    {
      "type": "Feature",
      "geometry": {
        "type": "Polygon",
        "coordinates": [
          [
            [
              4928.81779753023,
              5304.576548348414
            ],
            [
              4975.103761921804,
              5296.415083998068
            ],
            [
              4977.708484586808,
              5311.187200293251
            ],
            [
              4931.422520195234,
              5319.348664643597
            ],
            [
              4928.81779753023,
              5304.576548348414
            ]
          ]
        ]
      },
      "properties": {
        "id": "022",
        "lote": "022",
        "estatus": "disponible",
        "paquete": null,
        "seccion": "ORO",
        "manzana": "A",
        "manzanaId": "A"
      }
    },
    {
      "type": "Feature",
      "geometry": {
        "type": "Polygon",
        "coordinates": [
          [
            [
              4981.997416192889,
              5295.199546754399
            ],
            [
              5028.283380584463,
              5287.038082404054
            ],
            [
              5030.888103249467,
              5301.810198699237
            ],
            [
              4984.602138857893,
              5309.971663049582
            ],
            [
              4981.997416192889,
              5295.199546754399
            ]
          ]
        ]
      },
      "properties": {
        "id": "012",
        "lote": "012",
        "estatus": "disponible",
        "paquete": null,
        "seccion": "ORO",
        "manzana": "A",
        "manzanaId": "A"
      }
    },
    {
      "type": "Feature",
      "geometry": {
        "type": "Polygon",
        "coordinates": [
          [
            [
              5035.177034855548,
              5285.822545160386
            ],
            [
              5081.462999247122,
              5277.6610808100395
            ],
            [
              5084.067721912126,
              5292.4331971052225
            ],
            [
              5037.781757520553,
              5300.594661455569
            ],
            [
              5035.177034855548,
              5285.822545160386
            ]
          ]
        ]
      },
      "properties": {
        "id": "002",
        "lote": "002",
        "estatus": "disponible",
        "paquete": null,
        "seccion": "ORO",
        "manzana": "A",
        "manzanaId": "A"
      }
    },
    {
      "type": "Feature",
      "geometry": {
        "type": "Polygon",
        "coordinates": [
          [
            [
              4826.1051719359175,
              5344.011514349699
            ],
            [
              4872.391136327491,
              5335.850049999352
            ],
            [
              4874.9958589924945,
              5350.622166294536
            ],
            [
              4828.709894600921,
              5358.783630644882
            ],
            [
              4826.1051719359175,
              5344.011514349699
            ]
          ]
        ]
      },
      "properties": {
        "id": "041",
        "lote": "041",
        "estatus": "disponible",
        "paquete": null,
        "seccion": "ORO",
        "manzana": "A",
        "manzanaId": "A"
      }
    },
    {
      "type": "Feature",
      "geometry": {
        "type": "Polygon",
        "coordinates": [
          [
            [
              4879.284790598576,
              5334.634512755684
            ],
            [
              4925.57075499015,
              5326.473048405339
            ],
            [
              4928.175477655154,
              5341.245164700522
            ],
            [
              4881.889513263581,
              5349.406629050867
            ],
            [
              4879.284790598576,
              5334.634512755684
            ]
          ]
        ]
      },
      "properties": {
        "id": "031",
        "lote": "031",
        "estatus": "disponible",
        "paquete": null,
        "seccion": "ORO",
        "manzana": "A",
        "manzanaId": "A"
      }
    },
    {
      "type": "Feature",
      "geometry": {
        "type": "Polygon",
        "coordinates": [
          [
            [
              4932.464409261235,
              5325.25751116167
            ],
            [
              4978.75037365281,
              5317.096046811324
            ],
            [
              4981.355096317813,
              5331.868163106507
            ],
            [
              4935.06913192624,
              5340.029627456854
            ],
            [
              4932.464409261235,
              5325.25751116167
            ]
          ]
        ]
      },
      "properties": {
        "id": "021",
        "lote": "021",
        "estatus": "disponible",
        "paquete": null,
        "seccion": "ORO",
        "manzana": "A",
        "manzanaId": "A"
      }
    },
    {
      "type": "Feature",
      "geometry": {
        "type": "Polygon",
        "coordinates": [
          [
            [
              4985.644027923895,
              5315.880509567656
            ],
            [
              5031.929992315469,
              5307.71904521731
            ],
            [
              5034.534714980473,
              5322.491161512493
            ],
            [
              4988.2487505888985,
              5330.652625862839
            ],
            [
              4985.644027923895,
              5315.880509567656
            ]
          ]
        ]
      },
      "properties": {
        "id": "011",
        "lote": "011",
        "estatus": "disponible",
        "paquete": null,
        "seccion": "ORO",
        "manzana": "A",
        "manzanaId": "A"
      }
    },
    {
      "type": "Feature",
      "geometry": {
        "type": "Polygon",
        "coordinates": [
          [
            [
              5038.823646586554,
              5306.503507973642
            ],
            [
              5085.109610978128,
              5298.342043623296
            ],
            [
              5087.714333643132,
              5313.114159918479
            ],
            [
              5041.428369251558,
              5321.275624268825
            ],
            [
              5038.823646586554,
              5306.503507973642
            ]
          ]
        ]
      },
      "properties": {
        "id": "001",
        "lote": "001",
        "estatus": "disponible",
        "paquete": null,
        "seccion": "ORO",
        "manzana": "A",
        "manzanaId": "A"
      }
    },
    {
      "type": "Feature",
      "geometry": {
        "type": "Polygon",
        "coordinates": [
          [
            [
              4754.285666356867,
              4928.384942766182
            ],
            [
              4800.571630748441,
              4920.223478415836
            ],
            [
              4803.176353413445,
              4934.995594711019
            ],
            [
              4756.890389021872,
              4943.157059061365
            ],
            [
              4754.285666356867,
              4928.384942766182
            ]
          ]
        ]
      },
      "properties": {
        "id": "100",
        "lote": "100",
        "estatus": "disponible",
        "paquete": null,
        "seccion": "ORO",
        "manzana": "B",
        "manzanaId": "B"
      }
    },
    {
      "type": "Feature",
      "geometry": {
        "type": "Polygon",
        "coordinates": [
          [
            [
              4807.465285019526,
              4919.007941172167
            ],
            [
              4853.751249411101,
              4910.846476821822
            ],
            [
              4856.355972076104,
              4925.618593117005
            ],
            [
              4810.0700076845305,
              4933.78005746735
            ],
            [
              4807.465285019526,
              4919.007941172167
            ]
          ]
        ]
      },
      "properties": {
        "id": "090",
        "lote": "090",
        "estatus": "disponible",
        "paquete": null,
        "seccion": "ORO",
        "manzana": "B",
        "manzanaId": "B"
      }
    },
    {
      "type": "Feature",
      "geometry": {
        "type": "Polygon",
        "coordinates": [
          [
            [
              4861.968209547689,
              4909.972019195007
            ],
            [
              4908.254173939263,
              4901.810554844661
            ],
            [
              4910.858896604267,
              4916.582671139844
            ],
            [
              4864.572932212693,
              4924.74413549019
            ],
            [
              4861.968209547689,
              4909.972019195007
            ]
          ]
        ]
      },
      "properties": {
        "id": "080",
        "lote": "080",
        "estatus": "disponible",
        "paquete": null,
        "seccion": "ORO",
        "manzana": "B",
        "manzanaId": "B"
      }
    },
    {
      "type": "Feature",
      "geometry": {
        "type": "Polygon",
        "coordinates": [
          [
            [
              4913.824522344845,
              4900.253937984139
            ],
            [
              4960.110486736418,
              4892.092473633793
            ],
            [
              4962.715209401423,
              4906.864589928977
            ],
            [
              4916.429245009849,
              4915.026054279322
            ],
            [
              4913.824522344845,
              4900.253937984139
            ]
          ]
        ]
      },
      "properties": {
        "id": "070",
        "lote": "070",
        "estatus": "disponible",
        "paquete": null,
        "seccion": "ORO",
        "manzana": "B",
        "manzanaId": "B"
      }
    },
    {
      "type": "Feature",
      "geometry": {
        "type": "Polygon",
        "coordinates": [
          [
            [
              4967.004141007505,
              4890.876936390125
            ],
            [
              5013.290105399078,
              4882.715472039779
            ],
            [
              5015.894828064082,
              4897.487588334962
            ],
            [
              4969.608863672508,
              4905.649052685308
            ],
            [
              4967.004141007505,
              4890.876936390125
            ]
          ]
        ]
      },
      "properties": {
        "id": "060",
        "lote": "060",
        "estatus": "disponible",
        "paquete": null,
        "seccion": "ORO",
        "manzana": "B",
        "manzanaId": "B"
      }
    },
    {
      "type": "Feature",
      "geometry": {
        "type": "Polygon",
        "coordinates": [
          [
            [
              4757.932278087873,
              4949.065905579438
            ],
            [
              4804.218242479446,
              4940.904441229092
            ],
            [
              4806.822965144451,
              4955.676557524275
            ],
            [
              4760.537000752876,
              4963.8380218746215
            ],
            [
              4757.932278087873,
              4949.065905579438
            ]
          ]
        ]
      },
      "properties": {
        "id": "099",
        "lote": "099",
        "estatus": "disponible",
        "paquete": null,
        "seccion": "ORO",
        "manzana": "B",
        "manzanaId": "B"
      }
    },
    {
      "type": "Feature",
      "geometry": {
        "type": "Polygon",
        "coordinates": [
          [
            [
              4811.111896750532,
              4939.688903985424
            ],
            [
              4857.397861142106,
              4931.527439635078
            ],
            [
              4860.00258380711,
              4946.299555930261
            ],
            [
              4813.716619415536,
              4954.461020280607
            ],
            [
              4811.111896750532,
              4939.688903985424
            ]
          ]
        ]
      },
      "properties": {
        "id": "089",
        "lote": "089",
        "estatus": "disponible",
        "paquete": null,
        "seccion": "ORO",
        "manzana": "B",
        "manzanaId": "B"
      }
    },
    {
      "type": "Feature",
      "geometry": {
        "type": "Polygon",
        "coordinates": [
          [
            [
              4865.614821278695,
              4930.652982008263
            ],
            [
              4911.900785670268,
              4922.491517657918
            ],
            [
              4914.505508335273,
              4937.263633953101
            ],
            [
              4868.219543943698,
              4945.425098303446
            ],
            [
              4865.614821278695,
              4930.652982008263
            ]
          ]
        ]
      },
      "properties": {
        "id": "079",
        "lote": "079",
        "estatus": "disponible",
        "paquete": null,
        "seccion": "ORO",
        "manzana": "B",
        "manzanaId": "B"
      }
    },
    {
      "type": "Feature",
      "geometry": {
        "type": "Polygon",
        "coordinates": [
          [
            [
              4917.47113407585,
              4920.934900797395
            ],
            [
              4963.757098467424,
              4912.77343644705
            ],
            [
              4966.361821132428,
              4927.545552742233
            ],
            [
              4920.075856740855,
              4935.707017092578
            ],
            [
              4917.47113407585,
              4920.934900797395
            ]
          ]
        ]
      },
      "properties": {
        "id": "069",
        "lote": "069",
        "estatus": "disponible",
        "paquete": null,
        "seccion": "ORO",
        "manzana": "B",
        "manzanaId": "B"
      }
    },
    {
      "type": "Feature",
      "geometry": {
        "type": "Polygon",
        "coordinates": [
          [
            [
              4970.65075273851,
              4911.557899203381
            ],
            [
              5016.936717130084,
              4903.396434853035
            ],
            [
              5019.541439795087,
              4918.168551148218
            ],
            [
              4973.255475403514,
              4926.3300154985645
            ],
            [
              4970.65075273851,
              4911.557899203381
            ]
          ]
        ]
      },
      "properties": {
        "id": "059",
        "lote": "059",
        "estatus": "disponible",
        "paquete": null,
        "seccion": "ORO",
        "manzana": "B",
        "manzanaId": "B"
      }
    },
    {
      "type": "Feature",
      "geometry": {
        "type": "Polygon",
        "coordinates": [
          [
            [
              4761.578889818878,
              4969.7468683926945
            ],
            [
              4807.864854210452,
              4961.585404042348
            ],
            [
              4810.469576875456,
              4976.357520337532
            ],
            [
              4764.183612483882,
              4984.5189846878775
            ],
            [
              4761.578889818878,
              4969.7468683926945
            ]
          ]
        ]
      },
      "properties": {
        "id": "098",
        "lote": "098",
        "estatus": "disponible",
        "paquete": null,
        "seccion": "ORO",
        "manzana": "B",
        "manzanaId": "B"
      }
    },
    {
      "type": "Feature",
      "geometry": {
        "type": "Polygon",
        "coordinates": [
          [
            [
              4814.758508481537,
              4960.36986679868
            ],
            [
              4861.044472873112,
              4952.208402448335
            ],
            [
              4863.649195538115,
              4966.980518743518
            ],
            [
              4817.363231146542,
              4975.141983093863
            ],
            [
              4814.758508481537,
              4960.36986679868
            ]
          ]
        ]
      },
      "properties": {
        "id": "088",
        "lote": "088",
        "estatus": "disponible",
        "paquete": null,
        "seccion": "ORO",
        "manzana": "B",
        "manzanaId": "B"
      }
    },
    {
      "type": "Feature",
      "geometry": {
        "type": "Polygon",
        "coordinates": [
          [
            [
              4869.2614330097,
              4951.333944821519
            ],
            [
              4915.547397401274,
              4943.172480471174
            ],
            [
              4918.152120066278,
              4957.944596766357
            ],
            [
              4871.866155674704,
              4966.106061116703
            ],
            [
              4869.2614330097,
              4951.333944821519
            ]
          ]
        ]
      },
      "properties": {
        "id": "078",
        "lote": "078",
        "estatus": "disponible",
        "paquete": null,
        "seccion": "ORO",
        "manzana": "B",
        "manzanaId": "B"
      }
    },
    {
      "type": "Feature",
      "geometry": {
        "type": "Polygon",
        "coordinates": [
          [
            [
              4921.117745806856,
              4941.615863610652
            ],
            [
              4967.4037101984295,
              4933.454399260306
            ],
            [
              4970.008432863434,
              4948.226515555489
            ],
            [
              4923.72246847186,
              4956.387979905835
            ],
            [
              4921.117745806856,
              4941.615863610652
            ]
          ]
        ]
      },
      "properties": {
        "id": "068",
        "lote": "068",
        "estatus": "disponible",
        "paquete": null,
        "seccion": "ORO",
        "manzana": "B",
        "manzanaId": "B"
      }
    },
    {
      "type": "Feature",
      "geometry": {
        "type": "Polygon",
        "coordinates": [
          [
            [
              4974.297364469516,
              4932.2388620166375
            ],
            [
              5020.583328861089,
              4924.077397666291
            ],
            [
              5023.188051526093,
              4938.849513961475
            ],
            [
              4976.902087134519,
              4947.0109783118205
            ],
            [
              4974.297364469516,
              4932.2388620166375
            ]
          ]
        ]
      },
      "properties": {
        "id": "058",
        "lote": "058",
        "estatus": "disponible",
        "paquete": null,
        "seccion": "ORO",
        "manzana": "B",
        "manzanaId": "B"
      }
    },
    {
      "type": "Feature",
      "geometry": {
        "type": "Polygon",
        "coordinates": [
          [
            [
              4765.225501549884,
              4990.4278312059505
            ],
            [
              4811.511465941458,
              4982.266366855605
            ],
            [
              4814.116188606462,
              4997.038483150788
            ],
            [
              4767.8302242148875,
              5005.1999475011335
            ],
            [
              4765.225501549884,
              4990.4278312059505
            ]
          ]
        ]
      },
      "properties": {
        "id": "097",
        "lote": "097",
        "estatus": "disponible",
        "paquete": null,
        "seccion": "ORO",
        "manzana": "B",
        "manzanaId": "B"
      }
    },
    {
      "type": "Feature",
      "geometry": {
        "type": "Polygon",
        "coordinates": [
          [
            [
              4818.405120212543,
              4981.050829611937
            ],
            [
              4864.691084604117,
              4972.889365261591
            ],
            [
              4867.295807269121,
              4987.661481556774
            ],
            [
              4821.009842877547,
              4995.82294590712
            ],
            [
              4818.405120212543,
              4981.050829611937
            ]
          ]
        ]
      },
      "properties": {
        "id": "087",
        "lote": "087",
        "estatus": "disponible",
        "paquete": null,
        "seccion": "ORO",
        "manzana": "B",
        "manzanaId": "B"
      }
    },
    {
      "type": "Feature",
      "geometry": {
        "type": "Polygon",
        "coordinates": [
          [
            [
              4872.908044740706,
              4972.014907634776
            ],
            [
              4919.1940091322795,
              4963.85344328443
            ],
            [
              4921.798731797283,
              4978.625559579614
            ],
            [
              4875.512767405709,
              4986.787023929959
            ],
            [
              4872.908044740706,
              4972.014907634776
            ]
          ]
        ]
      },
      "properties": {
        "id": "077",
        "lote": "077",
        "estatus": "disponible",
        "paquete": null,
        "seccion": "ORO",
        "manzana": "B",
        "manzanaId": "B"
      }
    },
    {
      "type": "Feature",
      "geometry": {
        "type": "Polygon",
        "coordinates": [
          [
            [
              4924.7643575378615,
              4962.296826423908
            ],
            [
              4971.050321929435,
              4954.135362073563
            ],
            [
              4973.6550445944395,
              4968.907478368746
            ],
            [
              4927.369080202866,
              4977.068942719091
            ],
            [
              4924.7643575378615,
              4962.296826423908
            ]
          ]
        ]
      },
      "properties": {
        "id": "067",
        "lote": "067",
        "estatus": "disponible",
        "paquete": null,
        "seccion": "ORO",
        "manzana": "B",
        "manzanaId": "B"
      }
    },
    {
      "type": "Feature",
      "geometry": {
        "type": "Polygon",
        "coordinates": [
          [
            [
              4977.94397620052,
              4952.9198248298935
            ],
            [
              5024.229940592095,
              4944.758360479548
            ],
            [
              5026.834663257098,
              4959.530476774731
            ],
            [
              4980.548698865525,
              4967.6919411250765
            ],
            [
              4977.94397620052,
              4952.9198248298935
            ]
          ]
        ]
      },
      "properties": {
        "id": "057",
        "lote": "057",
        "estatus": "disponible",
        "paquete": null,
        "seccion": "ORO",
        "manzana": "B",
        "manzanaId": "B"
      }
    },
    {
      "type": "Feature",
      "geometry": {
        "type": "Polygon",
        "coordinates": [
          [
            [
              4768.87211328089,
              5011.108794019207
            ],
            [
              4815.158077672463,
              5002.947329668861
            ],
            [
              4817.7628003374675,
              5017.719445964044
            ],
            [
              4771.476835945893,
              5025.88091031439
            ],
            [
              4768.87211328089,
              5011.108794019207
            ]
          ]
        ]
      },
      "properties": {
        "id": "096",
        "lote": "096",
        "estatus": "disponible",
        "paquete": null,
        "seccion": "ORO",
        "manzana": "B",
        "manzanaId": "B"
      }
    },
    {
      "type": "Feature",
      "geometry": {
        "type": "Polygon",
        "coordinates": [
          [
            [
              4822.0517319435485,
              5001.731792425193
            ],
            [
              4868.337696335122,
              4993.570328074848
            ],
            [
              4870.942419000126,
              5008.3424443700305
            ],
            [
              4824.656454608553,
              5016.503908720376
            ],
            [
              4822.0517319435485,
              5001.731792425193
            ]
          ]
        ]
      },
      "properties": {
        "id": "086",
        "lote": "086",
        "estatus": "disponible",
        "paquete": null,
        "seccion": "ORO",
        "manzana": "B",
        "manzanaId": "B"
      }
    },
    {
      "type": "Feature",
      "geometry": {
        "type": "Polygon",
        "coordinates": [
          [
            [
              4876.5546564717115,
              4992.695870448032
            ],
            [
              4922.840620863285,
              4984.534406097687
            ],
            [
              4925.4453435282885,
              4999.30652239287
            ],
            [
              4879.159379136715,
              5007.467986743215
            ],
            [
              4876.5546564717115,
              4992.695870448032
            ]
          ]
        ]
      },
      "properties": {
        "id": "076",
        "lote": "076",
        "estatus": "disponible",
        "paquete": null,
        "seccion": "ORO",
        "manzana": "B",
        "manzanaId": "B"
      }
    },
    {
      "type": "Feature",
      "geometry": {
        "type": "Polygon",
        "coordinates": [
          [
            [
              4928.410969268867,
              4982.977789237165
            ],
            [
              4974.696933660441,
              4974.816324886819
            ],
            [
              4977.301656325445,
              4989.588441182002
            ],
            [
              4931.0156919338715,
              4997.749905532348
            ],
            [
              4928.410969268867,
              4982.977789237165
            ]
          ]
        ]
      },
      "properties": {
        "id": "066",
        "lote": "066",
        "estatus": "disponible",
        "paquete": null,
        "seccion": "ORO",
        "manzana": "B",
        "manzanaId": "B"
      }
    },
    {
      "type": "Feature",
      "geometry": {
        "type": "Polygon",
        "coordinates": [
          [
            [
              4981.590587931526,
              4973.60078764315
            ],
            [
              5027.8765523231,
              4965.439323292804
            ],
            [
              5030.481274988104,
              4980.211439587988
            ],
            [
              4984.19531059653,
              4988.372903938333
            ],
            [
              4981.590587931526,
              4973.60078764315
            ]
          ]
        ]
      },
      "properties": {
        "id": "056",
        "lote": "056",
        "estatus": "disponible",
        "paquete": null,
        "seccion": "ORO",
        "manzana": "B",
        "manzanaId": "B"
      }
    },
    {
      "type": "Feature",
      "geometry": {
        "type": "Polygon",
        "coordinates": [
          [
            [
              4772.518725011895,
              5031.789756832463
            ],
            [
              4818.804689403469,
              5023.628292482118
            ],
            [
              4821.409412068473,
              5038.400408777301
            ],
            [
              4775.123447676899,
              5046.561873127646
            ],
            [
              4772.518725011895,
              5031.789756832463
            ]
          ]
        ]
      },
      "properties": {
        "id": "095",
        "lote": "095",
        "estatus": "disponible",
        "paquete": null,
        "seccion": "ORO",
        "manzana": "B",
        "manzanaId": "B"
      }
    },
    {
      "type": "Feature",
      "geometry": {
        "type": "Polygon",
        "coordinates": [
          [
            [
              4825.698343674554,
              5022.412755238449
            ],
            [
              4871.984308066128,
              5014.2512908881035
            ],
            [
              4874.589030731132,
              5029.0234071832865
            ],
            [
              4828.303066339558,
              5037.184871533633
            ],
            [
              4825.698343674554,
              5022.412755238449
            ]
          ]
        ]
      },
      "properties": {
        "id": "085",
        "lote": "085",
        "estatus": "disponible",
        "paquete": null,
        "seccion": "ORO",
        "manzana": "B",
        "manzanaId": "B"
      }
    },
    {
      "type": "Feature",
      "geometry": {
        "type": "Polygon",
        "coordinates": [
          [
            [
              4880.201268202717,
              5013.376833261289
            ],
            [
              4926.487232594291,
              5005.215368910943
            ],
            [
              4929.091955259294,
              5019.987485206126
            ],
            [
              4882.8059908677205,
              5028.148949556472
            ],
            [
              4880.201268202717,
              5013.376833261289
            ]
          ]
        ]
      },
      "properties": {
        "id": "075",
        "lote": "075",
        "estatus": "disponible",
        "paquete": null,
        "seccion": "ORO",
        "manzana": "B",
        "manzanaId": "B"
      }
    },
    {
      "type": "Feature",
      "geometry": {
        "type": "Polygon",
        "coordinates": [
          [
            [
              4932.057580999873,
              5003.658752050421
            ],
            [
              4978.343545391446,
              4995.4972877000755
            ],
            [
              4980.948268056451,
              5010.2694039952585
            ],
            [
              4934.662303664877,
              5018.430868345604
            ],
            [
              4932.057580999873,
              5003.658752050421
            ]
          ]
        ]
      },
      "properties": {
        "id": "065",
        "lote": "065",
        "estatus": "disponible",
        "paquete": null,
        "seccion": "ORO",
        "manzana": "B",
        "manzanaId": "B"
      }
    },
    {
      "type": "Feature",
      "geometry": {
        "type": "Polygon",
        "coordinates": [
          [
            [
              4985.237199662532,
              4994.281750456406
            ],
            [
              5031.523164054106,
              4986.120286106061
            ],
            [
              5034.1278867191095,
              5000.892402401244
            ],
            [
              4987.841922327536,
              5009.053866751589
            ],
            [
              4985.237199662532,
              4994.281750456406
            ]
          ]
        ]
      },
      "properties": {
        "id": "055",
        "lote": "055",
        "estatus": "disponible",
        "paquete": null,
        "seccion": "ORO",
        "manzana": "B",
        "manzanaId": "B"
      }
    },
    {
      "type": "Feature",
      "geometry": {
        "type": "Polygon",
        "coordinates": [
          [
            [
              4776.165336742901,
              5052.47071964572
            ],
            [
              4822.451301134474,
              5044.309255295374
            ],
            [
              4825.056023799479,
              5059.081371590557
            ],
            [
              4778.770059407904,
              5067.242835940903
            ],
            [
              4776.165336742901,
              5052.47071964572
            ]
          ]
        ]
      },
      "properties": {
        "id": "094",
        "lote": "094",
        "estatus": "disponible",
        "paquete": null,
        "seccion": "ORO",
        "manzana": "B",
        "manzanaId": "B"
      }
    },
    {
      "type": "Feature",
      "geometry": {
        "type": "Polygon",
        "coordinates": [
          [
            [
              4829.34495540556,
              5043.093718051706
            ],
            [
              4875.630919797133,
              5034.9322537013595
            ],
            [
              4878.235642462138,
              5049.704369996543
            ],
            [
              4831.949678070564,
              5057.865834346889
            ],
            [
              4829.34495540556,
              5043.093718051706
            ]
          ]
        ]
      },
      "properties": {
        "id": "084",
        "lote": "084",
        "estatus": "disponible",
        "paquete": null,
        "seccion": "ORO",
        "manzana": "B",
        "manzanaId": "B"
      }
    },
    {
      "type": "Feature",
      "geometry": {
        "type": "Polygon",
        "coordinates": [
          [
            [
              4883.847879933723,
              5034.057796074545
            ],
            [
              4930.133844325296,
              5025.8963317242
            ],
            [
              4932.7385669903,
              5040.668448019383
            ],
            [
              4886.452602598726,
              5048.829912369728
            ],
            [
              4883.847879933723,
              5034.057796074545
            ]
          ]
        ]
      },
      "properties": {
        "id": "074",
        "lote": "074",
        "estatus": "disponible",
        "paquete": null,
        "seccion": "ORO",
        "manzana": "B",
        "manzanaId": "B"
      }
    },
    {
      "type": "Feature",
      "geometry": {
        "type": "Polygon",
        "coordinates": [
          [
            [
              4935.704192730878,
              5024.339714863677
            ],
            [
              4981.990157122452,
              5016.1782505133315
            ],
            [
              4984.594879787456,
              5030.950366808514
            ],
            [
              4938.308915395883,
              5039.111831158861
            ],
            [
              4935.704192730878,
              5024.339714863677
            ]
          ]
        ]
      },
      "properties": {
        "id": "064",
        "lote": "064",
        "estatus": "disponible",
        "paquete": null,
        "seccion": "ORO",
        "manzana": "B",
        "manzanaId": "B"
      }
    },
    {
      "type": "Feature",
      "geometry": {
        "type": "Polygon",
        "coordinates": [
          [
            [
              4988.883811393537,
              5014.962713269663
            ],
            [
              5035.169775785112,
              5006.801248919317
            ],
            [
              5037.774498450115,
              5021.5733652145
            ],
            [
              4991.4885340585415,
              5029.734829564846
            ],
            [
              4988.883811393537,
              5014.962713269663
            ]
          ]
        ]
      },
      "properties": {
        "id": "054",
        "lote": "054",
        "estatus": "disponible",
        "paquete": null,
        "seccion": "ORO",
        "manzana": "B",
        "manzanaId": "B"
      }
    },
    {
      "type": "Feature",
      "geometry": {
        "type": "Polygon",
        "coordinates": [
          [
            [
              4779.811948473906,
              5073.151682458976
            ],
            [
              4826.09791286548,
              5064.990218108631
            ],
            [
              4828.702635530483,
              5079.762334403814
            ],
            [
              4782.41667113891,
              5087.923798754159
            ],
            [
              4779.811948473906,
              5073.151682458976
            ]
          ]
        ]
      },
      "properties": {
        "id": "093",
        "lote": "093",
        "estatus": "disponible",
        "paquete": null,
        "seccion": "ORO",
        "manzana": "B",
        "manzanaId": "B"
      }
    },
    {
      "type": "Feature",
      "geometry": {
        "type": "Polygon",
        "coordinates": [
          [
            [
              4832.991567136565,
              5063.774680864962
            ],
            [
              4879.277531528139,
              5055.613216514616
            ],
            [
              4881.882254193143,
              5070.385332809799
            ],
            [
              4835.59628980157,
              5078.546797160145
            ],
            [
              4832.991567136565,
              5063.774680864962
            ]
          ]
        ]
      },
      "properties": {
        "id": "083",
        "lote": "083",
        "estatus": "disponible",
        "paquete": null,
        "seccion": "ORO",
        "manzana": "B",
        "manzanaId": "B"
      }
    },
    {
      "type": "Feature",
      "geometry": {
        "type": "Polygon",
        "coordinates": [
          [
            [
              4887.494491664727,
              5054.738758887802
            ],
            [
              4933.780456056302,
              5046.577294537456
            ],
            [
              4936.385178721305,
              5061.349410832639
            ],
            [
              4890.099214329732,
              5069.510875182985
            ],
            [
              4887.494491664727,
              5054.738758887802
            ]
          ]
        ]
      },
      "properties": {
        "id": "073",
        "lote": "073",
        "estatus": "disponible",
        "paquete": null,
        "seccion": "ORO",
        "manzana": "B",
        "manzanaId": "B"
      }
    },
    {
      "type": "Feature",
      "geometry": {
        "type": "Polygon",
        "coordinates": [
          [
            [
              4939.350804461884,
              5045.020677676934
            ],
            [
              4985.636768853457,
              5036.859213326587
            ],
            [
              4988.241491518462,
              5051.631329621771
            ],
            [
              4941.955527126887,
              5059.792793972117
            ],
            [
              4939.350804461884,
              5045.020677676934
            ]
          ]
        ]
      },
      "properties": {
        "id": "063",
        "lote": "063",
        "estatus": "disponible",
        "paquete": null,
        "seccion": "ORO",
        "manzana": "B",
        "manzanaId": "B"
      }
    },
    {
      "type": "Feature",
      "geometry": {
        "type": "Polygon",
        "coordinates": [
          [
            [
              4992.530423124543,
              5035.643676082919
            ],
            [
              5038.816387516117,
              5027.482211732574
            ],
            [
              5041.421110181121,
              5042.254328027757
            ],
            [
              4995.135145789547,
              5050.415792378102
            ],
            [
              4992.530423124543,
              5035.643676082919
            ]
          ]
        ]
      },
      "properties": {
        "id": "053",
        "lote": "053",
        "estatus": "disponible",
        "paquete": null,
        "seccion": "ORO",
        "manzana": "B",
        "manzanaId": "B"
      }
    },
    {
      "type": "Feature",
      "geometry": {
        "type": "Polygon",
        "coordinates": [
          [
            [
              4783.458560204912,
              5093.832645272232
            ],
            [
              4829.7445245964855,
              5085.671180921887
            ],
            [
              4832.349247261489,
              5100.44329721707
            ],
            [
              4786.063282869915,
              5108.604761567416
            ],
            [
              4783.458560204912,
              5093.832645272232
            ]
          ]
        ]
      },
      "properties": {
        "id": "092",
        "lote": "092",
        "estatus": "disponible",
        "paquete": null,
        "seccion": "ORO",
        "manzana": "B",
        "manzanaId": "B"
      }
    },
    {
      "type": "Feature",
      "geometry": {
        "type": "Polygon",
        "coordinates": [
          [
            [
              4836.638178867571,
              5084.455643678219
            ],
            [
              4882.924143259144,
              5076.294179327872
            ],
            [
              4885.528865924149,
              5091.066295623055
            ],
            [
              4839.242901532575,
              5099.227759973402
            ],
            [
              4836.638178867571,
              5084.455643678219
            ]
          ]
        ]
      },
      "properties": {
        "id": "082",
        "lote": "082",
        "estatus": "disponible",
        "paquete": null,
        "seccion": "ORO",
        "manzana": "B",
        "manzanaId": "B"
      }
    },
    {
      "type": "Feature",
      "geometry": {
        "type": "Polygon",
        "coordinates": [
          [
            [
              4891.141103395733,
              5075.419721701058
            ],
            [
              4937.427067787307,
              5067.2582573507125
            ],
            [
              4940.031790452311,
              5082.030373645895
            ],
            [
              4893.745826060737,
              5090.191837996241
            ],
            [
              4891.141103395733,
              5075.419721701058
            ]
          ]
        ]
      },
      "properties": {
        "id": "072",
        "lote": "072",
        "estatus": "disponible",
        "paquete": null,
        "seccion": "ORO",
        "manzana": "B",
        "manzanaId": "B"
      }
    },
    {
      "type": "Feature",
      "geometry": {
        "type": "Polygon",
        "coordinates": [
          [
            [
              4942.997416192889,
              5065.70164049019
            ],
            [
              4989.283380584463,
              5057.540176139844
            ],
            [
              4991.888103249467,
              5072.312292435027
            ],
            [
              4945.602138857893,
              5080.473756785373
            ],
            [
              4942.997416192889,
              5065.70164049019
            ]
          ]
        ]
      },
      "properties": {
        "id": "062",
        "lote": "062",
        "estatus": "disponible",
        "paquete": null,
        "seccion": "ORO",
        "manzana": "B",
        "manzanaId": "B"
      }
    },
    {
      "type": "Feature",
      "geometry": {
        "type": "Polygon",
        "coordinates": [
          [
            [
              4996.177034855548,
              5056.324638896176
            ],
            [
              5042.462999247122,
              5048.16317454583
            ],
            [
              5045.067721912126,
              5062.935290841013
            ],
            [
              4998.781757520553,
              5071.096755191359
            ],
            [
              4996.177034855548,
              5056.324638896176
            ]
          ]
        ]
      },
      "properties": {
        "id": "052",
        "lote": "052",
        "estatus": "disponible",
        "paquete": null,
        "seccion": "ORO",
        "manzana": "B",
        "manzanaId": "B"
      }
    },
    {
      "type": "Feature",
      "geometry": {
        "type": "Polygon",
        "coordinates": [
          [
            [
              4787.1051719359175,
              5114.513608085489
            ],
            [
              4833.391136327491,
              5106.352143735143
            ],
            [
              4835.9958589924945,
              5121.124260030327
            ],
            [
              4789.709894600921,
              5129.285724380672
            ],
            [
              4787.1051719359175,
              5114.513608085489
            ]
          ]
        ]
      },
      "properties": {
        "id": "091",
        "lote": "091",
        "estatus": "disponible",
        "paquete": null,
        "seccion": "ORO",
        "manzana": "B",
        "manzanaId": "B"
      }
    },
    {
      "type": "Feature",
      "geometry": {
        "type": "Polygon",
        "coordinates": [
          [
            [
              4840.284790598576,
              5105.136606491475
            ],
            [
              4886.57075499015,
              5096.975142141129
            ],
            [
              4889.175477655154,
              5111.747258436312
            ],
            [
              4842.889513263581,
              5119.908722786658
            ],
            [
              4840.284790598576,
              5105.136606491475
            ]
          ]
        ]
      },
      "properties": {
        "id": "081",
        "lote": "081",
        "estatus": "disponible",
        "paquete": null,
        "seccion": "ORO",
        "manzana": "B",
        "manzanaId": "B"
      }
    },
    {
      "type": "Feature",
      "geometry": {
        "type": "Polygon",
        "coordinates": [
          [
            [
              4893.464409261235,
              5095.75960489746
            ],
            [
              4939.75037365281,
              5087.598140547115
            ],
            [
              4942.355096317813,
              5102.370256842298
            ],
            [
              4896.06913192624,
              5110.531721192644
            ],
            [
              4893.464409261235,
              5095.75960489746
            ]
          ]
        ]
      },
      "properties": {
        "id": "071",
        "lote": "071",
        "estatus": "disponible",
        "paquete": null,
        "seccion": "ORO",
        "manzana": "B",
        "manzanaId": "B"
      }
    },
    {
      "type": "Feature",
      "geometry": {
        "type": "Polygon",
        "coordinates": [
          [
            [
              4946.644027923895,
              5086.382603303447
            ],
            [
              4992.929992315469,
              5078.2211389531
            ],
            [
              4995.534714980473,
              5092.993255248283
            ],
            [
              4949.2487505888985,
              5101.1547195986295
            ],
            [
              4946.644027923895,
              5086.382603303447
            ]
          ]
        ]
      },
      "properties": {
        "id": "061",
        "lote": "061",
        "estatus": "disponible",
        "paquete": null,
        "seccion": "ORO",
        "manzana": "B",
        "manzanaId": "B"
      }
    },
    {
      "type": "Feature",
      "geometry": {
        "type": "Polygon",
        "coordinates": [
          [
            [
              4999.823646586554,
              5077.005601709432
            ],
            [
              5046.109610978128,
              5068.844137359087
            ],
            [
              5048.714333643132,
              5083.61625365427
            ],
            [
              5002.428369251558,
              5091.777718004615
            ],
            [
              4999.823646586554,
              5077.005601709432
            ]
          ]
        ]
      },
      "properties": {
        "id": "051",
        "lote": "051",
        "estatus": "disponible",
        "paquete": null,
        "seccion": "ORO",
        "manzana": "B",
        "manzanaId": "B"
      }
    },
    {
      "type": "Feature",
      "geometry": {
        "type": "Polygon",
        "coordinates": [
          [
            [
              4713.785666356867,
              4696.882549925278
            ],
            [
              4760.071630748441,
              4688.721085574933
            ],
            [
              4762.676353413445,
              4703.493201870116
            ],
            [
              4716.390389021872,
              4711.654666220461
            ],
            [
              4713.785666356867,
              4696.882549925278
            ]
          ]
        ]
      },
      "properties": {
        "id": "150",
        "lote": "150",
        "estatus": "disponible",
        "paquete": null,
        "seccion": "ORO",
        "manzana": "C",
        "manzanaId": "C"
      }
    },
    {
      "type": "Feature",
      "geometry": {
        "type": "Polygon",
        "coordinates": [
          [
            [
              4766.965285019526,
              4687.5055483312635
            ],
            [
              4813.251249411101,
              4679.344083980918
            ],
            [
              4815.855972076104,
              4694.116200276101
            ],
            [
              4769.5700076845305,
              4702.2776646264465
            ],
            [
              4766.965285019526,
              4687.5055483312635
            ]
          ]
        ]
      },
      "properties": {
        "id": "140",
        "lote": "140",
        "estatus": "disponible",
        "paquete": null,
        "seccion": "ORO",
        "manzana": "C",
        "manzanaId": "C"
      }
    },
    {
      "type": "Feature",
      "geometry": {
        "type": "Polygon",
        "coordinates": [
          [
            [
              4820.144903682186,
              4678.12854673725
            ],
            [
              4866.4308680737595,
              4669.967082386904
            ],
            [
              4869.035590738764,
              4684.739198682087
            ],
            [
              4822.749626347189,
              4692.900663032433
            ],
            [
              4820.144903682186,
              4678.12854673725
            ]
          ]
        ]
      },
      "properties": {
        "id": "130",
        "lote": "130",
        "estatus": "disponible",
        "paquete": null,
        "seccion": "ORO",
        "manzana": "C",
        "manzanaId": "C"
      }
    },
    {
      "type": "Feature",
      "geometry": {
        "type": "Polygon",
        "coordinates": [
          [
            [
              4873.324522344845,
              4668.7515451432355
            ],
            [
              4919.610486736418,
              4660.590080792889
            ],
            [
              4922.215209401423,
              4675.362197088073
            ],
            [
              4875.929245009849,
              4683.5236614384185
            ],
            [
              4873.324522344845,
              4668.7515451432355
            ]
          ]
        ]
      },
      "properties": {
        "id": "120",
        "lote": "120",
        "estatus": "disponible",
        "paquete": null,
        "seccion": "ORO",
        "manzana": "C",
        "manzanaId": "C"
      }
    },
    {
      "type": "Feature",
      "geometry": {
        "type": "Polygon",
        "coordinates": [
          [
            [
              4926.504141007505,
              4659.374543549221
            ],
            [
              4972.790105399078,
              4651.213079198876
            ],
            [
              4975.394828064082,
              4665.985195494059
            ],
            [
              4929.108863672508,
              4674.146659844404
            ],
            [
              4926.504141007505,
              4659.374543549221
            ]
          ]
        ]
      },
      "properties": {
        "id": "110",
        "lote": "110",
        "estatus": "disponible",
        "paquete": null,
        "seccion": "ORO",
        "manzana": "C",
        "manzanaId": "C"
      }
    },
    {
      "type": "Feature",
      "geometry": {
        "type": "Polygon",
        "coordinates": [
          [
            [
              4717.432278087873,
              4717.563512738534
            ],
            [
              4763.718242479446,
              4709.402048388189
            ],
            [
              4766.322965144451,
              4724.174164683372
            ],
            [
              4720.037000752876,
              4732.335629033718
            ],
            [
              4717.432278087873,
              4717.563512738534
            ]
          ]
        ]
      },
      "properties": {
        "id": "149",
        "lote": "149",
        "estatus": "disponible",
        "paquete": null,
        "seccion": "ORO",
        "manzana": "C",
        "manzanaId": "C"
      }
    },
    {
      "type": "Feature",
      "geometry": {
        "type": "Polygon",
        "coordinates": [
          [
            [
              4770.611896750532,
              4708.18651114452
            ],
            [
              4816.897861142106,
              4700.025046794174
            ],
            [
              4819.50258380711,
              4714.797163089357
            ],
            [
              4773.216619415536,
              4722.958627439703
            ],
            [
              4770.611896750532,
              4708.18651114452
            ]
          ]
        ]
      },
      "properties": {
        "id": "139",
        "lote": "139",
        "estatus": "disponible",
        "paquete": null,
        "seccion": "ORO",
        "manzana": "C",
        "manzanaId": "C"
      }
    },
    {
      "type": "Feature",
      "geometry": {
        "type": "Polygon",
        "coordinates": [
          [
            [
              4823.7915154131915,
              4698.809509550506
            ],
            [
              4870.077479804765,
              4690.648045200161
            ],
            [
              4872.682202469769,
              4705.420161495344
            ],
            [
              4826.396238078195,
              4713.581625845689
            ],
            [
              4823.7915154131915,
              4698.809509550506
            ]
          ]
        ]
      },
      "properties": {
        "id": "129",
        "lote": "129",
        "estatus": "disponible",
        "paquete": null,
        "seccion": "ORO",
        "manzana": "C",
        "manzanaId": "C"
      }
    },
    {
      "type": "Feature",
      "geometry": {
        "type": "Polygon",
        "coordinates": [
          [
            [
              4876.97113407585,
              4689.4325079564915
            ],
            [
              4923.257098467424,
              4681.271043606146
            ],
            [
              4925.861821132428,
              4696.043159901329
            ],
            [
              4879.575856740855,
              4704.204624251674
            ],
            [
              4876.97113407585,
              4689.4325079564915
            ]
          ]
        ]
      },
      "properties": {
        "id": "119",
        "lote": "119",
        "estatus": "disponible",
        "paquete": null,
        "seccion": "ORO",
        "manzana": "C",
        "manzanaId": "C"
      }
    },
    {
      "type": "Feature",
      "geometry": {
        "type": "Polygon",
        "coordinates": [
          [
            [
              4930.15075273851,
              4680.055506362477
            ],
            [
              4976.436717130084,
              4671.894042012132
            ],
            [
              4979.041439795087,
              4686.666158307315
            ],
            [
              4932.755475403514,
              4694.827622657661
            ],
            [
              4930.15075273851,
              4680.055506362477
            ]
          ]
        ]
      },
      "properties": {
        "id": "109",
        "lote": "109",
        "estatus": "disponible",
        "paquete": null,
        "seccion": "ORO",
        "manzana": "C",
        "manzanaId": "C"
      }
    },
    {
      "type": "Feature",
      "geometry": {
        "type": "Polygon",
        "coordinates": [
          [
            [
              4721.078889818878,
              4738.244475551791
            ],
            [
              4767.364854210452,
              4730.083011201445
            ],
            [
              4769.969576875456,
              4744.8551274966285
            ],
            [
              4723.683612483882,
              4753.016591846974
            ],
            [
              4721.078889818878,
              4738.244475551791
            ]
          ]
        ]
      },
      "properties": {
        "id": "148",
        "lote": "148",
        "estatus": "disponible",
        "paquete": null,
        "seccion": "ORO",
        "manzana": "C",
        "manzanaId": "C"
      }
    },
    {
      "type": "Feature",
      "geometry": {
        "type": "Polygon",
        "coordinates": [
          [
            [
              4774.258508481537,
              4728.867473957776
            ],
            [
              4820.544472873112,
              4720.706009607431
            ],
            [
              4823.149195538115,
              4735.478125902614
            ],
            [
              4776.863231146542,
              4743.639590252959
            ],
            [
              4774.258508481537,
              4728.867473957776
            ]
          ]
        ]
      },
      "properties": {
        "id": "138",
        "lote": "138",
        "estatus": "disponible",
        "paquete": null,
        "seccion": "ORO",
        "manzana": "C",
        "manzanaId": "C"
      }
    },
    {
      "type": "Feature",
      "geometry": {
        "type": "Polygon",
        "coordinates": [
          [
            [
              4827.438127144197,
              4719.490472363762
            ],
            [
              4873.724091535771,
              4711.329008013417
            ],
            [
              4876.328814200775,
              4726.1011243085995
            ],
            [
              4830.042849809201,
              4734.262588658946
            ],
            [
              4827.438127144197,
              4719.490472363762
            ]
          ]
        ]
      },
      "properties": {
        "id": "128",
        "lote": "128",
        "estatus": "disponible",
        "paquete": null,
        "seccion": "ORO",
        "manzana": "C",
        "manzanaId": "C"
      }
    },
    {
      "type": "Feature",
      "geometry": {
        "type": "Polygon",
        "coordinates": [
          [
            [
              4880.617745806856,
              4710.113470769748
            ],
            [
              4926.9037101984295,
              4701.952006419402
            ],
            [
              4929.508432863434,
              4716.724122714585
            ],
            [
              4883.22246847186,
              4724.885587064931
            ],
            [
              4880.617745806856,
              4710.113470769748
            ]
          ]
        ]
      },
      "properties": {
        "id": "118",
        "lote": "118",
        "estatus": "disponible",
        "paquete": null,
        "seccion": "ORO",
        "manzana": "C",
        "manzanaId": "C"
      }
    },
    {
      "type": "Feature",
      "geometry": {
        "type": "Polygon",
        "coordinates": [
          [
            [
              4933.797364469516,
              4700.736469175734
            ],
            [
              4980.083328861089,
              4692.575004825388
            ],
            [
              4982.688051526093,
              4707.3471211205715
            ],
            [
              4936.402087134519,
              4715.508585470917
            ],
            [
              4933.797364469516,
              4700.736469175734
            ]
          ]
        ]
      },
      "properties": {
        "id": "108",
        "lote": "108",
        "estatus": "disponible",
        "paquete": null,
        "seccion": "ORO",
        "manzana": "C",
        "manzanaId": "C"
      }
    },
    {
      "type": "Feature",
      "geometry": {
        "type": "Polygon",
        "coordinates": [
          [
            [
              4724.725501549884,
              4758.925438365047
            ],
            [
              4771.011465941458,
              4750.7639740147015
            ],
            [
              4773.616188606462,
              4765.5360903098845
            ],
            [
              4727.3302242148875,
              4773.69755466023
            ],
            [
              4724.725501549884,
              4758.925438365047
            ]
          ]
        ]
      },
      "properties": {
        "id": "147",
        "lote": "147",
        "estatus": "disponible",
        "paquete": null,
        "seccion": "ORO",
        "manzana": "C",
        "manzanaId": "C"
      }
    },
    {
      "type": "Feature",
      "geometry": {
        "type": "Polygon",
        "coordinates": [
          [
            [
              4777.905120212543,
              4749.548436771033
            ],
            [
              4824.191084604117,
              4741.386972420687
            ],
            [
              4826.795807269121,
              4756.15908871587
            ],
            [
              4780.509842877547,
              4764.320553066216
            ],
            [
              4777.905120212543,
              4749.548436771033
            ]
          ]
        ]
      },
      "properties": {
        "id": "137",
        "lote": "137",
        "estatus": "disponible",
        "paquete": null,
        "seccion": "ORO",
        "manzana": "C",
        "manzanaId": "C"
      }
    },
    {
      "type": "Feature",
      "geometry": {
        "type": "Polygon",
        "coordinates": [
          [
            [
              4831.084738875203,
              4740.171435177019
            ],
            [
              4877.370703266776,
              4732.0099708266725
            ],
            [
              4879.97542593178,
              4746.782087121856
            ],
            [
              4833.689461540206,
              4754.943551472202
            ],
            [
              4831.084738875203,
              4740.171435177019
            ]
          ]
        ]
      },
      "properties": {
        "id": "127",
        "lote": "127",
        "estatus": "disponible",
        "paquete": null,
        "seccion": "ORO",
        "manzana": "C",
        "manzanaId": "C"
      }
    },
    {
      "type": "Feature",
      "geometry": {
        "type": "Polygon",
        "coordinates": [
          [
            [
              4884.2643575378615,
              4730.794433583004
            ],
            [
              4930.550321929435,
              4722.632969232659
            ],
            [
              4933.1550445944395,
              4737.405085527842
            ],
            [
              4886.869080202866,
              4745.566549878187
            ],
            [
              4884.2643575378615,
              4730.794433583004
            ]
          ]
        ]
      },
      "properties": {
        "id": "117",
        "lote": "117",
        "estatus": "disponible",
        "paquete": null,
        "seccion": "ORO",
        "manzana": "C",
        "manzanaId": "C"
      }
    },
    {
      "type": "Feature",
      "geometry": {
        "type": "Polygon",
        "coordinates": [
          [
            [
              4937.44397620052,
              4721.41743198899
            ],
            [
              4983.729940592095,
              4713.2559676386445
            ],
            [
              4986.334663257098,
              4728.0280839338275
            ],
            [
              4940.048698865525,
              4736.189548284173
            ],
            [
              4937.44397620052,
              4721.41743198899
            ]
          ]
        ]
      },
      "properties": {
        "id": "107",
        "lote": "107",
        "estatus": "disponible",
        "paquete": null,
        "seccion": "ORO",
        "manzana": "C",
        "manzanaId": "C"
      }
    },
    {
      "type": "Feature",
      "geometry": {
        "type": "Polygon",
        "coordinates": [
          [
            [
              4728.37211328089,
              4779.606401178304
            ],
            [
              4774.658077672463,
              4771.4449368279575
            ],
            [
              4777.2628003374675,
              4786.21705312314
            ],
            [
              4730.976835945893,
              4794.378517473487
            ],
            [
              4728.37211328089,
              4779.606401178304
            ]
          ]
        ]
      },
      "properties": {
        "id": "146",
        "lote": "146",
        "estatus": "disponible",
        "paquete": null,
        "seccion": "ORO",
        "manzana": "C",
        "manzanaId": "C"
      }
    },
    {
      "type": "Feature",
      "geometry": {
        "type": "Polygon",
        "coordinates": [
          [
            [
              4781.5517319435485,
              4770.229399584289
            ],
            [
              4827.837696335122,
              4762.067935233944
            ],
            [
              4830.442419000126,
              4776.840051529127
            ],
            [
              4784.156454608553,
              4785.001515879472
            ],
            [
              4781.5517319435485,
              4770.229399584289
            ]
          ]
        ]
      },
      "properties": {
        "id": "136",
        "lote": "136",
        "estatus": "disponible",
        "paquete": null,
        "seccion": "ORO",
        "manzana": "C",
        "manzanaId": "C"
      }
    },
    {
      "type": "Feature",
      "geometry": {
        "type": "Polygon",
        "coordinates": [
          [
            [
              4834.731350606208,
              4760.852397990275
            ],
            [
              4881.017314997782,
              4752.690933639929
            ],
            [
              4883.622037662785,
              4767.463049935112
            ],
            [
              4837.336073271212,
              4775.624514285458
            ],
            [
              4834.731350606208,
              4760.852397990275
            ]
          ]
        ]
      },
      "properties": {
        "id": "126",
        "lote": "126",
        "estatus": "disponible",
        "paquete": null,
        "seccion": "ORO",
        "manzana": "C",
        "manzanaId": "C"
      }
    },
    {
      "type": "Feature",
      "geometry": {
        "type": "Polygon",
        "coordinates": [
          [
            [
              4887.910969268867,
              4751.475396396261
            ],
            [
              4934.196933660441,
              4743.313932045915
            ],
            [
              4936.801656325445,
              4758.086048341098
            ],
            [
              4890.5156919338715,
              4766.247512691444
            ],
            [
              4887.910969268867,
              4751.475396396261
            ]
          ]
        ]
      },
      "properties": {
        "id": "116",
        "lote": "116",
        "estatus": "disponible",
        "paquete": null,
        "seccion": "ORO",
        "manzana": "C",
        "manzanaId": "C"
      }
    },
    {
      "type": "Feature",
      "geometry": {
        "type": "Polygon",
        "coordinates": [
          [
            [
              4941.090587931526,
              4742.098394802247
            ],
            [
              4987.3765523231,
              4733.9369304519005
            ],
            [
              4989.981274988104,
              4748.709046747084
            ],
            [
              4943.69531059653,
              4756.87051109743
            ],
            [
              4941.090587931526,
              4742.098394802247
            ]
          ]
        ]
      },
      "properties": {
        "id": "106",
        "lote": "106",
        "estatus": "disponible",
        "paquete": null,
        "seccion": "ORO",
        "manzana": "C",
        "manzanaId": "C"
      }
    },
    {
      "type": "Feature",
      "geometry": {
        "type": "Polygon",
        "coordinates": [
          [
            [
              4732.018725011895,
              4800.28736399156
            ],
            [
              4778.304689403469,
              4792.125899641214
            ],
            [
              4780.909412068473,
              4806.898015936397
            ],
            [
              4734.623447676899,
              4815.059480286743
            ],
            [
              4732.018725011895,
              4800.28736399156
            ]
          ]
        ]
      },
      "properties": {
        "id": "145",
        "lote": "145",
        "estatus": "disponible",
        "paquete": null,
        "seccion": "ORO",
        "manzana": "C",
        "manzanaId": "C"
      }
    },
    {
      "type": "Feature",
      "geometry": {
        "type": "Polygon",
        "coordinates": [
          [
            [
              4785.198343674554,
              4790.910362397545
            ],
            [
              4831.484308066128,
              4782.7488980472
            ],
            [
              4834.089030731132,
              4797.521014342383
            ],
            [
              4787.803066339558,
              4805.682478692729
            ],
            [
              4785.198343674554,
              4790.910362397545
            ]
          ]
        ]
      },
      "properties": {
        "id": "135",
        "lote": "135",
        "estatus": "disponible",
        "paquete": null,
        "seccion": "ORO",
        "manzana": "C",
        "manzanaId": "C"
      }
    },
    {
      "type": "Feature",
      "geometry": {
        "type": "Polygon",
        "coordinates": [
          [
            [
              4838.377962337214,
              4781.533360803532
            ],
            [
              4884.663926728787,
              4773.371896453185
            ],
            [
              4887.268649393791,
              4788.144012748368
            ],
            [
              4840.982685002217,
              4796.305477098715
            ],
            [
              4838.377962337214,
              4781.533360803532
            ]
          ]
        ]
      },
      "properties": {
        "id": "125",
        "lote": "125",
        "estatus": "disponible",
        "paquete": null,
        "seccion": "ORO",
        "manzana": "C",
        "manzanaId": "C"
      }
    },
    {
      "type": "Feature",
      "geometry": {
        "type": "Polygon",
        "coordinates": [
          [
            [
              4891.557580999873,
              4772.156359209517
            ],
            [
              4937.843545391446,
              4763.994894859172
            ],
            [
              4940.448268056451,
              4778.767011154355
            ],
            [
              4894.162303664877,
              4786.9284755047
            ],
            [
              4891.557580999873,
              4772.156359209517
            ]
          ]
        ]
      },
      "properties": {
        "id": "115",
        "lote": "115",
        "estatus": "disponible",
        "paquete": null,
        "seccion": "ORO",
        "manzana": "C",
        "manzanaId": "C"
      }
    },
    {
      "type": "Feature",
      "geometry": {
        "type": "Polygon",
        "coordinates": [
          [
            [
              4944.737199662532,
              4762.779357615503
            ],
            [
              4991.023164054106,
              4754.617893265157
            ],
            [
              4993.6278867191095,
              4769.39000956034
            ],
            [
              4947.341922327536,
              4777.551473910686
            ],
            [
              4944.737199662532,
              4762.779357615503
            ]
          ]
        ]
      },
      "properties": {
        "id": "105",
        "lote": "105",
        "estatus": "disponible",
        "paquete": null,
        "seccion": "ORO",
        "manzana": "C",
        "manzanaId": "C"
      }
    },
    {
      "type": "Feature",
      "geometry": {
        "type": "Polygon",
        "coordinates": [
          [
            [
              4735.665336742901,
              4820.968326804817
            ],
            [
              4781.951301134474,
              4812.80686245447
            ],
            [
              4784.556023799479,
              4827.578978749653
            ],
            [
              4738.270059407904,
              4835.7404430999995
            ],
            [
              4735.665336742901,
              4820.968326804817
            ]
          ]
        ]
      },
      "properties": {
        "id": "144",
        "lote": "144",
        "estatus": "disponible",
        "paquete": null,
        "seccion": "ORO",
        "manzana": "C",
        "manzanaId": "C"
      }
    },
    {
      "type": "Feature",
      "geometry": {
        "type": "Polygon",
        "coordinates": [
          [
            [
              4788.84495540556,
              4811.591325210802
            ],
            [
              4835.130919797133,
              4803.429860860456
            ],
            [
              4837.735642462138,
              4818.20197715564
            ],
            [
              4791.449678070564,
              4826.363441505985
            ],
            [
              4788.84495540556,
              4811.591325210802
            ]
          ]
        ]
      },
      "properties": {
        "id": "134",
        "lote": "134",
        "estatus": "disponible",
        "paquete": null,
        "seccion": "ORO",
        "manzana": "C",
        "manzanaId": "C"
      }
    },
    {
      "type": "Feature",
      "geometry": {
        "type": "Polygon",
        "coordinates": [
          [
            [
              4842.024574068219,
              4802.214323616788
            ],
            [
              4888.310538459793,
              4794.052859266442
            ],
            [
              4890.915261124796,
              4808.824975561625
            ],
            [
              4844.629296733223,
              4816.986439911971
            ],
            [
              4842.024574068219,
              4802.214323616788
            ]
          ]
        ]
      },
      "properties": {
        "id": "124",
        "lote": "124",
        "estatus": "disponible",
        "paquete": null,
        "seccion": "ORO",
        "manzana": "C",
        "manzanaId": "C"
      }
    },
    {
      "type": "Feature",
      "geometry": {
        "type": "Polygon",
        "coordinates": [
          [
            [
              4895.204192730878,
              4792.837322022773
            ],
            [
              4941.490157122452,
              4784.675857672428
            ],
            [
              4944.094879787456,
              4799.447973967611
            ],
            [
              4897.808915395883,
              4807.609438317957
            ],
            [
              4895.204192730878,
              4792.837322022773
            ]
          ]
        ]
      },
      "properties": {
        "id": "114",
        "lote": "114",
        "estatus": "disponible",
        "paquete": null,
        "seccion": "ORO",
        "manzana": "C",
        "manzanaId": "C"
      }
    },
    {
      "type": "Feature",
      "geometry": {
        "type": "Polygon",
        "coordinates": [
          [
            [
              4948.383811393537,
              4783.46032042876
            ],
            [
              4994.669775785112,
              4775.298856078413
            ],
            [
              4997.274498450115,
              4790.070972373596
            ],
            [
              4950.9885340585415,
              4798.232436723943
            ],
            [
              4948.383811393537,
              4783.46032042876
            ]
          ]
        ]
      },
      "properties": {
        "id": "104",
        "lote": "104",
        "estatus": "disponible",
        "paquete": null,
        "seccion": "ORO",
        "manzana": "C",
        "manzanaId": "C"
      }
    },
    {
      "type": "Feature",
      "geometry": {
        "type": "Polygon",
        "coordinates": [
          [
            [
              4739.311948473906,
              4841.6492896180725
            ],
            [
              4785.59791286548,
              4833.487825267727
            ],
            [
              4788.202635530483,
              4848.25994156291
            ],
            [
              4741.91667113891,
              4856.4214059132555
            ],
            [
              4739.311948473906,
              4841.6492896180725
            ]
          ]
        ]
      },
      "properties": {
        "id": "143",
        "lote": "143",
        "estatus": "disponible",
        "paquete": null,
        "seccion": "ORO",
        "manzana": "C",
        "manzanaId": "C"
      }
    },
    {
      "type": "Feature",
      "geometry": {
        "type": "Polygon",
        "coordinates": [
          [
            [
              4792.491567136565,
              4832.272288024058
            ],
            [
              4838.777531528139,
              4824.110823673713
            ],
            [
              4841.382254193143,
              4838.882939968896
            ],
            [
              4795.09628980157,
              4847.044404319241
            ],
            [
              4792.491567136565,
              4832.272288024058
            ]
          ]
        ]
      },
      "properties": {
        "id": "133",
        "lote": "133",
        "estatus": "disponible",
        "paquete": null,
        "seccion": "ORO",
        "manzana": "C",
        "manzanaId": "C"
      }
    },
    {
      "type": "Feature",
      "geometry": {
        "type": "Polygon",
        "coordinates": [
          [
            [
              4845.671185799224,
              4822.8952864300445
            ],
            [
              4891.9571501907985,
              4814.733822079698
            ],
            [
              4894.561872855802,
              4829.505938374881
            ],
            [
              4848.275908464228,
              4837.6674027252275
            ],
            [
              4845.671185799224,
              4822.8952864300445
            ]
          ]
        ]
      },
      "properties": {
        "id": "123",
        "lote": "123",
        "estatus": "disponible",
        "paquete": null,
        "seccion": "ORO",
        "manzana": "C",
        "manzanaId": "C"
      }
    },
    {
      "type": "Feature",
      "geometry": {
        "type": "Polygon",
        "coordinates": [
          [
            [
              4898.850804461884,
              4813.51828483603
            ],
            [
              4945.136768853457,
              4805.356820485684
            ],
            [
              4947.741491518462,
              4820.128936780868
            ],
            [
              4901.455527126887,
              4828.290401131213
            ],
            [
              4898.850804461884,
              4813.51828483603
            ]
          ]
        ]
      },
      "properties": {
        "id": "113",
        "lote": "113",
        "estatus": "disponible",
        "paquete": null,
        "seccion": "ORO",
        "manzana": "C",
        "manzanaId": "C"
      }
    },
    {
      "type": "Feature",
      "geometry": {
        "type": "Polygon",
        "coordinates": [
          [
            [
              4952.030423124543,
              4804.141283242016
            ],
            [
              4998.316387516117,
              4795.97981889167
            ],
            [
              5000.921110181121,
              4810.751935186853
            ],
            [
              4954.635145789547,
              4818.9133995371985
            ],
            [
              4952.030423124543,
              4804.141283242016
            ]
          ]
        ]
      },
      "properties": {
        "id": "103",
        "lote": "103",
        "estatus": "disponible",
        "paquete": null,
        "seccion": "ORO",
        "manzana": "C",
        "manzanaId": "C"
      }
    },
    {
      "type": "Feature",
      "geometry": {
        "type": "Polygon",
        "coordinates": [
          [
            [
              4742.958560204912,
              4862.3302524313285
            ],
            [
              4789.2445245964855,
              4854.168788080983
            ],
            [
              4791.849247261489,
              4868.940904376166
            ],
            [
              4745.563282869915,
              4877.102368726512
            ],
            [
              4742.958560204912,
              4862.3302524313285
            ]
          ]
        ]
      },
      "properties": {
        "id": "142",
        "lote": "142",
        "estatus": "disponible",
        "paquete": null,
        "seccion": "ORO",
        "manzana": "C",
        "manzanaId": "C"
      }
    },
    {
      "type": "Feature",
      "geometry": {
        "type": "Polygon",
        "coordinates": [
          [
            [
              4796.138178867571,
              4852.953250837315
            ],
            [
              4842.424143259144,
              4844.791786486969
            ],
            [
              4845.028865924149,
              4859.563902782152
            ],
            [
              4798.742901532575,
              4867.725367132498
            ],
            [
              4796.138178867571,
              4852.953250837315
            ]
          ]
        ]
      },
      "properties": {
        "id": "132",
        "lote": "132",
        "estatus": "disponible",
        "paquete": null,
        "seccion": "ORO",
        "manzana": "C",
        "manzanaId": "C"
      }
    },
    {
      "type": "Feature",
      "geometry": {
        "type": "Polygon",
        "coordinates": [
          [
            [
              4849.31779753023,
              4843.5762492433005
            ],
            [
              4895.603761921804,
              4835.414784892955
            ],
            [
              4898.208484586808,
              4850.186901188138
            ],
            [
              4851.922520195234,
              4858.348365538483
            ],
            [
              4849.31779753023,
              4843.5762492433005
            ]
          ]
        ]
      },
      "properties": {
        "id": "122",
        "lote": "122",
        "estatus": "disponible",
        "paquete": null,
        "seccion": "ORO",
        "manzana": "C",
        "manzanaId": "C"
      }
    },
    {
      "type": "Feature",
      "geometry": {
        "type": "Polygon",
        "coordinates": [
          [
            [
              4902.497416192889,
              4834.199247649286
            ],
            [
              4948.783380584463,
              4826.037783298941
            ],
            [
              4951.388103249467,
              4840.809899594124
            ],
            [
              4905.102138857893,
              4848.971363944469
            ],
            [
              4902.497416192889,
              4834.199247649286
            ]
          ]
        ]
      },
      "properties": {
        "id": "112",
        "lote": "112",
        "estatus": "disponible",
        "paquete": null,
        "seccion": "ORO",
        "manzana": "C",
        "manzanaId": "C"
      }
    },
    {
      "type": "Feature",
      "geometry": {
        "type": "Polygon",
        "coordinates": [
          [
            [
              4955.677034855548,
              4824.822246055272
            ],
            [
              5001.962999247122,
              4816.660781704926
            ],
            [
              5004.567721912126,
              4831.432898000109
            ],
            [
              4958.281757520553,
              4839.594362350455
            ],
            [
              4955.677034855548,
              4824.822246055272
            ]
          ]
        ]
      },
      "properties": {
        "id": "102",
        "lote": "102",
        "estatus": "disponible",
        "paquete": null,
        "seccion": "ORO",
        "manzana": "C",
        "manzanaId": "C"
      }
    },
    {
      "type": "Feature",
      "geometry": {
        "type": "Polygon",
        "coordinates": [
          [
            [
              4746.6051719359175,
              4883.011215244585
            ],
            [
              4792.891136327491,
              4874.849750894239
            ],
            [
              4795.4958589924945,
              4889.621867189423
            ],
            [
              4749.209894600921,
              4897.783331539768
            ],
            [
              4746.6051719359175,
              4883.011215244585
            ]
          ]
        ]
      },
      "properties": {
        "id": "141",
        "lote": "141",
        "estatus": "disponible",
        "paquete": null,
        "seccion": "ORO",
        "manzana": "C",
        "manzanaId": "C"
      }
    },
    {
      "type": "Feature",
      "geometry": {
        "type": "Polygon",
        "coordinates": [
          [
            [
              4799.784790598576,
              4873.634213650571
            ],
            [
              4846.07075499015,
              4865.472749300226
            ],
            [
              4848.675477655154,
              4880.244865595409
            ],
            [
              4802.389513263581,
              4888.406329945754
            ],
            [
              4799.784790598576,
              4873.634213650571
            ]
          ]
        ]
      },
      "properties": {
        "id": "131",
        "lote": "131",
        "estatus": "disponible",
        "paquete": null,
        "seccion": "ORO",
        "manzana": "C",
        "manzanaId": "C"
      }
    },
    {
      "type": "Feature",
      "geometry": {
        "type": "Polygon",
        "coordinates": [
          [
            [
              4852.964409261235,
              4864.257212056556
            ],
            [
              4899.25037365281,
              4856.095747706211
            ],
            [
              4901.855096317813,
              4870.867864001394
            ],
            [
              4855.56913192624,
              4879.02932835174
            ],
            [
              4852.964409261235,
              4864.257212056556
            ]
          ]
        ]
      },
      "properties": {
        "id": "121",
        "lote": "121",
        "estatus": "disponible",
        "paquete": null,
        "seccion": "ORO",
        "manzana": "C",
        "manzanaId": "C"
      }
    },
    {
      "type": "Feature",
      "geometry": {
        "type": "Polygon",
        "coordinates": [
          [
            [
              4906.144027923895,
              4854.880210462543
            ],
            [
              4952.429992315469,
              4846.718746112197
            ],
            [
              4955.034714980473,
              4861.49086240738
            ],
            [
              4908.7487505888985,
              4869.652326757726
            ],
            [
              4906.144027923895,
              4854.880210462543
            ]
          ]
        ]
      },
      "properties": {
        "id": "111",
        "lote": "111",
        "estatus": "disponible",
        "paquete": null,
        "seccion": "ORO",
        "manzana": "C",
        "manzanaId": "C"
      }
    },
    {
      "type": "Feature",
      "geometry": {
        "type": "Polygon",
        "coordinates": [
          [
            [
              4959.323646586554,
              4845.503208868528
            ],
            [
              5005.609610978128,
              4837.341744518183
            ],
            [
              5008.214333643132,
              4852.113860813366
            ],
            [
              4961.928369251558,
              4860.275325163711
            ],
            [
              4959.323646586554,
              4845.503208868528
            ]
          ]
        ]
      },
      "properties": {
        "id": "101",
        "lote": "101",
        "estatus": "disponible",
        "paquete": null,
        "seccion": "ORO",
        "manzana": "C",
        "manzanaId": "C"
      }
    },
    {
      "type": "Feature",
      "geometry": {
        "type": "Polygon",
        "coordinates": [
          [
            [
              4673.285666356867,
              4466.381054399714
            ],
            [
              4719.571630748441,
              4458.219590049369
            ],
            [
              4722.176353413445,
              4472.991706344552
            ],
            [
              4675.890389021872,
              4481.153170694897
            ],
            [
              4673.285666356867,
              4466.381054399714
            ]
          ]
        ]
      },
      "properties": {
        "id": "200",
        "lote": "200",
        "estatus": "disponible",
        "paquete": null,
        "seccion": "ORO",
        "manzana": "D",
        "manzanaId": "D"
      }
    },
    {
      "type": "Feature",
      "geometry": {
        "type": "Polygon",
        "coordinates": [
          [
            [
              4726.465285019526,
              4457.0040528057
            ],
            [
              4772.751249411101,
              4448.842588455354
            ],
            [
              4775.355972076104,
              4463.614704750537
            ],
            [
              4729.0700076845305,
              4471.776169100883
            ],
            [
              4726.465285019526,
              4457.0040528057
            ]
          ]
        ]
      },
      "properties": {
        "id": "190",
        "lote": "190",
        "estatus": "disponible",
        "paquete": null,
        "seccion": "ORO",
        "manzana": "D",
        "manzanaId": "D"
      }
    },
    {
      "type": "Feature",
      "geometry": {
        "type": "Polygon",
        "coordinates": [
          [
            [
              4779.644903682186,
              4447.627051211686
            ],
            [
              4825.9308680737595,
              4439.46558686134
            ],
            [
              4828.535590738764,
              4454.237703156523
            ],
            [
              4782.249626347189,
              4462.399167506869
            ],
            [
              4779.644903682186,
              4447.627051211686
            ]
          ]
        ]
      },
      "properties": {
        "id": "180",
        "lote": "180",
        "estatus": "disponible",
        "paquete": null,
        "seccion": "ORO",
        "manzana": "D",
        "manzanaId": "D"
      }
    },
    {
      "type": "Feature",
      "geometry": {
        "type": "Polygon",
        "coordinates": [
          [
            [
              4832.824522344845,
              4438.250049617672
            ],
            [
              4879.110486736418,
              4430.0885852673255
            ],
            [
              4881.715209401423,
              4444.860701562509
            ],
            [
              4835.429245009849,
              4453.022165912855
            ],
            [
              4832.824522344845,
              4438.250049617672
            ]
          ]
        ]
      },
      "properties": {
        "id": "170",
        "lote": "170",
        "estatus": "disponible",
        "paquete": null,
        "seccion": "ORO",
        "manzana": "D",
        "manzanaId": "D"
      }
    },
    {
      "type": "Feature",
      "geometry": {
        "type": "Polygon",
        "coordinates": [
          [
            [
              4886.004141007505,
              4428.873048023657
            ],
            [
              4932.290105399078,
              4420.711583673312
            ],
            [
              4934.894828064082,
              4435.483699968495
            ],
            [
              4888.608863672508,
              4443.64516431884
            ],
            [
              4886.004141007505,
              4428.873048023657
            ]
          ]
        ]
      },
      "properties": {
        "id": "160",
        "lote": "160",
        "estatus": "disponible",
        "paquete": null,
        "seccion": "ORO",
        "manzana": "D",
        "manzanaId": "D"
      }
    },
    {
      "type": "Feature",
      "geometry": {
        "type": "Polygon",
        "coordinates": [
          [
            [
              4676.932278087873,
              4487.06201721297
            ],
            [
              4723.218242479446,
              4478.900552862625
            ],
            [
              4725.822965144451,
              4493.672669157808
            ],
            [
              4679.537000752876,
              4501.834133508154
            ],
            [
              4676.932278087873,
              4487.06201721297
            ]
          ]
        ]
      },
      "properties": {
        "id": "199",
        "lote": "199",
        "estatus": "disponible",
        "paquete": null,
        "seccion": "ORO",
        "manzana": "D",
        "manzanaId": "D"
      }
    },
    {
      "type": "Feature",
      "geometry": {
        "type": "Polygon",
        "coordinates": [
          [
            [
              4730.111896750532,
              4477.685015618957
            ],
            [
              4776.397861142106,
              4469.52355126861
            ],
            [
              4779.00258380711,
              4484.295667563793
            ],
            [
              4732.716619415536,
              4492.45713191414
            ],
            [
              4730.111896750532,
              4477.685015618957
            ]
          ]
        ]
      },
      "properties": {
        "id": "189",
        "lote": "189",
        "estatus": "disponible",
        "paquete": null,
        "seccion": "ORO",
        "manzana": "D",
        "manzanaId": "D"
      }
    },
    {
      "type": "Feature",
      "geometry": {
        "type": "Polygon",
        "coordinates": [
          [
            [
              4783.2915154131915,
              4468.308014024942
            ],
            [
              4829.577479804765,
              4460.146549674597
            ],
            [
              4832.182202469769,
              4474.91866596978
            ],
            [
              4785.896238078195,
              4483.080130320125
            ],
            [
              4783.2915154131915,
              4468.308014024942
            ]
          ]
        ]
      },
      "properties": {
        "id": "179",
        "lote": "179",
        "estatus": "disponible",
        "paquete": null,
        "seccion": "ORO",
        "manzana": "D",
        "manzanaId": "D"
      }
    },
    {
      "type": "Feature",
      "geometry": {
        "type": "Polygon",
        "coordinates": [
          [
            [
              4836.47113407585,
              4458.931012430928
            ],
            [
              4882.757098467424,
              4450.769548080582
            ],
            [
              4885.361821132428,
              4465.541664375765
            ],
            [
              4839.075856740855,
              4473.703128726111
            ],
            [
              4836.47113407585,
              4458.931012430928
            ]
          ]
        ]
      },
      "properties": {
        "id": "169",
        "lote": "169",
        "estatus": "disponible",
        "paquete": null,
        "seccion": "ORO",
        "manzana": "D",
        "manzanaId": "D"
      }
    },
    {
      "type": "Feature",
      "geometry": {
        "type": "Polygon",
        "coordinates": [
          [
            [
              4889.65075273851,
              4449.554010836913
            ],
            [
              4935.936717130084,
              4441.392546486568
            ],
            [
              4938.541439795087,
              4456.164662781751
            ],
            [
              4892.255475403514,
              4464.326127132097
            ],
            [
              4889.65075273851,
              4449.554010836913
            ]
          ]
        ]
      },
      "properties": {
        "id": "159",
        "lote": "159",
        "estatus": "disponible",
        "paquete": null,
        "seccion": "ORO",
        "manzana": "D",
        "manzanaId": "D"
      }
    },
    {
      "type": "Feature",
      "geometry": {
        "type": "Polygon",
        "coordinates": [
          [
            [
              4680.578889818878,
              4507.742980026227
            ],
            [
              4726.864854210452,
              4499.581515675881
            ],
            [
              4729.469576875456,
              4514.353631971065
            ],
            [
              4683.183612483882,
              4522.51509632141
            ],
            [
              4680.578889818878,
              4507.742980026227
            ]
          ]
        ]
      },
      "properties": {
        "id": "198",
        "lote": "198",
        "estatus": "disponible",
        "paquete": null,
        "seccion": "ORO",
        "manzana": "D",
        "manzanaId": "D"
      }
    },
    {
      "type": "Feature",
      "geometry": {
        "type": "Polygon",
        "coordinates": [
          [
            [
              4733.758508481537,
              4498.365978432213
            ],
            [
              4780.044472873112,
              4490.204514081867
            ],
            [
              4782.649195538115,
              4504.97663037705
            ],
            [
              4736.363231146542,
              4513.138094727396
            ],
            [
              4733.758508481537,
              4498.365978432213
            ]
          ]
        ]
      },
      "properties": {
        "id": "188",
        "lote": "188",
        "estatus": "disponible",
        "paquete": null,
        "seccion": "ORO",
        "manzana": "D",
        "manzanaId": "D"
      }
    },
    {
      "type": "Feature",
      "geometry": {
        "type": "Polygon",
        "coordinates": [
          [
            [
              4786.938127144197,
              4488.988976838198
            ],
            [
              4833.224091535771,
              4480.827512487853
            ],
            [
              4835.828814200775,
              4495.599628783036
            ],
            [
              4789.542849809201,
              4503.761093133382
            ],
            [
              4786.938127144197,
              4488.988976838198
            ]
          ]
        ]
      },
      "properties": {
        "id": "178",
        "lote": "178",
        "estatus": "disponible",
        "paquete": null,
        "seccion": "ORO",
        "manzana": "D",
        "manzanaId": "D"
      }
    },
    {
      "type": "Feature",
      "geometry": {
        "type": "Polygon",
        "coordinates": [
          [
            [
              4840.117745806856,
              4479.611975244185
            ],
            [
              4886.4037101984295,
              4471.450510893838
            ],
            [
              4889.008432863434,
              4486.222627189021
            ],
            [
              4842.72246847186,
              4494.384091539368
            ],
            [
              4840.117745806856,
              4479.611975244185
            ]
          ]
        ]
      },
      "properties": {
        "id": "168",
        "lote": "168",
        "estatus": "disponible",
        "paquete": null,
        "seccion": "ORO",
        "manzana": "D",
        "manzanaId": "D"
      }
    },
    {
      "type": "Feature",
      "geometry": {
        "type": "Polygon",
        "coordinates": [
          [
            [
              4893.297364469516,
              4470.23497365017
            ],
            [
              4939.583328861089,
              4462.073509299824
            ],
            [
              4942.188051526093,
              4476.845625595008
            ],
            [
              4895.902087134519,
              4485.007089945353
            ],
            [
              4893.297364469516,
              4470.23497365017
            ]
          ]
        ]
      },
      "properties": {
        "id": "158",
        "lote": "158",
        "estatus": "disponible",
        "paquete": null,
        "seccion": "ORO",
        "manzana": "D",
        "manzanaId": "D"
      }
    },
    {
      "type": "Feature",
      "geometry": {
        "type": "Polygon",
        "coordinates": [
          [
            [
              4684.225501549884,
              4528.423942839483
            ],
            [
              4730.511465941458,
              4520.262478489138
            ],
            [
              4733.116188606462,
              4535.034594784321
            ],
            [
              4686.8302242148875,
              4543.196059134666
            ],
            [
              4684.225501549884,
              4528.423942839483
            ]
          ]
        ]
      },
      "properties": {
        "id": "197",
        "lote": "197",
        "estatus": "disponible",
        "paquete": null,
        "seccion": "ORO",
        "manzana": "D",
        "manzanaId": "D"
      }
    },
    {
      "type": "Feature",
      "geometry": {
        "type": "Polygon",
        "coordinates": [
          [
            [
              4737.405120212543,
              4519.0469412454695
            ],
            [
              4783.691084604117,
              4510.885476895123
            ],
            [
              4786.295807269121,
              4525.657593190306
            ],
            [
              4740.009842877547,
              4533.8190575406525
            ],
            [
              4737.405120212543,
              4519.0469412454695
            ]
          ]
        ]
      },
      "properties": {
        "id": "187",
        "lote": "187",
        "estatus": "disponible",
        "paquete": null,
        "seccion": "ORO",
        "manzana": "D",
        "manzanaId": "D"
      }
    },
    {
      "type": "Feature",
      "geometry": {
        "type": "Polygon",
        "coordinates": [
          [
            [
              4790.584738875203,
              4509.669939651455
            ],
            [
              4836.870703266776,
              4501.508475301109
            ],
            [
              4839.47542593178,
              4516.280591596293
            ],
            [
              4793.189461540206,
              4524.442055946638
            ],
            [
              4790.584738875203,
              4509.669939651455
            ]
          ]
        ]
      },
      "properties": {
        "id": "177",
        "lote": "177",
        "estatus": "disponible",
        "paquete": null,
        "seccion": "ORO",
        "manzana": "D",
        "manzanaId": "D"
      }
    },
    {
      "type": "Feature",
      "geometry": {
        "type": "Polygon",
        "coordinates": [
          [
            [
              4843.7643575378615,
              4500.292938057441
            ],
            [
              4890.050321929435,
              4492.131473707095
            ],
            [
              4892.6550445944395,
              4506.903590002278
            ],
            [
              4846.369080202866,
              4515.0650543526235
            ],
            [
              4843.7643575378615,
              4500.292938057441
            ]
          ]
        ]
      },
      "properties": {
        "id": "167",
        "lote": "167",
        "estatus": "disponible",
        "paquete": null,
        "seccion": "ORO",
        "manzana": "D",
        "manzanaId": "D"
      }
    },
    {
      "type": "Feature",
      "geometry": {
        "type": "Polygon",
        "coordinates": [
          [
            [
              4896.94397620052,
              4490.915936463426
            ],
            [
              4943.229940592095,
              4482.754472113081
            ],
            [
              4945.834663257098,
              4497.526588408264
            ],
            [
              4899.548698865525,
              4505.688052758609
            ],
            [
              4896.94397620052,
              4490.915936463426
            ]
          ]
        ]
      },
      "properties": {
        "id": "157",
        "lote": "157",
        "estatus": "disponible",
        "paquete": null,
        "seccion": "ORO",
        "manzana": "D",
        "manzanaId": "D"
      }
    },
    {
      "type": "Feature",
      "geometry": {
        "type": "Polygon",
        "coordinates": [
          [
            [
              4687.87211328089,
              4549.10490565274
            ],
            [
              4734.158077672463,
              4540.943441302394
            ],
            [
              4736.7628003374675,
              4555.715557597577
            ],
            [
              4690.476835945893,
              4563.877021947923
            ],
            [
              4687.87211328089,
              4549.10490565274
            ]
          ]
        ]
      },
      "properties": {
        "id": "196",
        "lote": "196",
        "estatus": "disponible",
        "paquete": null,
        "seccion": "ORO",
        "manzana": "D",
        "manzanaId": "D"
      }
    },
    {
      "type": "Feature",
      "geometry": {
        "type": "Polygon",
        "coordinates": [
          [
            [
              4741.0517319435485,
              4539.7279040587255
            ],
            [
              4787.337696335122,
              4531.56643970838
            ],
            [
              4789.942419000126,
              4546.338556003563
            ],
            [
              4743.656454608553,
              4554.500020353908
            ],
            [
              4741.0517319435485,
              4539.7279040587255
            ]
          ]
        ]
      },
      "properties": {
        "id": "186",
        "lote": "186",
        "estatus": "disponible",
        "paquete": null,
        "seccion": "ORO",
        "manzana": "D",
        "manzanaId": "D"
      }
    },
    {
      "type": "Feature",
      "geometry": {
        "type": "Polygon",
        "coordinates": [
          [
            [
              4794.231350606208,
              4530.350902464711
            ],
            [
              4840.517314997782,
              4522.189438114366
            ],
            [
              4843.122037662785,
              4536.961554409549
            ],
            [
              4796.836073271212,
              4545.123018759894
            ],
            [
              4794.231350606208,
              4530.350902464711
            ]
          ]
        ]
      },
      "properties": {
        "id": "176",
        "lote": "176",
        "estatus": "disponible",
        "paquete": null,
        "seccion": "ORO",
        "manzana": "D",
        "manzanaId": "D"
      }
    },
    {
      "type": "Feature",
      "geometry": {
        "type": "Polygon",
        "coordinates": [
          [
            [
              4847.410969268867,
              4520.973900870697
            ],
            [
              4893.696933660441,
              4512.812436520351
            ],
            [
              4896.301656325445,
              4527.584552815534
            ],
            [
              4850.0156919338715,
              4535.74601716588
            ],
            [
              4847.410969268867,
              4520.973900870697
            ]
          ]
        ]
      },
      "properties": {
        "id": "166",
        "lote": "166",
        "estatus": "disponible",
        "paquete": null,
        "seccion": "ORO",
        "manzana": "D",
        "manzanaId": "D"
      }
    },
    {
      "type": "Feature",
      "geometry": {
        "type": "Polygon",
        "coordinates": [
          [
            [
              4900.590587931526,
              4511.596899276683
            ],
            [
              4946.8765523231,
              4503.435434926337
            ],
            [
              4949.481274988104,
              4518.207551221521
            ],
            [
              4903.19531059653,
              4526.369015571866
            ],
            [
              4900.590587931526,
              4511.596899276683
            ]
          ]
        ]
      },
      "properties": {
        "id": "156",
        "lote": "156",
        "estatus": "disponible",
        "paquete": null,
        "seccion": "ORO",
        "manzana": "D",
        "manzanaId": "D"
      }
    },
    {
      "type": "Feature",
      "geometry": {
        "type": "Polygon",
        "coordinates": [
          [
            [
              4691.518725011895,
              4569.785868465996
            ],
            [
              4737.804689403469,
              4561.624404115651
            ],
            [
              4740.409412068473,
              4576.396520410834
            ],
            [
              4694.123447676899,
              4584.557984761179
            ],
            [
              4691.518725011895,
              4569.785868465996
            ]
          ]
        ]
      },
      "properties": {
        "id": "195",
        "lote": "195",
        "estatus": "disponible",
        "paquete": null,
        "seccion": "ORO",
        "manzana": "D",
        "manzanaId": "D"
      }
    },
    {
      "type": "Feature",
      "geometry": {
        "type": "Polygon",
        "coordinates": [
          [
            [
              4744.698343674554,
              4560.408866871981
            ],
            [
              4790.984308066128,
              4552.247402521636
            ],
            [
              4793.589030731132,
              4567.019518816819
            ],
            [
              4747.303066339558,
              4575.180983167165
            ],
            [
              4744.698343674554,
              4560.408866871981
            ]
          ]
        ]
      },
      "properties": {
        "id": "185",
        "lote": "185",
        "estatus": "disponible",
        "paquete": null,
        "seccion": "ORO",
        "manzana": "D",
        "manzanaId": "D"
      }
    },
    {
      "type": "Feature",
      "geometry": {
        "type": "Polygon",
        "coordinates": [
          [
            [
              4797.877962337214,
              4551.031865277968
            ],
            [
              4844.163926728787,
              4542.870400927622
            ],
            [
              4846.768649393791,
              4557.642517222805
            ],
            [
              4800.482685002217,
              4565.803981573151
            ],
            [
              4797.877962337214,
              4551.031865277968
            ]
          ]
        ]
      },
      "properties": {
        "id": "175",
        "lote": "175",
        "estatus": "disponible",
        "paquete": null,
        "seccion": "ORO",
        "manzana": "D",
        "manzanaId": "D"
      }
    },
    {
      "type": "Feature",
      "geometry": {
        "type": "Polygon",
        "coordinates": [
          [
            [
              4851.057580999873,
              4541.654863683953
            ],
            [
              4897.343545391446,
              4533.493399333608
            ],
            [
              4899.948268056451,
              4548.265515628791
            ],
            [
              4853.662303664877,
              4556.426979979136
            ],
            [
              4851.057580999873,
              4541.654863683953
            ]
          ]
        ]
      },
      "properties": {
        "id": "165",
        "lote": "165",
        "estatus": "disponible",
        "paquete": null,
        "seccion": "ORO",
        "manzana": "D",
        "manzanaId": "D"
      }
    },
    {
      "type": "Feature",
      "geometry": {
        "type": "Polygon",
        "coordinates": [
          [
            [
              4904.237199662532,
              4532.277862089939
            ],
            [
              4950.523164054106,
              4524.116397739594
            ],
            [
              4953.1278867191095,
              4538.888514034777
            ],
            [
              4906.841922327536,
              4547.049978385122
            ],
            [
              4904.237199662532,
              4532.277862089939
            ]
          ]
        ]
      },
      "properties": {
        "id": "155",
        "lote": "155",
        "estatus": "disponible",
        "paquete": null,
        "seccion": "ORO",
        "manzana": "D",
        "manzanaId": "D"
      }
    },
    {
      "type": "Feature",
      "geometry": {
        "type": "Polygon",
        "coordinates": [
          [
            [
              4695.165336742901,
              4590.466831279253
            ],
            [
              4741.451301134474,
              4582.305366928907
            ],
            [
              4744.056023799479,
              4597.0774832240895
            ],
            [
              4697.770059407904,
              4605.238947574436
            ],
            [
              4695.165336742901,
              4590.466831279253
            ]
          ]
        ]
      },
      "properties": {
        "id": "194",
        "lote": "194",
        "estatus": "disponible",
        "paquete": null,
        "seccion": "ORO",
        "manzana": "D",
        "manzanaId": "D"
      }
    },
    {
      "type": "Feature",
      "geometry": {
        "type": "Polygon",
        "coordinates": [
          [
            [
              4748.34495540556,
              4581.089829685238
            ],
            [
              4794.630919797133,
              4572.928365334892
            ],
            [
              4797.235642462138,
              4587.700481630076
            ],
            [
              4750.949678070564,
              4595.861945980421
            ],
            [
              4748.34495540556,
              4581.089829685238
            ]
          ]
        ]
      },
      "properties": {
        "id": "184",
        "lote": "184",
        "estatus": "disponible",
        "paquete": null,
        "seccion": "ORO",
        "manzana": "D",
        "manzanaId": "D"
      }
    },
    {
      "type": "Feature",
      "geometry": {
        "type": "Polygon",
        "coordinates": [
          [
            [
              4801.524574068219,
              4571.712828091224
            ],
            [
              4847.810538459793,
              4563.5513637408785
            ],
            [
              4850.415261124796,
              4578.3234800360615
            ],
            [
              4804.129296733223,
              4586.484944386407
            ],
            [
              4801.524574068219,
              4571.712828091224
            ]
          ]
        ]
      },
      "properties": {
        "id": "174",
        "lote": "174",
        "estatus": "disponible",
        "paquete": null,
        "seccion": "ORO",
        "manzana": "D",
        "manzanaId": "D"
      }
    },
    {
      "type": "Feature",
      "geometry": {
        "type": "Polygon",
        "coordinates": [
          [
            [
              4854.704192730878,
              4562.335826497209
            ],
            [
              4900.990157122452,
              4554.174362146864
            ],
            [
              4903.594879787456,
              4568.946478442047
            ],
            [
              4857.308915395883,
              4577.107942792393
            ],
            [
              4854.704192730878,
              4562.335826497209
            ]
          ]
        ]
      },
      "properties": {
        "id": "164",
        "lote": "164",
        "estatus": "disponible",
        "paquete": null,
        "seccion": "ORO",
        "manzana": "D",
        "manzanaId": "D"
      }
    },
    {
      "type": "Feature",
      "geometry": {
        "type": "Polygon",
        "coordinates": [
          [
            [
              4907.883811393537,
              4552.958824903196
            ],
            [
              4954.169775785112,
              4544.79736055285
            ],
            [
              4956.774498450115,
              4559.5694768480325
            ],
            [
              4910.4885340585415,
              4567.730941198379
            ],
            [
              4907.883811393537,
              4552.958824903196
            ]
          ]
        ]
      },
      "properties": {
        "id": "154",
        "lote": "154",
        "estatus": "disponible",
        "paquete": null,
        "seccion": "ORO",
        "manzana": "D",
        "manzanaId": "D"
      }
    },
    {
      "type": "Feature",
      "geometry": {
        "type": "Polygon",
        "coordinates": [
          [
            [
              4698.811948473906,
              4611.147794092509
            ],
            [
              4745.09791286548,
              4602.986329742163
            ],
            [
              4747.702635530483,
              4617.758446037346
            ],
            [
              4701.41667113891,
              4625.919910387692
            ],
            [
              4698.811948473906,
              4611.147794092509
            ]
          ]
        ]
      },
      "properties": {
        "id": "193",
        "lote": "193",
        "estatus": "disponible",
        "paquete": null,
        "seccion": "ORO",
        "manzana": "D",
        "manzanaId": "D"
      }
    },
    {
      "type": "Feature",
      "geometry": {
        "type": "Polygon",
        "coordinates": [
          [
            [
              4751.991567136565,
              4601.770792498494
            ],
            [
              4798.277531528139,
              4593.609328148149
            ],
            [
              4800.882254193143,
              4608.381444443332
            ],
            [
              4754.59628980157,
              4616.542908793677
            ],
            [
              4751.991567136565,
              4601.770792498494
            ]
          ]
        ]
      },
      "properties": {
        "id": "183",
        "lote": "183",
        "estatus": "disponible",
        "paquete": null,
        "seccion": "ORO",
        "manzana": "D",
        "manzanaId": "D"
      }
    },
    {
      "type": "Feature",
      "geometry": {
        "type": "Polygon",
        "coordinates": [
          [
            [
              4805.171185799224,
              4592.393790904481
            ],
            [
              4851.4571501907985,
              4584.2323265541345
            ],
            [
              4854.061872855802,
              4599.0044428493175
            ],
            [
              4807.775908464228,
              4607.165907199664
            ],
            [
              4805.171185799224,
              4592.393790904481
            ]
          ]
        ]
      },
      "properties": {
        "id": "173",
        "lote": "173",
        "estatus": "disponible",
        "paquete": null,
        "seccion": "ORO",
        "manzana": "D",
        "manzanaId": "D"
      }
    },
    {
      "type": "Feature",
      "geometry": {
        "type": "Polygon",
        "coordinates": [
          [
            [
              4858.350804461884,
              4583.016789310466
            ],
            [
              4904.636768853457,
              4574.85532496012
            ],
            [
              4907.241491518462,
              4589.627441255304
            ],
            [
              4860.955527126887,
              4597.788905605649
            ],
            [
              4858.350804461884,
              4583.016789310466
            ]
          ]
        ]
      },
      "properties": {
        "id": "163",
        "lote": "163",
        "estatus": "disponible",
        "paquete": null,
        "seccion": "ORO",
        "manzana": "D",
        "manzanaId": "D"
      }
    },
    {
      "type": "Feature",
      "geometry": {
        "type": "Polygon",
        "coordinates": [
          [
            [
              4911.530423124543,
              4573.639787716452
            ],
            [
              4957.816387516117,
              4565.478323366106
            ],
            [
              4960.421110181121,
              4580.250439661289
            ],
            [
              4914.135145789547,
              4588.411904011635
            ],
            [
              4911.530423124543,
              4573.639787716452
            ]
          ]
        ]
      },
      "properties": {
        "id": "153",
        "lote": "153",
        "estatus": "disponible",
        "paquete": null,
        "seccion": "ORO",
        "manzana": "D",
        "manzanaId": "D"
      }
    },
    {
      "type": "Feature",
      "geometry": {
        "type": "Polygon",
        "coordinates": [
          [
            [
              4702.458560204912,
              4631.828756905765
            ],
            [
              4748.7445245964855,
              4623.667292555419
            ],
            [
              4751.349247261489,
              4638.439408850602
            ],
            [
              4705.063282869915,
              4646.600873200949
            ],
            [
              4702.458560204912,
              4631.828756905765
            ]
          ]
        ]
      },
      "properties": {
        "id": "192",
        "lote": "192",
        "estatus": "disponible",
        "paquete": null,
        "seccion": "ORO",
        "manzana": "D",
        "manzanaId": "D"
      }
    },
    {
      "type": "Feature",
      "geometry": {
        "type": "Polygon",
        "coordinates": [
          [
            [
              4755.638178867571,
              4622.451755311751
            ],
            [
              4801.924143259144,
              4614.290290961405
            ],
            [
              4804.528865924149,
              4629.062407256588
            ],
            [
              4758.242901532575,
              4637.223871606934
            ],
            [
              4755.638178867571,
              4622.451755311751
            ]
          ]
        ]
      },
      "properties": {
        "id": "182",
        "lote": "182",
        "estatus": "disponible",
        "paquete": null,
        "seccion": "ORO",
        "manzana": "D",
        "manzanaId": "D"
      }
    },
    {
      "type": "Feature",
      "geometry": {
        "type": "Polygon",
        "coordinates": [
          [
            [
              4808.81779753023,
              4613.074753717737
            ],
            [
              4855.103761921804,
              4604.913289367391
            ],
            [
              4857.708484586808,
              4619.685405662574
            ],
            [
              4811.422520195234,
              4627.84687001292
            ],
            [
              4808.81779753023,
              4613.074753717737
            ]
          ]
        ]
      },
      "properties": {
        "id": "172",
        "lote": "172",
        "estatus": "disponible",
        "paquete": null,
        "seccion": "ORO",
        "manzana": "D",
        "manzanaId": "D"
      }
    },
    {
      "type": "Feature",
      "geometry": {
        "type": "Polygon",
        "coordinates": [
          [
            [
              4861.997416192889,
              4603.697752123722
            ],
            [
              4908.283380584463,
              4595.536287773377
            ],
            [
              4910.888103249467,
              4610.30840406856
            ],
            [
              4864.602138857893,
              4618.469868418905
            ],
            [
              4861.997416192889,
              4603.697752123722
            ]
          ]
        ]
      },
      "properties": {
        "id": "162",
        "lote": "162",
        "estatus": "disponible",
        "paquete": null,
        "seccion": "ORO",
        "manzana": "D",
        "manzanaId": "D"
      }
    },
    {
      "type": "Feature",
      "geometry": {
        "type": "Polygon",
        "coordinates": [
          [
            [
              4915.177034855548,
              4594.320750529709
            ],
            [
              4961.462999247122,
              4586.159286179362
            ],
            [
              4964.067721912126,
              4600.931402474545
            ],
            [
              4917.781757520553,
              4609.092866824892
            ],
            [
              4915.177034855548,
              4594.320750529709
            ]
          ]
        ]
      },
      "properties": {
        "id": "152",
        "lote": "152",
        "estatus": "disponible",
        "paquete": null,
        "seccion": "ORO",
        "manzana": "D",
        "manzanaId": "D"
      }
    },
    {
      "type": "Feature",
      "geometry": {
        "type": "Polygon",
        "coordinates": [
          [
            [
              4706.1051719359175,
              4652.509719719022
            ],
            [
              4752.391136327491,
              4644.348255368675
            ],
            [
              4754.9958589924945,
              4659.120371663859
            ],
            [
              4708.709894600921,
              4667.281836014205
            ],
            [
              4706.1051719359175,
              4652.509719719022
            ]
          ]
        ]
      },
      "properties": {
        "id": "191",
        "lote": "191",
        "estatus": "disponible",
        "paquete": null,
        "seccion": "ORO",
        "manzana": "D",
        "manzanaId": "D"
      }
    },
    {
      "type": "Feature",
      "geometry": {
        "type": "Polygon",
        "coordinates": [
          [
            [
              4759.284790598576,
              4643.132718125007
            ],
            [
              4805.57075499015,
              4634.971253774662
            ],
            [
              4808.175477655154,
              4649.743370069845
            ],
            [
              4761.889513263581,
              4657.90483442019
            ],
            [
              4759.284790598576,
              4643.132718125007
            ]
          ]
        ]
      },
      "properties": {
        "id": "181",
        "lote": "181",
        "estatus": "disponible",
        "paquete": null,
        "seccion": "ORO",
        "manzana": "D",
        "manzanaId": "D"
      }
    },
    {
      "type": "Feature",
      "geometry": {
        "type": "Polygon",
        "coordinates": [
          [
            [
              4812.464409261235,
              4633.755716530993
            ],
            [
              4858.75037365281,
              4625.594252180647
            ],
            [
              4861.355096317813,
              4640.36636847583
            ],
            [
              4815.06913192624,
              4648.527832826177
            ],
            [
              4812.464409261235,
              4633.755716530993
            ]
          ]
        ]
      },
      "properties": {
        "id": "171",
        "lote": "171",
        "estatus": "disponible",
        "paquete": null,
        "seccion": "ORO",
        "manzana": "D",
        "manzanaId": "D"
      }
    },
    {
      "type": "Feature",
      "geometry": {
        "type": "Polygon",
        "coordinates": [
          [
            [
              4865.644027923895,
              4624.378714936979
            ],
            [
              4911.929992315469,
              4616.217250586633
            ],
            [
              4914.534714980473,
              4630.989366881816
            ],
            [
              4868.2487505888985,
              4639.150831232162
            ],
            [
              4865.644027923895,
              4624.378714936979
            ]
          ]
        ]
      },
      "properties": {
        "id": "161",
        "lote": "161",
        "estatus": "disponible",
        "paquete": null,
        "seccion": "ORO",
        "manzana": "D",
        "manzanaId": "D"
      }
    },
    {
      "type": "Feature",
      "geometry": {
        "type": "Polygon",
        "coordinates": [
          [
            [
              4918.823646586554,
              4615.001713342965
            ],
            [
              4965.109610978128,
              4606.840248992619
            ],
            [
              4967.714333643132,
              4621.612365287802
            ],
            [
              4921.428369251558,
              4629.773829638148
            ],
            [
              4918.823646586554,
              4615.001713342965
            ]
          ]
        ]
      },
      "properties": {
        "id": "151",
        "lote": "151",
        "estatus": "disponible",
        "paquete": null,
        "seccion": "ORO",
        "manzana": "D",
        "manzanaId": "D"
      }
    },
    {
      "type": "Feature",
      "geometry": {
        "type": "Polygon",
        "coordinates": [
          [
            [
              4633.785666356867,
              4232.885241871295
            ],
            [
              4680.071630748441,
              4224.72377752095
            ],
            [
              4682.676353413445,
              4239.495893816132
            ],
            [
              4636.390389021872,
              4247.657358166478
            ],
            [
              4633.785666356867,
              4232.885241871295
            ]
          ]
        ]
      },
      "properties": {
        "id": "250",
        "lote": "250",
        "estatus": "disponible",
        "paquete": null,
        "seccion": "ORO",
        "manzana": "E",
        "manzanaId": "E"
      }
    },
    {
      "type": "Feature",
      "geometry": {
        "type": "Polygon",
        "coordinates": [
          [
            [
              4686.965285019526,
              4223.508240277281
            ],
            [
              4733.251249411101,
              4215.346775926935
            ],
            [
              4735.855972076104,
              4230.118892222118
            ],
            [
              4689.5700076845305,
              4238.2803565724635
            ],
            [
              4686.965285019526,
              4223.508240277281
            ]
          ]
        ]
      },
      "properties": {
        "id": "240",
        "lote": "240",
        "estatus": "disponible",
        "paquete": null,
        "seccion": "ORO",
        "manzana": "E",
        "manzanaId": "E"
      }
    },
    {
      "type": "Feature",
      "geometry": {
        "type": "Polygon",
        "coordinates": [
          [
            [
              4740.144903682186,
              4214.131238683266
            ],
            [
              4786.4308680737595,
              4205.969774332921
            ],
            [
              4789.035590738764,
              4220.741890628105
            ],
            [
              4742.749626347189,
              4228.90335497845
            ],
            [
              4740.144903682186,
              4214.131238683266
            ]
          ]
        ]
      },
      "properties": {
        "id": "230",
        "lote": "230",
        "estatus": "disponible",
        "paquete": null,
        "seccion": "ORO",
        "manzana": "E",
        "manzanaId": "E"
      }
    },
    {
      "type": "Feature",
      "geometry": {
        "type": "Polygon",
        "coordinates": [
          [
            [
              4793.324522344845,
              4204.7542370892525
            ],
            [
              4839.610486736418,
              4196.592772738907
            ],
            [
              4842.215209401423,
              4211.364889034089
            ],
            [
              4795.929245009849,
              4219.526353384435
            ],
            [
              4793.324522344845,
              4204.7542370892525
            ]
          ]
        ]
      },
      "properties": {
        "id": "220",
        "lote": "220",
        "estatus": "disponible",
        "paquete": null,
        "seccion": "ORO",
        "manzana": "E",
        "manzanaId": "E"
      }
    },
    {
      "type": "Feature",
      "geometry": {
        "type": "Polygon",
        "coordinates": [
          [
            [
              4846.504141007505,
              4195.377235495238
            ],
            [
              4892.790105399078,
              4187.215771144892
            ],
            [
              4895.394828064082,
              4201.987887440076
            ],
            [
              4849.108863672508,
              4210.149351790421
            ],
            [
              4846.504141007505,
              4195.377235495238
            ]
          ]
        ]
      },
      "properties": {
        "id": "210",
        "lote": "210",
        "estatus": "disponible",
        "paquete": null,
        "seccion": "ORO",
        "manzana": "E",
        "manzanaId": "E"
      }
    },
    {
      "type": "Feature",
      "geometry": {
        "type": "Polygon",
        "coordinates": [
          [
            [
              4637.432278087873,
              4253.566204684551
            ],
            [
              4683.718242479446,
              4245.404740334206
            ],
            [
              4686.322965144451,
              4260.176856629389
            ],
            [
              4640.037000752876,
              4268.338320979735
            ],
            [
              4637.432278087873,
              4253.566204684551
            ]
          ]
        ]
      },
      "properties": {
        "id": "249",
        "lote": "249",
        "estatus": "disponible",
        "paquete": null,
        "seccion": "ORO",
        "manzana": "E",
        "manzanaId": "E"
      }
    },
    {
      "type": "Feature",
      "geometry": {
        "type": "Polygon",
        "coordinates": [
          [
            [
              4690.611896750532,
              4244.189203090537
            ],
            [
              4736.897861142106,
              4236.027738740192
            ],
            [
              4739.50258380711,
              4250.799855035374
            ],
            [
              4693.216619415536,
              4258.96131938572
            ],
            [
              4690.611896750532,
              4244.189203090537
            ]
          ]
        ]
      },
      "properties": {
        "id": "239",
        "lote": "239",
        "estatus": "disponible",
        "paquete": null,
        "seccion": "ORO",
        "manzana": "E",
        "manzanaId": "E"
      }
    },
    {
      "type": "Feature",
      "geometry": {
        "type": "Polygon",
        "coordinates": [
          [
            [
              4743.7915154131915,
              4234.812201496523
            ],
            [
              4790.077479804765,
              4226.650737146177
            ],
            [
              4792.682202469769,
              4241.4228534413605
            ],
            [
              4746.396238078195,
              4249.584317791706
            ],
            [
              4743.7915154131915,
              4234.812201496523
            ]
          ]
        ]
      },
      "properties": {
        "id": "229",
        "lote": "229",
        "estatus": "disponible",
        "paquete": null,
        "seccion": "ORO",
        "manzana": "E",
        "manzanaId": "E"
      }
    },
    {
      "type": "Feature",
      "geometry": {
        "type": "Polygon",
        "coordinates": [
          [
            [
              4796.97113407585,
              4225.435199902508
            ],
            [
              4843.257098467424,
              4217.273735552163
            ],
            [
              4845.861821132428,
              4232.045851847346
            ],
            [
              4799.575856740855,
              4240.207316197692
            ],
            [
              4796.97113407585,
              4225.435199902508
            ]
          ]
        ]
      },
      "properties": {
        "id": "219",
        "lote": "219",
        "estatus": "disponible",
        "paquete": null,
        "seccion": "ORO",
        "manzana": "E",
        "manzanaId": "E"
      }
    },
    {
      "type": "Feature",
      "geometry": {
        "type": "Polygon",
        "coordinates": [
          [
            [
              4850.15075273851,
              4216.058198308495
            ],
            [
              4896.436717130084,
              4207.896733958149
            ],
            [
              4899.041439795087,
              4222.668850253332
            ],
            [
              4852.755475403514,
              4230.830314603677
            ],
            [
              4850.15075273851,
              4216.058198308495
            ]
          ]
        ]
      },
      "properties": {
        "id": "209",
        "lote": "209",
        "estatus": "disponible",
        "paquete": null,
        "seccion": "ORO",
        "manzana": "E",
        "manzanaId": "E"
      }
    },
    {
      "type": "Feature",
      "geometry": {
        "type": "Polygon",
        "coordinates": [
          [
            [
              4641.078889818878,
              4274.247167497808
            ],
            [
              4687.364854210452,
              4266.085703147462
            ],
            [
              4689.969576875456,
              4280.857819442645
            ],
            [
              4643.683612483882,
              4289.019283792991
            ],
            [
              4641.078889818878,
              4274.247167497808
            ]
          ]
        ]
      },
      "properties": {
        "id": "248",
        "lote": "248",
        "estatus": "disponible",
        "paquete": null,
        "seccion": "ORO",
        "manzana": "E",
        "manzanaId": "E"
      }
    },
    {
      "type": "Feature",
      "geometry": {
        "type": "Polygon",
        "coordinates": [
          [
            [
              4694.258508481537,
              4264.870165903793
            ],
            [
              4740.544472873112,
              4256.708701553448
            ],
            [
              4743.149195538115,
              4271.480817848631
            ],
            [
              4696.863231146542,
              4279.642282198977
            ],
            [
              4694.258508481537,
              4264.870165903793
            ]
          ]
        ]
      },
      "properties": {
        "id": "238",
        "lote": "238",
        "estatus": "disponible",
        "paquete": null,
        "seccion": "ORO",
        "manzana": "E",
        "manzanaId": "E"
      }
    },
    {
      "type": "Feature",
      "geometry": {
        "type": "Polygon",
        "coordinates": [
          [
            [
              4747.438127144197,
              4255.49316430978
            ],
            [
              4793.724091535771,
              4247.3316999594335
            ],
            [
              4796.328814200775,
              4262.1038162546165
            ],
            [
              4750.042849809201,
              4270.265280604962
            ],
            [
              4747.438127144197,
              4255.49316430978
            ]
          ]
        ]
      },
      "properties": {
        "id": "228",
        "lote": "228",
        "estatus": "disponible",
        "paquete": null,
        "seccion": "ORO",
        "manzana": "E",
        "manzanaId": "E"
      }
    },
    {
      "type": "Feature",
      "geometry": {
        "type": "Polygon",
        "coordinates": [
          [
            [
              4800.617745806856,
              4246.116162715764
            ],
            [
              4846.9037101984295,
              4237.954698365419
            ],
            [
              4849.508432863434,
              4252.726814660603
            ],
            [
              4803.22246847186,
              4260.888279010948
            ],
            [
              4800.617745806856,
              4246.116162715764
            ]
          ]
        ]
      },
      "properties": {
        "id": "218",
        "lote": "218",
        "estatus": "disponible",
        "paquete": null,
        "seccion": "ORO",
        "manzana": "E",
        "manzanaId": "E"
      }
    },
    {
      "type": "Feature",
      "geometry": {
        "type": "Polygon",
        "coordinates": [
          [
            [
              4853.797364469516,
              4236.739161121751
            ],
            [
              4900.083328861089,
              4228.5776967714055
            ],
            [
              4902.688051526093,
              4243.349813066588
            ],
            [
              4856.402087134519,
              4251.511277416934
            ],
            [
              4853.797364469516,
              4236.739161121751
            ]
          ]
        ]
      },
      "properties": {
        "id": "208",
        "lote": "208",
        "estatus": "disponible",
        "paquete": null,
        "seccion": "ORO",
        "manzana": "E",
        "manzanaId": "E"
      }
    },
    {
      "type": "Feature",
      "geometry": {
        "type": "Polygon",
        "coordinates": [
          [
            [
              4644.725501549884,
              4294.928130311065
            ],
            [
              4691.011465941458,
              4286.7666659607185
            ],
            [
              4693.616188606462,
              4301.538782255901
            ],
            [
              4647.3302242148875,
              4309.700246606247
            ],
            [
              4644.725501549884,
              4294.928130311065
            ]
          ]
        ]
      },
      "properties": {
        "id": "247",
        "lote": "247",
        "estatus": "disponible",
        "paquete": null,
        "seccion": "ORO",
        "manzana": "E",
        "manzanaId": "E"
      }
    },
    {
      "type": "Feature",
      "geometry": {
        "type": "Polygon",
        "coordinates": [
          [
            [
              4697.905120212543,
              4285.551128717049
            ],
            [
              4744.191084604117,
              4277.389664366704
            ],
            [
              4746.795807269121,
              4292.161780661888
            ],
            [
              4700.509842877547,
              4300.323245012233
            ],
            [
              4697.905120212543,
              4285.551128717049
            ]
          ]
        ]
      },
      "properties": {
        "id": "237",
        "lote": "237",
        "estatus": "disponible",
        "paquete": null,
        "seccion": "ORO",
        "manzana": "E",
        "manzanaId": "E"
      }
    },
    {
      "type": "Feature",
      "geometry": {
        "type": "Polygon",
        "coordinates": [
          [
            [
              4751.084738875203,
              4276.174127123036
            ],
            [
              4797.370703266776,
              4268.01266277269
            ],
            [
              4799.97542593178,
              4282.7847790678725
            ],
            [
              4753.689461540206,
              4290.946243418219
            ],
            [
              4751.084738875203,
              4276.174127123036
            ]
          ]
        ]
      },
      "properties": {
        "id": "227",
        "lote": "227",
        "estatus": "disponible",
        "paquete": null,
        "seccion": "ORO",
        "manzana": "E",
        "manzanaId": "E"
      }
    },
    {
      "type": "Feature",
      "geometry": {
        "type": "Polygon",
        "coordinates": [
          [
            [
              4804.2643575378615,
              4266.797125529021
            ],
            [
              4850.550321929435,
              4258.635661178675
            ],
            [
              4853.1550445944395,
              4273.407777473859
            ],
            [
              4806.869080202866,
              4281.569241824204
            ],
            [
              4804.2643575378615,
              4266.797125529021
            ]
          ]
        ]
      },
      "properties": {
        "id": "217",
        "lote": "217",
        "estatus": "disponible",
        "paquete": null,
        "seccion": "ORO",
        "manzana": "E",
        "manzanaId": "E"
      }
    },
    {
      "type": "Feature",
      "geometry": {
        "type": "Polygon",
        "coordinates": [
          [
            [
              4857.44397620052,
              4257.420123935007
            ],
            [
              4903.729940592095,
              4249.2586595846615
            ],
            [
              4906.334663257098,
              4264.030775879844
            ],
            [
              4860.048698865525,
              4272.192240230191
            ],
            [
              4857.44397620052,
              4257.420123935007
            ]
          ]
        ]
      },
      "properties": {
        "id": "207",
        "lote": "207",
        "estatus": "disponible",
        "paquete": null,
        "seccion": "ORO",
        "manzana": "E",
        "manzanaId": "E"
      }
    },
    {
      "type": "Feature",
      "geometry": {
        "type": "Polygon",
        "coordinates": [
          [
            [
              4648.37211328089,
              4315.609093124321
            ],
            [
              4694.658077672463,
              4307.447628773975
            ],
            [
              4697.2628003374675,
              4322.219745069157
            ],
            [
              4650.976835945893,
              4330.381209419504
            ],
            [
              4648.37211328089,
              4315.609093124321
            ]
          ]
        ]
      },
      "properties": {
        "id": "246",
        "lote": "246",
        "estatus": "disponible",
        "paquete": null,
        "seccion": "ORO",
        "manzana": "E",
        "manzanaId": "E"
      }
    },
    {
      "type": "Feature",
      "geometry": {
        "type": "Polygon",
        "coordinates": [
          [
            [
              4701.5517319435485,
              4306.232091530306
            ],
            [
              4747.837696335122,
              4298.07062717996
            ],
            [
              4750.442419000126,
              4312.842743475144
            ],
            [
              4704.156454608553,
              4321.004207825489
            ],
            [
              4701.5517319435485,
              4306.232091530306
            ]
          ]
        ]
      },
      "properties": {
        "id": "236",
        "lote": "236",
        "estatus": "disponible",
        "paquete": null,
        "seccion": "ORO",
        "manzana": "E",
        "manzanaId": "E"
      }
    },
    {
      "type": "Feature",
      "geometry": {
        "type": "Polygon",
        "coordinates": [
          [
            [
              4754.731350606208,
              4296.855089936292
            ],
            [
              4801.017314997782,
              4288.693625585946
            ],
            [
              4803.622037662785,
              4303.465741881129
            ],
            [
              4757.336073271212,
              4311.627206231476
            ],
            [
              4754.731350606208,
              4296.855089936292
            ]
          ]
        ]
      },
      "properties": {
        "id": "226",
        "lote": "226",
        "estatus": "disponible",
        "paquete": null,
        "seccion": "ORO",
        "manzana": "E",
        "manzanaId": "E"
      }
    },
    {
      "type": "Feature",
      "geometry": {
        "type": "Polygon",
        "coordinates": [
          [
            [
              4807.910969268867,
              4287.478088342278
            ],
            [
              4854.196933660441,
              4279.316623991932
            ],
            [
              4856.801656325445,
              4294.088740287115
            ],
            [
              4810.5156919338715,
              4302.25020463746
            ],
            [
              4807.910969268867,
              4287.478088342278
            ]
          ]
        ]
      },
      "properties": {
        "id": "216",
        "lote": "216",
        "estatus": "disponible",
        "paquete": null,
        "seccion": "ORO",
        "manzana": "E",
        "manzanaId": "E"
      }
    },
    {
      "type": "Feature",
      "geometry": {
        "type": "Polygon",
        "coordinates": [
          [
            [
              4861.090587931526,
              4278.101086748264
            ],
            [
              4907.3765523231,
              4269.939622397917
            ],
            [
              4909.981274988104,
              4284.711738693101
            ],
            [
              4863.69531059653,
              4292.873203043447
            ],
            [
              4861.090587931526,
              4278.101086748264
            ]
          ]
        ]
      },
      "properties": {
        "id": "206",
        "lote": "206",
        "estatus": "disponible",
        "paquete": null,
        "seccion": "ORO",
        "manzana": "E",
        "manzanaId": "E"
      }
    },
    {
      "type": "Feature",
      "geometry": {
        "type": "Polygon",
        "coordinates": [
          [
            [
              4652.018725011895,
              4336.290055937577
            ],
            [
              4698.304689403469,
              4328.128591587231
            ],
            [
              4700.909412068473,
              4342.900707882414
            ],
            [
              4654.623447676899,
              4351.0621722327605
            ],
            [
              4652.018725011895,
              4336.290055937577
            ]
          ]
        ]
      },
      "properties": {
        "id": "245",
        "lote": "245",
        "estatus": "disponible",
        "paquete": null,
        "seccion": "ORO",
        "manzana": "E",
        "manzanaId": "E"
      }
    },
    {
      "type": "Feature",
      "geometry": {
        "type": "Polygon",
        "coordinates": [
          [
            [
              4705.198343674554,
              4326.913054343563
            ],
            [
              4751.484308066128,
              4318.751589993217
            ],
            [
              4754.089030731132,
              4333.5237062884
            ],
            [
              4707.803066339558,
              4341.685170638745
            ],
            [
              4705.198343674554,
              4326.913054343563
            ]
          ]
        ]
      },
      "properties": {
        "id": "235",
        "lote": "235",
        "estatus": "disponible",
        "paquete": null,
        "seccion": "ORO",
        "manzana": "E",
        "manzanaId": "E"
      }
    },
    {
      "type": "Feature",
      "geometry": {
        "type": "Polygon",
        "coordinates": [
          [
            [
              4758.377962337214,
              4317.536052749548
            ],
            [
              4804.663926728787,
              4309.374588399202
            ],
            [
              4807.268649393791,
              4324.146704694386
            ],
            [
              4760.982685002217,
              4332.308169044732
            ],
            [
              4758.377962337214,
              4317.536052749548
            ]
          ]
        ]
      },
      "properties": {
        "id": "225",
        "lote": "225",
        "estatus": "disponible",
        "paquete": null,
        "seccion": "ORO",
        "manzana": "E",
        "manzanaId": "E"
      }
    },
    {
      "type": "Feature",
      "geometry": {
        "type": "Polygon",
        "coordinates": [
          [
            [
              4811.557580999873,
              4308.159051155534
            ],
            [
              4857.843545391446,
              4299.997586805189
            ],
            [
              4860.448268056451,
              4314.769703100371
            ],
            [
              4814.162303664877,
              4322.931167450717
            ],
            [
              4811.557580999873,
              4308.159051155534
            ]
          ]
        ]
      },
      "properties": {
        "id": "215",
        "lote": "215",
        "estatus": "disponible",
        "paquete": null,
        "seccion": "ORO",
        "manzana": "E",
        "manzanaId": "E"
      }
    },
    {
      "type": "Feature",
      "geometry": {
        "type": "Polygon",
        "coordinates": [
          [
            [
              4864.737199662532,
              4298.78204956152
            ],
            [
              4911.023164054106,
              4290.620585211174
            ],
            [
              4913.6278867191095,
              4305.392701506357
            ],
            [
              4867.341922327536,
              4313.554165856703
            ],
            [
              4864.737199662532,
              4298.78204956152
            ]
          ]
        ]
      },
      "properties": {
        "id": "205",
        "lote": "205",
        "estatus": "disponible",
        "paquete": null,
        "seccion": "ORO",
        "manzana": "E",
        "manzanaId": "E"
      }
    },
    {
      "type": "Feature",
      "geometry": {
        "type": "Polygon",
        "coordinates": [
          [
            [
              4655.665336742901,
              4356.971018750833
            ],
            [
              4701.951301134474,
              4348.809554400487
            ],
            [
              4704.556023799479,
              4363.581670695671
            ],
            [
              4658.270059407904,
              4371.7431350460165
            ],
            [
              4655.665336742901,
              4356.971018750833
            ]
          ]
        ]
      },
      "properties": {
        "id": "244",
        "lote": "244",
        "estatus": "disponible",
        "paquete": null,
        "seccion": "ORO",
        "manzana": "E",
        "manzanaId": "E"
      }
    },
    {
      "type": "Feature",
      "geometry": {
        "type": "Polygon",
        "coordinates": [
          [
            [
              4708.84495540556,
              4347.594017156819
            ],
            [
              4755.130919797133,
              4339.432552806474
            ],
            [
              4757.735642462138,
              4354.204669101656
            ],
            [
              4711.449678070564,
              4362.366133452002
            ],
            [
              4708.84495540556,
              4347.594017156819
            ]
          ]
        ]
      },
      "properties": {
        "id": "234",
        "lote": "234",
        "estatus": "disponible",
        "paquete": null,
        "seccion": "ORO",
        "manzana": "E",
        "manzanaId": "E"
      }
    },
    {
      "type": "Feature",
      "geometry": {
        "type": "Polygon",
        "coordinates": [
          [
            [
              4762.024574068219,
              4338.217015562805
            ],
            [
              4808.310538459793,
              4330.055551212458
            ],
            [
              4810.915261124796,
              4344.827667507642
            ],
            [
              4764.629296733223,
              4352.989131857988
            ],
            [
              4762.024574068219,
              4338.217015562805
            ]
          ]
        ]
      },
      "properties": {
        "id": "224",
        "lote": "224",
        "estatus": "disponible",
        "paquete": null,
        "seccion": "ORO",
        "manzana": "E",
        "manzanaId": "E"
      }
    },
    {
      "type": "Feature",
      "geometry": {
        "type": "Polygon",
        "coordinates": [
          [
            [
              4815.204192730878,
              4328.84001396879
            ],
            [
              4861.490157122452,
              4320.678549618445
            ],
            [
              4864.094879787456,
              4335.450665913628
            ],
            [
              4817.808915395883,
              4343.612130263974
            ],
            [
              4815.204192730878,
              4328.84001396879
            ]
          ]
        ]
      },
      "properties": {
        "id": "214",
        "lote": "214",
        "estatus": "disponible",
        "paquete": null,
        "seccion": "ORO",
        "manzana": "E",
        "manzanaId": "E"
      }
    },
    {
      "type": "Feature",
      "geometry": {
        "type": "Polygon",
        "coordinates": [
          [
            [
              4868.383811393537,
              4319.463012374777
            ],
            [
              4914.669775785112,
              4311.30154802443
            ],
            [
              4917.274498450115,
              4326.073664319613
            ],
            [
              4870.9885340585415,
              4334.2351286699595
            ],
            [
              4868.383811393537,
              4319.463012374777
            ]
          ]
        ]
      },
      "properties": {
        "id": "204",
        "lote": "204",
        "estatus": "disponible",
        "paquete": null,
        "seccion": "ORO",
        "manzana": "E",
        "manzanaId": "E"
      }
    },
    {
      "type": "Feature",
      "geometry": {
        "type": "Polygon",
        "coordinates": [
          [
            [
              4659.311948473906,
              4377.6519815640895
            ],
            [
              4705.59791286548,
              4369.490517213743
            ],
            [
              4708.202635530483,
              4384.262633508927
            ],
            [
              4661.91667113891,
              4392.4240978592725
            ],
            [
              4659.311948473906,
              4377.6519815640895
            ]
          ]
        ]
      },
      "properties": {
        "id": "243",
        "lote": "243",
        "estatus": "disponible",
        "paquete": null,
        "seccion": "ORO",
        "manzana": "E",
        "manzanaId": "E"
      }
    },
    {
      "type": "Feature",
      "geometry": {
        "type": "Polygon",
        "coordinates": [
          [
            [
              4712.491567136565,
              4368.274979970075
            ],
            [
              4758.777531528139,
              4360.11351561973
            ],
            [
              4761.382254193143,
              4374.885631914913
            ],
            [
              4715.09628980157,
              4383.047096265259
            ],
            [
              4712.491567136565,
              4368.274979970075
            ]
          ]
        ]
      },
      "properties": {
        "id": "233",
        "lote": "233",
        "estatus": "disponible",
        "paquete": null,
        "seccion": "ORO",
        "manzana": "E",
        "manzanaId": "E"
      }
    },
    {
      "type": "Feature",
      "geometry": {
        "type": "Polygon",
        "coordinates": [
          [
            [
              4765.671185799224,
              4358.8979783760615
            ],
            [
              4811.9571501907985,
              4350.736514025715
            ],
            [
              4814.561872855802,
              4365.508630320898
            ],
            [
              4768.275908464228,
              4373.6700946712435
            ],
            [
              4765.671185799224,
              4358.8979783760615
            ]
          ]
        ]
      },
      "properties": {
        "id": "223",
        "lote": "223",
        "estatus": "disponible",
        "paquete": null,
        "seccion": "ORO",
        "manzana": "E",
        "manzanaId": "E"
      }
    },
    {
      "type": "Feature",
      "geometry": {
        "type": "Polygon",
        "coordinates": [
          [
            [
              4818.850804461884,
              4349.520976782047
            ],
            [
              4865.136768853457,
              4341.359512431701
            ],
            [
              4867.741491518462,
              4356.131628726885
            ],
            [
              4821.455527126887,
              4364.29309307723
            ],
            [
              4818.850804461884,
              4349.520976782047
            ]
          ]
        ]
      },
      "properties": {
        "id": "213",
        "lote": "213",
        "estatus": "disponible",
        "paquete": null,
        "seccion": "ORO",
        "manzana": "E",
        "manzanaId": "E"
      }
    },
    {
      "type": "Feature",
      "geometry": {
        "type": "Polygon",
        "coordinates": [
          [
            [
              4872.030423124543,
              4340.1439751880325
            ],
            [
              4918.316387516117,
              4331.982510837687
            ],
            [
              4920.921110181121,
              4346.75462713287
            ],
            [
              4874.635145789547,
              4354.916091483216
            ],
            [
              4872.030423124543,
              4340.1439751880325
            ]
          ]
        ]
      },
      "properties": {
        "id": "203",
        "lote": "203",
        "estatus": "disponible",
        "paquete": null,
        "seccion": "ORO",
        "manzana": "E",
        "manzanaId": "E"
      }
    },
    {
      "type": "Feature",
      "geometry": {
        "type": "Polygon",
        "coordinates": [
          [
            [
              4662.958560204912,
              4398.332944377346
            ],
            [
              4709.2445245964855,
              4390.171480027
            ],
            [
              4711.849247261489,
              4404.943596322183
            ],
            [
              4665.563282869915,
              4413.105060672528
            ],
            [
              4662.958560204912,
              4398.332944377346
            ]
          ]
        ]
      },
      "properties": {
        "id": "242",
        "lote": "242",
        "estatus": "disponible",
        "paquete": null,
        "seccion": "ORO",
        "manzana": "E",
        "manzanaId": "E"
      }
    },
    {
      "type": "Feature",
      "geometry": {
        "type": "Polygon",
        "coordinates": [
          [
            [
              4716.138178867571,
              4388.955942783331
            ],
            [
              4762.424143259144,
              4380.794478432986
            ],
            [
              4765.028865924149,
              4395.56659472817
            ],
            [
              4718.742901532575,
              4403.728059078515
            ],
            [
              4716.138178867571,
              4388.955942783331
            ]
          ]
        ]
      },
      "properties": {
        "id": "232",
        "lote": "232",
        "estatus": "disponible",
        "paquete": null,
        "seccion": "ORO",
        "manzana": "E",
        "manzanaId": "E"
      }
    },
    {
      "type": "Feature",
      "geometry": {
        "type": "Polygon",
        "coordinates": [
          [
            [
              4769.31779753023,
              4379.578941189317
            ],
            [
              4815.603761921804,
              4371.417476838972
            ],
            [
              4818.208484586808,
              4386.189593134154
            ],
            [
              4771.922520195234,
              4394.3510574845
            ],
            [
              4769.31779753023,
              4379.578941189317
            ]
          ]
        ]
      },
      "properties": {
        "id": "222",
        "lote": "222",
        "estatus": "disponible",
        "paquete": null,
        "seccion": "ORO",
        "manzana": "E",
        "manzanaId": "E"
      }
    },
    {
      "type": "Feature",
      "geometry": {
        "type": "Polygon",
        "coordinates": [
          [
            [
              4822.497416192889,
              4370.201939595304
            ],
            [
              4868.783380584463,
              4362.040475244958
            ],
            [
              4871.388103249467,
              4376.812591540141
            ],
            [
              4825.102138857893,
              4384.974055890486
            ],
            [
              4822.497416192889,
              4370.201939595304
            ]
          ]
        ]
      },
      "properties": {
        "id": "212",
        "lote": "212",
        "estatus": "disponible",
        "paquete": null,
        "seccion": "ORO",
        "manzana": "E",
        "manzanaId": "E"
      }
    },
    {
      "type": "Feature",
      "geometry": {
        "type": "Polygon",
        "coordinates": [
          [
            [
              4875.677034855548,
              4360.8249380012885
            ],
            [
              4921.962999247122,
              4352.663473650943
            ],
            [
              4924.567721912126,
              4367.435589946127
            ],
            [
              4878.281757520553,
              4375.597054296472
            ],
            [
              4875.677034855548,
              4360.8249380012885
            ]
          ]
        ]
      },
      "properties": {
        "id": "202",
        "lote": "202",
        "estatus": "disponible",
        "paquete": null,
        "seccion": "ORO",
        "manzana": "E",
        "manzanaId": "E"
      }
    },
    {
      "type": "Feature",
      "geometry": {
        "type": "Polygon",
        "coordinates": [
          [
            [
              4666.6051719359175,
              4419.013907190602
            ],
            [
              4712.891136327491,
              4410.852442840257
            ],
            [
              4715.4958589924945,
              4425.624559135439
            ],
            [
              4669.209894600921,
              4433.786023485785
            ],
            [
              4666.6051719359175,
              4419.013907190602
            ]
          ]
        ]
      },
      "properties": {
        "id": "241",
        "lote": "241",
        "estatus": "disponible",
        "paquete": null,
        "seccion": "ORO",
        "manzana": "E",
        "manzanaId": "E"
      }
    },
    {
      "type": "Feature",
      "geometry": {
        "type": "Polygon",
        "coordinates": [
          [
            [
              4719.784790598576,
              4409.636905596588
            ],
            [
              4766.07075499015,
              4401.475441246242
            ],
            [
              4768.675477655154,
              4416.2475575414255
            ],
            [
              4722.389513263581,
              4424.409021891771
            ],
            [
              4719.784790598576,
              4409.636905596588
            ]
          ]
        ]
      },
      "properties": {
        "id": "231",
        "lote": "231",
        "estatus": "disponible",
        "paquete": null,
        "seccion": "ORO",
        "manzana": "E",
        "manzanaId": "E"
      }
    },
    {
      "type": "Feature",
      "geometry": {
        "type": "Polygon",
        "coordinates": [
          [
            [
              4772.964409261235,
              4400.259904002573
            ],
            [
              4819.25037365281,
              4392.098439652228
            ],
            [
              4821.855096317813,
              4406.870555947411
            ],
            [
              4775.56913192624,
              4415.032020297757
            ],
            [
              4772.964409261235,
              4400.259904002573
            ]
          ]
        ]
      },
      "properties": {
        "id": "221",
        "lote": "221",
        "estatus": "disponible",
        "paquete": null,
        "seccion": "ORO",
        "manzana": "E",
        "manzanaId": "E"
      }
    },
    {
      "type": "Feature",
      "geometry": {
        "type": "Polygon",
        "coordinates": [
          [
            [
              4826.144027923895,
              4390.88290240856
            ],
            [
              4872.429992315469,
              4382.7214380582145
            ],
            [
              4875.034714980473,
              4397.493554353397
            ],
            [
              4828.7487505888985,
              4405.655018703743
            ],
            [
              4826.144027923895,
              4390.88290240856
            ]
          ]
        ]
      },
      "properties": {
        "id": "211",
        "lote": "211",
        "estatus": "disponible",
        "paquete": null,
        "seccion": "ORO",
        "manzana": "E",
        "manzanaId": "E"
      }
    },
    {
      "type": "Feature",
      "geometry": {
        "type": "Polygon",
        "coordinates": [
          [
            [
              4879.323646586554,
              4381.505900814545
            ],
            [
              4925.609610978128,
              4373.344436464199
            ],
            [
              4928.214333643132,
              4388.116552759383
            ],
            [
              4881.928369251558,
              4396.278017109728
            ],
            [
              4879.323646586554,
              4381.505900814545
            ]
          ]
        ]
      },
      "properties": {
        "id": "201",
        "lote": "201",
        "estatus": "disponible",
        "paquete": null,
        "seccion": "ORO",
        "manzana": "E",
        "manzanaId": "E"
      }
    },
    {
      "type": "Feature",
      "geometry": {
        "type": "Polygon",
        "coordinates": [
          [
            [
              4587.285666356867,
              3974.384344555956
            ],
            [
              4633.571630748441,
              3966.22288020561
            ],
            [
              4636.176353413445,
              3980.994996500793
            ],
            [
              4589.890389021872,
              3989.156460851139
            ],
            [
              4587.285666356867,
              3974.384344555956
            ]
          ]
        ]
      },
      "properties": {
        "id": "300",
        "lote": "300",
        "estatus": "disponible",
        "paquete": null,
        "seccion": "ORO",
        "manzana": "F",
        "manzanaId": "F"
      }
    },
    {
      "type": "Feature",
      "geometry": {
        "type": "Polygon",
        "coordinates": [
          [
            [
              4640.465285019526,
              3965.007342961942
            ],
            [
              4686.751249411101,
              3956.845878611596
            ],
            [
              4689.355972076104,
              3971.617994906779
            ],
            [
              4643.0700076845305,
              3979.779459257125
            ],
            [
              4640.465285019526,
              3965.007342961942
            ]
          ]
        ]
      },
      "properties": {
        "id": "290",
        "lote": "290",
        "estatus": "disponible",
        "paquete": null,
        "seccion": "ORO",
        "manzana": "F",
        "manzanaId": "F"
      }
    },
    {
      "type": "Feature",
      "geometry": {
        "type": "Polygon",
        "coordinates": [
          [
            [
              4693.644903682186,
              3955.6303413679275
            ],
            [
              4739.9308680737595,
              3947.4688770175817
            ],
            [
              4742.535590738764,
              3962.240993312765
            ],
            [
              4696.249626347189,
              3970.4024576631105
            ],
            [
              4693.644903682186,
              3955.6303413679275
            ]
          ]
        ]
      },
      "properties": {
        "id": "280",
        "lote": "280",
        "estatus": "disponible",
        "paquete": null,
        "seccion": "ORO",
        "manzana": "F",
        "manzanaId": "F"
      }
    },
    {
      "type": "Feature",
      "geometry": {
        "type": "Polygon",
        "coordinates": [
          [
            [
              4746.824522344845,
              3946.2533397739135
            ],
            [
              4793.110486736418,
              3938.0918754235677
            ],
            [
              4795.715209401423,
              3952.8639917187506
            ],
            [
              4749.429245009849,
              3961.0254560690964
            ],
            [
              4746.824522344845,
              3946.2533397739135
            ]
          ]
        ]
      },
      "properties": {
        "id": "270",
        "lote": "270",
        "estatus": "disponible",
        "paquete": null,
        "seccion": "ORO",
        "manzana": "F",
        "manzanaId": "F"
      }
    },
    {
      "type": "Feature",
      "geometry": {
        "type": "Polygon",
        "coordinates": [
          [
            [
              4800.004141007505,
              3936.876338179899
            ],
            [
              4846.290105399078,
              3928.714873829553
            ],
            [
              4848.894828064082,
              3943.4869901247366
            ],
            [
              4802.608863672508,
              3951.648454475082
            ],
            [
              4800.004141007505,
              3936.876338179899
            ]
          ]
        ]
      },
      "properties": {
        "id": "260",
        "lote": "260",
        "estatus": "disponible",
        "paquete": null,
        "seccion": "ORO",
        "manzana": "F",
        "manzanaId": "F"
      }
    },
    {
      "type": "Feature",
      "geometry": {
        "type": "Polygon",
        "coordinates": [
          [
            [
              4590.932278087873,
              3995.0653073692124
            ],
            [
              4637.218242479446,
              3986.9038430188666
            ],
            [
              4639.822965144451,
              4001.6759593140496
            ],
            [
              4593.537000752876,
              4009.8374236643954
            ],
            [
              4590.932278087873,
              3995.0653073692124
            ]
          ]
        ]
      },
      "properties": {
        "id": "299",
        "lote": "299",
        "estatus": "disponible",
        "paquete": null,
        "seccion": "ORO",
        "manzana": "F",
        "manzanaId": "F"
      }
    },
    {
      "type": "Feature",
      "geometry": {
        "type": "Polygon",
        "coordinates": [
          [
            [
              4644.111896750532,
              3985.688305775198
            ],
            [
              4690.397861142106,
              3977.5268414248526
            ],
            [
              4693.00258380711,
              3992.2989577200356
            ],
            [
              4646.716619415536,
              4000.4604220703814
            ],
            [
              4644.111896750532,
              3985.688305775198
            ]
          ]
        ]
      },
      "properties": {
        "id": "289",
        "lote": "289",
        "estatus": "disponible",
        "paquete": null,
        "seccion": "ORO",
        "manzana": "F",
        "manzanaId": "F"
      }
    },
    {
      "type": "Feature",
      "geometry": {
        "type": "Polygon",
        "coordinates": [
          [
            [
              4697.2915154131915,
              3976.311304181184
            ],
            [
              4743.577479804765,
              3968.149839830838
            ],
            [
              4746.182202469769,
              3982.921956126021
            ],
            [
              4699.896238078195,
              3991.083420476367
            ],
            [
              4697.2915154131915,
              3976.311304181184
            ]
          ]
        ]
      },
      "properties": {
        "id": "279",
        "lote": "279",
        "estatus": "disponible",
        "paquete": null,
        "seccion": "ORO",
        "manzana": "F",
        "manzanaId": "F"
      }
    },
    {
      "type": "Feature",
      "geometry": {
        "type": "Polygon",
        "coordinates": [
          [
            [
              4750.47113407585,
              3966.9343025871694
            ],
            [
              4796.757098467424,
              3958.772838236824
            ],
            [
              4799.361821132428,
              3973.544954532007
            ],
            [
              4753.075856740855,
              3981.706418882353
            ],
            [
              4750.47113407585,
              3966.9343025871694
            ]
          ]
        ]
      },
      "properties": {
        "id": "269",
        "lote": "269",
        "estatus": "disponible",
        "paquete": null,
        "seccion": "ORO",
        "manzana": "F",
        "manzanaId": "F"
      }
    },
    {
      "type": "Feature",
      "geometry": {
        "type": "Polygon",
        "coordinates": [
          [
            [
              4803.65075273851,
              3957.5573009931554
            ],
            [
              4849.936717130084,
              3949.3958366428096
            ],
            [
              4852.541439795087,
              3964.1679529379926
            ],
            [
              4806.255475403514,
              3972.3294172883384
            ],
            [
              4803.65075273851,
              3957.5573009931554
            ]
          ]
        ]
      },
      "properties": {
        "id": "259",
        "lote": "259",
        "estatus": "disponible",
        "paquete": null,
        "seccion": "ORO",
        "manzana": "F",
        "manzanaId": "F"
      }
    },
    {
      "type": "Feature",
      "geometry": {
        "type": "Polygon",
        "coordinates": [
          [
            [
              4594.578889818878,
              4015.746270182469
            ],
            [
              4640.864854210452,
              4007.584805832123
            ],
            [
              4643.469576875456,
              4022.356922127306
            ],
            [
              4597.183612483882,
              4030.518386477652
            ],
            [
              4594.578889818878,
              4015.746270182469
            ]
          ]
        ]
      },
      "properties": {
        "id": "298",
        "lote": "298",
        "estatus": "disponible",
        "paquete": null,
        "seccion": "ORO",
        "manzana": "F",
        "manzanaId": "F"
      }
    },
    {
      "type": "Feature",
      "geometry": {
        "type": "Polygon",
        "coordinates": [
          [
            [
              4647.758508481537,
              4006.3692685884544
            ],
            [
              4694.044472873112,
              3998.2078042381086
            ],
            [
              4696.649195538115,
              4012.979920533292
            ],
            [
              4650.363231146542,
              4021.141384883638
            ],
            [
              4647.758508481537,
              4006.3692685884544
            ]
          ]
        ]
      },
      "properties": {
        "id": "288",
        "lote": "288",
        "estatus": "disponible",
        "paquete": null,
        "seccion": "ORO",
        "manzana": "F",
        "manzanaId": "F"
      }
    },
    {
      "type": "Feature",
      "geometry": {
        "type": "Polygon",
        "coordinates": [
          [
            [
              4700.938127144197,
              3996.9922669944403
            ],
            [
              4747.224091535771,
              3988.8308026440945
            ],
            [
              4749.828814200775,
              4003.6029189392775
            ],
            [
              4703.542849809201,
              4011.7643832896233
            ],
            [
              4700.938127144197,
              3996.9922669944403
            ]
          ]
        ]
      },
      "properties": {
        "id": "278",
        "lote": "278",
        "estatus": "disponible",
        "paquete": null,
        "seccion": "ORO",
        "manzana": "F",
        "manzanaId": "F"
      }
    },
    {
      "type": "Feature",
      "geometry": {
        "type": "Polygon",
        "coordinates": [
          [
            [
              4754.117745806856,
              3987.615265400426
            ],
            [
              4800.4037101984295,
              3979.45380105008
            ],
            [
              4803.008432863434,
              3994.2259173452635
            ],
            [
              4756.72246847186,
              4002.3873816956093
            ],
            [
              4754.117745806856,
              3987.615265400426
            ]
          ]
        ]
      },
      "properties": {
        "id": "268",
        "lote": "268",
        "estatus": "disponible",
        "paquete": null,
        "seccion": "ORO",
        "manzana": "F",
        "manzanaId": "F"
      }
    },
    {
      "type": "Feature",
      "geometry": {
        "type": "Polygon",
        "coordinates": [
          [
            [
              4807.297364469516,
              3978.238263806412
            ],
            [
              4853.583328861089,
              3970.076799456066
            ],
            [
              4856.188051526093,
              3984.848915751249
            ],
            [
              4809.902087134519,
              3993.010380101595
            ],
            [
              4807.297364469516,
              3978.238263806412
            ]
          ]
        ]
      },
      "properties": {
        "id": "258",
        "lote": "258",
        "estatus": "disponible",
        "paquete": null,
        "seccion": "ORO",
        "manzana": "F",
        "manzanaId": "F"
      }
    },
    {
      "type": "Feature",
      "geometry": {
        "type": "Polygon",
        "coordinates": [
          [
            [
              4598.225501549884,
              4036.4272329957253
            ],
            [
              4644.511465941458,
              4028.2657686453795
            ],
            [
              4647.116188606462,
              4043.0378849405624
            ],
            [
              4600.8302242148875,
              4051.1993492909082
            ],
            [
              4598.225501549884,
              4036.4272329957253
            ]
          ]
        ]
      },
      "properties": {
        "id": "297",
        "lote": "297",
        "estatus": "disponible",
        "paquete": null,
        "seccion": "ORO",
        "manzana": "F",
        "manzanaId": "F"
      }
    },
    {
      "type": "Feature",
      "geometry": {
        "type": "Polygon",
        "coordinates": [
          [
            [
              4651.405120212543,
              4027.050231401711
            ],
            [
              4697.691084604117,
              4018.888767051365
            ],
            [
              4700.295807269121,
              4033.6608833465484
            ],
            [
              4654.009842877547,
              4041.8223476968938
            ],
            [
              4651.405120212543,
              4027.050231401711
            ]
          ]
        ]
      },
      "properties": {
        "id": "287",
        "lote": "287",
        "estatus": "disponible",
        "paquete": null,
        "seccion": "ORO",
        "manzana": "F",
        "manzanaId": "F"
      }
    },
    {
      "type": "Feature",
      "geometry": {
        "type": "Polygon",
        "coordinates": [
          [
            [
              4704.584738875203,
              4017.6732298076968
            ],
            [
              4750.870703266776,
              4009.511765457351
            ],
            [
              4753.47542593178,
              4024.283881752534
            ],
            [
              4707.189461540206,
              4032.4453461028797
            ],
            [
              4704.584738875203,
              4017.6732298076968
            ]
          ]
        ]
      },
      "properties": {
        "id": "277",
        "lote": "277",
        "estatus": "disponible",
        "paquete": null,
        "seccion": "ORO",
        "manzana": "F",
        "manzanaId": "F"
      }
    },
    {
      "type": "Feature",
      "geometry": {
        "type": "Polygon",
        "coordinates": [
          [
            [
              4757.7643575378615,
              4008.2962282136823
            ],
            [
              4804.050321929435,
              4000.1347638633365
            ],
            [
              4806.6550445944395,
              4014.90688015852
            ],
            [
              4760.369080202866,
              4023.0683445088653
            ],
            [
              4757.7643575378615,
              4008.2962282136823
            ]
          ]
        ]
      },
      "properties": {
        "id": "267",
        "lote": "267",
        "estatus": "disponible",
        "paquete": null,
        "seccion": "ORO",
        "manzana": "F",
        "manzanaId": "F"
      }
    },
    {
      "type": "Feature",
      "geometry": {
        "type": "Polygon",
        "coordinates": [
          [
            [
              4810.94397620052,
              3998.9192266196683
            ],
            [
              4857.229940592095,
              3990.7577622693225
            ],
            [
              4859.834663257098,
              4005.5298785645055
            ],
            [
              4813.548698865525,
              4013.6913429148512
            ],
            [
              4810.94397620052,
              3998.9192266196683
            ]
          ]
        ]
      },
      "properties": {
        "id": "257",
        "lote": "257",
        "estatus": "disponible",
        "paquete": null,
        "seccion": "ORO",
        "manzana": "F",
        "manzanaId": "F"
      }
    },
    {
      "type": "Feature",
      "geometry": {
        "type": "Polygon",
        "coordinates": [
          [
            [
              4601.87211328089,
              4057.1081958089812
            ],
            [
              4648.158077672463,
              4048.946731458636
            ],
            [
              4650.7628003374675,
              4063.718847753819
            ],
            [
              4604.476835945893,
              4071.8803121041647
            ],
            [
              4601.87211328089,
              4057.1081958089812
            ]
          ]
        ]
      },
      "properties": {
        "id": "296",
        "lote": "296",
        "estatus": "disponible",
        "paquete": null,
        "seccion": "ORO",
        "manzana": "F",
        "manzanaId": "F"
      }
    },
    {
      "type": "Feature",
      "geometry": {
        "type": "Polygon",
        "coordinates": [
          [
            [
              4655.0517319435485,
              4047.731194214967
            ],
            [
              4701.337696335122,
              4039.5697298646214
            ],
            [
              4703.942419000126,
              4054.341846159805
            ],
            [
              4657.656454608553,
              4062.50331051015
            ],
            [
              4655.0517319435485,
              4047.731194214967
            ]
          ]
        ]
      },
      "properties": {
        "id": "286",
        "lote": "286",
        "estatus": "disponible",
        "paquete": null,
        "seccion": "ORO",
        "manzana": "F",
        "manzanaId": "F"
      }
    },
    {
      "type": "Feature",
      "geometry": {
        "type": "Polygon",
        "coordinates": [
          [
            [
              4708.231350606208,
              4038.3541926209527
            ],
            [
              4754.517314997782,
              4030.1927282706074
            ],
            [
              4757.122037662785,
              4044.9648445657904
            ],
            [
              4710.836073271212,
              4053.126308916136
            ],
            [
              4708.231350606208,
              4038.3541926209527
            ]
          ]
        ]
      },
      "properties": {
        "id": "276",
        "lote": "276",
        "estatus": "disponible",
        "paquete": null,
        "seccion": "ORO",
        "manzana": "F",
        "manzanaId": "F"
      }
    },
    {
      "type": "Feature",
      "geometry": {
        "type": "Polygon",
        "coordinates": [
          [
            [
              4761.410969268867,
              4028.9771910269387
            ],
            [
              4807.696933660441,
              4020.815726676593
            ],
            [
              4810.301656325445,
              4035.5878429717764
            ],
            [
              4764.0156919338715,
              4043.7493073221217
            ],
            [
              4761.410969268867,
              4028.9771910269387
            ]
          ]
        ]
      },
      "properties": {
        "id": "266",
        "lote": "266",
        "estatus": "disponible",
        "paquete": null,
        "seccion": "ORO",
        "manzana": "F",
        "manzanaId": "F"
      }
    },
    {
      "type": "Feature",
      "geometry": {
        "type": "Polygon",
        "coordinates": [
          [
            [
              4814.590587931526,
              4019.6001894329247
            ],
            [
              4860.8765523231,
              4011.438725082579
            ],
            [
              4863.481274988104,
              4026.210841377762
            ],
            [
              4817.19531059653,
              4034.3723057281077
            ],
            [
              4814.590587931526,
              4019.6001894329247
            ]
          ]
        ]
      },
      "properties": {
        "id": "256",
        "lote": "256",
        "estatus": "disponible",
        "paquete": null,
        "seccion": "ORO",
        "manzana": "F",
        "manzanaId": "F"
      }
    },
    {
      "type": "Feature",
      "geometry": {
        "type": "Polygon",
        "coordinates": [
          [
            [
              4605.518725011895,
              4077.7891586222377
            ],
            [
              4651.804689403469,
              4069.6276942718923
            ],
            [
              4654.409412068473,
              4084.3998105670753
            ],
            [
              4608.123447676899,
              4092.561274917421
            ],
            [
              4605.518725011895,
              4077.7891586222377
            ]
          ]
        ]
      },
      "properties": {
        "id": "295",
        "lote": "295",
        "estatus": "disponible",
        "paquete": null,
        "seccion": "ORO",
        "manzana": "F",
        "manzanaId": "F"
      }
    },
    {
      "type": "Feature",
      "geometry": {
        "type": "Polygon",
        "coordinates": [
          [
            [
              4658.698343674554,
              4068.4121570282236
            ],
            [
              4704.984308066128,
              4060.250692677878
            ],
            [
              4707.589030731132,
              4075.022808973061
            ],
            [
              4661.303066339558,
              4083.1842733234066
            ],
            [
              4658.698343674554,
              4068.4121570282236
            ]
          ]
        ]
      },
      "properties": {
        "id": "285",
        "lote": "285",
        "estatus": "disponible",
        "paquete": null,
        "seccion": "ORO",
        "manzana": "F",
        "manzanaId": "F"
      }
    },
    {
      "type": "Feature",
      "geometry": {
        "type": "Polygon",
        "coordinates": [
          [
            [
              4711.877962337214,
              4059.035155434209
            ],
            [
              4758.163926728787,
              4050.873691083864
            ],
            [
              4760.768649393791,
              4065.645807379047
            ],
            [
              4714.482685002217,
              4073.8072717293926
            ],
            [
              4711.877962337214,
              4059.035155434209
            ]
          ]
        ]
      },
      "properties": {
        "id": "275",
        "lote": "275",
        "estatus": "disponible",
        "paquete": null,
        "seccion": "ORO",
        "manzana": "F",
        "manzanaId": "F"
      }
    },
    {
      "type": "Feature",
      "geometry": {
        "type": "Polygon",
        "coordinates": [
          [
            [
              4765.057580999873,
              4049.658153840195
            ],
            [
              4811.343545391446,
              4041.4966894898494
            ],
            [
              4813.948268056451,
              4056.2688057850323
            ],
            [
              4767.662303664877,
              4064.430270135378
            ],
            [
              4765.057580999873,
              4049.658153840195
            ]
          ]
        ]
      },
      "properties": {
        "id": "265",
        "lote": "265",
        "estatus": "disponible",
        "paquete": null,
        "seccion": "ORO",
        "manzana": "F",
        "manzanaId": "F"
      }
    },
    {
      "type": "Feature",
      "geometry": {
        "type": "Polygon",
        "coordinates": [
          [
            [
              4818.237199662532,
              4040.2811522461807
            ],
            [
              4864.523164054106,
              4032.1196878958353
            ],
            [
              4867.1278867191095,
              4046.8918041910183
            ],
            [
              4820.841922327536,
              4055.053268541364
            ],
            [
              4818.237199662532,
              4040.2811522461807
            ]
          ]
        ]
      },
      "properties": {
        "id": "255",
        "lote": "255",
        "estatus": "disponible",
        "paquete": null,
        "seccion": "ORO",
        "manzana": "F",
        "manzanaId": "F"
      }
    },
    {
      "type": "Feature",
      "geometry": {
        "type": "Polygon",
        "coordinates": [
          [
            [
              4609.165336742901,
              4098.470121435494
            ],
            [
              4655.451301134474,
              4090.3086570851483
            ],
            [
              4658.056023799479,
              4105.080773380332
            ],
            [
              4611.770059407904,
              4113.2422377306775
            ],
            [
              4609.165336742901,
              4098.470121435494
            ]
          ]
        ]
      },
      "properties": {
        "id": "294",
        "lote": "294",
        "estatus": "disponible",
        "paquete": null,
        "seccion": "ORO",
        "manzana": "F",
        "manzanaId": "F"
      }
    },
    {
      "type": "Feature",
      "geometry": {
        "type": "Polygon",
        "coordinates": [
          [
            [
              4662.34495540556,
              4089.09311984148
            ],
            [
              4708.630919797133,
              4080.9316554911343
            ],
            [
              4711.235642462138,
              4095.7037717863172
            ],
            [
              4664.949678070564,
              4103.865236136664
            ],
            [
              4662.34495540556,
              4089.09311984148
            ]
          ]
        ]
      },
      "properties": {
        "id": "284",
        "lote": "284",
        "estatus": "disponible",
        "paquete": null,
        "seccion": "ORO",
        "manzana": "F",
        "manzanaId": "F"
      }
    },
    {
      "type": "Feature",
      "geometry": {
        "type": "Polygon",
        "coordinates": [
          [
            [
              4715.524574068219,
              4079.7161182474656
            ],
            [
              4761.810538459793,
              4071.55465389712
            ],
            [
              4764.415261124796,
              4086.3267701923032
            ],
            [
              4718.129296733223,
              4094.488234542649
            ],
            [
              4715.524574068219,
              4079.7161182474656
            ]
          ]
        ]
      },
      "properties": {
        "id": "274",
        "lote": "274",
        "estatus": "disponible",
        "paquete": null,
        "seccion": "ORO",
        "manzana": "F",
        "manzanaId": "F"
      }
    },
    {
      "type": "Feature",
      "geometry": {
        "type": "Polygon",
        "coordinates": [
          [
            [
              4768.704192730878,
              4070.3391166534516
            ],
            [
              4814.990157122452,
              4062.177652303106
            ],
            [
              4817.594879787456,
              4076.9497685982888
            ],
            [
              4771.308915395883,
              4085.1112329486346
            ],
            [
              4768.704192730878,
              4070.3391166534516
            ]
          ]
        ]
      },
      "properties": {
        "id": "264",
        "lote": "264",
        "estatus": "disponible",
        "paquete": null,
        "seccion": "ORO",
        "manzana": "F",
        "manzanaId": "F"
      }
    },
    {
      "type": "Feature",
      "geometry": {
        "type": "Polygon",
        "coordinates": [
          [
            [
              4821.883811393537,
              4060.962115059437
            ],
            [
              4868.169775785112,
              4052.8006507090913
            ],
            [
              4870.774498450115,
              4067.5727670042747
            ],
            [
              4824.4885340585415,
              4075.7342313546205
            ],
            [
              4821.883811393537,
              4060.962115059437
            ]
          ]
        ]
      },
      "properties": {
        "id": "254",
        "lote": "254",
        "estatus": "disponible",
        "paquete": null,
        "seccion": "ORO",
        "manzana": "F",
        "manzanaId": "F"
      }
    },
    {
      "type": "Feature",
      "geometry": {
        "type": "Polygon",
        "coordinates": [
          [
            [
              4612.811948473906,
              4119.151084248751
            ],
            [
              4659.09791286548,
              4110.989619898404
            ],
            [
              4661.702635530483,
              4125.761736193588
            ],
            [
              4615.41667113891,
              4133.9232005439335
            ],
            [
              4612.811948473906,
              4119.151084248751
            ]
          ]
        ]
      },
      "properties": {
        "id": "293",
        "lote": "293",
        "estatus": "disponible",
        "paquete": null,
        "seccion": "ORO",
        "manzana": "F",
        "manzanaId": "F"
      }
    },
    {
      "type": "Feature",
      "geometry": {
        "type": "Polygon",
        "coordinates": [
          [
            [
              4665.991567136565,
              4109.774082654736
            ],
            [
              4712.277531528139,
              4101.612618304391
            ],
            [
              4714.882254193143,
              4116.384734599575
            ],
            [
              4668.59628980157,
              4124.54619894992
            ],
            [
              4665.991567136565,
              4109.774082654736
            ]
          ]
        ]
      },
      "properties": {
        "id": "283",
        "lote": "283",
        "estatus": "disponible",
        "paquete": null,
        "seccion": "ORO",
        "manzana": "F",
        "manzanaId": "F"
      }
    },
    {
      "type": "Feature",
      "geometry": {
        "type": "Polygon",
        "coordinates": [
          [
            [
              4719.171185799224,
              4100.3970810607225
            ],
            [
              4765.4571501907985,
              4092.2356167103762
            ],
            [
              4768.061872855802,
              4107.007733005559
            ],
            [
              4721.775908464228,
              4115.169197355906
            ],
            [
              4719.171185799224,
              4100.3970810607225
            ]
          ]
        ]
      },
      "properties": {
        "id": "273",
        "lote": "273",
        "estatus": "disponible",
        "paquete": null,
        "seccion": "ORO",
        "manzana": "F",
        "manzanaId": "F"
      }
    },
    {
      "type": "Feature",
      "geometry": {
        "type": "Polygon",
        "coordinates": [
          [
            [
              4772.350804461884,
              4091.020079466708
            ],
            [
              4818.636768853457,
              4082.858615116362
            ],
            [
              4821.241491518462,
              4097.630731411546
            ],
            [
              4774.955527126887,
              4105.792195761891
            ],
            [
              4772.350804461884,
              4091.020079466708
            ]
          ]
        ]
      },
      "properties": {
        "id": "263",
        "lote": "263",
        "estatus": "disponible",
        "paquete": null,
        "seccion": "ORO",
        "manzana": "F",
        "manzanaId": "F"
      }
    },
    {
      "type": "Feature",
      "geometry": {
        "type": "Polygon",
        "coordinates": [
          [
            [
              4825.530423124543,
              4081.6430778726935
            ],
            [
              4871.816387516117,
              4073.4816135223477
            ],
            [
              4874.421110181121,
              4088.253729817531
            ],
            [
              4828.135145789547,
              4096.415194167877
            ],
            [
              4825.530423124543,
              4081.6430778726935
            ]
          ]
        ]
      },
      "properties": {
        "id": "253",
        "lote": "253",
        "estatus": "disponible",
        "paquete": null,
        "seccion": "ORO",
        "manzana": "F",
        "manzanaId": "F"
      }
    },
    {
      "type": "Feature",
      "geometry": {
        "type": "Polygon",
        "coordinates": [
          [
            [
              4616.458560204912,
              4139.832047062007
            ],
            [
              4662.7445245964855,
              4131.670582711662
            ],
            [
              4665.349247261489,
              4146.442699006844
            ],
            [
              4619.063282869915,
              4154.6041633571895
            ],
            [
              4616.458560204912,
              4139.832047062007
            ]
          ]
        ]
      },
      "properties": {
        "id": "292",
        "lote": "292",
        "estatus": "disponible",
        "paquete": null,
        "seccion": "ORO",
        "manzana": "F",
        "manzanaId": "F"
      }
    },
    {
      "type": "Feature",
      "geometry": {
        "type": "Polygon",
        "coordinates": [
          [
            [
              4669.638178867571,
              4130.455045467992
            ],
            [
              4715.924143259144,
              4122.293581117647
            ],
            [
              4718.528865924149,
              4137.065697412831
            ],
            [
              4672.242901532575,
              4145.227161763176
            ],
            [
              4669.638178867571,
              4130.455045467992
            ]
          ]
        ]
      },
      "properties": {
        "id": "282",
        "lote": "282",
        "estatus": "disponible",
        "paquete": null,
        "seccion": "ORO",
        "manzana": "F",
        "manzanaId": "F"
      }
    },
    {
      "type": "Feature",
      "geometry": {
        "type": "Polygon",
        "coordinates": [
          [
            [
              4722.81779753023,
              4121.0780438739785
            ],
            [
              4769.103761921804,
              4112.916579523633
            ],
            [
              4771.708484586808,
              4127.688695818815
            ],
            [
              4725.422520195234,
              4135.850160169162
            ],
            [
              4722.81779753023,
              4121.0780438739785
            ]
          ]
        ]
      },
      "properties": {
        "id": "272",
        "lote": "272",
        "estatus": "disponible",
        "paquete": null,
        "seccion": "ORO",
        "manzana": "F",
        "manzanaId": "F"
      }
    },
    {
      "type": "Feature",
      "geometry": {
        "type": "Polygon",
        "coordinates": [
          [
            [
              4775.997416192889,
              4111.701042279965
            ],
            [
              4822.283380584463,
              4103.53957792962
            ],
            [
              4824.888103249467,
              4118.311694224802
            ],
            [
              4778.602138857893,
              4126.473158575147
            ],
            [
              4775.997416192889,
              4111.701042279965
            ]
          ]
        ]
      },
      "properties": {
        "id": "262",
        "lote": "262",
        "estatus": "disponible",
        "paquete": null,
        "seccion": "ORO",
        "manzana": "F",
        "manzanaId": "F"
      }
    },
    {
      "type": "Feature",
      "geometry": {
        "type": "Polygon",
        "coordinates": [
          [
            [
              4829.177034855548,
              4102.3240406859495
            ],
            [
              4875.462999247122,
              4094.162576335604
            ],
            [
              4878.067721912126,
              4108.934692630788
            ],
            [
              4831.781757520553,
              4117.096156981133
            ],
            [
              4829.177034855548,
              4102.3240406859495
            ]
          ]
        ]
      },
      "properties": {
        "id": "252",
        "lote": "252",
        "estatus": "disponible",
        "paquete": null,
        "seccion": "ORO",
        "manzana": "F",
        "manzanaId": "F"
      }
    },
    {
      "type": "Feature",
      "geometry": {
        "type": "Polygon",
        "coordinates": [
          [
            [
              4620.1051719359175,
              4160.513009875263
            ],
            [
              4666.391136327491,
              4152.351545524918
            ],
            [
              4668.9958589924945,
              4167.1236618201
            ],
            [
              4622.709894600921,
              4175.285126170447
            ],
            [
              4620.1051719359175,
              4160.513009875263
            ]
          ]
        ]
      },
      "properties": {
        "id": "291",
        "lote": "291",
        "estatus": "disponible",
        "paquete": null,
        "seccion": "ORO",
        "manzana": "F",
        "manzanaId": "F"
      }
    },
    {
      "type": "Feature",
      "geometry": {
        "type": "Polygon",
        "coordinates": [
          [
            [
              4673.284790598576,
              4151.13600828125
            ],
            [
              4719.57075499015,
              4142.9745439309045
            ],
            [
              4722.175477655154,
              4157.7466602260865
            ],
            [
              4675.889513263581,
              4165.908124576432
            ],
            [
              4673.284790598576,
              4151.13600828125
            ]
          ]
        ]
      },
      "properties": {
        "id": "281",
        "lote": "281",
        "estatus": "disponible",
        "paquete": null,
        "seccion": "ORO",
        "manzana": "F",
        "manzanaId": "F"
      }
    },
    {
      "type": "Feature",
      "geometry": {
        "type": "Polygon",
        "coordinates": [
          [
            [
              4726.464409261235,
              4141.759006687234
            ],
            [
              4772.75037365281,
              4133.597542336889
            ],
            [
              4775.355096317813,
              4148.369658632073
            ],
            [
              4729.06913192624,
              4156.531122982418
            ],
            [
              4726.464409261235,
              4141.759006687234
            ]
          ]
        ]
      },
      "properties": {
        "id": "271",
        "lote": "271",
        "estatus": "disponible",
        "paquete": null,
        "seccion": "ORO",
        "manzana": "F",
        "manzanaId": "F"
      }
    },
    {
      "type": "Feature",
      "geometry": {
        "type": "Polygon",
        "coordinates": [
          [
            [
              4779.644027923895,
              4132.382005093221
            ],
            [
              4825.929992315469,
              4124.2205407428755
            ],
            [
              4828.534714980473,
              4138.992657038058
            ],
            [
              4782.2487505888985,
              4147.154121388405
            ],
            [
              4779.644027923895,
              4132.382005093221
            ]
          ]
        ]
      },
      "properties": {
        "id": "261",
        "lote": "261",
        "estatus": "disponible",
        "paquete": null,
        "seccion": "ORO",
        "manzana": "F",
        "manzanaId": "F"
      }
    },
    {
      "type": "Feature",
      "geometry": {
        "type": "Polygon",
        "coordinates": [
          [
            [
              4832.823646586554,
              4123.005003499207
            ],
            [
              4879.109610978128,
              4114.84353914886
            ],
            [
              4881.714333643132,
              4129.615655444044
            ],
            [
              4835.428369251558,
              4137.777119794389
            ],
            [
              4832.823646586554,
              4123.005003499207
            ]
          ]
        ]
      },
      "properties": {
        "id": "251",
        "lote": "251",
        "estatus": "disponible",
        "paquete": null,
        "seccion": "ORO",
        "manzana": "F",
        "manzanaId": "F"
      }
    },
    {
      "type": "Feature",
      "geometry": {
        "type": "Polygon",
        "coordinates": [
          [
            [
              4546.785666356867,
              3742.884643661069
            ],
            [
              4593.071630748441,
              3734.723179310723
            ],
            [
              4595.676353413445,
              3749.495295605906
            ],
            [
              4549.390389021872,
              3757.656759956252
            ],
            [
              4546.785666356867,
              3742.884643661069
            ]
          ]
        ]
      },
      "properties": {
        "id": "350",
        "lote": "350",
        "estatus": "disponible",
        "paquete": null,
        "seccion": "ORO",
        "manzana": "G",
        "manzanaId": "G"
      }
    },
    {
      "type": "Feature",
      "geometry": {
        "type": "Polygon",
        "coordinates": [
          [
            [
              4599.965285019526,
              3733.507642067055
            ],
            [
              4646.251249411101,
              3725.346177716709
            ],
            [
              4648.855972076104,
              3740.118294011892
            ],
            [
              4602.5700076845305,
              3748.2797583622378
            ],
            [
              4599.965285019526,
              3733.507642067055
            ]
          ]
        ]
      },
      "properties": {
        "id": "340",
        "lote": "340",
        "estatus": "disponible",
        "paquete": null,
        "seccion": "ORO",
        "manzana": "G",
        "manzanaId": "G"
      }
    },
    {
      "type": "Feature",
      "geometry": {
        "type": "Polygon",
        "coordinates": [
          [
            [
              4653.144903682186,
              3724.1306404730403
            ],
            [
              4699.4308680737595,
              3715.9691761226945
            ],
            [
              4702.035590738764,
              3730.741292417878
            ],
            [
              4655.749626347189,
              3738.9027567682233
            ],
            [
              4653.144903682186,
              3724.1306404730403
            ]
          ]
        ]
      },
      "properties": {
        "id": "330",
        "lote": "330",
        "estatus": "disponible",
        "paquete": null,
        "seccion": "ORO",
        "manzana": "G",
        "manzanaId": "G"
      }
    },
    {
      "type": "Feature",
      "geometry": {
        "type": "Polygon",
        "coordinates": [
          [
            [
              4706.324522344845,
              3714.7536388790263
            ],
            [
              4752.610486736418,
              3706.5921745286805
            ],
            [
              4755.215209401423,
              3721.3642908238635
            ],
            [
              4708.929245009849,
              3729.5257551742093
            ],
            [
              4706.324522344845,
              3714.7536388790263
            ]
          ]
        ]
      },
      "properties": {
        "id": "320",
        "lote": "320",
        "estatus": "disponible",
        "paquete": null,
        "seccion": "ORO",
        "manzana": "G",
        "manzanaId": "G"
      }
    },
    {
      "type": "Feature",
      "geometry": {
        "type": "Polygon",
        "coordinates": [
          [
            [
              4759.504141007505,
              3705.376637285012
            ],
            [
              4805.790105399078,
              3697.215172934666
            ],
            [
              4808.394828064082,
              3711.9872892298495
            ],
            [
              4762.108863672508,
              3720.148753580195
            ],
            [
              4759.504141007505,
              3705.376637285012
            ]
          ]
        ]
      },
      "properties": {
        "id": "310",
        "lote": "310",
        "estatus": "disponible",
        "paquete": null,
        "seccion": "ORO",
        "manzana": "G",
        "manzanaId": "G"
      }
    },
    {
      "type": "Feature",
      "geometry": {
        "type": "Polygon",
        "coordinates": [
          [
            [
              4550.432278087873,
              3763.5656064743253
            ],
            [
              4596.718242479446,
              3755.4041421239795
            ],
            [
              4599.322965144451,
              3770.1762584191624
            ],
            [
              4553.037000752876,
              3778.337722769508
            ],
            [
              4550.432278087873,
              3763.5656064743253
            ]
          ]
        ]
      },
      "properties": {
        "id": "349",
        "lote": "349",
        "estatus": "disponible",
        "paquete": null,
        "seccion": "ORO",
        "manzana": "G",
        "manzanaId": "G"
      }
    },
    {
      "type": "Feature",
      "geometry": {
        "type": "Polygon",
        "coordinates": [
          [
            [
              4603.611896750532,
              3754.188604880311
            ],
            [
              4649.897861142106,
              3746.0271405299654
            ],
            [
              4652.50258380711,
              3760.7992568251484
            ],
            [
              4606.216619415536,
              3768.960721175494
            ],
            [
              4603.611896750532,
              3754.188604880311
            ]
          ]
        ]
      },
      "properties": {
        "id": "339",
        "lote": "339",
        "estatus": "disponible",
        "paquete": null,
        "seccion": "ORO",
        "manzana": "G",
        "manzanaId": "G"
      }
    },
    {
      "type": "Feature",
      "geometry": {
        "type": "Polygon",
        "coordinates": [
          [
            [
              4656.7915154131915,
              3744.8116032862968
            ],
            [
              4703.077479804765,
              3736.650138935951
            ],
            [
              4705.682202469769,
              3751.422255231134
            ],
            [
              4659.396238078195,
              3759.5837195814797
            ],
            [
              4656.7915154131915,
              3744.8116032862968
            ]
          ]
        ]
      },
      "properties": {
        "id": "329",
        "lote": "329",
        "estatus": "disponible",
        "paquete": null,
        "seccion": "ORO",
        "manzana": "G",
        "manzanaId": "G"
      }
    },
    {
      "type": "Feature",
      "geometry": {
        "type": "Polygon",
        "coordinates": [
          [
            [
              4709.97113407585,
              3735.4346016922823
            ],
            [
              4756.257098467424,
              3727.273137341937
            ],
            [
              4758.861821132428,
              3742.04525363712
            ],
            [
              4712.575856740855,
              3750.2067179874657
            ],
            [
              4709.97113407585,
              3735.4346016922823
            ]
          ]
        ]
      },
      "properties": {
        "id": "319",
        "lote": "319",
        "estatus": "disponible",
        "paquete": null,
        "seccion": "ORO",
        "manzana": "G",
        "manzanaId": "G"
      }
    },
    {
      "type": "Feature",
      "geometry": {
        "type": "Polygon",
        "coordinates": [
          [
            [
              4763.15075273851,
              3726.0576000982683
            ],
            [
              4809.436717130084,
              3717.8961357479225
            ],
            [
              4812.041439795087,
              3732.6682520431054
            ],
            [
              4765.755475403514,
              3740.8297163934512
            ],
            [
              4763.15075273851,
              3726.0576000982683
            ]
          ]
        ]
      },
      "properties": {
        "id": "309",
        "lote": "309",
        "estatus": "disponible",
        "paquete": null,
        "seccion": "ORO",
        "manzana": "G",
        "manzanaId": "G"
      }
    },
    {
      "type": "Feature",
      "geometry": {
        "type": "Polygon",
        "coordinates": [
          [
            [
              4554.078889818878,
              3784.2465692875817
            ],
            [
              4600.364854210452,
              3776.085104937236
            ],
            [
              4602.969576875456,
              3790.857221232419
            ],
            [
              4556.683612483882,
              3799.0186855827646
            ],
            [
              4554.078889818878,
              3784.2465692875817
            ]
          ]
        ]
      },
      "properties": {
        "id": "348",
        "lote": "348",
        "estatus": "disponible",
        "paquete": null,
        "seccion": "ORO",
        "manzana": "G",
        "manzanaId": "G"
      }
    },
    {
      "type": "Feature",
      "geometry": {
        "type": "Polygon",
        "coordinates": [
          [
            [
              4607.258508481537,
              3774.869567693567
            ],
            [
              4653.544472873112,
              3766.7081033432214
            ],
            [
              4656.149195538115,
              3781.480219638405
            ],
            [
              4609.863231146542,
              3789.6416839887506
            ],
            [
              4607.258508481537,
              3774.869567693567
            ]
          ]
        ]
      },
      "properties": {
        "id": "338",
        "lote": "338",
        "estatus": "disponible",
        "paquete": null,
        "seccion": "ORO",
        "manzana": "G",
        "manzanaId": "G"
      }
    },
    {
      "type": "Feature",
      "geometry": {
        "type": "Polygon",
        "coordinates": [
          [
            [
              4660.438127144197,
              3765.492566099553
            ],
            [
              4706.724091535771,
              3757.3311017492074
            ],
            [
              4709.328814200775,
              3772.1032180443904
            ],
            [
              4663.042849809201,
              3780.264682394736
            ],
            [
              4660.438127144197,
              3765.492566099553
            ]
          ]
        ]
      },
      "properties": {
        "id": "328",
        "lote": "328",
        "estatus": "disponible",
        "paquete": null,
        "seccion": "ORO",
        "manzana": "G",
        "manzanaId": "G"
      }
    },
    {
      "type": "Feature",
      "geometry": {
        "type": "Polygon",
        "coordinates": [
          [
            [
              4713.617745806856,
              3756.1155645055387
            ],
            [
              4759.9037101984295,
              3747.954100155193
            ],
            [
              4762.508432863434,
              3762.7262164503763
            ],
            [
              4716.22246847186,
              3770.887680800722
            ],
            [
              4713.617745806856,
              3756.1155645055387
            ]
          ]
        ]
      },
      "properties": {
        "id": "318",
        "lote": "318",
        "estatus": "disponible",
        "paquete": null,
        "seccion": "ORO",
        "manzana": "G",
        "manzanaId": "G"
      }
    },
    {
      "type": "Feature",
      "geometry": {
        "type": "Polygon",
        "coordinates": [
          [
            [
              4766.797364469516,
              3746.7385629115247
            ],
            [
              4813.083328861089,
              3738.577098561179
            ],
            [
              4815.688051526093,
              3753.349214856362
            ],
            [
              4769.402087134519,
              3761.5106792067077
            ],
            [
              4766.797364469516,
              3746.7385629115247
            ]
          ]
        ]
      },
      "properties": {
        "id": "308",
        "lote": "308",
        "estatus": "disponible",
        "paquete": null,
        "seccion": "ORO",
        "manzana": "G",
        "manzanaId": "G"
      }
    },
    {
      "type": "Feature",
      "geometry": {
        "type": "Polygon",
        "coordinates": [
          [
            [
              4557.725501549884,
              3804.927532100838
            ],
            [
              4604.011465941458,
              3796.7660677504923
            ],
            [
              4606.616188606462,
              3811.5381840456753
            ],
            [
              4560.3302242148875,
              3819.699648396021
            ],
            [
              4557.725501549884,
              3804.927532100838
            ]
          ]
        ]
      },
      "properties": {
        "id": "347",
        "lote": "347",
        "estatus": "disponible",
        "paquete": null,
        "seccion": "ORO",
        "manzana": "G",
        "manzanaId": "G"
      }
    },
    {
      "type": "Feature",
      "geometry": {
        "type": "Polygon",
        "coordinates": [
          [
            [
              4610.905120212543,
              3795.5505305068236
            ],
            [
              4657.191084604117,
              3787.389066156478
            ],
            [
              4659.795807269121,
              3802.1611824516613
            ],
            [
              4613.509842877547,
              3810.3226468020066
            ],
            [
              4610.905120212543,
              3795.5505305068236
            ]
          ]
        ]
      },
      "properties": {
        "id": "337",
        "lote": "337",
        "estatus": "disponible",
        "paquete": null,
        "seccion": "ORO",
        "manzana": "G",
        "manzanaId": "G"
      }
    },
    {
      "type": "Feature",
      "geometry": {
        "type": "Polygon",
        "coordinates": [
          [
            [
              4664.084738875203,
              3786.1735289128096
            ],
            [
              4710.370703266776,
              3778.012064562464
            ],
            [
              4712.97542593178,
              3792.784180857647
            ],
            [
              4666.689461540206,
              3800.9456452079926
            ],
            [
              4664.084738875203,
              3786.1735289128096
            ]
          ]
        ]
      },
      "properties": {
        "id": "327",
        "lote": "327",
        "estatus": "disponible",
        "paquete": null,
        "seccion": "ORO",
        "manzana": "G",
        "manzanaId": "G"
      }
    },
    {
      "type": "Feature",
      "geometry": {
        "type": "Polygon",
        "coordinates": [
          [
            [
              4717.2643575378615,
              3776.796527318795
            ],
            [
              4763.550321929435,
              3768.6350629684493
            ],
            [
              4766.1550445944395,
              3783.4071792636328
            ],
            [
              4719.869080202866,
              3791.5686436139786
            ],
            [
              4717.2643575378615,
              3776.796527318795
            ]
          ]
        ]
      },
      "properties": {
        "id": "317",
        "lote": "317",
        "estatus": "disponible",
        "paquete": null,
        "seccion": "ORO",
        "manzana": "G",
        "manzanaId": "G"
      }
    },
    {
      "type": "Feature",
      "geometry": {
        "type": "Polygon",
        "coordinates": [
          [
            [
              4770.44397620052,
              3767.419525724781
            ],
            [
              4816.729940592095,
              3759.2580613744353
            ],
            [
              4819.334663257098,
              3774.0301776696183
            ],
            [
              4773.048698865525,
              3782.191642019964
            ],
            [
              4770.44397620052,
              3767.419525724781
            ]
          ]
        ]
      },
      "properties": {
        "id": "307",
        "lote": "307",
        "estatus": "disponible",
        "paquete": null,
        "seccion": "ORO",
        "manzana": "G",
        "manzanaId": "G"
      }
    },
    {
      "type": "Feature",
      "geometry": {
        "type": "Polygon",
        "coordinates": [
          [
            [
              4561.37211328089,
              3825.608494914094
            ],
            [
              4607.658077672463,
              3817.4470305637487
            ],
            [
              4610.2628003374675,
              3832.2191468589317
            ],
            [
              4563.976835945893,
              3840.3806112092775
            ],
            [
              4561.37211328089,
              3825.608494914094
            ]
          ]
        ]
      },
      "properties": {
        "id": "346",
        "lote": "346",
        "estatus": "disponible",
        "paquete": null,
        "seccion": "ORO",
        "manzana": "G",
        "manzanaId": "G"
      }
    },
    {
      "type": "Feature",
      "geometry": {
        "type": "Polygon",
        "coordinates": [
          [
            [
              4614.5517319435485,
              3816.23149332008
            ],
            [
              4660.837696335122,
              3808.0700289697343
            ],
            [
              4663.442419000126,
              3822.8421452649172
            ],
            [
              4617.156454608553,
              3831.003609615263
            ],
            [
              4614.5517319435485,
              3816.23149332008
            ]
          ]
        ]
      },
      "properties": {
        "id": "336",
        "lote": "336",
        "estatus": "disponible",
        "paquete": null,
        "seccion": "ORO",
        "manzana": "G",
        "manzanaId": "G"
      }
    },
    {
      "type": "Feature",
      "geometry": {
        "type": "Polygon",
        "coordinates": [
          [
            [
              4667.731350606208,
              3806.854491726066
            ],
            [
              4714.017314997782,
              3798.6930273757202
            ],
            [
              4716.622037662785,
              3813.465143670903
            ],
            [
              4670.336073271212,
              3821.626608021249
            ],
            [
              4667.731350606208,
              3806.854491726066
            ]
          ]
        ]
      },
      "properties": {
        "id": "326",
        "lote": "326",
        "estatus": "disponible",
        "paquete": null,
        "seccion": "ORO",
        "manzana": "G",
        "manzanaId": "G"
      }
    },
    {
      "type": "Feature",
      "geometry": {
        "type": "Polygon",
        "coordinates": [
          [
            [
              4720.910969268867,
              3797.4774901320516
            ],
            [
              4767.196933660441,
              3789.316025781706
            ],
            [
              4769.801656325445,
              3804.088142076889
            ],
            [
              4723.5156919338715,
              3812.2496064272345
            ],
            [
              4720.910969268867,
              3797.4774901320516
            ]
          ]
        ]
      },
      "properties": {
        "id": "316",
        "lote": "316",
        "estatus": "disponible",
        "paquete": null,
        "seccion": "ORO",
        "manzana": "G",
        "manzanaId": "G"
      }
    },
    {
      "type": "Feature",
      "geometry": {
        "type": "Polygon",
        "coordinates": [
          [
            [
              4774.090587931526,
              3788.1004885380376
            ],
            [
              4820.3765523231,
              3779.9390241876918
            ],
            [
              4822.981274988104,
              3794.7111404828747
            ],
            [
              4776.69531059653,
              3802.8726048332205
            ],
            [
              4774.090587931526,
              3788.1004885380376
            ]
          ]
        ]
      },
      "properties": {
        "id": "306",
        "lote": "306",
        "estatus": "disponible",
        "paquete": null,
        "seccion": "ORO",
        "manzana": "G",
        "manzanaId": "G"
      }
    },
    {
      "type": "Feature",
      "geometry": {
        "type": "Polygon",
        "coordinates": [
          [
            [
              4565.018725011895,
              3846.2894577273505
            ],
            [
              4611.304689403469,
              3838.1279933770047
            ],
            [
              4613.909412068473,
              3852.900109672188
            ],
            [
              4567.623447676899,
              3861.061574022534
            ],
            [
              4565.018725011895,
              3846.2894577273505
            ]
          ]
        ]
      },
      "properties": {
        "id": "345",
        "lote": "345",
        "estatus": "disponible",
        "paquete": null,
        "seccion": "ORO",
        "manzana": "G",
        "manzanaId": "G"
      }
    },
    {
      "type": "Feature",
      "geometry": {
        "type": "Polygon",
        "coordinates": [
          [
            [
              4618.198343674554,
              3836.9124561333365
            ],
            [
              4664.484308066128,
              3828.7509917829907
            ],
            [
              4667.089030731132,
              3843.5231080781737
            ],
            [
              4620.803066339558,
              3851.6845724285195
            ],
            [
              4618.198343674554,
              3836.9124561333365
            ]
          ]
        ]
      },
      "properties": {
        "id": "335",
        "lote": "335",
        "estatus": "disponible",
        "paquete": null,
        "seccion": "ORO",
        "manzana": "G",
        "manzanaId": "G"
      }
    },
    {
      "type": "Feature",
      "geometry": {
        "type": "Polygon",
        "coordinates": [
          [
            [
              4671.377962337214,
              3827.535454539322
            ],
            [
              4717.663926728787,
              3819.3739901889767
            ],
            [
              4720.268649393791,
              3834.1461064841596
            ],
            [
              4673.982685002217,
              3842.3075708345054
            ],
            [
              4671.377962337214,
              3827.535454539322
            ]
          ]
        ]
      },
      "properties": {
        "id": "325",
        "lote": "325",
        "estatus": "disponible",
        "paquete": null,
        "seccion": "ORO",
        "manzana": "G",
        "manzanaId": "G"
      }
    },
    {
      "type": "Feature",
      "geometry": {
        "type": "Polygon",
        "coordinates": [
          [
            [
              4724.557580999873,
              3818.158452945308
            ],
            [
              4770.843545391446,
              3809.996988594962
            ],
            [
              4773.448268056451,
              3824.769104890145
            ],
            [
              4727.162303664877,
              3832.930569240491
            ],
            [
              4724.557580999873,
              3818.158452945308
            ]
          ]
        ]
      },
      "properties": {
        "id": "315",
        "lote": "315",
        "estatus": "disponible",
        "paquete": null,
        "seccion": "ORO",
        "manzana": "G",
        "manzanaId": "G"
      }
    },
    {
      "type": "Feature",
      "geometry": {
        "type": "Polygon",
        "coordinates": [
          [
            [
              4777.737199662532,
              3808.7814513512935
            ],
            [
              4824.023164054106,
              3800.619987000948
            ],
            [
              4826.6278867191095,
              3815.392103296131
            ],
            [
              4780.341922327536,
              3823.553567646477
            ],
            [
              4777.737199662532,
              3808.7814513512935
            ]
          ]
        ]
      },
      "properties": {
        "id": "305",
        "lote": "305",
        "estatus": "disponible",
        "paquete": null,
        "seccion": "ORO",
        "manzana": "G",
        "manzanaId": "G"
      }
    },
    {
      "type": "Feature",
      "geometry": {
        "type": "Polygon",
        "coordinates": [
          [
            [
              4568.665336742901,
              3866.970420540607
            ],
            [
              4614.951301134474,
              3858.808956190261
            ],
            [
              4617.556023799479,
              3873.5810724854446
            ],
            [
              4571.270059407904,
              3881.7425368357904
            ],
            [
              4568.665336742901,
              3866.970420540607
            ]
          ]
        ]
      },
      "properties": {
        "id": "344",
        "lote": "344",
        "estatus": "disponible",
        "paquete": null,
        "seccion": "ORO",
        "manzana": "G",
        "manzanaId": "G"
      }
    },
    {
      "type": "Feature",
      "geometry": {
        "type": "Polygon",
        "coordinates": [
          [
            [
              4621.84495540556,
              3857.593418946593
            ],
            [
              4668.130919797133,
              3849.431954596247
            ],
            [
              4670.735642462138,
              3864.20407089143
            ],
            [
              4624.449678070564,
              3872.365535241776
            ],
            [
              4621.84495540556,
              3857.593418946593
            ]
          ]
        ]
      },
      "properties": {
        "id": "334",
        "lote": "334",
        "estatus": "disponible",
        "paquete": null,
        "seccion": "ORO",
        "manzana": "G",
        "manzanaId": "G"
      }
    },
    {
      "type": "Feature",
      "geometry": {
        "type": "Polygon",
        "coordinates": [
          [
            [
              4675.024574068219,
              3848.2164173525784
            ],
            [
              4721.310538459793,
              3840.0549530022327
            ],
            [
              4723.915261124796,
              3854.827069297416
            ],
            [
              4677.629296733223,
              3862.988533647762
            ],
            [
              4675.024574068219,
              3848.2164173525784
            ]
          ]
        ]
      },
      "properties": {
        "id": "324",
        "lote": "324",
        "estatus": "disponible",
        "paquete": null,
        "seccion": "ORO",
        "manzana": "G",
        "manzanaId": "G"
      }
    },
    {
      "type": "Feature",
      "geometry": {
        "type": "Polygon",
        "coordinates": [
          [
            [
              4728.204192730878,
              3838.8394157585644
            ],
            [
              4774.490157122452,
              3830.6779514082186
            ],
            [
              4777.094879787456,
              3845.4500677034016
            ],
            [
              4730.808915395883,
              3853.6115320537474
            ],
            [
              4728.204192730878,
              3838.8394157585644
            ]
          ]
        ]
      },
      "properties": {
        "id": "314",
        "lote": "314",
        "estatus": "disponible",
        "paquete": null,
        "seccion": "ORO",
        "manzana": "G",
        "manzanaId": "G"
      }
    },
    {
      "type": "Feature",
      "geometry": {
        "type": "Polygon",
        "coordinates": [
          [
            [
              4781.383811393537,
              3829.46241416455
            ],
            [
              4827.669775785112,
              3821.300949814204
            ],
            [
              4830.274498450115,
              3836.0730661093876
            ],
            [
              4783.9885340585415,
              3844.2345304597334
            ],
            [
              4781.383811393537,
              3829.46241416455
            ]
          ]
        ]
      },
      "properties": {
        "id": "304",
        "lote": "304",
        "estatus": "disponible",
        "paquete": null,
        "seccion": "ORO",
        "manzana": "G",
        "manzanaId": "G"
      }
    },
    {
      "type": "Feature",
      "geometry": {
        "type": "Polygon",
        "coordinates": [
          [
            [
              4572.311948473906,
              3887.6513833538634
            ],
            [
              4618.59791286548,
              3879.4899190035176
            ],
            [
              4621.202635530483,
              3894.262035298701
            ],
            [
              4574.91667113891,
              3902.4234996490463
            ],
            [
              4572.311948473906,
              3887.6513833538634
            ]
          ]
        ]
      },
      "properties": {
        "id": "343",
        "lote": "343",
        "estatus": "disponible",
        "paquete": null,
        "seccion": "ORO",
        "manzana": "G",
        "manzanaId": "G"
      }
    },
    {
      "type": "Feature",
      "geometry": {
        "type": "Polygon",
        "coordinates": [
          [
            [
              4625.491567136565,
              3878.2743817598493
            ],
            [
              4671.777531528139,
              3870.1129174095036
            ],
            [
              4674.382254193143,
              3884.8850337046865
            ],
            [
              4628.09628980157,
              3893.0464980550323
            ],
            [
              4625.491567136565,
              3878.2743817598493
            ]
          ]
        ]
      },
      "properties": {
        "id": "333",
        "lote": "333",
        "estatus": "disponible",
        "paquete": null,
        "seccion": "ORO",
        "manzana": "G",
        "manzanaId": "G"
      }
    },
    {
      "type": "Feature",
      "geometry": {
        "type": "Polygon",
        "coordinates": [
          [
            [
              4678.671185799224,
              3868.897380165835
            ],
            [
              4724.9571501907985,
              3860.735915815489
            ],
            [
              4727.561872855802,
              3875.5080321106725
            ],
            [
              4681.275908464228,
              3883.669496461018
            ],
            [
              4678.671185799224,
              3868.897380165835
            ]
          ]
        ]
      },
      "properties": {
        "id": "323",
        "lote": "323",
        "estatus": "disponible",
        "paquete": null,
        "seccion": "ORO",
        "manzana": "G",
        "manzanaId": "G"
      }
    },
    {
      "type": "Feature",
      "geometry": {
        "type": "Polygon",
        "coordinates": [
          [
            [
              4731.850804461884,
              3859.520378571821
            ],
            [
              4778.136768853457,
              3851.358914221475
            ],
            [
              4780.741491518462,
              3866.131030516658
            ],
            [
              4734.455527126887,
              3874.292494867004
            ],
            [
              4731.850804461884,
              3859.520378571821
            ]
          ]
        ]
      },
      "properties": {
        "id": "313",
        "lote": "313",
        "estatus": "disponible",
        "paquete": null,
        "seccion": "ORO",
        "manzana": "G",
        "manzanaId": "G"
      }
    },
    {
      "type": "Feature",
      "geometry": {
        "type": "Polygon",
        "coordinates": [
          [
            [
              4785.030423124543,
              3850.1433769778064
            ],
            [
              4831.316387516117,
              3841.9819126274606
            ],
            [
              4833.921110181121,
              3856.754028922644
            ],
            [
              4787.635145789547,
              3864.91549327299
            ],
            [
              4785.030423124543,
              3850.1433769778064
            ]
          ]
        ]
      },
      "properties": {
        "id": "303",
        "lote": "303",
        "estatus": "disponible",
        "paquete": null,
        "seccion": "ORO",
        "manzana": "G",
        "manzanaId": "G"
      }
    },
    {
      "type": "Feature",
      "geometry": {
        "type": "Polygon",
        "coordinates": [
          [
            [
              4575.958560204912,
              3908.33234616712
            ],
            [
              4622.2445245964855,
              3900.170881816774
            ],
            [
              4624.849247261489,
              3914.942998111957
            ],
            [
              4578.563282869915,
              3923.1044624623028
            ],
            [
              4575.958560204912,
              3908.33234616712
            ]
          ]
        ]
      },
      "properties": {
        "id": "342",
        "lote": "342",
        "estatus": "disponible",
        "paquete": null,
        "seccion": "ORO",
        "manzana": "G",
        "manzanaId": "G"
      }
    },
    {
      "type": "Feature",
      "geometry": {
        "type": "Polygon",
        "coordinates": [
          [
            [
              4629.138178867571,
              3898.9553445731053
            ],
            [
              4675.424143259144,
              3890.79388022276
            ],
            [
              4678.028865924149,
              3905.565996517943
            ],
            [
              4631.742901532575,
              3913.7274608682887
            ],
            [
              4629.138178867571,
              3898.9553445731053
            ]
          ]
        ]
      },
      "properties": {
        "id": "332",
        "lote": "332",
        "estatus": "disponible",
        "paquete": null,
        "seccion": "ORO",
        "manzana": "G",
        "manzanaId": "G"
      }
    },
    {
      "type": "Feature",
      "geometry": {
        "type": "Polygon",
        "coordinates": [
          [
            [
              4682.31779753023,
              3889.5783429790913
            ],
            [
              4728.603761921804,
              3881.4168786287455
            ],
            [
              4731.208484586808,
              3896.1889949239285
            ],
            [
              4684.922520195234,
              3904.3504592742743
            ],
            [
              4682.31779753023,
              3889.5783429790913
            ]
          ]
        ]
      },
      "properties": {
        "id": "322",
        "lote": "322",
        "estatus": "disponible",
        "paquete": null,
        "seccion": "ORO",
        "manzana": "G",
        "manzanaId": "G"
      }
    },
    {
      "type": "Feature",
      "geometry": {
        "type": "Polygon",
        "coordinates": [
          [
            [
              4735.497416192889,
              3880.2013413850773
            ],
            [
              4781.783380584463,
              3872.0398770347315
            ],
            [
              4784.388103249467,
              3886.8119933299145
            ],
            [
              4738.102138857893,
              3894.9734576802603
            ],
            [
              4735.497416192889,
              3880.2013413850773
            ]
          ]
        ]
      },
      "properties": {
        "id": "312",
        "lote": "312",
        "estatus": "disponible",
        "paquete": null,
        "seccion": "ORO",
        "manzana": "G",
        "manzanaId": "G"
      }
    },
    {
      "type": "Feature",
      "geometry": {
        "type": "Polygon",
        "coordinates": [
          [
            [
              4788.677034855548,
              3870.824339791063
            ],
            [
              4834.962999247122,
              3862.662875440717
            ],
            [
              4837.567721912126,
              3877.4349917359004
            ],
            [
              4791.281757520553,
              3885.596456086246
            ],
            [
              4788.677034855548,
              3870.824339791063
            ]
          ]
        ]
      },
      "properties": {
        "id": "302",
        "lote": "302",
        "estatus": "disponible",
        "paquete": null,
        "seccion": "ORO",
        "manzana": "G",
        "manzanaId": "G"
      }
    },
    {
      "type": "Feature",
      "geometry": {
        "type": "Polygon",
        "coordinates": [
          [
            [
              4579.6051719359175,
              3929.013308980376
            ],
            [
              4625.891136327491,
              3920.8518446300304
            ],
            [
              4628.4958589924945,
              3935.6239609252134
            ],
            [
              4582.209894600921,
              3943.785425275559
            ],
            [
              4579.6051719359175,
              3929.013308980376
            ]
          ]
        ]
      },
      "properties": {
        "id": "341",
        "lote": "341",
        "estatus": "disponible",
        "paquete": null,
        "seccion": "ORO",
        "manzana": "G",
        "manzanaId": "G"
      }
    },
    {
      "type": "Feature",
      "geometry": {
        "type": "Polygon",
        "coordinates": [
          [
            [
              4632.784790598576,
              3919.6363073863618
            ],
            [
              4679.07075499015,
              3911.474843036016
            ],
            [
              4681.675477655154,
              3926.2469593311994
            ],
            [
              4635.389513263581,
              3934.408423681545
            ],
            [
              4632.784790598576,
              3919.6363073863618
            ]
          ]
        ]
      },
      "properties": {
        "id": "331",
        "lote": "331",
        "estatus": "disponible",
        "paquete": null,
        "seccion": "ORO",
        "manzana": "G",
        "manzanaId": "G"
      }
    },
    {
      "type": "Feature",
      "geometry": {
        "type": "Polygon",
        "coordinates": [
          [
            [
              4685.964409261235,
              3910.2593057923477
            ],
            [
              4732.25037365281,
              3902.097841442002
            ],
            [
              4734.855096317813,
              3916.869957737185
            ],
            [
              4688.56913192624,
              3925.0314220875307
            ],
            [
              4685.964409261235,
              3910.2593057923477
            ]
          ]
        ]
      },
      "properties": {
        "id": "321",
        "lote": "321",
        "estatus": "disponible",
        "paquete": null,
        "seccion": "ORO",
        "manzana": "G",
        "manzanaId": "G"
      }
    },
    {
      "type": "Feature",
      "geometry": {
        "type": "Polygon",
        "coordinates": [
          [
            [
              4739.144027923895,
              3900.8823041983333
            ],
            [
              4785.429992315469,
              3892.720839847988
            ],
            [
              4788.034714980473,
              3907.492956143171
            ],
            [
              4741.7487505888985,
              3915.6544204935167
            ],
            [
              4739.144027923895,
              3900.8823041983333
            ]
          ]
        ]
      },
      "properties": {
        "id": "311",
        "lote": "311",
        "estatus": "disponible",
        "paquete": null,
        "seccion": "ORO",
        "manzana": "G",
        "manzanaId": "G"
      }
    },
    {
      "type": "Feature",
      "geometry": {
        "type": "Polygon",
        "coordinates": [
          [
            [
              4792.323646586554,
              3891.5053026043192
            ],
            [
              4838.609610978128,
              3883.3438382539734
            ],
            [
              4841.214333643132,
              3898.1159545491564
            ],
            [
              4794.928369251558,
              3906.277418899502
            ],
            [
              4792.323646586554,
              3891.5053026043192
            ]
          ]
        ]
      },
      "properties": {
        "id": "301",
        "lote": "301",
        "estatus": "disponible",
        "paquete": null,
        "seccion": "ORO",
        "manzana": "G",
        "manzanaId": "G"
      }
    },
    {
      "type": "Feature",
      "geometry": {
        "type": "Polygon",
        "coordinates": [
          [
            [
              4507.285666356867,
              3510.3843445559564
            ],
            [
              4553.571630748441,
              3502.2228802056106
            ],
            [
              4556.176353413445,
              3516.9949965007936
            ],
            [
              4509.890389021872,
              3525.1564608511394
            ],
            [
              4507.285666356867,
              3510.3843445559564
            ]
          ]
        ]
      },
      "properties": {
        "id": "400",
        "lote": "400",
        "estatus": "disponible",
        "paquete": null,
        "seccion": "ORO",
        "manzana": "H",
        "manzanaId": "H"
      }
    },
    {
      "type": "Feature",
      "geometry": {
        "type": "Polygon",
        "coordinates": [
          [
            [
              4560.465285019526,
              3501.0073429619424
            ],
            [
              4606.751249411101,
              3492.8458786115966
            ],
            [
              4609.355972076104,
              3507.6179949067796
            ],
            [
              4563.0700076845305,
              3515.7794592571254
            ],
            [
              4560.465285019526,
              3501.0073429619424
            ]
          ]
        ]
      },
      "properties": {
        "id": "390",
        "lote": "390",
        "estatus": "disponible",
        "paquete": null,
        "seccion": "ORO",
        "manzana": "H",
        "manzanaId": "H"
      }
    },
    {
      "type": "Feature",
      "geometry": {
        "type": "Polygon",
        "coordinates": [
          [
            [
              4613.644903682186,
              3491.630341367928
            ],
            [
              4659.9308680737595,
              3483.468877017582
            ],
            [
              4662.535590738764,
              3498.2409933127656
            ],
            [
              4616.249626347189,
              3506.402457663111
            ],
            [
              4613.644903682186,
              3491.630341367928
            ]
          ]
        ]
      },
      "properties": {
        "id": "380",
        "lote": "380",
        "estatus": "disponible",
        "paquete": null,
        "seccion": "ORO",
        "manzana": "H",
        "manzanaId": "H"
      }
    },
    {
      "type": "Feature",
      "geometry": {
        "type": "Polygon",
        "coordinates": [
          [
            [
              4666.824522344845,
              3482.253339773914
            ],
            [
              4713.110486736418,
              3474.091875423568
            ],
            [
              4715.715209401423,
              3488.863991718751
            ],
            [
              4669.429245009849,
              3497.025456069097
            ],
            [
              4666.824522344845,
              3482.253339773914
            ]
          ]
        ]
      },
      "properties": {
        "id": "370",
        "lote": "370",
        "estatus": "disponible",
        "paquete": null,
        "seccion": "ORO",
        "manzana": "H",
        "manzanaId": "H"
      }
    },
    {
      "type": "Feature",
      "geometry": {
        "type": "Polygon",
        "coordinates": [
          [
            [
              4720.004141007505,
              3472.8763381798994
            ],
            [
              4766.290105399078,
              3464.7148738295537
            ],
            [
              4768.894828064082,
              3479.486990124737
            ],
            [
              4722.608863672508,
              3487.6484544750824
            ],
            [
              4720.004141007505,
              3472.8763381798994
            ]
          ]
        ]
      },
      "properties": {
        "id": "360",
        "lote": "360",
        "estatus": "disponible",
        "paquete": null,
        "seccion": "ORO",
        "manzana": "H",
        "manzanaId": "H"
      }
    },
    {
      "type": "Feature",
      "geometry": {
        "type": "Polygon",
        "coordinates": [
          [
            [
              4510.932278087873,
              3531.065307369213
            ],
            [
              4557.218242479446,
              3522.903843018867
            ],
            [
              4559.822965144451,
              3537.67595931405
            ],
            [
              4513.537000752876,
              3545.837423664396
            ],
            [
              4510.932278087873,
              3531.065307369213
            ]
          ]
        ]
      },
      "properties": {
        "id": "399",
        "lote": "399",
        "estatus": "disponible",
        "paquete": null,
        "seccion": "ORO",
        "manzana": "H",
        "manzanaId": "H"
      }
    },
    {
      "type": "Feature",
      "geometry": {
        "type": "Polygon",
        "coordinates": [
          [
            [
              4564.111896750532,
              3521.6883057751984
            ],
            [
              4610.397861142106,
              3513.526841424853
            ],
            [
              4613.00258380711,
              3528.298957720036
            ],
            [
              4566.716619415536,
              3536.460422070382
            ],
            [
              4564.111896750532,
              3521.6883057751984
            ]
          ]
        ]
      },
      "properties": {
        "id": "389",
        "lote": "389",
        "estatus": "disponible",
        "paquete": null,
        "seccion": "ORO",
        "manzana": "H",
        "manzanaId": "H"
      }
    },
    {
      "type": "Feature",
      "geometry": {
        "type": "Polygon",
        "coordinates": [
          [
            [
              4617.2915154131915,
              3512.3113041811844
            ],
            [
              4663.577479804765,
              3504.1498398308386
            ],
            [
              4666.182202469769,
              3518.9219561260215
            ],
            [
              4619.896238078195,
              3527.0834204763673
            ],
            [
              4617.2915154131915,
              3512.3113041811844
            ]
          ]
        ]
      },
      "properties": {
        "id": "379",
        "lote": "379",
        "estatus": "disponible",
        "paquete": null,
        "seccion": "ORO",
        "manzana": "H",
        "manzanaId": "H"
      }
    },
    {
      "type": "Feature",
      "geometry": {
        "type": "Polygon",
        "coordinates": [
          [
            [
              4670.47113407585,
              3502.93430258717
            ],
            [
              4716.757098467424,
              3494.7728382368246
            ],
            [
              4719.361821132428,
              3509.5449545320075
            ],
            [
              4673.075856740855,
              3517.7064188823533
            ],
            [
              4670.47113407585,
              3502.93430258717
            ]
          ]
        ]
      },
      "properties": {
        "id": "369",
        "lote": "369",
        "estatus": "disponible",
        "paquete": null,
        "seccion": "ORO",
        "manzana": "H",
        "manzanaId": "H"
      }
    },
    {
      "type": "Feature",
      "geometry": {
        "type": "Polygon",
        "coordinates": [
          [
            [
              4723.65075273851,
              3493.557300993156
            ],
            [
              4769.936717130084,
              3485.39583664281
            ],
            [
              4772.541439795087,
              3500.167952937993
            ],
            [
              4726.255475403514,
              3508.329417288339
            ],
            [
              4723.65075273851,
              3493.557300993156
            ]
          ]
        ]
      },
      "properties": {
        "id": "359",
        "lote": "359",
        "estatus": "disponible",
        "paquete": null,
        "seccion": "ORO",
        "manzana": "H",
        "manzanaId": "H"
      }
    },
    {
      "type": "Feature",
      "geometry": {
        "type": "Polygon",
        "coordinates": [
          [
            [
              4514.578889818878,
              3551.7462701824693
            ],
            [
              4560.864854210452,
              3543.5848058321235
            ],
            [
              4563.469576875456,
              3558.3569221273065
            ],
            [
              4517.183612483882,
              3566.5183864776523
            ],
            [
              4514.578889818878,
              3551.7462701824693
            ]
          ]
        ]
      },
      "properties": {
        "id": "398",
        "lote": "398",
        "estatus": "disponible",
        "paquete": null,
        "seccion": "ORO",
        "manzana": "H",
        "manzanaId": "H"
      }
    },
    {
      "type": "Feature",
      "geometry": {
        "type": "Polygon",
        "coordinates": [
          [
            [
              4567.758508481537,
              3542.369268588455
            ],
            [
              4614.044472873112,
              3534.207804238109
            ],
            [
              4616.649195538115,
              3548.9799205332924
            ],
            [
              4570.363231146542,
              3557.1413848836382
            ],
            [
              4567.758508481537,
              3542.369268588455
            ]
          ]
        ]
      },
      "properties": {
        "id": "388",
        "lote": "388",
        "estatus": "disponible",
        "paquete": null,
        "seccion": "ORO",
        "manzana": "H",
        "manzanaId": "H"
      }
    },
    {
      "type": "Feature",
      "geometry": {
        "type": "Polygon",
        "coordinates": [
          [
            [
              4620.938127144197,
              3532.992266994441
            ],
            [
              4667.224091535771,
              3524.830802644095
            ],
            [
              4669.828814200775,
              3539.602918939278
            ],
            [
              4623.542849809201,
              3547.7643832896238
            ],
            [
              4620.938127144197,
              3532.992266994441
            ]
          ]
        ]
      },
      "properties": {
        "id": "378",
        "lote": "378",
        "estatus": "disponible",
        "paquete": null,
        "seccion": "ORO",
        "manzana": "H",
        "manzanaId": "H"
      }
    },
    {
      "type": "Feature",
      "geometry": {
        "type": "Polygon",
        "coordinates": [
          [
            [
              4674.117745806856,
              3523.6152654004263
            ],
            [
              4720.4037101984295,
              3515.4538010500805
            ],
            [
              4723.008432863434,
              3530.225917345264
            ],
            [
              4676.72246847186,
              3538.3873816956097
            ],
            [
              4674.117745806856,
              3523.6152654004263
            ]
          ]
        ]
      },
      "properties": {
        "id": "368",
        "lote": "368",
        "estatus": "disponible",
        "paquete": null,
        "seccion": "ORO",
        "manzana": "H",
        "manzanaId": "H"
      }
    },
    {
      "type": "Feature",
      "geometry": {
        "type": "Polygon",
        "coordinates": [
          [
            [
              4727.297364469516,
              3514.2382638064123
            ],
            [
              4773.583328861089,
              3506.0767994560665
            ],
            [
              4776.188051526093,
              3520.8489157512495
            ],
            [
              4729.902087134519,
              3529.0103801015953
            ],
            [
              4727.297364469516,
              3514.2382638064123
            ]
          ]
        ]
      },
      "properties": {
        "id": "358",
        "lote": "358",
        "estatus": "disponible",
        "paquete": null,
        "seccion": "ORO",
        "manzana": "H",
        "manzanaId": "H"
      }
    },
    {
      "type": "Feature",
      "geometry": {
        "type": "Polygon",
        "coordinates": [
          [
            [
              4518.225501549884,
              3572.4272329957257
            ],
            [
              4564.511465941458,
              3564.26576864538
            ],
            [
              4567.116188606462,
              3579.037884940563
            ],
            [
              4520.8302242148875,
              3587.1993492909087
            ],
            [
              4518.225501549884,
              3572.4272329957257
            ]
          ]
        ]
      },
      "properties": {
        "id": "397",
        "lote": "397",
        "estatus": "disponible",
        "paquete": null,
        "seccion": "ORO",
        "manzana": "H",
        "manzanaId": "H"
      }
    },
    {
      "type": "Feature",
      "geometry": {
        "type": "Polygon",
        "coordinates": [
          [
            [
              4571.405120212543,
              3563.0502314017112
            ],
            [
              4617.691084604117,
              3554.8887670513654
            ],
            [
              4620.295807269121,
              3569.660883346549
            ],
            [
              4574.009842877547,
              3577.822347696894
            ],
            [
              4571.405120212543,
              3563.0502314017112
            ]
          ]
        ]
      },
      "properties": {
        "id": "387",
        "lote": "387",
        "estatus": "disponible",
        "paquete": null,
        "seccion": "ORO",
        "manzana": "H",
        "manzanaId": "H"
      }
    },
    {
      "type": "Feature",
      "geometry": {
        "type": "Polygon",
        "coordinates": [
          [
            [
              4624.584738875203,
              3553.673229807697
            ],
            [
              4670.870703266776,
              3545.5117654573514
            ],
            [
              4673.47542593178,
              3560.2838817525344
            ],
            [
              4627.189461540206,
              3568.44534610288
            ],
            [
              4624.584738875203,
              3553.673229807697
            ]
          ]
        ]
      },
      "properties": {
        "id": "377",
        "lote": "377",
        "estatus": "disponible",
        "paquete": null,
        "seccion": "ORO",
        "manzana": "H",
        "manzanaId": "H"
      }
    },
    {
      "type": "Feature",
      "geometry": {
        "type": "Polygon",
        "coordinates": [
          [
            [
              4677.7643575378615,
              3544.2962282136828
            ],
            [
              4724.050321929435,
              3536.134763863337
            ],
            [
              4726.6550445944395,
              3550.9068801585204
            ],
            [
              4680.369080202866,
              3559.0683445088657
            ],
            [
              4677.7643575378615,
              3544.2962282136828
            ]
          ]
        ]
      },
      "properties": {
        "id": "367",
        "lote": "367",
        "estatus": "disponible",
        "paquete": null,
        "seccion": "ORO",
        "manzana": "H",
        "manzanaId": "H"
      }
    },
    {
      "type": "Feature",
      "geometry": {
        "type": "Polygon",
        "coordinates": [
          [
            [
              4730.94397620052,
              3534.9192266196687
            ],
            [
              4777.229940592095,
              3526.757762269323
            ],
            [
              4779.834663257098,
              3541.529878564506
            ],
            [
              4733.548698865525,
              3549.6913429148517
            ],
            [
              4730.94397620052,
              3534.9192266196687
            ]
          ]
        ]
      },
      "properties": {
        "id": "357",
        "lote": "357",
        "estatus": "disponible",
        "paquete": null,
        "seccion": "ORO",
        "manzana": "H",
        "manzanaId": "H"
      }
    },
    {
      "type": "Feature",
      "geometry": {
        "type": "Polygon",
        "coordinates": [
          [
            [
              4521.87211328089,
              3593.1081958089817
            ],
            [
              4568.158077672463,
              3584.9467314586363
            ],
            [
              4570.7628003374675,
              3599.7188477538193
            ],
            [
              4524.476835945893,
              3607.880312104165
            ],
            [
              4521.87211328089,
              3593.1081958089817
            ]
          ]
        ]
      },
      "properties": {
        "id": "396",
        "lote": "396",
        "estatus": "disponible",
        "paquete": null,
        "seccion": "ORO",
        "manzana": "H",
        "manzanaId": "H"
      }
    },
    {
      "type": "Feature",
      "geometry": {
        "type": "Polygon",
        "coordinates": [
          [
            [
              4575.0517319435485,
              3583.7311942149677
            ],
            [
              4621.337696335122,
              3575.569729864622
            ],
            [
              4623.942419000126,
              3590.3418461598053
            ],
            [
              4577.656454608553,
              3598.5033105101506
            ],
            [
              4575.0517319435485,
              3583.7311942149677
            ]
          ]
        ]
      },
      "properties": {
        "id": "386",
        "lote": "386",
        "estatus": "disponible",
        "paquete": null,
        "seccion": "ORO",
        "manzana": "H",
        "manzanaId": "H"
      }
    },
    {
      "type": "Feature",
      "geometry": {
        "type": "Polygon",
        "coordinates": [
          [
            [
              4628.231350606208,
              3574.354192620953
            ],
            [
              4674.517314997782,
              3566.192728270608
            ],
            [
              4677.122037662785,
              3580.964844565791
            ],
            [
              4630.836073271212,
              3589.1263089161366
            ],
            [
              4628.231350606208,
              3574.354192620953
            ]
          ]
        ]
      },
      "properties": {
        "id": "376",
        "lote": "376",
        "estatus": "disponible",
        "paquete": null,
        "seccion": "ORO",
        "manzana": "H",
        "manzanaId": "H"
      }
    },
    {
      "type": "Feature",
      "geometry": {
        "type": "Polygon",
        "coordinates": [
          [
            [
              4681.410969268867,
              3564.977191026939
            ],
            [
              4727.696933660441,
              3556.8157266765934
            ],
            [
              4730.301656325445,
              3571.587842971777
            ],
            [
              4684.0156919338715,
              3579.749307322122
            ],
            [
              4681.410969268867,
              3564.977191026939
            ]
          ]
        ]
      },
      "properties": {
        "id": "366",
        "lote": "366",
        "estatus": "disponible",
        "paquete": null,
        "seccion": "ORO",
        "manzana": "H",
        "manzanaId": "H"
      }
    },
    {
      "type": "Feature",
      "geometry": {
        "type": "Polygon",
        "coordinates": [
          [
            [
              4734.590587931526,
              3555.600189432925
            ],
            [
              4780.8765523231,
              3547.4387250825794
            ],
            [
              4783.481274988104,
              3562.2108413777623
            ],
            [
              4737.19531059653,
              3570.372305728108
            ],
            [
              4734.590587931526,
              3555.600189432925
            ]
          ]
        ]
      },
      "properties": {
        "id": "356",
        "lote": "356",
        "estatus": "disponible",
        "paquete": null,
        "seccion": "ORO",
        "manzana": "H",
        "manzanaId": "H"
      }
    },
    {
      "type": "Feature",
      "geometry": {
        "type": "Polygon",
        "coordinates": [
          [
            [
              4525.518725011895,
              3613.789158622238
            ],
            [
              4571.804689403469,
              3605.627694271893
            ],
            [
              4574.409412068473,
              3620.3998105670757
            ],
            [
              4528.123447676899,
              3628.5612749174215
            ],
            [
              4525.518725011895,
              3613.789158622238
            ]
          ]
        ]
      },
      "properties": {
        "id": "395",
        "lote": "395",
        "estatus": "disponible",
        "paquete": null,
        "seccion": "ORO",
        "manzana": "H",
        "manzanaId": "H"
      }
    },
    {
      "type": "Feature",
      "geometry": {
        "type": "Polygon",
        "coordinates": [
          [
            [
              4578.698343674554,
              3604.412157028224
            ],
            [
              4624.984308066128,
              3596.2506926778783
            ],
            [
              4627.589030731132,
              3611.0228089730613
            ],
            [
              4581.303066339558,
              3619.184273323407
            ],
            [
              4578.698343674554,
              3604.412157028224
            ]
          ]
        ]
      },
      "properties": {
        "id": "385",
        "lote": "385",
        "estatus": "disponible",
        "paquete": null,
        "seccion": "ORO",
        "manzana": "H",
        "manzanaId": "H"
      }
    },
    {
      "type": "Feature",
      "geometry": {
        "type": "Polygon",
        "coordinates": [
          [
            [
              4631.877962337214,
              3595.0351554342096
            ],
            [
              4678.163926728787,
              3586.8736910838643
            ],
            [
              4680.768649393791,
              3601.6458073790473
            ],
            [
              4634.482685002217,
              3609.807271729393
            ],
            [
              4631.877962337214,
              3595.0351554342096
            ]
          ]
        ]
      },
      "properties": {
        "id": "375",
        "lote": "375",
        "estatus": "disponible",
        "paquete": null,
        "seccion": "ORO",
        "manzana": "H",
        "manzanaId": "H"
      }
    },
    {
      "type": "Feature",
      "geometry": {
        "type": "Polygon",
        "coordinates": [
          [
            [
              4685.057580999873,
              3585.6581538401956
            ],
            [
              4731.343545391446,
              3577.49668948985
            ],
            [
              4733.948268056451,
              3592.268805785033
            ],
            [
              4687.662303664877,
              3600.4302701353786
            ],
            [
              4685.057580999873,
              3585.6581538401956
            ]
          ]
        ]
      },
      "properties": {
        "id": "365",
        "lote": "365",
        "estatus": "disponible",
        "paquete": null,
        "seccion": "ORO",
        "manzana": "H",
        "manzanaId": "H"
      }
    },
    {
      "type": "Feature",
      "geometry": {
        "type": "Polygon",
        "coordinates": [
          [
            [
              4738.237199662532,
              3576.281152246181
            ],
            [
              4784.523164054106,
              3568.119687895836
            ],
            [
              4787.1278867191095,
              3582.8918041910188
            ],
            [
              4740.841922327536,
              3591.0532685413646
            ],
            [
              4738.237199662532,
              3576.281152246181
            ]
          ]
        ]
      },
      "properties": {
        "id": "355",
        "lote": "355",
        "estatus": "disponible",
        "paquete": null,
        "seccion": "ORO",
        "manzana": "H",
        "manzanaId": "H"
      }
    },
    {
      "type": "Feature",
      "geometry": {
        "type": "Polygon",
        "coordinates": [
          [
            [
              4529.165336742901,
              3634.4701214354945
            ],
            [
              4575.451301134474,
              3626.3086570851488
            ],
            [
              4578.056023799479,
              3641.080773380332
            ],
            [
              4531.770059407904,
              3649.242237730678
            ],
            [
              4529.165336742901,
              3634.4701214354945
            ]
          ]
        ]
      },
      "properties": {
        "id": "394",
        "lote": "394",
        "estatus": "disponible",
        "paquete": null,
        "seccion": "ORO",
        "manzana": "H",
        "manzanaId": "H"
      }
    },
    {
      "type": "Feature",
      "geometry": {
        "type": "Polygon",
        "coordinates": [
          [
            [
              4582.34495540556,
              3625.0931198414805
            ],
            [
              4628.630919797133,
              3616.9316554911347
            ],
            [
              4631.235642462138,
              3631.7037717863177
            ],
            [
              4584.949678070564,
              3639.8652361366635
            ],
            [
              4582.34495540556,
              3625.0931198414805
            ]
          ]
        ]
      },
      "properties": {
        "id": "384",
        "lote": "384",
        "estatus": "disponible",
        "paquete": null,
        "seccion": "ORO",
        "manzana": "H",
        "manzanaId": "H"
      }
    },
    {
      "type": "Feature",
      "geometry": {
        "type": "Polygon",
        "coordinates": [
          [
            [
              4635.524574068219,
              3615.716118247466
            ],
            [
              4681.810538459793,
              3607.5546538971203
            ],
            [
              4684.415261124796,
              3622.3267701923037
            ],
            [
              4638.129296733223,
              3630.4882345426495
            ],
            [
              4635.524574068219,
              3615.716118247466
            ]
          ]
        ]
      },
      "properties": {
        "id": "374",
        "lote": "374",
        "estatus": "disponible",
        "paquete": null,
        "seccion": "ORO",
        "manzana": "H",
        "manzanaId": "H"
      }
    },
    {
      "type": "Feature",
      "geometry": {
        "type": "Polygon",
        "coordinates": [
          [
            [
              4688.704192730878,
              3606.339116653452
            ],
            [
              4734.990157122452,
              3598.1776523031062
            ],
            [
              4737.594879787456,
              3612.949768598289
            ],
            [
              4691.308915395883,
              3621.111232948635
            ],
            [
              4688.704192730878,
              3606.339116653452
            ]
          ]
        ]
      },
      "properties": {
        "id": "364",
        "lote": "364",
        "estatus": "disponible",
        "paquete": null,
        "seccion": "ORO",
        "manzana": "H",
        "manzanaId": "H"
      }
    },
    {
      "type": "Feature",
      "geometry": {
        "type": "Polygon",
        "coordinates": [
          [
            [
              4741.883811393537,
              3596.9621150594376
            ],
            [
              4788.169775785112,
              3588.8006507090918
            ],
            [
              4790.774498450115,
              3603.572767004275
            ],
            [
              4744.4885340585415,
              3611.734231354621
            ],
            [
              4741.883811393537,
              3596.9621150594376
            ]
          ]
        ]
      },
      "properties": {
        "id": "354",
        "lote": "354",
        "estatus": "disponible",
        "paquete": null,
        "seccion": "ORO",
        "manzana": "H",
        "manzanaId": "H"
      }
    },
    {
      "type": "Feature",
      "geometry": {
        "type": "Polygon",
        "coordinates": [
          [
            [
              4532.811948473906,
              3655.151084248751
            ],
            [
              4579.09791286548,
              3646.989619898405
            ],
            [
              4581.702635530483,
              3661.7617361935886
            ],
            [
              4535.41667113891,
              3669.923200543934
            ],
            [
              4532.811948473906,
              3655.151084248751
            ]
          ]
        ]
      },
      "properties": {
        "id": "393",
        "lote": "393",
        "estatus": "disponible",
        "paquete": null,
        "seccion": "ORO",
        "manzana": "H",
        "manzanaId": "H"
      }
    },
    {
      "type": "Feature",
      "geometry": {
        "type": "Polygon",
        "coordinates": [
          [
            [
              4585.991567136565,
              3645.774082654737
            ],
            [
              4632.277531528139,
              3637.612618304391
            ],
            [
              4634.882254193143,
              3652.384734599574
            ],
            [
              4588.59628980157,
              3660.54619894992
            ],
            [
              4585.991567136565,
              3645.774082654737
            ]
          ]
        ]
      },
      "properties": {
        "id": "383",
        "lote": "383",
        "estatus": "disponible",
        "paquete": null,
        "seccion": "ORO",
        "manzana": "H",
        "manzanaId": "H"
      }
    },
    {
      "type": "Feature",
      "geometry": {
        "type": "Polygon",
        "coordinates": [
          [
            [
              4639.171185799224,
              3636.3970810607225
            ],
            [
              4685.4571501907985,
              3628.2356167103767
            ],
            [
              4688.061872855802,
              3643.00773300556
            ],
            [
              4641.775908464228,
              3651.169197355906
            ],
            [
              4639.171185799224,
              3636.3970810607225
            ]
          ]
        ]
      },
      "properties": {
        "id": "373",
        "lote": "373",
        "estatus": "disponible",
        "paquete": null,
        "seccion": "ORO",
        "manzana": "H",
        "manzanaId": "H"
      }
    },
    {
      "type": "Feature",
      "geometry": {
        "type": "Polygon",
        "coordinates": [
          [
            [
              4692.350804461884,
              3627.0200794667085
            ],
            [
              4738.636768853457,
              3618.8586151163627
            ],
            [
              4741.241491518462,
              3633.6307314115456
            ],
            [
              4694.955527126887,
              3641.7921957618914
            ],
            [
              4692.350804461884,
              3627.0200794667085
            ]
          ]
        ]
      },
      "properties": {
        "id": "363",
        "lote": "363",
        "estatus": "disponible",
        "paquete": null,
        "seccion": "ORO",
        "manzana": "H",
        "manzanaId": "H"
      }
    },
    {
      "type": "Feature",
      "geometry": {
        "type": "Polygon",
        "coordinates": [
          [
            [
              4745.530423124543,
              3617.643077872694
            ],
            [
              4791.816387516117,
              3609.481613522348
            ],
            [
              4794.421110181121,
              3624.2537298175316
            ],
            [
              4748.135145789547,
              3632.415194167877
            ],
            [
              4745.530423124543,
              3617.643077872694
            ]
          ]
        ]
      },
      "properties": {
        "id": "353",
        "lote": "353",
        "estatus": "disponible",
        "paquete": null,
        "seccion": "ORO",
        "manzana": "H",
        "manzanaId": "H"
      }
    },
    {
      "type": "Feature",
      "geometry": {
        "type": "Polygon",
        "coordinates": [
          [
            [
              4536.458560204912,
              3675.8320470620074
            ],
            [
              4582.7445245964855,
              3667.6705827116616
            ],
            [
              4585.349247261489,
              3682.4426990068446
            ],
            [
              4539.063282869915,
              3690.6041633571904
            ],
            [
              4536.458560204912,
              3675.8320470620074
            ]
          ]
        ]
      },
      "properties": {
        "id": "392",
        "lote": "392",
        "estatus": "disponible",
        "paquete": null,
        "seccion": "ORO",
        "manzana": "H",
        "manzanaId": "H"
      }
    },
    {
      "type": "Feature",
      "geometry": {
        "type": "Polygon",
        "coordinates": [
          [
            [
              4589.638178867571,
              3666.455045467993
            ],
            [
              4635.924143259144,
              3658.2935811176476
            ],
            [
              4638.528865924149,
              3673.0656974128306
            ],
            [
              4592.242901532575,
              3681.2271617631764
            ],
            [
              4589.638178867571,
              3666.455045467993
            ]
          ]
        ]
      },
      "properties": {
        "id": "382",
        "lote": "382",
        "estatus": "disponible",
        "paquete": null,
        "seccion": "ORO",
        "manzana": "H",
        "manzanaId": "H"
      }
    },
    {
      "type": "Feature",
      "geometry": {
        "type": "Polygon",
        "coordinates": [
          [
            [
              4642.81779753023,
              3657.078043873979
            ],
            [
              4689.103761921804,
              3648.916579523633
            ],
            [
              4691.708484586808,
              3663.688695818816
            ],
            [
              4645.422520195234,
              3671.850160169162
            ],
            [
              4642.81779753023,
              3657.078043873979
            ]
          ]
        ]
      },
      "properties": {
        "id": "372",
        "lote": "372",
        "estatus": "disponible",
        "paquete": null,
        "seccion": "ORO",
        "manzana": "H",
        "manzanaId": "H"
      }
    },
    {
      "type": "Feature",
      "geometry": {
        "type": "Polygon",
        "coordinates": [
          [
            [
              4695.997416192889,
              3647.7010422799644
            ],
            [
              4742.283380584463,
              3639.539577929619
            ],
            [
              4744.888103249467,
              3654.311694224802
            ],
            [
              4698.602138857893,
              3662.473158575148
            ],
            [
              4695.997416192889,
              3647.7010422799644
            ]
          ]
        ]
      },
      "properties": {
        "id": "362",
        "lote": "362",
        "estatus": "disponible",
        "paquete": null,
        "seccion": "ORO",
        "manzana": "H",
        "manzanaId": "H"
      }
    },
    {
      "type": "Feature",
      "geometry": {
        "type": "Polygon",
        "coordinates": [
          [
            [
              4749.177034855548,
              3638.3240406859504
            ],
            [
              4795.462999247122,
              3630.1625763356046
            ],
            [
              4798.067721912126,
              3644.9346926307876
            ],
            [
              4751.781757520553,
              3653.0961569811334
            ],
            [
              4749.177034855548,
              3638.3240406859504
            ]
          ]
        ]
      },
      "properties": {
        "id": "352",
        "lote": "352",
        "estatus": "disponible",
        "paquete": null,
        "seccion": "ORO",
        "manzana": "H",
        "manzanaId": "H"
      }
    },
    {
      "type": "Feature",
      "geometry": {
        "type": "Polygon",
        "coordinates": [
          [
            [
              4540.1051719359175,
              3696.513009875264
            ],
            [
              4586.391136327491,
              3688.351545524918
            ],
            [
              4588.9958589924945,
              3703.123661820101
            ],
            [
              4542.709894600921,
              3711.285126170447
            ],
            [
              4540.1051719359175,
              3696.513009875264
            ]
          ]
        ]
      },
      "properties": {
        "id": "391",
        "lote": "391",
        "estatus": "disponible",
        "paquete": null,
        "seccion": "ORO",
        "manzana": "H",
        "manzanaId": "H"
      }
    },
    {
      "type": "Feature",
      "geometry": {
        "type": "Polygon",
        "coordinates": [
          [
            [
              4593.284790598576,
              3687.1360082812494
            ],
            [
              4639.57075499015,
              3678.974543930904
            ],
            [
              4642.175477655154,
              3693.746660226087
            ],
            [
              4595.889513263581,
              3701.908124576433
            ],
            [
              4593.284790598576,
              3687.1360082812494
            ]
          ]
        ]
      },
      "properties": {
        "id": "381",
        "lote": "381",
        "estatus": "disponible",
        "paquete": null,
        "seccion": "ORO",
        "manzana": "H",
        "manzanaId": "H"
      }
    },
    {
      "type": "Feature",
      "geometry": {
        "type": "Polygon",
        "coordinates": [
          [
            [
              4646.464409261235,
              3677.7590066872353
            ],
            [
              4692.75037365281,
              3669.5975423368895
            ],
            [
              4695.355096317813,
              3684.3696586320725
            ],
            [
              4649.06913192624,
              3692.5311229824183
            ],
            [
              4646.464409261235,
              3677.7590066872353
            ]
          ]
        ]
      },
      "properties": {
        "id": "371",
        "lote": "371",
        "estatus": "disponible",
        "paquete": null,
        "seccion": "ORO",
        "manzana": "H",
        "manzanaId": "H"
      }
    },
    {
      "type": "Feature",
      "geometry": {
        "type": "Polygon",
        "coordinates": [
          [
            [
              4699.644027923895,
              3668.382005093221
            ],
            [
              4745.929992315469,
              3660.220540742875
            ],
            [
              4748.534714980473,
              3674.9926570380585
            ],
            [
              4702.2487505888985,
              3683.1541213884043
            ],
            [
              4699.644027923895,
              3668.382005093221
            ]
          ]
        ]
      },
      "properties": {
        "id": "361",
        "lote": "361",
        "estatus": "disponible",
        "paquete": null,
        "seccion": "ORO",
        "manzana": "H",
        "manzanaId": "H"
      }
    },
    {
      "type": "Feature",
      "geometry": {
        "type": "Polygon",
        "coordinates": [
          [
            [
              4752.823646586554,
              3659.005003499207
            ],
            [
              4799.109610978128,
              3650.843539148861
            ],
            [
              4801.714333643132,
              3665.615655444044
            ],
            [
              4755.428369251558,
              3673.77711979439
            ],
            [
              4752.823646586554,
              3659.005003499207
            ]
          ]
        ]
      },
      "properties": {
        "id": "351",
        "lote": "351",
        "estatus": "disponible",
        "paquete": null,
        "seccion": "ORO",
        "manzana": "H",
        "manzanaId": "H"
      }
    },
    {
      "type": "Feature",
      "geometry": {
        "type": "Polygon",
        "coordinates": [
          [
            [
              4465.785666356867,
              3278.8837463457307
            ],
            [
              4512.071630748441,
              3270.722281995385
            ],
            [
              4514.676353413445,
              3285.494398290568
            ],
            [
              4468.390389021872,
              3293.6558626409137
            ],
            [
              4465.785666356867,
              3278.8837463457307
            ]
          ]
        ]
      },
      "properties": {
        "id": "450",
        "lote": "450",
        "estatus": "disponible",
        "paquete": null,
        "seccion": "ORO",
        "manzana": "I",
        "manzanaId": "I"
      }
    },
    {
      "type": "Feature",
      "geometry": {
        "type": "Polygon",
        "coordinates": [
          [
            [
              4518.965285019526,
              3269.5067447517167
            ],
            [
              4565.251249411101,
              3261.345280401371
            ],
            [
              4567.855972076104,
              3276.117396696554
            ],
            [
              4521.5700076845305,
              3284.2788610468997
            ],
            [
              4518.965285019526,
              3269.5067447517167
            ]
          ]
        ]
      },
      "properties": {
        "id": "440",
        "lote": "440",
        "estatus": "disponible",
        "paquete": null,
        "seccion": "ORO",
        "manzana": "I",
        "manzanaId": "I"
      }
    },
    {
      "type": "Feature",
      "geometry": {
        "type": "Polygon",
        "coordinates": [
          [
            [
              4572.144903682186,
              3260.1297431577023
            ],
            [
              4618.4308680737595,
              3251.9682788073565
            ],
            [
              4621.035590738764,
              3266.74039510254
            ],
            [
              4574.749626347189,
              3274.901859452885
            ],
            [
              4572.144903682186,
              3260.1297431577023
            ]
          ]
        ]
      },
      "properties": {
        "id": "430",
        "lote": "430",
        "estatus": "disponible",
        "paquete": null,
        "seccion": "ORO",
        "manzana": "I",
        "manzanaId": "I"
      }
    },
    {
      "type": "Feature",
      "geometry": {
        "type": "Polygon",
        "coordinates": [
          [
            [
              4625.324522344845,
              3250.7527415636882
            ],
            [
              4671.610486736418,
              3242.5912772133424
            ],
            [
              4674.215209401423,
              3257.3633935085254
            ],
            [
              4627.929245009849,
              3265.524857858871
            ],
            [
              4625.324522344845,
              3250.7527415636882
            ]
          ]
        ]
      },
      "properties": {
        "id": "420",
        "lote": "420",
        "estatus": "disponible",
        "paquete": null,
        "seccion": "ORO",
        "manzana": "I",
        "manzanaId": "I"
      }
    },
    {
      "type": "Feature",
      "geometry": {
        "type": "Polygon",
        "coordinates": [
          [
            [
              4678.504141007505,
              3241.3757399696738
            ],
            [
              4724.790105399078,
              3233.214275619328
            ],
            [
              4727.394828064082,
              3247.9863919145114
            ],
            [
              4681.108863672508,
              3256.1478562648567
            ],
            [
              4678.504141007505,
              3241.3757399696738
            ]
          ]
        ]
      },
      "properties": {
        "id": "410",
        "lote": "410",
        "estatus": "disponible",
        "paquete": null,
        "seccion": "ORO",
        "manzana": "I",
        "manzanaId": "I"
      }
    },
    {
      "type": "Feature",
      "geometry": {
        "type": "Polygon",
        "coordinates": [
          [
            [
              4469.432278087873,
              3299.564709158987
            ],
            [
              4515.718242479446,
              3291.4032448086414
            ],
            [
              4518.322965144451,
              3306.1753611038243
            ],
            [
              4472.037000752876,
              3314.33682545417
            ],
            [
              4469.432278087873,
              3299.564709158987
            ]
          ]
        ]
      },
      "properties": {
        "id": "449",
        "lote": "449",
        "estatus": "disponible",
        "paquete": null,
        "seccion": "ORO",
        "manzana": "I",
        "manzanaId": "I"
      }
    },
    {
      "type": "Feature",
      "geometry": {
        "type": "Polygon",
        "coordinates": [
          [
            [
              4522.611896750532,
              3290.1877075649727
            ],
            [
              4568.897861142106,
              3282.0262432146274
            ],
            [
              4571.50258380711,
              3296.7983595098103
            ],
            [
              4525.216619415536,
              3304.959823860156
            ],
            [
              4522.611896750532,
              3290.1877075649727
            ]
          ]
        ]
      },
      "properties": {
        "id": "439",
        "lote": "439",
        "estatus": "disponible",
        "paquete": null,
        "seccion": "ORO",
        "manzana": "I",
        "manzanaId": "I"
      }
    },
    {
      "type": "Feature",
      "geometry": {
        "type": "Polygon",
        "coordinates": [
          [
            [
              4575.7915154131915,
              3280.8107059709587
            ],
            [
              4622.077479804765,
              3272.649241620613
            ],
            [
              4624.682202469769,
              3287.421357915796
            ],
            [
              4578.396238078195,
              3295.5828222661416
            ],
            [
              4575.7915154131915,
              3280.8107059709587
            ]
          ]
        ]
      },
      "properties": {
        "id": "429",
        "lote": "429",
        "estatus": "disponible",
        "paquete": null,
        "seccion": "ORO",
        "manzana": "I",
        "manzanaId": "I"
      }
    },
    {
      "type": "Feature",
      "geometry": {
        "type": "Polygon",
        "coordinates": [
          [
            [
              4628.97113407585,
              3271.433704376944
            ],
            [
              4675.257098467424,
              3263.272240026599
            ],
            [
              4677.861821132428,
              3278.044356321782
            ],
            [
              4631.575856740855,
              3286.2058206721276
            ],
            [
              4628.97113407585,
              3271.433704376944
            ]
          ]
        ]
      },
      "properties": {
        "id": "419",
        "lote": "419",
        "estatus": "disponible",
        "paquete": null,
        "seccion": "ORO",
        "manzana": "I",
        "manzanaId": "I"
      }
    },
    {
      "type": "Feature",
      "geometry": {
        "type": "Polygon",
        "coordinates": [
          [
            [
              4682.15075273851,
              3262.05670278293
            ],
            [
              4728.436717130084,
              3253.8952384325844
            ],
            [
              4731.041439795087,
              3268.6673547277674
            ],
            [
              4684.755475403514,
              3276.828819078113
            ],
            [
              4682.15075273851,
              3262.05670278293
            ]
          ]
        ]
      },
      "properties": {
        "id": "409",
        "lote": "409",
        "estatus": "disponible",
        "paquete": null,
        "seccion": "ORO",
        "manzana": "I",
        "manzanaId": "I"
      }
    },
    {
      "type": "Feature",
      "geometry": {
        "type": "Polygon",
        "coordinates": [
          [
            [
              4473.078889818878,
              3320.2456719722436
            ],
            [
              4519.364854210452,
              3312.084207621898
            ],
            [
              4521.969576875456,
              3326.8563239170808
            ],
            [
              4475.683612483882,
              3335.0177882674266
            ],
            [
              4473.078889818878,
              3320.2456719722436
            ]
          ]
        ]
      },
      "properties": {
        "id": "448",
        "lote": "448",
        "estatus": "disponible",
        "paquete": null,
        "seccion": "ORO",
        "manzana": "I",
        "manzanaId": "I"
      }
    },
    {
      "type": "Feature",
      "geometry": {
        "type": "Polygon",
        "coordinates": [
          [
            [
              4526.258508481537,
              3310.868670378229
            ],
            [
              4572.544472873112,
              3302.7072060278833
            ],
            [
              4575.149195538115,
              3317.4793223230668
            ],
            [
              4528.863231146542,
              3325.6407866734125
            ],
            [
              4526.258508481537,
              3310.868670378229
            ]
          ]
        ]
      },
      "properties": {
        "id": "438",
        "lote": "438",
        "estatus": "disponible",
        "paquete": null,
        "seccion": "ORO",
        "manzana": "I",
        "manzanaId": "I"
      }
    },
    {
      "type": "Feature",
      "geometry": {
        "type": "Polygon",
        "coordinates": [
          [
            [
              4579.438127144197,
              3301.491668784215
            ],
            [
              4625.724091535771,
              3293.3302044338693
            ],
            [
              4628.328814200775,
              3308.1023207290523
            ],
            [
              4582.042849809201,
              3316.263785079398
            ],
            [
              4579.438127144197,
              3301.491668784215
            ]
          ]
        ]
      },
      "properties": {
        "id": "428",
        "lote": "428",
        "estatus": "disponible",
        "paquete": null,
        "seccion": "ORO",
        "manzana": "I",
        "manzanaId": "I"
      }
    },
    {
      "type": "Feature",
      "geometry": {
        "type": "Polygon",
        "coordinates": [
          [
            [
              4632.617745806856,
              3292.1146671902006
            ],
            [
              4678.9037101984295,
              3283.953202839855
            ],
            [
              4681.508432863434,
              3298.7253191350383
            ],
            [
              4635.22246847186,
              3306.886783485384
            ],
            [
              4632.617745806856,
              3292.1146671902006
            ]
          ]
        ]
      },
      "properties": {
        "id": "418",
        "lote": "418",
        "estatus": "disponible",
        "paquete": null,
        "seccion": "ORO",
        "manzana": "I",
        "manzanaId": "I"
      }
    },
    {
      "type": "Feature",
      "geometry": {
        "type": "Polygon",
        "coordinates": [
          [
            [
              4685.797364469516,
              3282.7376655961866
            ],
            [
              4732.083328861089,
              3274.576201245841
            ],
            [
              4734.688051526093,
              3289.348317541024
            ],
            [
              4688.402087134519,
              3297.5097818913696
            ],
            [
              4685.797364469516,
              3282.7376655961866
            ]
          ]
        ]
      },
      "properties": {
        "id": "408",
        "lote": "408",
        "estatus": "disponible",
        "paquete": null,
        "seccion": "ORO",
        "manzana": "I",
        "manzanaId": "I"
      }
    },
    {
      "type": "Feature",
      "geometry": {
        "type": "Polygon",
        "coordinates": [
          [
            [
              4476.725501549884,
              3340.9266347855
            ],
            [
              4523.011465941458,
              3332.7651704351542
            ],
            [
              4525.616188606462,
              3347.537286730337
            ],
            [
              4479.3302242148875,
              3355.698751080683
            ],
            [
              4476.725501549884,
              3340.9266347855
            ]
          ]
        ]
      },
      "properties": {
        "id": "447",
        "lote": "447",
        "estatus": "disponible",
        "paquete": null,
        "seccion": "ORO",
        "manzana": "I",
        "manzanaId": "I"
      }
    },
    {
      "type": "Feature",
      "geometry": {
        "type": "Polygon",
        "coordinates": [
          [
            [
              4529.905120212543,
              3331.5496331914856
            ],
            [
              4576.191084604117,
              3323.3881688411398
            ],
            [
              4578.795807269121,
              3338.160285136323
            ],
            [
              4532.509842877547,
              3346.3217494866685
            ],
            [
              4529.905120212543,
              3331.5496331914856
            ]
          ]
        ]
      },
      "properties": {
        "id": "437",
        "lote": "437",
        "estatus": "disponible",
        "paquete": null,
        "seccion": "ORO",
        "manzana": "I",
        "manzanaId": "I"
      }
    },
    {
      "type": "Feature",
      "geometry": {
        "type": "Polygon",
        "coordinates": [
          [
            [
              4583.084738875203,
              3322.1726315974715
            ],
            [
              4629.370703266776,
              3314.0111672471257
            ],
            [
              4631.97542593178,
              3328.7832835423087
            ],
            [
              4585.689461540206,
              3336.9447478926545
            ],
            [
              4583.084738875203,
              3322.1726315974715
            ]
          ]
        ]
      },
      "properties": {
        "id": "427",
        "lote": "427",
        "estatus": "disponible",
        "paquete": null,
        "seccion": "ORO",
        "manzana": "I",
        "manzanaId": "I"
      }
    },
    {
      "type": "Feature",
      "geometry": {
        "type": "Polygon",
        "coordinates": [
          [
            [
              4636.2643575378615,
              3312.795630003457
            ],
            [
              4682.550321929435,
              3304.6341656531113
            ],
            [
              4685.1550445944395,
              3319.4062819482947
            ],
            [
              4638.869080202866,
              3327.56774629864
            ],
            [
              4636.2643575378615,
              3312.795630003457
            ]
          ]
        ]
      },
      "properties": {
        "id": "417",
        "lote": "417",
        "estatus": "disponible",
        "paquete": null,
        "seccion": "ORO",
        "manzana": "I",
        "manzanaId": "I"
      }
    },
    {
      "type": "Feature",
      "geometry": {
        "type": "Polygon",
        "coordinates": [
          [
            [
              4689.44397620052,
              3303.418628409443
            ],
            [
              4735.729940592095,
              3295.2571640590972
            ],
            [
              4738.334663257098,
              3310.02928035428
            ],
            [
              4692.048698865525,
              3318.190744704626
            ],
            [
              4689.44397620052,
              3303.418628409443
            ]
          ]
        ]
      },
      "properties": {
        "id": "407",
        "lote": "407",
        "estatus": "disponible",
        "paquete": null,
        "seccion": "ORO",
        "manzana": "I",
        "manzanaId": "I"
      }
    },
    {
      "type": "Feature",
      "geometry": {
        "type": "Polygon",
        "coordinates": [
          [
            [
              4480.37211328089,
              3361.607597598756
            ],
            [
              4526.658077672463,
              3353.4461332484107
            ],
            [
              4529.2628003374675,
              3368.2182495435936
            ],
            [
              4482.976835945893,
              3376.3797138939394
            ],
            [
              4480.37211328089,
              3361.607597598756
            ]
          ]
        ]
      },
      "properties": {
        "id": "446",
        "lote": "446",
        "estatus": "disponible",
        "paquete": null,
        "seccion": "ORO",
        "manzana": "I",
        "manzanaId": "I"
      }
    },
    {
      "type": "Feature",
      "geometry": {
        "type": "Polygon",
        "coordinates": [
          [
            [
              4533.5517319435485,
              3352.230596004742
            ],
            [
              4579.837696335122,
              3344.069131654396
            ],
            [
              4582.442419000126,
              3358.8412479495796
            ],
            [
              4536.156454608553,
              3367.002712299925
            ],
            [
              4533.5517319435485,
              3352.230596004742
            ]
          ]
        ]
      },
      "properties": {
        "id": "436",
        "lote": "436",
        "estatus": "disponible",
        "paquete": null,
        "seccion": "ORO",
        "manzana": "I",
        "manzanaId": "I"
      }
    },
    {
      "type": "Feature",
      "geometry": {
        "type": "Polygon",
        "coordinates": [
          [
            [
              4586.731350606208,
              3342.8535944107275
            ],
            [
              4633.017314997782,
              3334.692130060382
            ],
            [
              4635.622037662785,
              3349.464246355565
            ],
            [
              4589.336073271212,
              3357.625710705911
            ],
            [
              4586.731350606208,
              3342.8535944107275
            ]
          ]
        ]
      },
      "properties": {
        "id": "426",
        "lote": "426",
        "estatus": "disponible",
        "paquete": null,
        "seccion": "ORO",
        "manzana": "I",
        "manzanaId": "I"
      }
    },
    {
      "type": "Feature",
      "geometry": {
        "type": "Polygon",
        "coordinates": [
          [
            [
              4639.910969268867,
              3333.4765928167135
            ],
            [
              4686.196933660441,
              3325.3151284663677
            ],
            [
              4688.801656325445,
              3340.087244761551
            ],
            [
              4642.5156919338715,
              3348.2487091118965
            ],
            [
              4639.910969268867,
              3333.4765928167135
            ]
          ]
        ]
      },
      "properties": {
        "id": "416",
        "lote": "416",
        "estatus": "disponible",
        "paquete": null,
        "seccion": "ORO",
        "manzana": "I",
        "manzanaId": "I"
      }
    },
    {
      "type": "Feature",
      "geometry": {
        "type": "Polygon",
        "coordinates": [
          [
            [
              4693.090587931526,
              3324.0995912226995
            ],
            [
              4739.3765523231,
              3315.9381268723537
            ],
            [
              4741.981274988104,
              3330.7102431675366
            ],
            [
              4695.69531059653,
              3338.8717075178824
            ],
            [
              4693.090587931526,
              3324.0995912226995
            ]
          ]
        ]
      },
      "properties": {
        "id": "406",
        "lote": "406",
        "estatus": "disponible",
        "paquete": null,
        "seccion": "ORO",
        "manzana": "I",
        "manzanaId": "I"
      }
    },
    {
      "type": "Feature",
      "geometry": {
        "type": "Polygon",
        "coordinates": [
          [
            [
              4484.018725011895,
              3382.2885604120124
            ],
            [
              4530.304689403469,
              3374.127096061667
            ],
            [
              4532.909412068473,
              3388.89921235685
            ],
            [
              4486.623447676899,
              3397.060676707196
            ],
            [
              4484.018725011895,
              3382.2885604120124
            ]
          ]
        ]
      },
      "properties": {
        "id": "445",
        "lote": "445",
        "estatus": "disponible",
        "paquete": null,
        "seccion": "ORO",
        "manzana": "I",
        "manzanaId": "I"
      }
    },
    {
      "type": "Feature",
      "geometry": {
        "type": "Polygon",
        "coordinates": [
          [
            [
              4537.198343674554,
              3372.9115588179984
            ],
            [
              4583.484308066128,
              3364.7500944676526
            ],
            [
              4586.089030731132,
              3379.5222107628356
            ],
            [
              4539.803066339558,
              3387.6836751131814
            ],
            [
              4537.198343674554,
              3372.9115588179984
            ]
          ]
        ]
      },
      "properties": {
        "id": "435",
        "lote": "435",
        "estatus": "disponible",
        "paquete": null,
        "seccion": "ORO",
        "manzana": "I",
        "manzanaId": "I"
      }
    },
    {
      "type": "Feature",
      "geometry": {
        "type": "Polygon",
        "coordinates": [
          [
            [
              4590.377962337214,
              3363.534557223984
            ],
            [
              4636.663926728787,
              3355.3730928736386
            ],
            [
              4639.268649393791,
              3370.1452091688216
            ],
            [
              4592.982685002217,
              3378.3066735191674
            ],
            [
              4590.377962337214,
              3363.534557223984
            ]
          ]
        ]
      },
      "properties": {
        "id": "425",
        "lote": "425",
        "estatus": "disponible",
        "paquete": null,
        "seccion": "ORO",
        "manzana": "I",
        "manzanaId": "I"
      }
    },
    {
      "type": "Feature",
      "geometry": {
        "type": "Polygon",
        "coordinates": [
          [
            [
              4643.557580999873,
              3354.15755562997
            ],
            [
              4689.843545391446,
              3345.996091279624
            ],
            [
              4692.448268056451,
              3360.768207574807
            ],
            [
              4646.162303664877,
              3368.929671925153
            ],
            [
              4643.557580999873,
              3354.15755562997
            ]
          ]
        ]
      },
      "properties": {
        "id": "415",
        "lote": "415",
        "estatus": "disponible",
        "paquete": null,
        "seccion": "ORO",
        "manzana": "I",
        "manzanaId": "I"
      }
    },
    {
      "type": "Feature",
      "geometry": {
        "type": "Polygon",
        "coordinates": [
          [
            [
              4696.737199662532,
              3344.7805540359554
            ],
            [
              4743.023164054106,
              3336.61908968561
            ],
            [
              4745.6278867191095,
              3351.391205980793
            ],
            [
              4699.341922327536,
              3359.552670331139
            ],
            [
              4696.737199662532,
              3344.7805540359554
            ]
          ]
        ]
      },
      "properties": {
        "id": "405",
        "lote": "405",
        "estatus": "disponible",
        "paquete": null,
        "seccion": "ORO",
        "manzana": "I",
        "manzanaId": "I"
      }
    },
    {
      "type": "Feature",
      "geometry": {
        "type": "Polygon",
        "coordinates": [
          [
            [
              4487.665336742901,
              3402.9695232252693
            ],
            [
              4533.951301134474,
              3394.808058874923
            ],
            [
              4536.556023799479,
              3409.580175170106
            ],
            [
              4490.270059407904,
              3417.7416395204523
            ],
            [
              4487.665336742901,
              3402.9695232252693
            ]
          ]
        ]
      },
      "properties": {
        "id": "444",
        "lote": "444",
        "estatus": "disponible",
        "paquete": null,
        "seccion": "ORO",
        "manzana": "I",
        "manzanaId": "I"
      }
    },
    {
      "type": "Feature",
      "geometry": {
        "type": "Polygon",
        "coordinates": [
          [
            [
              4540.84495540556,
              3393.592521631255
            ],
            [
              4587.130919797133,
              3385.431057280909
            ],
            [
              4589.735642462138,
              3400.203173576092
            ],
            [
              4543.449678070564,
              3408.364637926438
            ],
            [
              4540.84495540556,
              3393.592521631255
            ]
          ]
        ]
      },
      "properties": {
        "id": "434",
        "lote": "434",
        "estatus": "disponible",
        "paquete": null,
        "seccion": "ORO",
        "manzana": "I",
        "manzanaId": "I"
      }
    },
    {
      "type": "Feature",
      "geometry": {
        "type": "Polygon",
        "coordinates": [
          [
            [
              4594.024574068219,
              3384.2155200372404
            ],
            [
              4640.310538459793,
              3376.0540556868946
            ],
            [
              4642.915261124796,
              3390.826171982078
            ],
            [
              4596.629296733223,
              3398.987636332424
            ],
            [
              4594.024574068219,
              3384.2155200372404
            ]
          ]
        ]
      },
      "properties": {
        "id": "424",
        "lote": "424",
        "estatus": "disponible",
        "paquete": null,
        "seccion": "ORO",
        "manzana": "I",
        "manzanaId": "I"
      }
    },
    {
      "type": "Feature",
      "geometry": {
        "type": "Polygon",
        "coordinates": [
          [
            [
              4647.204192730878,
              3374.8385184432263
            ],
            [
              4693.490157122452,
              3366.6770540928806
            ],
            [
              4696.094879787456,
              3381.4491703880635
            ],
            [
              4649.808915395883,
              3389.6106347384093
            ],
            [
              4647.204192730878,
              3374.8385184432263
            ]
          ]
        ]
      },
      "properties": {
        "id": "414",
        "lote": "414",
        "estatus": "disponible",
        "paquete": null,
        "seccion": "ORO",
        "manzana": "I",
        "manzanaId": "I"
      }
    },
    {
      "type": "Feature",
      "geometry": {
        "type": "Polygon",
        "coordinates": [
          [
            [
              4700.383811393537,
              3365.461516849212
            ],
            [
              4746.669775785112,
              3357.300052498866
            ],
            [
              4749.274498450115,
              3372.0721687940495
            ],
            [
              4702.9885340585415,
              3380.2336331443953
            ],
            [
              4700.383811393537,
              3365.461516849212
            ]
          ]
        ]
      },
      "properties": {
        "id": "404",
        "lote": "404",
        "estatus": "disponible",
        "paquete": null,
        "seccion": "ORO",
        "manzana": "I",
        "manzanaId": "I"
      }
    },
    {
      "type": "Feature",
      "geometry": {
        "type": "Polygon",
        "coordinates": [
          [
            [
              4491.311948473906,
              3423.6504860385253
            ],
            [
              4537.59791286548,
              3415.48902168818
            ],
            [
              4540.202635530483,
              3430.261137983363
            ],
            [
              4493.91667113891,
              3438.4226023337083
            ],
            [
              4491.311948473906,
              3423.6504860385253
            ]
          ]
        ]
      },
      "properties": {
        "id": "443",
        "lote": "443",
        "estatus": "disponible",
        "paquete": null,
        "seccion": "ORO",
        "manzana": "I",
        "manzanaId": "I"
      }
    },
    {
      "type": "Feature",
      "geometry": {
        "type": "Polygon",
        "coordinates": [
          [
            [
              4544.491567136565,
              3414.273484444511
            ],
            [
              4590.777531528139,
              3406.1120200941655
            ],
            [
              4593.382254193143,
              3420.8841363893484
            ],
            [
              4547.09628980157,
              3429.045600739694
            ],
            [
              4544.491567136565,
              3414.273484444511
            ]
          ]
        ]
      },
      "properties": {
        "id": "433",
        "lote": "433",
        "estatus": "disponible",
        "paquete": null,
        "seccion": "ORO",
        "manzana": "I",
        "manzanaId": "I"
      }
    },
    {
      "type": "Feature",
      "geometry": {
        "type": "Polygon",
        "coordinates": [
          [
            [
              4597.671185799224,
              3404.8964828504973
            ],
            [
              4643.9571501907985,
              3396.735018500151
            ],
            [
              4646.561872855802,
              3411.507134795334
            ],
            [
              4600.275908464228,
              3419.66859914568
            ],
            [
              4597.671185799224,
              3404.8964828504973
            ]
          ]
        ]
      },
      "properties": {
        "id": "423",
        "lote": "423",
        "estatus": "disponible",
        "paquete": null,
        "seccion": "ORO",
        "manzana": "I",
        "manzanaId": "I"
      }
    },
    {
      "type": "Feature",
      "geometry": {
        "type": "Polygon",
        "coordinates": [
          [
            [
              4650.850804461884,
              3395.519481256483
            ],
            [
              4697.136768853457,
              3387.358016906137
            ],
            [
              4699.741491518462,
              3402.1301332013204
            ],
            [
              4653.455527126887,
              3410.2915975516657
            ],
            [
              4650.850804461884,
              3395.519481256483
            ]
          ]
        ]
      },
      "properties": {
        "id": "413",
        "lote": "413",
        "estatus": "disponible",
        "paquete": null,
        "seccion": "ORO",
        "manzana": "I",
        "manzanaId": "I"
      }
    },
    {
      "type": "Feature",
      "geometry": {
        "type": "Polygon",
        "coordinates": [
          [
            [
              4704.030423124543,
              3386.1424796624683
            ],
            [
              4750.316387516117,
              3377.9810153121225
            ],
            [
              4752.921110181121,
              3392.753131607306
            ],
            [
              4706.635145789547,
              3400.9145959576513
            ],
            [
              4704.030423124543,
              3386.1424796624683
            ]
          ]
        ]
      },
      "properties": {
        "id": "403",
        "lote": "403",
        "estatus": "disponible",
        "paquete": null,
        "seccion": "ORO",
        "manzana": "I",
        "manzanaId": "I"
      }
    },
    {
      "type": "Feature",
      "geometry": {
        "type": "Polygon",
        "coordinates": [
          [
            [
              4494.958560204912,
              3444.3314488517813
            ],
            [
              4541.2445245964855,
              3436.169984501436
            ],
            [
              4543.849247261489,
              3450.942100796619
            ],
            [
              4497.563282869915,
              3459.103565146965
            ],
            [
              4494.958560204912,
              3444.3314488517813
            ]
          ]
        ]
      },
      "properties": {
        "id": "442",
        "lote": "442",
        "estatus": "disponible",
        "paquete": null,
        "seccion": "ORO",
        "manzana": "I",
        "manzanaId": "I"
      }
    },
    {
      "type": "Feature",
      "geometry": {
        "type": "Polygon",
        "coordinates": [
          [
            [
              4548.138178867571,
              3434.9544472577677
            ],
            [
              4594.424143259144,
              3426.7929829074214
            ],
            [
              4597.028865924149,
              3441.5650992026044
            ],
            [
              4550.742901532575,
              3449.7265635529507
            ],
            [
              4548.138178867571,
              3434.9544472577677
            ]
          ]
        ]
      },
      "properties": {
        "id": "432",
        "lote": "432",
        "estatus": "disponible",
        "paquete": null,
        "seccion": "ORO",
        "manzana": "I",
        "manzanaId": "I"
      }
    },
    {
      "type": "Feature",
      "geometry": {
        "type": "Polygon",
        "coordinates": [
          [
            [
              4601.31779753023,
              3425.577445663753
            ],
            [
              4647.603761921804,
              3417.415981313408
            ],
            [
              4650.208484586808,
              3432.188097608591
            ],
            [
              4603.922520195234,
              3440.349561958936
            ],
            [
              4601.31779753023,
              3425.577445663753
            ]
          ]
        ]
      },
      "properties": {
        "id": "422",
        "lote": "422",
        "estatus": "disponible",
        "paquete": null,
        "seccion": "ORO",
        "manzana": "I",
        "manzanaId": "I"
      }
    },
    {
      "type": "Feature",
      "geometry": {
        "type": "Polygon",
        "coordinates": [
          [
            [
              4654.497416192889,
              3416.2004440697388
            ],
            [
              4700.783380584463,
              3408.0389797193934
            ],
            [
              4703.388103249467,
              3422.8110960145764
            ],
            [
              4657.102138857893,
              3430.9725603649217
            ],
            [
              4654.497416192889,
              3416.2004440697388
            ]
          ]
        ]
      },
      "properties": {
        "id": "412",
        "lote": "412",
        "estatus": "disponible",
        "paquete": null,
        "seccion": "ORO",
        "manzana": "I",
        "manzanaId": "I"
      }
    },
    {
      "type": "Feature",
      "geometry": {
        "type": "Polygon",
        "coordinates": [
          [
            [
              4707.677034855548,
              3406.8234424757243
            ],
            [
              4753.962999247122,
              3398.661978125379
            ],
            [
              4756.567721912126,
              3413.434094420562
            ],
            [
              4710.281757520553,
              3421.595558770908
            ],
            [
              4707.677034855548,
              3406.8234424757243
            ]
          ]
        ]
      },
      "properties": {
        "id": "402",
        "lote": "402",
        "estatus": "disponible",
        "paquete": null,
        "seccion": "ORO",
        "manzana": "I",
        "manzanaId": "I"
      }
    },
    {
      "type": "Feature",
      "geometry": {
        "type": "Polygon",
        "coordinates": [
          [
            [
              4498.6051719359175,
              3465.012411665038
            ],
            [
              4544.891136327491,
              3456.850947314692
            ],
            [
              4547.4958589924945,
              3471.6230636098758
            ],
            [
              4501.209894600921,
              3479.784527960221
            ],
            [
              4498.6051719359175,
              3465.012411665038
            ]
          ]
        ]
      },
      "properties": {
        "id": "441",
        "lote": "441",
        "estatus": "disponible",
        "paquete": null,
        "seccion": "ORO",
        "manzana": "I",
        "manzanaId": "I"
      }
    },
    {
      "type": "Feature",
      "geometry": {
        "type": "Polygon",
        "coordinates": [
          [
            [
              4551.784790598576,
              3455.6354100710237
            ],
            [
              4598.07075499015,
              3447.4739457206783
            ],
            [
              4600.675477655154,
              3462.2460620158613
            ],
            [
              4554.389513263581,
              3470.4075263662066
            ],
            [
              4551.784790598576,
              3455.6354100710237
            ]
          ]
        ]
      },
      "properties": {
        "id": "431",
        "lote": "431",
        "estatus": "disponible",
        "paquete": null,
        "seccion": "ORO",
        "manzana": "I",
        "manzanaId": "I"
      }
    },
    {
      "type": "Feature",
      "geometry": {
        "type": "Polygon",
        "coordinates": [
          [
            [
              4604.964409261235,
              3446.258408477009
            ],
            [
              4651.25037365281,
              3438.096944126664
            ],
            [
              4653.855096317813,
              3452.869060421847
            ],
            [
              4607.56913192624,
              3461.030524772193
            ],
            [
              4604.964409261235,
              3446.258408477009
            ]
          ]
        ]
      },
      "properties": {
        "id": "421",
        "lote": "421",
        "estatus": "disponible",
        "paquete": null,
        "seccion": "ORO",
        "manzana": "I",
        "manzanaId": "I"
      }
    },
    {
      "type": "Feature",
      "geometry": {
        "type": "Polygon",
        "coordinates": [
          [
            [
              4658.144027923895,
              3436.8814068829956
            ],
            [
              4704.429992315469,
              3428.7199425326494
            ],
            [
              4707.034714980473,
              3443.4920588278324
            ],
            [
              4660.7487505888985,
              3451.6535231781786
            ],
            [
              4658.144027923895,
              3436.8814068829956
            ]
          ]
        ]
      },
      "properties": {
        "id": "411",
        "lote": "411",
        "estatus": "disponible",
        "paquete": null,
        "seccion": "ORO",
        "manzana": "I",
        "manzanaId": "I"
      }
    },
    {
      "type": "Feature",
      "geometry": {
        "type": "Polygon",
        "coordinates": [
          [
            [
              4711.323646586554,
              3427.504405288981
            ],
            [
              4757.609610978128,
              3419.342940938635
            ],
            [
              4760.214333643132,
              3434.115057233819
            ],
            [
              4713.928369251558,
              3442.276521584164
            ],
            [
              4711.323646586554,
              3427.504405288981
            ]
          ]
        ]
      },
      "properties": {
        "id": "401",
        "lote": "401",
        "estatus": "disponible",
        "paquete": null,
        "seccion": "ORO",
        "manzana": "I",
        "manzanaId": "I"
      }
    },
    {
      "type": "Feature",
      "geometry": {
        "type": "Polygon",
        "coordinates": [
          [
            [
              4425.285666356867,
              3047.8843445559564
            ],
            [
              4471.571630748441,
              3039.7228802056106
            ],
            [
              4474.176353413445,
              3054.4949965007936
            ],
            [
              4427.890389021872,
              3062.6564608511394
            ],
            [
              4425.285666356867,
              3047.8843445559564
            ]
          ]
        ]
      },
      "properties": {
        "id": "500",
        "lote": "500",
        "estatus": "disponible",
        "paquete": null,
        "seccion": "ORO",
        "manzana": "J",
        "manzanaId": "J"
      }
    },
    {
      "type": "Feature",
      "geometry": {
        "type": "Polygon",
        "coordinates": [
          [
            [
              4478.465285019526,
              3038.5073429619424
            ],
            [
              4524.751249411101,
              3030.3458786115966
            ],
            [
              4527.355972076104,
              3045.1179949067796
            ],
            [
              4481.0700076845305,
              3053.2794592571254
            ],
            [
              4478.465285019526,
              3038.5073429619424
            ]
          ]
        ]
      },
      "properties": {
        "id": "490",
        "lote": "490",
        "estatus": "disponible",
        "paquete": null,
        "seccion": "ORO",
        "manzana": "J",
        "manzanaId": "J"
      }
    },
    {
      "type": "Feature",
      "geometry": {
        "type": "Polygon",
        "coordinates": [
          [
            [
              4531.644903682186,
              3029.130341367928
            ],
            [
              4577.9308680737595,
              3020.968877017582
            ],
            [
              4580.535590738764,
              3035.7409933127656
            ],
            [
              4534.249626347189,
              3043.902457663111
            ],
            [
              4531.644903682186,
              3029.130341367928
            ]
          ]
        ]
      },
      "properties": {
        "id": "480",
        "lote": "480",
        "estatus": "disponible",
        "paquete": null,
        "seccion": "ORO",
        "manzana": "J",
        "manzanaId": "J"
      }
    },
    {
      "type": "Feature",
      "geometry": {
        "type": "Polygon",
        "coordinates": [
          [
            [
              4584.824522344845,
              3019.753339773914
            ],
            [
              4631.110486736418,
              3011.591875423568
            ],
            [
              4633.715209401423,
              3026.363991718751
            ],
            [
              4587.429245009849,
              3034.525456069097
            ],
            [
              4584.824522344845,
              3019.753339773914
            ]
          ]
        ]
      },
      "properties": {
        "id": "470",
        "lote": "470",
        "estatus": "disponible",
        "paquete": null,
        "seccion": "ORO",
        "manzana": "J",
        "manzanaId": "J"
      }
    },
    {
      "type": "Feature",
      "geometry": {
        "type": "Polygon",
        "coordinates": [
          [
            [
              4638.004141007505,
              3010.3763381798994
            ],
            [
              4684.290105399078,
              3002.2148738295537
            ],
            [
              4686.894828064082,
              3016.986990124737
            ],
            [
              4640.608863672508,
              3025.1484544750824
            ],
            [
              4638.004141007505,
              3010.3763381798994
            ]
          ]
        ]
      },
      "properties": {
        "id": "460",
        "lote": "460",
        "estatus": "disponible",
        "paquete": null,
        "seccion": "ORO",
        "manzana": "J",
        "manzanaId": "J"
      }
    },
    {
      "type": "Feature",
      "geometry": {
        "type": "Polygon",
        "coordinates": [
          [
            [
              4428.932278087873,
              3068.565307369213
            ],
            [
              4475.218242479446,
              3060.403843018867
            ],
            [
              4477.822965144451,
              3075.17595931405
            ],
            [
              4431.537000752876,
              3083.337423664396
            ],
            [
              4428.932278087873,
              3068.565307369213
            ]
          ]
        ]
      },
      "properties": {
        "id": "499",
        "lote": "499",
        "estatus": "disponible",
        "paquete": null,
        "seccion": "ORO",
        "manzana": "J",
        "manzanaId": "J"
      }
    },
    {
      "type": "Feature",
      "geometry": {
        "type": "Polygon",
        "coordinates": [
          [
            [
              4482.111896750532,
              3059.1883057751984
            ],
            [
              4528.397861142106,
              3051.026841424853
            ],
            [
              4531.00258380711,
              3065.798957720036
            ],
            [
              4484.716619415536,
              3073.960422070382
            ],
            [
              4482.111896750532,
              3059.1883057751984
            ]
          ]
        ]
      },
      "properties": {
        "id": "489",
        "lote": "489",
        "estatus": "disponible",
        "paquete": null,
        "seccion": "ORO",
        "manzana": "J",
        "manzanaId": "J"
      }
    },
    {
      "type": "Feature",
      "geometry": {
        "type": "Polygon",
        "coordinates": [
          [
            [
              4535.2915154131915,
              3049.8113041811844
            ],
            [
              4581.577479804765,
              3041.6498398308386
            ],
            [
              4584.182202469769,
              3056.4219561260215
            ],
            [
              4537.896238078195,
              3064.5834204763673
            ],
            [
              4535.2915154131915,
              3049.8113041811844
            ]
          ]
        ]
      },
      "properties": {
        "id": "479",
        "lote": "479",
        "estatus": "disponible",
        "paquete": null,
        "seccion": "ORO",
        "manzana": "J",
        "manzanaId": "J"
      }
    },
    {
      "type": "Feature",
      "geometry": {
        "type": "Polygon",
        "coordinates": [
          [
            [
              4588.47113407585,
              3040.43430258717
            ],
            [
              4634.757098467424,
              3032.2728382368246
            ],
            [
              4637.361821132428,
              3047.0449545320075
            ],
            [
              4591.075856740855,
              3055.2064188823533
            ],
            [
              4588.47113407585,
              3040.43430258717
            ]
          ]
        ]
      },
      "properties": {
        "id": "469",
        "lote": "469",
        "estatus": "disponible",
        "paquete": null,
        "seccion": "ORO",
        "manzana": "J",
        "manzanaId": "J"
      }
    },
    {
      "type": "Feature",
      "geometry": {
        "type": "Polygon",
        "coordinates": [
          [
            [
              4641.65075273851,
              3031.057300993156
            ],
            [
              4687.936717130084,
              3022.89583664281
            ],
            [
              4690.541439795087,
              3037.667952937993
            ],
            [
              4644.255475403514,
              3045.829417288339
            ],
            [
              4641.65075273851,
              3031.057300993156
            ]
          ]
        ]
      },
      "properties": {
        "id": "459",
        "lote": "459",
        "estatus": "disponible",
        "paquete": null,
        "seccion": "ORO",
        "manzana": "J",
        "manzanaId": "J"
      }
    },
    {
      "type": "Feature",
      "geometry": {
        "type": "Polygon",
        "coordinates": [
          [
            [
              4432.578889818878,
              3089.2462701824693
            ],
            [
              4478.864854210452,
              3081.0848058321235
            ],
            [
              4481.469576875456,
              3095.8569221273065
            ],
            [
              4435.183612483882,
              3104.0183864776523
            ],
            [
              4432.578889818878,
              3089.2462701824693
            ]
          ]
        ]
      },
      "properties": {
        "id": "498",
        "lote": "498",
        "estatus": "disponible",
        "paquete": null,
        "seccion": "ORO",
        "manzana": "J",
        "manzanaId": "J"
      }
    },
    {
      "type": "Feature",
      "geometry": {
        "type": "Polygon",
        "coordinates": [
          [
            [
              4485.758508481537,
              3079.869268588455
            ],
            [
              4532.044472873112,
              3071.707804238109
            ],
            [
              4534.649195538115,
              3086.4799205332924
            ],
            [
              4488.363231146542,
              3094.6413848836382
            ],
            [
              4485.758508481537,
              3079.869268588455
            ]
          ]
        ]
      },
      "properties": {
        "id": "488",
        "lote": "488",
        "estatus": "disponible",
        "paquete": null,
        "seccion": "ORO",
        "manzana": "J",
        "manzanaId": "J"
      }
    },
    {
      "type": "Feature",
      "geometry": {
        "type": "Polygon",
        "coordinates": [
          [
            [
              4538.938127144197,
              3070.492266994441
            ],
            [
              4585.224091535771,
              3062.330802644095
            ],
            [
              4587.828814200775,
              3077.102918939278
            ],
            [
              4541.542849809201,
              3085.2643832896238
            ],
            [
              4538.938127144197,
              3070.492266994441
            ]
          ]
        ]
      },
      "properties": {
        "id": "478",
        "lote": "478",
        "estatus": "disponible",
        "paquete": null,
        "seccion": "ORO",
        "manzana": "J",
        "manzanaId": "J"
      }
    },
    {
      "type": "Feature",
      "geometry": {
        "type": "Polygon",
        "coordinates": [
          [
            [
              4592.117745806856,
              3061.1152654004263
            ],
            [
              4638.4037101984295,
              3052.9538010500805
            ],
            [
              4641.008432863434,
              3067.725917345264
            ],
            [
              4594.72246847186,
              3075.8873816956097
            ],
            [
              4592.117745806856,
              3061.1152654004263
            ]
          ]
        ]
      },
      "properties": {
        "id": "468",
        "lote": "468",
        "estatus": "disponible",
        "paquete": null,
        "seccion": "ORO",
        "manzana": "J",
        "manzanaId": "J"
      }
    },
    {
      "type": "Feature",
      "geometry": {
        "type": "Polygon",
        "coordinates": [
          [
            [
              4645.297364469516,
              3051.7382638064123
            ],
            [
              4691.583328861089,
              3043.5767994560665
            ],
            [
              4694.188051526093,
              3058.3489157512495
            ],
            [
              4647.902087134519,
              3066.5103801015953
            ],
            [
              4645.297364469516,
              3051.7382638064123
            ]
          ]
        ]
      },
      "properties": {
        "id": "458",
        "lote": "458",
        "estatus": "disponible",
        "paquete": null,
        "seccion": "ORO",
        "manzana": "J",
        "manzanaId": "J"
      }
    },
    {
      "type": "Feature",
      "geometry": {
        "type": "Polygon",
        "coordinates": [
          [
            [
              4436.225501549884,
              3109.9272329957257
            ],
            [
              4482.511465941458,
              3101.76576864538
            ],
            [
              4485.116188606462,
              3116.537884940563
            ],
            [
              4438.8302242148875,
              3124.6993492909087
            ],
            [
              4436.225501549884,
              3109.9272329957257
            ]
          ]
        ]
      },
      "properties": {
        "id": "497",
        "lote": "497",
        "estatus": "disponible",
        "paquete": null,
        "seccion": "ORO",
        "manzana": "J",
        "manzanaId": "J"
      }
    },
    {
      "type": "Feature",
      "geometry": {
        "type": "Polygon",
        "coordinates": [
          [
            [
              4489.405120212543,
              3100.5502314017112
            ],
            [
              4535.691084604117,
              3092.3887670513654
            ],
            [
              4538.295807269121,
              3107.160883346549
            ],
            [
              4492.009842877547,
              3115.322347696894
            ],
            [
              4489.405120212543,
              3100.5502314017112
            ]
          ]
        ]
      },
      "properties": {
        "id": "487",
        "lote": "487",
        "estatus": "disponible",
        "paquete": null,
        "seccion": "ORO",
        "manzana": "J",
        "manzanaId": "J"
      }
    },
    {
      "type": "Feature",
      "geometry": {
        "type": "Polygon",
        "coordinates": [
          [
            [
              4542.584738875203,
              3091.173229807697
            ],
            [
              4588.870703266776,
              3083.0117654573514
            ],
            [
              4591.47542593178,
              3097.7838817525344
            ],
            [
              4545.189461540206,
              3105.94534610288
            ],
            [
              4542.584738875203,
              3091.173229807697
            ]
          ]
        ]
      },
      "properties": {
        "id": "477",
        "lote": "477",
        "estatus": "disponible",
        "paquete": null,
        "seccion": "ORO",
        "manzana": "J",
        "manzanaId": "J"
      }
    },
    {
      "type": "Feature",
      "geometry": {
        "type": "Polygon",
        "coordinates": [
          [
            [
              4595.7643575378615,
              3081.7962282136828
            ],
            [
              4642.050321929435,
              3073.634763863337
            ],
            [
              4644.6550445944395,
              3088.4068801585204
            ],
            [
              4598.369080202866,
              3096.568344508866
            ],
            [
              4595.7643575378615,
              3081.7962282136828
            ]
          ]
        ]
      },
      "properties": {
        "id": "467",
        "lote": "467",
        "estatus": "disponible",
        "paquete": null,
        "seccion": "ORO",
        "manzana": "J",
        "manzanaId": "J"
      }
    },
    {
      "type": "Feature",
      "geometry": {
        "type": "Polygon",
        "coordinates": [
          [
            [
              4648.94397620052,
              3072.4192266196687
            ],
            [
              4695.229940592095,
              3064.257762269323
            ],
            [
              4697.834663257098,
              3079.029878564506
            ],
            [
              4651.548698865525,
              3087.1913429148517
            ],
            [
              4648.94397620052,
              3072.4192266196687
            ]
          ]
        ]
      },
      "properties": {
        "id": "457",
        "lote": "457",
        "estatus": "disponible",
        "paquete": null,
        "seccion": "ORO",
        "manzana": "J",
        "manzanaId": "J"
      }
    },
    {
      "type": "Feature",
      "geometry": {
        "type": "Polygon",
        "coordinates": [
          [
            [
              4439.87211328089,
              3130.6081958089817
            ],
            [
              4486.158077672463,
              3122.4467314586363
            ],
            [
              4488.7628003374675,
              3137.2188477538193
            ],
            [
              4442.476835945893,
              3145.380312104165
            ],
            [
              4439.87211328089,
              3130.6081958089817
            ]
          ]
        ]
      },
      "properties": {
        "id": "496",
        "lote": "496",
        "estatus": "disponible",
        "paquete": null,
        "seccion": "ORO",
        "manzana": "J",
        "manzanaId": "J"
      }
    },
    {
      "type": "Feature",
      "geometry": {
        "type": "Polygon",
        "coordinates": [
          [
            [
              4493.0517319435485,
              3121.2311942149677
            ],
            [
              4539.337696335122,
              3113.069729864622
            ],
            [
              4541.942419000126,
              3127.841846159805
            ],
            [
              4495.656454608553,
              3136.0033105101506
            ],
            [
              4493.0517319435485,
              3121.2311942149677
            ]
          ]
        ]
      },
      "properties": {
        "id": "486",
        "lote": "486",
        "estatus": "disponible",
        "paquete": null,
        "seccion": "ORO",
        "manzana": "J",
        "manzanaId": "J"
      }
    },
    {
      "type": "Feature",
      "geometry": {
        "type": "Polygon",
        "coordinates": [
          [
            [
              4546.231350606208,
              3111.8541926209537
            ],
            [
              4592.517314997782,
              3103.692728270608
            ],
            [
              4595.122037662785,
              3118.464844565791
            ],
            [
              4548.836073271212,
              3126.6263089161366
            ],
            [
              4546.231350606208,
              3111.8541926209537
            ]
          ]
        ]
      },
      "properties": {
        "id": "476",
        "lote": "476",
        "estatus": "disponible",
        "paquete": null,
        "seccion": "ORO",
        "manzana": "J",
        "manzanaId": "J"
      }
    },
    {
      "type": "Feature",
      "geometry": {
        "type": "Polygon",
        "coordinates": [
          [
            [
              4599.410969268867,
              3102.477191026939
            ],
            [
              4645.696933660441,
              3094.3157266765934
            ],
            [
              4648.301656325445,
              3109.087842971777
            ],
            [
              4602.0156919338715,
              3117.249307322122
            ],
            [
              4599.410969268867,
              3102.477191026939
            ]
          ]
        ]
      },
      "properties": {
        "id": "466",
        "lote": "466",
        "estatus": "disponible",
        "paquete": null,
        "seccion": "ORO",
        "manzana": "J",
        "manzanaId": "J"
      }
    },
    {
      "type": "Feature",
      "geometry": {
        "type": "Polygon",
        "coordinates": [
          [
            [
              4652.590587931526,
              3093.100189432925
            ],
            [
              4698.8765523231,
              3084.9387250825794
            ],
            [
              4701.481274988104,
              3099.7108413777623
            ],
            [
              4655.19531059653,
              3107.872305728108
            ],
            [
              4652.590587931526,
              3093.100189432925
            ]
          ]
        ]
      },
      "properties": {
        "id": "456",
        "lote": "456",
        "estatus": "disponible",
        "paquete": null,
        "seccion": "ORO",
        "manzana": "J",
        "manzanaId": "J"
      }
    },
    {
      "type": "Feature",
      "geometry": {
        "type": "Polygon",
        "coordinates": [
          [
            [
              4443.518725011895,
              3151.289158622238
            ],
            [
              4489.804689403469,
              3143.1276942718923
            ],
            [
              4492.409412068473,
              3157.8998105670757
            ],
            [
              4446.123447676899,
              3166.0612749174215
            ],
            [
              4443.518725011895,
              3151.289158622238
            ]
          ]
        ]
      },
      "properties": {
        "id": "495",
        "lote": "495",
        "estatus": "disponible",
        "paquete": null,
        "seccion": "ORO",
        "manzana": "J",
        "manzanaId": "J"
      }
    },
    {
      "type": "Feature",
      "geometry": {
        "type": "Polygon",
        "coordinates": [
          [
            [
              4496.698343674554,
              3141.912157028224
            ],
            [
              4542.984308066128,
              3133.7506926778783
            ],
            [
              4545.589030731132,
              3148.5228089730613
            ],
            [
              4499.303066339558,
              3156.684273323407
            ],
            [
              4496.698343674554,
              3141.912157028224
            ]
          ]
        ]
      },
      "properties": {
        "id": "485",
        "lote": "485",
        "estatus": "disponible",
        "paquete": null,
        "seccion": "ORO",
        "manzana": "J",
        "manzanaId": "J"
      }
    },
    {
      "type": "Feature",
      "geometry": {
        "type": "Polygon",
        "coordinates": [
          [
            [
              4549.877962337214,
              3132.5351554342096
            ],
            [
              4596.163926728787,
              3124.3736910838643
            ],
            [
              4598.768649393791,
              3139.1458073790473
            ],
            [
              4552.482685002217,
              3147.307271729393
            ],
            [
              4549.877962337214,
              3132.5351554342096
            ]
          ]
        ]
      },
      "properties": {
        "id": "475",
        "lote": "475",
        "estatus": "disponible",
        "paquete": null,
        "seccion": "ORO",
        "manzana": "J",
        "manzanaId": "J"
      }
    },
    {
      "type": "Feature",
      "geometry": {
        "type": "Polygon",
        "coordinates": [
          [
            [
              4603.057580999873,
              3123.1581538401956
            ],
            [
              4649.343545391446,
              3114.99668948985
            ],
            [
              4651.948268056451,
              3129.768805785033
            ],
            [
              4605.662303664877,
              3137.9302701353786
            ],
            [
              4603.057580999873,
              3123.1581538401956
            ]
          ]
        ]
      },
      "properties": {
        "id": "465",
        "lote": "465",
        "estatus": "disponible",
        "paquete": null,
        "seccion": "ORO",
        "manzana": "J",
        "manzanaId": "J"
      }
    },
    {
      "type": "Feature",
      "geometry": {
        "type": "Polygon",
        "coordinates": [
          [
            [
              4656.237199662532,
              3113.781152246181
            ],
            [
              4702.523164054106,
              3105.619687895836
            ],
            [
              4705.1278867191095,
              3120.3918041910188
            ],
            [
              4658.841922327536,
              3128.5532685413646
            ],
            [
              4656.237199662532,
              3113.781152246181
            ]
          ]
        ]
      },
      "properties": {
        "id": "455",
        "lote": "455",
        "estatus": "disponible",
        "paquete": null,
        "seccion": "ORO",
        "manzana": "J",
        "manzanaId": "J"
      }
    },
    {
      "type": "Feature",
      "geometry": {
        "type": "Polygon",
        "coordinates": [
          [
            [
              4447.165336742901,
              3171.9701214354945
            ],
            [
              4493.451301134474,
              3163.8086570851488
            ],
            [
              4496.056023799479,
              3178.580773380332
            ],
            [
              4449.770059407904,
              3186.742237730678
            ],
            [
              4447.165336742901,
              3171.9701214354945
            ]
          ]
        ]
      },
      "properties": {
        "id": "494",
        "lote": "494",
        "estatus": "disponible",
        "paquete": null,
        "seccion": "ORO",
        "manzana": "J",
        "manzanaId": "J"
      }
    },
    {
      "type": "Feature",
      "geometry": {
        "type": "Polygon",
        "coordinates": [
          [
            [
              4500.34495540556,
              3162.5931198414805
            ],
            [
              4546.630919797133,
              3154.4316554911347
            ],
            [
              4549.235642462138,
              3169.2037717863177
            ],
            [
              4502.949678070564,
              3177.3652361366635
            ],
            [
              4500.34495540556,
              3162.5931198414805
            ]
          ]
        ]
      },
      "properties": {
        "id": "484",
        "lote": "484",
        "estatus": "disponible",
        "paquete": null,
        "seccion": "ORO",
        "manzana": "J",
        "manzanaId": "J"
      }
    },
    {
      "type": "Feature",
      "geometry": {
        "type": "Polygon",
        "coordinates": [
          [
            [
              4553.524574068219,
              3153.216118247466
            ],
            [
              4599.810538459793,
              3145.0546538971203
            ],
            [
              4602.415261124796,
              3159.8267701923037
            ],
            [
              4556.129296733223,
              3167.9882345426495
            ],
            [
              4553.524574068219,
              3153.216118247466
            ]
          ]
        ]
      },
      "properties": {
        "id": "474",
        "lote": "474",
        "estatus": "disponible",
        "paquete": null,
        "seccion": "ORO",
        "manzana": "J",
        "manzanaId": "J"
      }
    },
    {
      "type": "Feature",
      "geometry": {
        "type": "Polygon",
        "coordinates": [
          [
            [
              4606.704192730878,
              3143.839116653452
            ],
            [
              4652.990157122452,
              3135.6776523031062
            ],
            [
              4655.594879787456,
              3150.449768598289
            ],
            [
              4609.308915395883,
              3158.611232948635
            ],
            [
              4606.704192730878,
              3143.839116653452
            ]
          ]
        ]
      },
      "properties": {
        "id": "464",
        "lote": "464",
        "estatus": "disponible",
        "paquete": null,
        "seccion": "ORO",
        "manzana": "J",
        "manzanaId": "J"
      }
    },
    {
      "type": "Feature",
      "geometry": {
        "type": "Polygon",
        "coordinates": [
          [
            [
              4659.883811393537,
              3134.4621150594376
            ],
            [
              4706.169775785112,
              3126.3006507090918
            ],
            [
              4708.774498450115,
              3141.072767004275
            ],
            [
              4662.4885340585415,
              3149.234231354621
            ],
            [
              4659.883811393537,
              3134.4621150594376
            ]
          ]
        ]
      },
      "properties": {
        "id": "454",
        "lote": "454",
        "estatus": "disponible",
        "paquete": null,
        "seccion": "ORO",
        "manzana": "J",
        "manzanaId": "J"
      }
    },
    {
      "type": "Feature",
      "geometry": {
        "type": "Polygon",
        "coordinates": [
          [
            [
              4450.811948473906,
              3192.651084248751
            ],
            [
              4497.09791286548,
              3184.489619898405
            ],
            [
              4499.702635530483,
              3199.2617361935886
            ],
            [
              4453.41667113891,
              3207.423200543934
            ],
            [
              4450.811948473906,
              3192.651084248751
            ]
          ]
        ]
      },
      "properties": {
        "id": "493",
        "lote": "493",
        "estatus": "disponible",
        "paquete": null,
        "seccion": "ORO",
        "manzana": "J",
        "manzanaId": "J"
      }
    },
    {
      "type": "Feature",
      "geometry": {
        "type": "Polygon",
        "coordinates": [
          [
            [
              4503.991567136565,
              3183.274082654737
            ],
            [
              4550.277531528139,
              3175.112618304391
            ],
            [
              4552.882254193143,
              3189.884734599574
            ],
            [
              4506.59628980157,
              3198.04619894992
            ],
            [
              4503.991567136565,
              3183.274082654737
            ]
          ]
        ]
      },
      "properties": {
        "id": "483",
        "lote": "483",
        "estatus": "disponible",
        "paquete": null,
        "seccion": "ORO",
        "manzana": "J",
        "manzanaId": "J"
      }
    },
    {
      "type": "Feature",
      "geometry": {
        "type": "Polygon",
        "coordinates": [
          [
            [
              4557.171185799224,
              3173.8970810607225
            ],
            [
              4603.4571501907985,
              3165.7356167103767
            ],
            [
              4606.061872855802,
              3180.50773300556
            ],
            [
              4559.775908464228,
              3188.6691973559055
            ],
            [
              4557.171185799224,
              3173.8970810607225
            ]
          ]
        ]
      },
      "properties": {
        "id": "473",
        "lote": "473",
        "estatus": "disponible",
        "paquete": null,
        "seccion": "ORO",
        "manzana": "J",
        "manzanaId": "J"
      }
    },
    {
      "type": "Feature",
      "geometry": {
        "type": "Polygon",
        "coordinates": [
          [
            [
              4610.350804461884,
              3164.5200794667085
            ],
            [
              4656.636768853457,
              3156.3586151163627
            ],
            [
              4659.241491518462,
              3171.1307314115456
            ],
            [
              4612.955527126887,
              3179.2921957618914
            ],
            [
              4610.350804461884,
              3164.5200794667085
            ]
          ]
        ]
      },
      "properties": {
        "id": "463",
        "lote": "463",
        "estatus": "disponible",
        "paquete": null,
        "seccion": "ORO",
        "manzana": "J",
        "manzanaId": "J"
      }
    },
    {
      "type": "Feature",
      "geometry": {
        "type": "Polygon",
        "coordinates": [
          [
            [
              4663.530423124543,
              3155.143077872694
            ],
            [
              4709.816387516117,
              3146.981613522348
            ],
            [
              4712.421110181121,
              3161.7537298175316
            ],
            [
              4666.135145789547,
              3169.9151941678774
            ],
            [
              4663.530423124543,
              3155.143077872694
            ]
          ]
        ]
      },
      "properties": {
        "id": "453",
        "lote": "453",
        "estatus": "disponible",
        "paquete": null,
        "seccion": "ORO",
        "manzana": "J",
        "manzanaId": "J"
      }
    },
    {
      "type": "Feature",
      "geometry": {
        "type": "Polygon",
        "coordinates": [
          [
            [
              4454.458560204912,
              3213.3320470620074
            ],
            [
              4500.7445245964855,
              3205.1705827116616
            ],
            [
              4503.349247261489,
              3219.9426990068446
            ],
            [
              4457.063282869915,
              3228.1041633571904
            ],
            [
              4454.458560204912,
              3213.3320470620074
            ]
          ]
        ]
      },
      "properties": {
        "id": "492",
        "lote": "492",
        "estatus": "disponible",
        "paquete": null,
        "seccion": "ORO",
        "manzana": "J",
        "manzanaId": "J"
      }
    },
    {
      "type": "Feature",
      "geometry": {
        "type": "Polygon",
        "coordinates": [
          [
            [
              4507.638178867571,
              3203.955045467993
            ],
            [
              4553.924143259144,
              3195.7935811176476
            ],
            [
              4556.528865924149,
              3210.5656974128306
            ],
            [
              4510.242901532575,
              3218.7271617631764
            ],
            [
              4507.638178867571,
              3203.955045467993
            ]
          ]
        ]
      },
      "properties": {
        "id": "482",
        "lote": "482",
        "estatus": "disponible",
        "paquete": null,
        "seccion": "ORO",
        "manzana": "J",
        "manzanaId": "J"
      }
    },
    {
      "type": "Feature",
      "geometry": {
        "type": "Polygon",
        "coordinates": [
          [
            [
              4560.81779753023,
              3194.578043873979
            ],
            [
              4607.103761921804,
              3186.416579523633
            ],
            [
              4609.708484586808,
              3201.188695818816
            ],
            [
              4563.422520195234,
              3209.350160169162
            ],
            [
              4560.81779753023,
              3194.578043873979
            ]
          ]
        ]
      },
      "properties": {
        "id": "472",
        "lote": "472",
        "estatus": "disponible",
        "paquete": null,
        "seccion": "ORO",
        "manzana": "J",
        "manzanaId": "J"
      }
    },
    {
      "type": "Feature",
      "geometry": {
        "type": "Polygon",
        "coordinates": [
          [
            [
              4613.997416192889,
              3185.201042279965
            ],
            [
              4660.283380584463,
              3177.039577929619
            ],
            [
              4662.888103249467,
              3191.811694224802
            ],
            [
              4616.602138857893,
              3199.973158575148
            ],
            [
              4613.997416192889,
              3185.201042279965
            ]
          ]
        ]
      },
      "properties": {
        "id": "462",
        "lote": "462",
        "estatus": "disponible",
        "paquete": null,
        "seccion": "ORO",
        "manzana": "J",
        "manzanaId": "J"
      }
    },
    {
      "type": "Feature",
      "geometry": {
        "type": "Polygon",
        "coordinates": [
          [
            [
              4667.177034855548,
              3175.8240406859504
            ],
            [
              4713.462999247122,
              3167.6625763356046
            ],
            [
              4716.067721912126,
              3182.434692630788
            ],
            [
              4669.781757520553,
              3190.5961569811334
            ],
            [
              4667.177034855548,
              3175.8240406859504
            ]
          ]
        ]
      },
      "properties": {
        "id": "452",
        "lote": "452",
        "estatus": "disponible",
        "paquete": null,
        "seccion": "ORO",
        "manzana": "J",
        "manzanaId": "J"
      }
    },
    {
      "type": "Feature",
      "geometry": {
        "type": "Polygon",
        "coordinates": [
          [
            [
              4458.1051719359175,
              3234.013009875264
            ],
            [
              4504.391136327491,
              3225.851545524918
            ],
            [
              4506.9958589924945,
              3240.623661820101
            ],
            [
              4460.709894600921,
              3248.785126170447
            ],
            [
              4458.1051719359175,
              3234.013009875264
            ]
          ]
        ]
      },
      "properties": {
        "id": "491",
        "lote": "491",
        "estatus": "disponible",
        "paquete": null,
        "seccion": "ORO",
        "manzana": "J",
        "manzanaId": "J"
      }
    },
    {
      "type": "Feature",
      "geometry": {
        "type": "Polygon",
        "coordinates": [
          [
            [
              4511.284790598576,
              3224.6360082812494
            ],
            [
              4557.57075499015,
              3216.4745439309036
            ],
            [
              4560.175477655154,
              3231.246660226087
            ],
            [
              4513.889513263581,
              3239.408124576433
            ],
            [
              4511.284790598576,
              3224.6360082812494
            ]
          ]
        ]
      },
      "properties": {
        "id": "481",
        "lote": "481",
        "estatus": "disponible",
        "paquete": null,
        "seccion": "ORO",
        "manzana": "J",
        "manzanaId": "J"
      }
    },
    {
      "type": "Feature",
      "geometry": {
        "type": "Polygon",
        "coordinates": [
          [
            [
              4564.464409261235,
              3215.2590066872353
            ],
            [
              4610.75037365281,
              3207.0975423368895
            ],
            [
              4613.355096317813,
              3221.8696586320725
            ],
            [
              4567.06913192624,
              3230.0311229824183
            ],
            [
              4564.464409261235,
              3215.2590066872353
            ]
          ]
        ]
      },
      "properties": {
        "id": "471",
        "lote": "471",
        "estatus": "disponible",
        "paquete": null,
        "seccion": "ORO",
        "manzana": "J",
        "manzanaId": "J"
      }
    },
    {
      "type": "Feature",
      "geometry": {
        "type": "Polygon",
        "coordinates": [
          [
            [
              4617.644027923895,
              3205.882005093221
            ],
            [
              4663.929992315469,
              3197.7205407428755
            ],
            [
              4666.534714980473,
              3212.4926570380585
            ],
            [
              4620.2487505888985,
              3220.6541213884043
            ],
            [
              4617.644027923895,
              3205.882005093221
            ]
          ]
        ]
      },
      "properties": {
        "id": "461",
        "lote": "461",
        "estatus": "disponible",
        "paquete": null,
        "seccion": "ORO",
        "manzana": "J",
        "manzanaId": "J"
      }
    },
    {
      "type": "Feature",
      "geometry": {
        "type": "Polygon",
        "coordinates": [
          [
            [
              4670.823646586554,
              3196.505003499207
            ],
            [
              4717.109610978128,
              3188.343539148861
            ],
            [
              4719.714333643132,
              3203.115655444044
            ],
            [
              4673.428369251558,
              3211.27711979439
            ],
            [
              4670.823646586554,
              3196.505003499207
            ]
          ]
        ]
      },
      "properties": {
        "id": "451",
        "lote": "451",
        "estatus": "disponible",
        "paquete": null,
        "seccion": "ORO",
        "manzana": "J",
        "manzanaId": "J"
      }
    },
    {
      "type": "Feature",
      "geometry": {
        "type": "Polygon",
        "coordinates": [
          [
            [
              4476.785666356867,
              5216.885241871295
            ],
            [
              4523.071630748441,
              5208.72377752095
            ],
            [
              4525.676353413445,
              5223.495893816132
            ],
            [
              4479.390389021872,
              5231.657358166478
            ],
            [
              4476.785666356867,
              5216.885241871295
            ]
          ]
        ]
      },
      "properties": {
        "id": "550",
        "lote": "550",
        "estatus": "disponible",
        "paquete": null,
        "seccion": "ORO",
        "manzana": "K",
        "manzanaId": "K"
      }
    },
    {
      "type": "Feature",
      "geometry": {
        "type": "Polygon",
        "coordinates": [
          [
            [
              4529.965285019526,
              5207.508240277281
            ],
            [
              4576.251249411101,
              5199.346775926935
            ],
            [
              4578.855972076104,
              5214.118892222118
            ],
            [
              4532.5700076845305,
              5222.2803565724635
            ],
            [
              4529.965285019526,
              5207.508240277281
            ]
          ]
        ]
      },
      "properties": {
        "id": "540",
        "lote": "540",
        "estatus": "disponible",
        "paquete": null,
        "seccion": "ORO",
        "manzana": "K",
        "manzanaId": "K"
      }
    },
    {
      "type": "Feature",
      "geometry": {
        "type": "Polygon",
        "coordinates": [
          [
            [
              4583.144903682186,
              5198.131238683266
            ],
            [
              4629.4308680737595,
              5189.969774332921
            ],
            [
              4632.035590738764,
              5204.741890628105
            ],
            [
              4585.749626347189,
              5212.90335497845
            ],
            [
              4583.144903682186,
              5198.131238683266
            ]
          ]
        ]
      },
      "properties": {
        "id": "530",
        "lote": "530",
        "estatus": "disponible",
        "paquete": null,
        "seccion": "ORO",
        "manzana": "K",
        "manzanaId": "K"
      }
    },
    {
      "type": "Feature",
      "geometry": {
        "type": "Polygon",
        "coordinates": [
          [
            [
              4636.324522344845,
              5188.7542370892525
            ],
            [
              4682.610486736418,
              5180.592772738907
            ],
            [
              4685.215209401423,
              5195.364889034089
            ],
            [
              4638.929245009849,
              5203.526353384435
            ],
            [
              4636.324522344845,
              5188.7542370892525
            ]
          ]
        ]
      },
      "properties": {
        "id": "520",
        "lote": "520",
        "estatus": "disponible",
        "paquete": null,
        "seccion": "ORO",
        "manzana": "K",
        "manzanaId": "K"
      }
    },
    {
      "type": "Feature",
      "geometry": {
        "type": "Polygon",
        "coordinates": [
          [
            [
              4689.504141007505,
              5179.377235495238
            ],
            [
              4735.790105399078,
              5171.215771144892
            ],
            [
              4738.394828064082,
              5185.987887440076
            ],
            [
              4692.108863672508,
              5194.149351790421
            ],
            [
              4689.504141007505,
              5179.377235495238
            ]
          ]
        ]
      },
      "properties": {
        "id": "510",
        "lote": "510",
        "estatus": "disponible",
        "paquete": null,
        "seccion": "ORO",
        "manzana": "K",
        "manzanaId": "K"
      }
    },
    {
      "type": "Feature",
      "geometry": {
        "type": "Polygon",
        "coordinates": [
          [
            [
              4480.432278087873,
              5237.566204684551
            ],
            [
              4526.718242479446,
              5229.404740334206
            ],
            [
              4529.322965144451,
              5244.176856629389
            ],
            [
              4483.037000752876,
              5252.338320979735
            ],
            [
              4480.432278087873,
              5237.566204684551
            ]
          ]
        ]
      },
      "properties": {
        "id": "549",
        "lote": "549",
        "estatus": "disponible",
        "paquete": null,
        "seccion": "ORO",
        "manzana": "K",
        "manzanaId": "K"
      }
    },
    {
      "type": "Feature",
      "geometry": {
        "type": "Polygon",
        "coordinates": [
          [
            [
              4533.611896750532,
              5228.189203090537
            ],
            [
              4579.897861142106,
              5220.027738740192
            ],
            [
              4582.50258380711,
              5234.799855035374
            ],
            [
              4536.216619415536,
              5242.96131938572
            ],
            [
              4533.611896750532,
              5228.189203090537
            ]
          ]
        ]
      },
      "properties": {
        "id": "539",
        "lote": "539",
        "estatus": "disponible",
        "paquete": null,
        "seccion": "ORO",
        "manzana": "K",
        "manzanaId": "K"
      }
    },
    {
      "type": "Feature",
      "geometry": {
        "type": "Polygon",
        "coordinates": [
          [
            [
              4586.7915154131915,
              5218.812201496523
            ],
            [
              4633.077479804765,
              5210.650737146177
            ],
            [
              4635.682202469769,
              5225.4228534413605
            ],
            [
              4589.396238078195,
              5233.584317791706
            ],
            [
              4586.7915154131915,
              5218.812201496523
            ]
          ]
        ]
      },
      "properties": {
        "id": "529",
        "lote": "529",
        "estatus": "disponible",
        "paquete": null,
        "seccion": "ORO",
        "manzana": "K",
        "manzanaId": "K"
      }
    },
    {
      "type": "Feature",
      "geometry": {
        "type": "Polygon",
        "coordinates": [
          [
            [
              4639.97113407585,
              5209.435199902508
            ],
            [
              4686.257098467424,
              5201.273735552163
            ],
            [
              4688.861821132428,
              5216.045851847346
            ],
            [
              4642.575856740855,
              5224.207316197692
            ],
            [
              4639.97113407585,
              5209.435199902508
            ]
          ]
        ]
      },
      "properties": {
        "id": "519",
        "lote": "519",
        "estatus": "disponible",
        "paquete": null,
        "seccion": "ORO",
        "manzana": "K",
        "manzanaId": "K"
      }
    },
    {
      "type": "Feature",
      "geometry": {
        "type": "Polygon",
        "coordinates": [
          [
            [
              4693.15075273851,
              5200.058198308495
            ],
            [
              4739.436717130084,
              5191.896733958149
            ],
            [
              4742.041439795087,
              5206.668850253332
            ],
            [
              4695.755475403514,
              5214.830314603677
            ],
            [
              4693.15075273851,
              5200.058198308495
            ]
          ]
        ]
      },
      "properties": {
        "id": "509",
        "lote": "509",
        "estatus": "disponible",
        "paquete": null,
        "seccion": "ORO",
        "manzana": "K",
        "manzanaId": "K"
      }
    },
    {
      "type": "Feature",
      "geometry": {
        "type": "Polygon",
        "coordinates": [
          [
            [
              4484.078889818878,
              5258.247167497808
            ],
            [
              4530.364854210452,
              5250.085703147462
            ],
            [
              4532.969576875456,
              5264.857819442645
            ],
            [
              4486.683612483882,
              5273.019283792991
            ],
            [
              4484.078889818878,
              5258.247167497808
            ]
          ]
        ]
      },
      "properties": {
        "id": "548",
        "lote": "548",
        "estatus": "disponible",
        "paquete": null,
        "seccion": "ORO",
        "manzana": "K",
        "manzanaId": "K"
      }
    },
    {
      "type": "Feature",
      "geometry": {
        "type": "Polygon",
        "coordinates": [
          [
            [
              4537.258508481537,
              5248.870165903793
            ],
            [
              4583.544472873112,
              5240.708701553448
            ],
            [
              4586.149195538115,
              5255.480817848631
            ],
            [
              4539.863231146542,
              5263.642282198977
            ],
            [
              4537.258508481537,
              5248.870165903793
            ]
          ]
        ]
      },
      "properties": {
        "id": "538",
        "lote": "538",
        "estatus": "disponible",
        "paquete": null,
        "seccion": "ORO",
        "manzana": "K",
        "manzanaId": "K"
      }
    },
    {
      "type": "Feature",
      "geometry": {
        "type": "Polygon",
        "coordinates": [
          [
            [
              4590.438127144197,
              5239.49316430978
            ],
            [
              4636.724091535771,
              5231.3316999594335
            ],
            [
              4639.328814200775,
              5246.1038162546165
            ],
            [
              4593.042849809201,
              5254.265280604962
            ],
            [
              4590.438127144197,
              5239.49316430978
            ]
          ]
        ]
      },
      "properties": {
        "id": "528",
        "lote": "528",
        "estatus": "disponible",
        "paquete": null,
        "seccion": "ORO",
        "manzana": "K",
        "manzanaId": "K"
      }
    },
    {
      "type": "Feature",
      "geometry": {
        "type": "Polygon",
        "coordinates": [
          [
            [
              4643.617745806856,
              5230.116162715764
            ],
            [
              4689.9037101984295,
              5221.954698365419
            ],
            [
              4692.508432863434,
              5236.726814660603
            ],
            [
              4646.22246847186,
              5244.888279010948
            ],
            [
              4643.617745806856,
              5230.116162715764
            ]
          ]
        ]
      },
      "properties": {
        "id": "518",
        "lote": "518",
        "estatus": "disponible",
        "paquete": null,
        "seccion": "ORO",
        "manzana": "K",
        "manzanaId": "K"
      }
    },
    {
      "type": "Feature",
      "geometry": {
        "type": "Polygon",
        "coordinates": [
          [
            [
              4696.797364469516,
              5220.739161121751
            ],
            [
              4743.083328861089,
              5212.5776967714055
            ],
            [
              4745.688051526093,
              5227.349813066588
            ],
            [
              4699.402087134519,
              5235.511277416934
            ],
            [
              4696.797364469516,
              5220.739161121751
            ]
          ]
        ]
      },
      "properties": {
        "id": "508",
        "lote": "508",
        "estatus": "disponible",
        "paquete": null,
        "seccion": "ORO",
        "manzana": "K",
        "manzanaId": "K"
      }
    },
    {
      "type": "Feature",
      "geometry": {
        "type": "Polygon",
        "coordinates": [
          [
            [
              4487.725501549884,
              5278.928130311065
            ],
            [
              4534.011465941458,
              5270.7666659607185
            ],
            [
              4536.616188606462,
              5285.538782255901
            ],
            [
              4490.3302242148875,
              5293.700246606247
            ],
            [
              4487.725501549884,
              5278.928130311065
            ]
          ]
        ]
      },
      "properties": {
        "id": "547",
        "lote": "547",
        "estatus": "disponible",
        "paquete": null,
        "seccion": "ORO",
        "manzana": "K",
        "manzanaId": "K"
      }
    },
    {
      "type": "Feature",
      "geometry": {
        "type": "Polygon",
        "coordinates": [
          [
            [
              4540.905120212543,
              5269.551128717049
            ],
            [
              4587.191084604117,
              5261.389664366704
            ],
            [
              4589.795807269121,
              5276.161780661888
            ],
            [
              4543.509842877547,
              5284.323245012233
            ],
            [
              4540.905120212543,
              5269.551128717049
            ]
          ]
        ]
      },
      "properties": {
        "id": "537",
        "lote": "537",
        "estatus": "disponible",
        "paquete": null,
        "seccion": "ORO",
        "manzana": "K",
        "manzanaId": "K"
      }
    },
    {
      "type": "Feature",
      "geometry": {
        "type": "Polygon",
        "coordinates": [
          [
            [
              4594.084738875203,
              5260.174127123036
            ],
            [
              4640.370703266776,
              5252.01266277269
            ],
            [
              4642.97542593178,
              5266.7847790678725
            ],
            [
              4596.689461540206,
              5274.946243418219
            ],
            [
              4594.084738875203,
              5260.174127123036
            ]
          ]
        ]
      },
      "properties": {
        "id": "527",
        "lote": "527",
        "estatus": "disponible",
        "paquete": null,
        "seccion": "ORO",
        "manzana": "K",
        "manzanaId": "K"
      }
    },
    {
      "type": "Feature",
      "geometry": {
        "type": "Polygon",
        "coordinates": [
          [
            [
              4647.2643575378615,
              5250.797125529021
            ],
            [
              4693.550321929435,
              5242.635661178675
            ],
            [
              4696.1550445944395,
              5257.407777473859
            ],
            [
              4649.869080202866,
              5265.569241824204
            ],
            [
              4647.2643575378615,
              5250.797125529021
            ]
          ]
        ]
      },
      "properties": {
        "id": "517",
        "lote": "517",
        "estatus": "disponible",
        "paquete": null,
        "seccion": "ORO",
        "manzana": "K",
        "manzanaId": "K"
      }
    },
    {
      "type": "Feature",
      "geometry": {
        "type": "Polygon",
        "coordinates": [
          [
            [
              4700.44397620052,
              5241.420123935007
            ],
            [
              4746.729940592095,
              5233.2586595846615
            ],
            [
              4749.334663257098,
              5248.030775879844
            ],
            [
              4703.048698865525,
              5256.192240230191
            ],
            [
              4700.44397620052,
              5241.420123935007
            ]
          ]
        ]
      },
      "properties": {
        "id": "507",
        "lote": "507",
        "estatus": "disponible",
        "paquete": null,
        "seccion": "ORO",
        "manzana": "K",
        "manzanaId": "K"
      }
    },
    {
      "type": "Feature",
      "geometry": {
        "type": "Polygon",
        "coordinates": [
          [
            [
              4491.37211328089,
              5299.609093124321
            ],
            [
              4537.658077672463,
              5291.447628773975
            ],
            [
              4540.2628003374675,
              5306.219745069157
            ],
            [
              4493.976835945893,
              5314.381209419504
            ],
            [
              4491.37211328089,
              5299.609093124321
            ]
          ]
        ]
      },
      "properties": {
        "id": "546",
        "lote": "546",
        "estatus": "disponible",
        "paquete": null,
        "seccion": "ORO",
        "manzana": "K",
        "manzanaId": "K"
      }
    },
    {
      "type": "Feature",
      "geometry": {
        "type": "Polygon",
        "coordinates": [
          [
            [
              4544.5517319435485,
              5290.232091530306
            ],
            [
              4590.837696335122,
              5282.07062717996
            ],
            [
              4593.442419000126,
              5296.842743475144
            ],
            [
              4547.156454608553,
              5305.004207825489
            ],
            [
              4544.5517319435485,
              5290.232091530306
            ]
          ]
        ]
      },
      "properties": {
        "id": "536",
        "lote": "536",
        "estatus": "disponible",
        "paquete": null,
        "seccion": "ORO",
        "manzana": "K",
        "manzanaId": "K"
      }
    },
    {
      "type": "Feature",
      "geometry": {
        "type": "Polygon",
        "coordinates": [
          [
            [
              4597.731350606208,
              5280.855089936292
            ],
            [
              4644.017314997782,
              5272.693625585946
            ],
            [
              4646.622037662785,
              5287.465741881129
            ],
            [
              4600.336073271212,
              5295.627206231476
            ],
            [
              4597.731350606208,
              5280.855089936292
            ]
          ]
        ]
      },
      "properties": {
        "id": "526",
        "lote": "526",
        "estatus": "disponible",
        "paquete": null,
        "seccion": "ORO",
        "manzana": "K",
        "manzanaId": "K"
      }
    },
    {
      "type": "Feature",
      "geometry": {
        "type": "Polygon",
        "coordinates": [
          [
            [
              4650.910969268867,
              5271.478088342278
            ],
            [
              4697.196933660441,
              5263.316623991932
            ],
            [
              4699.801656325445,
              5278.088740287115
            ],
            [
              4653.5156919338715,
              5286.25020463746
            ],
            [
              4650.910969268867,
              5271.478088342278
            ]
          ]
        ]
      },
      "properties": {
        "id": "516",
        "lote": "516",
        "estatus": "disponible",
        "paquete": null,
        "seccion": "ORO",
        "manzana": "K",
        "manzanaId": "K"
      }
    },
    {
      "type": "Feature",
      "geometry": {
        "type": "Polygon",
        "coordinates": [
          [
            [
              4704.090587931526,
              5262.101086748264
            ],
            [
              4750.3765523231,
              5253.939622397917
            ],
            [
              4752.981274988104,
              5268.711738693101
            ],
            [
              4706.69531059653,
              5276.873203043447
            ],
            [
              4704.090587931526,
              5262.101086748264
            ]
          ]
        ]
      },
      "properties": {
        "id": "506",
        "lote": "506",
        "estatus": "disponible",
        "paquete": null,
        "seccion": "ORO",
        "manzana": "K",
        "manzanaId": "K"
      }
    },
    {
      "type": "Feature",
      "geometry": {
        "type": "Polygon",
        "coordinates": [
          [
            [
              4495.018725011895,
              5320.290055937577
            ],
            [
              4541.304689403469,
              5312.128591587231
            ],
            [
              4543.909412068473,
              5326.900707882414
            ],
            [
              4497.623447676899,
              5335.0621722327605
            ],
            [
              4495.018725011895,
              5320.290055937577
            ]
          ]
        ]
      },
      "properties": {
        "id": "545",
        "lote": "545",
        "estatus": "disponible",
        "paquete": null,
        "seccion": "ORO",
        "manzana": "K",
        "manzanaId": "K"
      }
    },
    {
      "type": "Feature",
      "geometry": {
        "type": "Polygon",
        "coordinates": [
          [
            [
              4548.198343674554,
              5310.913054343563
            ],
            [
              4594.484308066128,
              5302.751589993217
            ],
            [
              4597.089030731132,
              5317.5237062884
            ],
            [
              4550.803066339558,
              5325.685170638745
            ],
            [
              4548.198343674554,
              5310.913054343563
            ]
          ]
        ]
      },
      "properties": {
        "id": "535",
        "lote": "535",
        "estatus": "disponible",
        "paquete": null,
        "seccion": "ORO",
        "manzana": "K",
        "manzanaId": "K"
      }
    },
    {
      "type": "Feature",
      "geometry": {
        "type": "Polygon",
        "coordinates": [
          [
            [
              4601.377962337214,
              5301.536052749548
            ],
            [
              4647.663926728787,
              5293.374588399202
            ],
            [
              4650.268649393791,
              5308.146704694386
            ],
            [
              4603.982685002217,
              5316.308169044732
            ],
            [
              4601.377962337214,
              5301.536052749548
            ]
          ]
        ]
      },
      "properties": {
        "id": "525",
        "lote": "525",
        "estatus": "disponible",
        "paquete": null,
        "seccion": "ORO",
        "manzana": "K",
        "manzanaId": "K"
      }
    },
    {
      "type": "Feature",
      "geometry": {
        "type": "Polygon",
        "coordinates": [
          [
            [
              4654.557580999873,
              5292.159051155534
            ],
            [
              4700.843545391446,
              5283.997586805189
            ],
            [
              4703.448268056451,
              5298.769703100371
            ],
            [
              4657.162303664877,
              5306.931167450717
            ],
            [
              4654.557580999873,
              5292.159051155534
            ]
          ]
        ]
      },
      "properties": {
        "id": "515",
        "lote": "515",
        "estatus": "disponible",
        "paquete": null,
        "seccion": "ORO",
        "manzana": "K",
        "manzanaId": "K"
      }
    },
    {
      "type": "Feature",
      "geometry": {
        "type": "Polygon",
        "coordinates": [
          [
            [
              4707.737199662532,
              5282.78204956152
            ],
            [
              4754.023164054106,
              5274.620585211174
            ],
            [
              4756.6278867191095,
              5289.392701506357
            ],
            [
              4710.341922327536,
              5297.554165856703
            ],
            [
              4707.737199662532,
              5282.78204956152
            ]
          ]
        ]
      },
      "properties": {
        "id": "505",
        "lote": "505",
        "estatus": "disponible",
        "paquete": null,
        "seccion": "ORO",
        "manzana": "K",
        "manzanaId": "K"
      }
    },
    {
      "type": "Feature",
      "geometry": {
        "type": "Polygon",
        "coordinates": [
          [
            [
              4498.665336742901,
              5340.971018750833
            ],
            [
              4544.951301134474,
              5332.809554400487
            ],
            [
              4547.556023799479,
              5347.581670695671
            ],
            [
              4501.270059407904,
              5355.7431350460165
            ],
            [
              4498.665336742901,
              5340.971018750833
            ]
          ]
        ]
      },
      "properties": {
        "id": "544",
        "lote": "544",
        "estatus": "disponible",
        "paquete": null,
        "seccion": "ORO",
        "manzana": "K",
        "manzanaId": "K"
      }
    },
    {
      "type": "Feature",
      "geometry": {
        "type": "Polygon",
        "coordinates": [
          [
            [
              4551.84495540556,
              5331.594017156819
            ],
            [
              4598.130919797133,
              5323.432552806474
            ],
            [
              4600.735642462138,
              5338.204669101656
            ],
            [
              4554.449678070564,
              5346.366133452002
            ],
            [
              4551.84495540556,
              5331.594017156819
            ]
          ]
        ]
      },
      "properties": {
        "id": "534",
        "lote": "534",
        "estatus": "disponible",
        "paquete": null,
        "seccion": "ORO",
        "manzana": "K",
        "manzanaId": "K"
      }
    },
    {
      "type": "Feature",
      "geometry": {
        "type": "Polygon",
        "coordinates": [
          [
            [
              4605.024574068219,
              5322.217015562805
            ],
            [
              4651.310538459793,
              5314.055551212458
            ],
            [
              4653.915261124796,
              5328.827667507642
            ],
            [
              4607.629296733223,
              5336.989131857988
            ],
            [
              4605.024574068219,
              5322.217015562805
            ]
          ]
        ]
      },
      "properties": {
        "id": "524",
        "lote": "524",
        "estatus": "disponible",
        "paquete": null,
        "seccion": "ORO",
        "manzana": "K",
        "manzanaId": "K"
      }
    },
    {
      "type": "Feature",
      "geometry": {
        "type": "Polygon",
        "coordinates": [
          [
            [
              4658.204192730878,
              5312.84001396879
            ],
            [
              4704.490157122452,
              5304.678549618445
            ],
            [
              4707.094879787456,
              5319.450665913628
            ],
            [
              4660.808915395883,
              5327.612130263974
            ],
            [
              4658.204192730878,
              5312.84001396879
            ]
          ]
        ]
      },
      "properties": {
        "id": "514",
        "lote": "514",
        "estatus": "disponible",
        "paquete": null,
        "seccion": "ORO",
        "manzana": "K",
        "manzanaId": "K"
      }
    },
    {
      "type": "Feature",
      "geometry": {
        "type": "Polygon",
        "coordinates": [
          [
            [
              4711.383811393537,
              5303.463012374777
            ],
            [
              4757.669775785112,
              5295.30154802443
            ],
            [
              4760.274498450115,
              5310.073664319613
            ],
            [
              4713.9885340585415,
              5318.2351286699595
            ],
            [
              4711.383811393537,
              5303.463012374777
            ]
          ]
        ]
      },
      "properties": {
        "id": "504",
        "lote": "504",
        "estatus": "disponible",
        "paquete": null,
        "seccion": "ORO",
        "manzana": "K",
        "manzanaId": "K"
      }
    },
    {
      "type": "Feature",
      "geometry": {
        "type": "Polygon",
        "coordinates": [
          [
            [
              4502.311948473906,
              5361.6519815640895
            ],
            [
              4548.59791286548,
              5353.490517213743
            ],
            [
              4551.202635530483,
              5368.262633508927
            ],
            [
              4504.91667113891,
              5376.4240978592725
            ],
            [
              4502.311948473906,
              5361.6519815640895
            ]
          ]
        ]
      },
      "properties": {
        "id": "543",
        "lote": "543",
        "estatus": "disponible",
        "paquete": null,
        "seccion": "ORO",
        "manzana": "K",
        "manzanaId": "K"
      }
    },
    {
      "type": "Feature",
      "geometry": {
        "type": "Polygon",
        "coordinates": [
          [
            [
              4555.491567136565,
              5352.274979970075
            ],
            [
              4601.777531528139,
              5344.11351561973
            ],
            [
              4604.382254193143,
              5358.885631914913
            ],
            [
              4558.09628980157,
              5367.047096265259
            ],
            [
              4555.491567136565,
              5352.274979970075
            ]
          ]
        ]
      },
      "properties": {
        "id": "533",
        "lote": "533",
        "estatus": "disponible",
        "paquete": null,
        "seccion": "ORO",
        "manzana": "K",
        "manzanaId": "K"
      }
    },
    {
      "type": "Feature",
      "geometry": {
        "type": "Polygon",
        "coordinates": [
          [
            [
              4608.671185799224,
              5342.8979783760615
            ],
            [
              4654.9571501907985,
              5334.736514025715
            ],
            [
              4657.561872855802,
              5349.508630320898
            ],
            [
              4611.275908464228,
              5357.670094671244
            ],
            [
              4608.671185799224,
              5342.8979783760615
            ]
          ]
        ]
      },
      "properties": {
        "id": "523",
        "lote": "523",
        "estatus": "disponible",
        "paquete": null,
        "seccion": "ORO",
        "manzana": "K",
        "manzanaId": "K"
      }
    },
    {
      "type": "Feature",
      "geometry": {
        "type": "Polygon",
        "coordinates": [
          [
            [
              4661.850804461884,
              5333.520976782047
            ],
            [
              4708.136768853457,
              5325.359512431701
            ],
            [
              4710.741491518462,
              5340.131628726885
            ],
            [
              4664.455527126887,
              5348.29309307723
            ],
            [
              4661.850804461884,
              5333.520976782047
            ]
          ]
        ]
      },
      "properties": {
        "id": "513",
        "lote": "513",
        "estatus": "disponible",
        "paquete": null,
        "seccion": "ORO",
        "manzana": "K",
        "manzanaId": "K"
      }
    },
    {
      "type": "Feature",
      "geometry": {
        "type": "Polygon",
        "coordinates": [
          [
            [
              4715.030423124543,
              5324.1439751880325
            ],
            [
              4761.316387516117,
              5315.982510837687
            ],
            [
              4763.921110181121,
              5330.75462713287
            ],
            [
              4717.635145789547,
              5338.9160914832155
            ],
            [
              4715.030423124543,
              5324.1439751880325
            ]
          ]
        ]
      },
      "properties": {
        "id": "503",
        "lote": "503",
        "estatus": "disponible",
        "paquete": null,
        "seccion": "ORO",
        "manzana": "K",
        "manzanaId": "K"
      }
    },
    {
      "type": "Feature",
      "geometry": {
        "type": "Polygon",
        "coordinates": [
          [
            [
              4505.958560204912,
              5382.332944377346
            ],
            [
              4552.2445245964855,
              5374.171480027
            ],
            [
              4554.849247261489,
              5388.943596322183
            ],
            [
              4508.563282869915,
              5397.105060672528
            ],
            [
              4505.958560204912,
              5382.332944377346
            ]
          ]
        ]
      },
      "properties": {
        "id": "542",
        "lote": "542",
        "estatus": "disponible",
        "paquete": null,
        "seccion": "ORO",
        "manzana": "K",
        "manzanaId": "K"
      }
    },
    {
      "type": "Feature",
      "geometry": {
        "type": "Polygon",
        "coordinates": [
          [
            [
              4559.138178867571,
              5372.955942783331
            ],
            [
              4605.424143259144,
              5364.794478432986
            ],
            [
              4608.028865924149,
              5379.56659472817
            ],
            [
              4561.742901532575,
              5387.728059078515
            ],
            [
              4559.138178867571,
              5372.955942783331
            ]
          ]
        ]
      },
      "properties": {
        "id": "532",
        "lote": "532",
        "estatus": "disponible",
        "paquete": null,
        "seccion": "ORO",
        "manzana": "K",
        "manzanaId": "K"
      }
    },
    {
      "type": "Feature",
      "geometry": {
        "type": "Polygon",
        "coordinates": [
          [
            [
              4612.31779753023,
              5363.578941189317
            ],
            [
              4658.603761921804,
              5355.417476838972
            ],
            [
              4661.208484586808,
              5370.189593134154
            ],
            [
              4614.922520195234,
              5378.3510574845
            ],
            [
              4612.31779753023,
              5363.578941189317
            ]
          ]
        ]
      },
      "properties": {
        "id": "522",
        "lote": "522",
        "estatus": "disponible",
        "paquete": null,
        "seccion": "ORO",
        "manzana": "K",
        "manzanaId": "K"
      }
    },
    {
      "type": "Feature",
      "geometry": {
        "type": "Polygon",
        "coordinates": [
          [
            [
              4665.497416192889,
              5354.201939595303
            ],
            [
              4711.783380584463,
              5346.040475244958
            ],
            [
              4714.388103249467,
              5360.812591540141
            ],
            [
              4668.102138857893,
              5368.974055890486
            ],
            [
              4665.497416192889,
              5354.201939595303
            ]
          ]
        ]
      },
      "properties": {
        "id": "512",
        "lote": "512",
        "estatus": "disponible",
        "paquete": null,
        "seccion": "ORO",
        "manzana": "K",
        "manzanaId": "K"
      }
    },
    {
      "type": "Feature",
      "geometry": {
        "type": "Polygon",
        "coordinates": [
          [
            [
              4718.677034855548,
              5344.8249380012885
            ],
            [
              4764.962999247122,
              5336.663473650943
            ],
            [
              4767.567721912126,
              5351.435589946126
            ],
            [
              4721.281757520553,
              5359.597054296472
            ],
            [
              4718.677034855548,
              5344.8249380012885
            ]
          ]
        ]
      },
      "properties": {
        "id": "502",
        "lote": "502",
        "estatus": "disponible",
        "paquete": null,
        "seccion": "ORO",
        "manzana": "K",
        "manzanaId": "K"
      }
    },
    {
      "type": "Feature",
      "geometry": {
        "type": "Polygon",
        "coordinates": [
          [
            [
              4509.6051719359175,
              5403.013907190602
            ],
            [
              4555.891136327491,
              5394.852442840257
            ],
            [
              4558.4958589924945,
              5409.624559135439
            ],
            [
              4512.209894600921,
              5417.786023485785
            ],
            [
              4509.6051719359175,
              5403.013907190602
            ]
          ]
        ]
      },
      "properties": {
        "id": "541",
        "lote": "541",
        "estatus": "disponible",
        "paquete": null,
        "seccion": "ORO",
        "manzana": "K",
        "manzanaId": "K"
      }
    },
    {
      "type": "Feature",
      "geometry": {
        "type": "Polygon",
        "coordinates": [
          [
            [
              4562.784790598576,
              5393.636905596588
            ],
            [
              4609.07075499015,
              5385.475441246243
            ],
            [
              4611.675477655154,
              5400.2475575414255
            ],
            [
              4565.389513263581,
              5408.409021891771
            ],
            [
              4562.784790598576,
              5393.636905596588
            ]
          ]
        ]
      },
      "properties": {
        "id": "531",
        "lote": "531",
        "estatus": "disponible",
        "paquete": null,
        "seccion": "ORO",
        "manzana": "K",
        "manzanaId": "K"
      }
    },
    {
      "type": "Feature",
      "geometry": {
        "type": "Polygon",
        "coordinates": [
          [
            [
              4615.964409261235,
              5384.259904002573
            ],
            [
              4662.25037365281,
              5376.098439652228
            ],
            [
              4664.855096317813,
              5390.870555947411
            ],
            [
              4618.56913192624,
              5399.032020297757
            ],
            [
              4615.964409261235,
              5384.259904002573
            ]
          ]
        ]
      },
      "properties": {
        "id": "521",
        "lote": "521",
        "estatus": "disponible",
        "paquete": null,
        "seccion": "ORO",
        "manzana": "K",
        "manzanaId": "K"
      }
    },
    {
      "type": "Feature",
      "geometry": {
        "type": "Polygon",
        "coordinates": [
          [
            [
              4669.144027923895,
              5374.88290240856
            ],
            [
              4715.429992315469,
              5366.721438058214
            ],
            [
              4718.034714980473,
              5381.493554353397
            ],
            [
              4671.7487505888985,
              5389.655018703743
            ],
            [
              4669.144027923895,
              5374.88290240856
            ]
          ]
        ]
      },
      "properties": {
        "id": "511",
        "lote": "511",
        "estatus": "disponible",
        "paquete": null,
        "seccion": "ORO",
        "manzana": "K",
        "manzanaId": "K"
      }
    },
    {
      "type": "Feature",
      "geometry": {
        "type": "Polygon",
        "coordinates": [
          [
            [
              4722.323646586554,
              5365.505900814545
            ],
            [
              4768.609610978128,
              5357.344436464199
            ],
            [
              4771.214333643132,
              5372.116552759383
            ],
            [
              4724.928369251558,
              5380.278017109728
            ],
            [
              4722.323646586554,
              5365.505900814545
            ]
          ]
        ]
      },
      "properties": {
        "id": "501",
        "lote": "501",
        "estatus": "disponible",
        "paquete": null,
        "seccion": "ORO",
        "manzana": "K",
        "manzanaId": "K"
      }
    },
    {
      "type": "Feature",
      "geometry": {
        "type": "Polygon",
        "coordinates": [
          [
            [
              4436.285666356867,
              4984.88284903039
            ],
            [
              4482.571630748441,
              4976.721384680045
            ],
            [
              4485.176353413445,
              4991.493500975228
            ],
            [
              4438.890389021872,
              4999.654965325574
            ],
            [
              4436.285666356867,
              4984.88284903039
            ]
          ]
        ]
      },
      "properties": {
        "id": "600",
        "lote": "600",
        "estatus": "disponible",
        "paquete": null,
        "seccion": "ORO",
        "manzana": "L",
        "manzanaId": "L"
      }
    },
    {
      "type": "Feature",
      "geometry": {
        "type": "Polygon",
        "coordinates": [
          [
            [
              4489.465285019526,
              4975.505847436377
            ],
            [
              4535.751249411101,
              4967.3443830860315
            ],
            [
              4538.355972076104,
              4982.1164993812135
            ],
            [
              4492.0700076845305,
              4990.27796373156
            ],
            [
              4489.465285019526,
              4975.505847436377
            ]
          ]
        ]
      },
      "properties": {
        "id": "590",
        "lote": "590",
        "estatus": "disponible",
        "paquete": null,
        "seccion": "ORO",
        "manzana": "L",
        "manzanaId": "L"
      }
    },
    {
      "type": "Feature",
      "geometry": {
        "type": "Polygon",
        "coordinates": [
          [
            [
              4542.644903682186,
              4966.128845842362
            ],
            [
              4588.9308680737595,
              4957.967381492016
            ],
            [
              4591.535590738764,
              4972.7394977872
            ],
            [
              4545.249626347189,
              4980.900962137545
            ],
            [
              4542.644903682186,
              4966.128845842362
            ]
          ]
        ]
      },
      "properties": {
        "id": "580",
        "lote": "580",
        "estatus": "disponible",
        "paquete": null,
        "seccion": "ORO",
        "manzana": "L",
        "manzanaId": "L"
      }
    },
    {
      "type": "Feature",
      "geometry": {
        "type": "Polygon",
        "coordinates": [
          [
            [
              4595.824522344845,
              4956.751844248348
            ],
            [
              4642.110486736418,
              4948.5903798980025
            ],
            [
              4644.715209401423,
              4963.3624961931855
            ],
            [
              4598.429245009849,
              4971.523960543532
            ],
            [
              4595.824522344845,
              4956.751844248348
            ]
          ]
        ]
      },
      "properties": {
        "id": "570",
        "lote": "570",
        "estatus": "disponible",
        "paquete": null,
        "seccion": "ORO",
        "manzana": "L",
        "manzanaId": "L"
      }
    },
    {
      "type": "Feature",
      "geometry": {
        "type": "Polygon",
        "coordinates": [
          [
            [
              4649.004141007505,
              4947.374842654334
            ],
            [
              4695.290105399078,
              4939.213378303988
            ],
            [
              4697.894828064082,
              4953.985494599171
            ],
            [
              4651.608863672508,
              4962.146958949516
            ],
            [
              4649.004141007505,
              4947.374842654334
            ]
          ]
        ]
      },
      "properties": {
        "id": "560",
        "lote": "560",
        "estatus": "disponible",
        "paquete": null,
        "seccion": "ORO",
        "manzana": "L",
        "manzanaId": "L"
      }
    },
    {
      "type": "Feature",
      "geometry": {
        "type": "Polygon",
        "coordinates": [
          [
            [
              4439.932278087873,
              5005.563811843647
            ],
            [
              4486.218242479446,
              4997.402347493301
            ],
            [
              4488.822965144451,
              5012.174463788485
            ],
            [
              4442.537000752876,
              5020.33592813883
            ],
            [
              4439.932278087873,
              5005.563811843647
            ]
          ]
        ]
      },
      "properties": {
        "id": "599",
        "lote": "599",
        "estatus": "disponible",
        "paquete": null,
        "seccion": "ORO",
        "manzana": "L",
        "manzanaId": "L"
      }
    },
    {
      "type": "Feature",
      "geometry": {
        "type": "Polygon",
        "coordinates": [
          [
            [
              4493.111896750532,
              4996.186810249633
            ],
            [
              4539.397861142106,
              4988.0253458992875
            ],
            [
              4542.00258380711,
              5002.79746219447
            ],
            [
              4495.716619415536,
              5010.958926544817
            ],
            [
              4493.111896750532,
              4996.186810249633
            ]
          ]
        ]
      },
      "properties": {
        "id": "589",
        "lote": "589",
        "estatus": "disponible",
        "paquete": null,
        "seccion": "ORO",
        "manzana": "L",
        "manzanaId": "L"
      }
    },
    {
      "type": "Feature",
      "geometry": {
        "type": "Polygon",
        "coordinates": [
          [
            [
              4546.2915154131915,
              4986.809808655619
            ],
            [
              4592.577479804765,
              4978.648344305273
            ],
            [
              4595.182202469769,
              4993.420460600456
            ],
            [
              4548.896238078195,
              5001.581924950801
            ],
            [
              4546.2915154131915,
              4986.809808655619
            ]
          ]
        ]
      },
      "properties": {
        "id": "579",
        "lote": "579",
        "estatus": "disponible",
        "paquete": null,
        "seccion": "ORO",
        "manzana": "L",
        "manzanaId": "L"
      }
    },
    {
      "type": "Feature",
      "geometry": {
        "type": "Polygon",
        "coordinates": [
          [
            [
              4599.47113407585,
              4977.432807061604
            ],
            [
              4645.757098467424,
              4969.2713427112585
            ],
            [
              4648.361821132428,
              4984.043459006442
            ],
            [
              4602.075856740855,
              4992.204923356788
            ],
            [
              4599.47113407585,
              4977.432807061604
            ]
          ]
        ]
      },
      "properties": {
        "id": "569",
        "lote": "569",
        "estatus": "disponible",
        "paquete": null,
        "seccion": "ORO",
        "manzana": "L",
        "manzanaId": "L"
      }
    },
    {
      "type": "Feature",
      "geometry": {
        "type": "Polygon",
        "coordinates": [
          [
            [
              4652.65075273851,
              4968.05580546759
            ],
            [
              4698.936717130084,
              4959.894341117245
            ],
            [
              4701.541439795087,
              4974.666457412427
            ],
            [
              4655.255475403514,
              4982.827921762773
            ],
            [
              4652.65075273851,
              4968.05580546759
            ]
          ]
        ]
      },
      "properties": {
        "id": "559",
        "lote": "559",
        "estatus": "disponible",
        "paquete": null,
        "seccion": "ORO",
        "manzana": "L",
        "manzanaId": "L"
      }
    },
    {
      "type": "Feature",
      "geometry": {
        "type": "Polygon",
        "coordinates": [
          [
            [
              4443.578889818878,
              5026.244774656904
            ],
            [
              4489.864854210452,
              5018.083310306558
            ],
            [
              4492.469576875456,
              5032.855426601741
            ],
            [
              4446.183612483882,
              5041.016890952086
            ],
            [
              4443.578889818878,
              5026.244774656904
            ]
          ]
        ]
      },
      "properties": {
        "id": "598",
        "lote": "598",
        "estatus": "disponible",
        "paquete": null,
        "seccion": "ORO",
        "manzana": "L",
        "manzanaId": "L"
      }
    },
    {
      "type": "Feature",
      "geometry": {
        "type": "Polygon",
        "coordinates": [
          [
            [
              4496.758508481537,
              5016.867773062889
            ],
            [
              4543.044472873112,
              5008.706308712543
            ],
            [
              4545.649195538115,
              5023.478425007727
            ],
            [
              4499.363231146542,
              5031.639889358073
            ],
            [
              4496.758508481537,
              5016.867773062889
            ]
          ]
        ]
      },
      "properties": {
        "id": "588",
        "lote": "588",
        "estatus": "disponible",
        "paquete": null,
        "seccion": "ORO",
        "manzana": "L",
        "manzanaId": "L"
      }
    },
    {
      "type": "Feature",
      "geometry": {
        "type": "Polygon",
        "coordinates": [
          [
            [
              4549.938127144197,
              5007.490771468875
            ],
            [
              4596.224091535771,
              4999.32930711853
            ],
            [
              4598.828814200775,
              5014.101423413712
            ],
            [
              4552.542849809201,
              5022.262887764058
            ],
            [
              4549.938127144197,
              5007.490771468875
            ]
          ]
        ]
      },
      "properties": {
        "id": "578",
        "lote": "578",
        "estatus": "disponible",
        "paquete": null,
        "seccion": "ORO",
        "manzana": "L",
        "manzanaId": "L"
      }
    },
    {
      "type": "Feature",
      "geometry": {
        "type": "Polygon",
        "coordinates": [
          [
            [
              4603.117745806856,
              4998.113769874861
            ],
            [
              4649.4037101984295,
              4989.9523055245145
            ],
            [
              4652.008432863434,
              5004.724421819698
            ],
            [
              4605.72246847186,
              5012.885886170044
            ],
            [
              4603.117745806856,
              4998.113769874861
            ]
          ]
        ]
      },
      "properties": {
        "id": "568",
        "lote": "568",
        "estatus": "disponible",
        "paquete": null,
        "seccion": "ORO",
        "manzana": "L",
        "manzanaId": "L"
      }
    },
    {
      "type": "Feature",
      "geometry": {
        "type": "Polygon",
        "coordinates": [
          [
            [
              4656.297364469516,
              4988.736768280846
            ],
            [
              4702.583328861089,
              4980.575303930501
            ],
            [
              4705.188051526093,
              4995.347420225684
            ],
            [
              4658.902087134519,
              5003.50888457603
            ],
            [
              4656.297364469516,
              4988.736768280846
            ]
          ]
        ]
      },
      "properties": {
        "id": "558",
        "lote": "558",
        "estatus": "disponible",
        "paquete": null,
        "seccion": "ORO",
        "manzana": "L",
        "manzanaId": "L"
      }
    },
    {
      "type": "Feature",
      "geometry": {
        "type": "Polygon",
        "coordinates": [
          [
            [
              4447.225501549884,
              5046.92573747016
            ],
            [
              4493.511465941458,
              5038.764273119815
            ],
            [
              4496.116188606462,
              5053.536389414997
            ],
            [
              4449.8302242148875,
              5061.697853765343
            ],
            [
              4447.225501549884,
              5046.92573747016
            ]
          ]
        ]
      },
      "properties": {
        "id": "597",
        "lote": "597",
        "estatus": "disponible",
        "paquete": null,
        "seccion": "ORO",
        "manzana": "L",
        "manzanaId": "L"
      }
    },
    {
      "type": "Feature",
      "geometry": {
        "type": "Polygon",
        "coordinates": [
          [
            [
              4500.405120212543,
              5037.548735876146
            ],
            [
              4546.691084604117,
              5029.387271525799
            ],
            [
              4549.295807269121,
              5044.159387820983
            ],
            [
              4503.009842877547,
              5052.320852171329
            ],
            [
              4500.405120212543,
              5037.548735876146
            ]
          ]
        ]
      },
      "properties": {
        "id": "587",
        "lote": "587",
        "estatus": "disponible",
        "paquete": null,
        "seccion": "ORO",
        "manzana": "L",
        "manzanaId": "L"
      }
    },
    {
      "type": "Feature",
      "geometry": {
        "type": "Polygon",
        "coordinates": [
          [
            [
              4553.584738875203,
              5028.171734282131
            ],
            [
              4599.870703266776,
              5020.010269931786
            ],
            [
              4602.47542593178,
              5034.782386226969
            ],
            [
              4556.189461540206,
              5042.943850577315
            ],
            [
              4553.584738875203,
              5028.171734282131
            ]
          ]
        ]
      },
      "properties": {
        "id": "577",
        "lote": "577",
        "estatus": "disponible",
        "paquete": null,
        "seccion": "ORO",
        "manzana": "L",
        "manzanaId": "L"
      }
    },
    {
      "type": "Feature",
      "geometry": {
        "type": "Polygon",
        "coordinates": [
          [
            [
              4606.7643575378615,
              5018.794732688118
            ],
            [
              4653.050321929435,
              5010.633268337771
            ],
            [
              4655.6550445944395,
              5025.405384632954
            ],
            [
              4609.369080202866,
              5033.566848983301
            ],
            [
              4606.7643575378615,
              5018.794732688118
            ]
          ]
        ]
      },
      "properties": {
        "id": "567",
        "lote": "567",
        "estatus": "disponible",
        "paquete": null,
        "seccion": "ORO",
        "manzana": "L",
        "manzanaId": "L"
      }
    },
    {
      "type": "Feature",
      "geometry": {
        "type": "Polygon",
        "coordinates": [
          [
            [
              4659.94397620052,
              5009.417731094103
            ],
            [
              4706.229940592095,
              5001.256266743757
            ],
            [
              4708.834663257098,
              5016.028383038941
            ],
            [
              4662.548698865525,
              5024.189847389286
            ],
            [
              4659.94397620052,
              5009.417731094103
            ]
          ]
        ]
      },
      "properties": {
        "id": "557",
        "lote": "557",
        "estatus": "disponible",
        "paquete": null,
        "seccion": "ORO",
        "manzana": "L",
        "manzanaId": "L"
      }
    },
    {
      "type": "Feature",
      "geometry": {
        "type": "Polygon",
        "coordinates": [
          [
            [
              4450.87211328089,
              5067.606700283416
            ],
            [
              4497.158077672463,
              5059.445235933071
            ],
            [
              4499.7628003374675,
              5074.217352228254
            ],
            [
              4453.476835945893,
              5082.3788165786
            ],
            [
              4450.87211328089,
              5067.606700283416
            ]
          ]
        ]
      },
      "properties": {
        "id": "596",
        "lote": "596",
        "estatus": "disponible",
        "paquete": null,
        "seccion": "ORO",
        "manzana": "L",
        "manzanaId": "L"
      }
    },
    {
      "type": "Feature",
      "geometry": {
        "type": "Polygon",
        "coordinates": [
          [
            [
              4504.0517319435485,
              5058.2296986894025
            ],
            [
              4550.337696335122,
              5050.068234339056
            ],
            [
              4552.942419000126,
              5064.840350634239
            ],
            [
              4506.656454608553,
              5073.001814984585
            ],
            [
              4504.0517319435485,
              5058.2296986894025
            ]
          ]
        ]
      },
      "properties": {
        "id": "586",
        "lote": "586",
        "estatus": "disponible",
        "paquete": null,
        "seccion": "ORO",
        "manzana": "L",
        "manzanaId": "L"
      }
    },
    {
      "type": "Feature",
      "geometry": {
        "type": "Polygon",
        "coordinates": [
          [
            [
              4557.231350606208,
              5048.852697095388
            ],
            [
              4603.517314997782,
              5040.691232745042
            ],
            [
              4606.122037662785,
              5055.463349040226
            ],
            [
              4559.836073271212,
              5063.624813390571
            ],
            [
              4557.231350606208,
              5048.852697095388
            ]
          ]
        ]
      },
      "properties": {
        "id": "576",
        "lote": "576",
        "estatus": "disponible",
        "paquete": null,
        "seccion": "ORO",
        "manzana": "L",
        "manzanaId": "L"
      }
    },
    {
      "type": "Feature",
      "geometry": {
        "type": "Polygon",
        "coordinates": [
          [
            [
              4610.410969268867,
              5039.475695501374
            ],
            [
              4656.696933660441,
              5031.314231151028
            ],
            [
              4659.301656325445,
              5046.086347446211
            ],
            [
              4613.0156919338715,
              5054.247811796557
            ],
            [
              4610.410969268867,
              5039.475695501374
            ]
          ]
        ]
      },
      "properties": {
        "id": "566",
        "lote": "566",
        "estatus": "disponible",
        "paquete": null,
        "seccion": "ORO",
        "manzana": "L",
        "manzanaId": "L"
      }
    },
    {
      "type": "Feature",
      "geometry": {
        "type": "Polygon",
        "coordinates": [
          [
            [
              4663.590587931526,
              5030.09869390736
            ],
            [
              4709.8765523231,
              5021.937229557014
            ],
            [
              4712.481274988104,
              5036.709345852197
            ],
            [
              4666.19531059653,
              5044.870810202542
            ],
            [
              4663.590587931526,
              5030.09869390736
            ]
          ]
        ]
      },
      "properties": {
        "id": "556",
        "lote": "556",
        "estatus": "disponible",
        "paquete": null,
        "seccion": "ORO",
        "manzana": "L",
        "manzanaId": "L"
      }
    },
    {
      "type": "Feature",
      "geometry": {
        "type": "Polygon",
        "coordinates": [
          [
            [
              4454.518725011895,
              5088.287663096672
            ],
            [
              4500.804689403469,
              5080.126198746327
            ],
            [
              4503.409412068473,
              5094.898315041511
            ],
            [
              4457.123447676899,
              5103.059779391856
            ],
            [
              4454.518725011895,
              5088.287663096672
            ]
          ]
        ]
      },
      "properties": {
        "id": "595",
        "lote": "595",
        "estatus": "disponible",
        "paquete": null,
        "seccion": "ORO",
        "manzana": "L",
        "manzanaId": "L"
      }
    },
    {
      "type": "Feature",
      "geometry": {
        "type": "Polygon",
        "coordinates": [
          [
            [
              4507.698343674554,
              5078.9106615026585
            ],
            [
              4553.984308066128,
              5070.749197152313
            ],
            [
              4556.589030731132,
              5085.521313447495
            ],
            [
              4510.303066339558,
              5093.6827777978415
            ],
            [
              4507.698343674554,
              5078.9106615026585
            ]
          ]
        ]
      },
      "properties": {
        "id": "585",
        "lote": "585",
        "estatus": "disponible",
        "paquete": null,
        "seccion": "ORO",
        "manzana": "L",
        "manzanaId": "L"
      }
    },
    {
      "type": "Feature",
      "geometry": {
        "type": "Polygon",
        "coordinates": [
          [
            [
              4560.877962337214,
              5069.533659908644
            ],
            [
              4607.163926728787,
              5061.372195558299
            ],
            [
              4609.768649393791,
              5076.144311853482
            ],
            [
              4563.482685002217,
              5084.305776203827
            ],
            [
              4560.877962337214,
              5069.533659908644
            ]
          ]
        ]
      },
      "properties": {
        "id": "575",
        "lote": "575",
        "estatus": "disponible",
        "paquete": null,
        "seccion": "ORO",
        "manzana": "L",
        "manzanaId": "L"
      }
    },
    {
      "type": "Feature",
      "geometry": {
        "type": "Polygon",
        "coordinates": [
          [
            [
              4614.057580999873,
              5060.15665831463
            ],
            [
              4660.343545391446,
              5051.995193964284
            ],
            [
              4662.948268056451,
              5066.767310259467
            ],
            [
              4616.662303664877,
              5074.928774609813
            ],
            [
              4614.057580999873,
              5060.15665831463
            ]
          ]
        ]
      },
      "properties": {
        "id": "565",
        "lote": "565",
        "estatus": "disponible",
        "paquete": null,
        "seccion": "ORO",
        "manzana": "L",
        "manzanaId": "L"
      }
    },
    {
      "type": "Feature",
      "geometry": {
        "type": "Polygon",
        "coordinates": [
          [
            [
              4667.237199662532,
              5050.779656720616
            ],
            [
              4713.523164054106,
              5042.618192370271
            ],
            [
              4716.1278867191095,
              5057.390308665453
            ],
            [
              4669.841922327536,
              5065.551773015799
            ],
            [
              4667.237199662532,
              5050.779656720616
            ]
          ]
        ]
      },
      "properties": {
        "id": "555",
        "lote": "555",
        "estatus": "disponible",
        "paquete": null,
        "seccion": "ORO",
        "manzana": "L",
        "manzanaId": "L"
      }
    },
    {
      "type": "Feature",
      "geometry": {
        "type": "Polygon",
        "coordinates": [
          [
            [
              4458.165336742901,
              5108.968625909929
            ],
            [
              4504.451301134474,
              5100.807161559583
            ],
            [
              4507.056023799479,
              5115.579277854767
            ],
            [
              4460.770059407904,
              5123.740742205112
            ],
            [
              4458.165336742901,
              5108.968625909929
            ]
          ]
        ]
      },
      "properties": {
        "id": "594",
        "lote": "594",
        "estatus": "disponible",
        "paquete": null,
        "seccion": "ORO",
        "manzana": "L",
        "manzanaId": "L"
      }
    },
    {
      "type": "Feature",
      "geometry": {
        "type": "Polygon",
        "coordinates": [
          [
            [
              4511.34495540556,
              5099.5916243159145
            ],
            [
              4557.630919797133,
              5091.430159965569
            ],
            [
              4560.235642462138,
              5106.202276260752
            ],
            [
              4513.949678070564,
              5114.363740611098
            ],
            [
              4511.34495540556,
              5099.5916243159145
            ]
          ]
        ]
      },
      "properties": {
        "id": "584",
        "lote": "584",
        "estatus": "disponible",
        "paquete": null,
        "seccion": "ORO",
        "manzana": "L",
        "manzanaId": "L"
      }
    },
    {
      "type": "Feature",
      "geometry": {
        "type": "Polygon",
        "coordinates": [
          [
            [
              4564.524574068219,
              5090.214622721901
            ],
            [
              4610.810538459793,
              5082.053158371555
            ],
            [
              4613.415261124796,
              5096.825274666738
            ],
            [
              4567.129296733223,
              5104.986739017084
            ],
            [
              4564.524574068219,
              5090.214622721901
            ]
          ]
        ]
      },
      "properties": {
        "id": "574",
        "lote": "574",
        "estatus": "disponible",
        "paquete": null,
        "seccion": "ORO",
        "manzana": "L",
        "manzanaId": "L"
      }
    },
    {
      "type": "Feature",
      "geometry": {
        "type": "Polygon",
        "coordinates": [
          [
            [
              4617.704192730878,
              5080.837621127886
            ],
            [
              4663.990157122452,
              5072.67615677754
            ],
            [
              4666.594879787456,
              5087.448273072724
            ],
            [
              4620.308915395883,
              5095.609737423069
            ],
            [
              4617.704192730878,
              5080.837621127886
            ]
          ]
        ]
      },
      "properties": {
        "id": "564",
        "lote": "564",
        "estatus": "disponible",
        "paquete": null,
        "seccion": "ORO",
        "manzana": "L",
        "manzanaId": "L"
      }
    },
    {
      "type": "Feature",
      "geometry": {
        "type": "Polygon",
        "coordinates": [
          [
            [
              4670.883811393537,
              5071.460619533872
            ],
            [
              4717.169775785112,
              5063.299155183527
            ],
            [
              4719.774498450115,
              5078.07127147871
            ],
            [
              4673.4885340585415,
              5086.232735829056
            ],
            [
              4670.883811393537,
              5071.460619533872
            ]
          ]
        ]
      },
      "properties": {
        "id": "554",
        "lote": "554",
        "estatus": "disponible",
        "paquete": null,
        "seccion": "ORO",
        "manzana": "L",
        "manzanaId": "L"
      }
    },
    {
      "type": "Feature",
      "geometry": {
        "type": "Polygon",
        "coordinates": [
          [
            [
              4461.811948473906,
              5129.649588723186
            ],
            [
              4508.09791286548,
              5121.48812437284
            ],
            [
              4510.702635530483,
              5136.260240668023
            ],
            [
              4464.41667113891,
              5144.421705018368
            ],
            [
              4461.811948473906,
              5129.649588723186
            ]
          ]
        ]
      },
      "properties": {
        "id": "593",
        "lote": "593",
        "estatus": "disponible",
        "paquete": null,
        "seccion": "ORO",
        "manzana": "L",
        "manzanaId": "L"
      }
    },
    {
      "type": "Feature",
      "geometry": {
        "type": "Polygon",
        "coordinates": [
          [
            [
              4514.991567136565,
              5120.272587129171
            ],
            [
              4561.277531528139,
              5112.111122778825
            ],
            [
              4563.882254193143,
              5126.883239074009
            ],
            [
              4517.59628980157,
              5135.044703424354
            ],
            [
              4514.991567136565,
              5120.272587129171
            ]
          ]
        ]
      },
      "properties": {
        "id": "583",
        "lote": "583",
        "estatus": "disponible",
        "paquete": null,
        "seccion": "ORO",
        "manzana": "L",
        "manzanaId": "L"
      }
    },
    {
      "type": "Feature",
      "geometry": {
        "type": "Polygon",
        "coordinates": [
          [
            [
              4568.171185799224,
              5110.895585535157
            ],
            [
              4614.4571501907985,
              5102.734121184812
            ],
            [
              4617.061872855802,
              5117.5062374799945
            ],
            [
              4570.775908464228,
              5125.66770183034
            ],
            [
              4568.171185799224,
              5110.895585535157
            ]
          ]
        ]
      },
      "properties": {
        "id": "573",
        "lote": "573",
        "estatus": "disponible",
        "paquete": null,
        "seccion": "ORO",
        "manzana": "L",
        "manzanaId": "L"
      }
    },
    {
      "type": "Feature",
      "geometry": {
        "type": "Polygon",
        "coordinates": [
          [
            [
              4621.350804461884,
              5101.518583941143
            ],
            [
              4667.636768853457,
              5093.357119590797
            ],
            [
              4670.241491518462,
              5108.12923588598
            ],
            [
              4623.955527126887,
              5116.290700236325
            ],
            [
              4621.350804461884,
              5101.518583941143
            ]
          ]
        ]
      },
      "properties": {
        "id": "563",
        "lote": "563",
        "estatus": "disponible",
        "paquete": null,
        "seccion": "ORO",
        "manzana": "L",
        "manzanaId": "L"
      }
    },
    {
      "type": "Feature",
      "geometry": {
        "type": "Polygon",
        "coordinates": [
          [
            [
              4674.530423124543,
              5092.141582347128
            ],
            [
              4720.816387516117,
              5083.980117996783
            ],
            [
              4723.421110181121,
              5098.7522342919665
            ],
            [
              4677.135145789547,
              5106.913698642312
            ],
            [
              4674.530423124543,
              5092.141582347128
            ]
          ]
        ]
      },
      "properties": {
        "id": "553",
        "lote": "553",
        "estatus": "disponible",
        "paquete": null,
        "seccion": "ORO",
        "manzana": "L",
        "manzanaId": "L"
      }
    },
    {
      "type": "Feature",
      "geometry": {
        "type": "Polygon",
        "coordinates": [
          [
            [
              4465.458560204912,
              5150.330551536442
            ],
            [
              4511.7445245964855,
              5142.1690871860965
            ],
            [
              4514.349247261489,
              5156.9412034812785
            ],
            [
              4468.063282869915,
              5165.102667831625
            ],
            [
              4465.458560204912,
              5150.330551536442
            ]
          ]
        ]
      },
      "properties": {
        "id": "592",
        "lote": "592",
        "estatus": "disponible",
        "paquete": null,
        "seccion": "ORO",
        "manzana": "L",
        "manzanaId": "L"
      }
    },
    {
      "type": "Feature",
      "geometry": {
        "type": "Polygon",
        "coordinates": [
          [
            [
              4518.638178867571,
              5140.953549942427
            ],
            [
              4564.924143259144,
              5132.792085592082
            ],
            [
              4567.528865924149,
              5147.564201887265
            ],
            [
              4521.242901532575,
              5155.72566623761
            ],
            [
              4518.638178867571,
              5140.953549942427
            ]
          ]
        ]
      },
      "properties": {
        "id": "582",
        "lote": "582",
        "estatus": "disponible",
        "paquete": null,
        "seccion": "ORO",
        "manzana": "L",
        "manzanaId": "L"
      }
    },
    {
      "type": "Feature",
      "geometry": {
        "type": "Polygon",
        "coordinates": [
          [
            [
              4571.81779753023,
              5131.576548348413
            ],
            [
              4618.103761921804,
              5123.4150839980675
            ],
            [
              4620.708484586808,
              5138.1872002932505
            ],
            [
              4574.422520195234,
              5146.348664643597
            ],
            [
              4571.81779753023,
              5131.576548348413
            ]
          ]
        ]
      },
      "properties": {
        "id": "572",
        "lote": "572",
        "estatus": "disponible",
        "paquete": null,
        "seccion": "ORO",
        "manzana": "L",
        "manzanaId": "L"
      }
    },
    {
      "type": "Feature",
      "geometry": {
        "type": "Polygon",
        "coordinates": [
          [
            [
              4624.997416192889,
              5122.199546754399
            ],
            [
              4671.283380584463,
              5114.038082404054
            ],
            [
              4673.888103249467,
              5128.810198699236
            ],
            [
              4627.602138857893,
              5136.971663049582
            ],
            [
              4624.997416192889,
              5122.199546754399
            ]
          ]
        ]
      },
      "properties": {
        "id": "562",
        "lote": "562",
        "estatus": "disponible",
        "paquete": null,
        "seccion": "ORO",
        "manzana": "L",
        "manzanaId": "L"
      }
    },
    {
      "type": "Feature",
      "geometry": {
        "type": "Polygon",
        "coordinates": [
          [
            [
              4678.177034855548,
              5112.822545160385
            ],
            [
              4724.462999247122,
              5104.661080810039
            ],
            [
              4727.067721912126,
              5119.4331971052225
            ],
            [
              4680.781757520553,
              5127.594661455568
            ],
            [
              4678.177034855548,
              5112.822545160385
            ]
          ]
        ]
      },
      "properties": {
        "id": "552",
        "lote": "552",
        "estatus": "disponible",
        "paquete": null,
        "seccion": "ORO",
        "manzana": "L",
        "manzanaId": "L"
      }
    },
    {
      "type": "Feature",
      "geometry": {
        "type": "Polygon",
        "coordinates": [
          [
            [
              4469.1051719359175,
              5171.011514349698
            ],
            [
              4515.391136327491,
              5162.850049999352
            ],
            [
              4517.9958589924945,
              5177.622166294535
            ],
            [
              4471.709894600921,
              5185.783630644882
            ],
            [
              4469.1051719359175,
              5171.011514349698
            ]
          ]
        ]
      },
      "properties": {
        "id": "591",
        "lote": "591",
        "estatus": "disponible",
        "paquete": null,
        "seccion": "ORO",
        "manzana": "L",
        "manzanaId": "L"
      }
    },
    {
      "type": "Feature",
      "geometry": {
        "type": "Polygon",
        "coordinates": [
          [
            [
              4522.284790598576,
              5161.634512755684
            ],
            [
              4568.57075499015,
              5153.473048405338
            ],
            [
              4571.175477655154,
              5168.245164700521
            ],
            [
              4524.889513263581,
              5176.406629050867
            ],
            [
              4522.284790598576,
              5161.634512755684
            ]
          ]
        ]
      },
      "properties": {
        "id": "581",
        "lote": "581",
        "estatus": "disponible",
        "paquete": null,
        "seccion": "ORO",
        "manzana": "L",
        "manzanaId": "L"
      }
    },
    {
      "type": "Feature",
      "geometry": {
        "type": "Polygon",
        "coordinates": [
          [
            [
              4575.464409261235,
              5152.25751116167
            ],
            [
              4621.75037365281,
              5144.0960468113235
            ],
            [
              4624.355096317813,
              5158.868163106507
            ],
            [
              4578.06913192624,
              5167.029627456853
            ],
            [
              4575.464409261235,
              5152.25751116167
            ]
          ]
        ]
      },
      "properties": {
        "id": "571",
        "lote": "571",
        "estatus": "disponible",
        "paquete": null,
        "seccion": "ORO",
        "manzana": "L",
        "manzanaId": "L"
      }
    },
    {
      "type": "Feature",
      "geometry": {
        "type": "Polygon",
        "coordinates": [
          [
            [
              4628.644027923895,
              5142.880509567655
            ],
            [
              4674.929992315469,
              5134.71904521731
            ],
            [
              4677.534714980473,
              5149.491161512493
            ],
            [
              4631.2487505888985,
              5157.652625862839
            ],
            [
              4628.644027923895,
              5142.880509567655
            ]
          ]
        ]
      },
      "properties": {
        "id": "561",
        "lote": "561",
        "estatus": "disponible",
        "paquete": null,
        "seccion": "ORO",
        "manzana": "L",
        "manzanaId": "L"
      }
    },
    {
      "type": "Feature",
      "geometry": {
        "type": "Polygon",
        "coordinates": [
          [
            [
              4681.823646586554,
              5133.503507973642
            ],
            [
              4728.109610978128,
              5125.3420436232955
            ],
            [
              4730.714333643132,
              5140.114159918478
            ],
            [
              4684.428369251558,
              5148.275624268824
            ],
            [
              4681.823646586554,
              5133.503507973642
            ]
          ]
        ]
      },
      "properties": {
        "id": "551",
        "lote": "551",
        "estatus": "disponible",
        "paquete": null,
        "seccion": "ORO",
        "manzana": "L",
        "manzanaId": "L"
      }
    },
    {
      "type": "Feature",
      "geometry": {
        "type": "Polygon",
        "coordinates": [
          [
            [
              4395.285666356867,
              4752.8831481355055
            ],
            [
              4441.571630748441,
              4744.721683785159
            ],
            [
              4444.176353413445,
              4759.493800080342
            ],
            [
              4397.890389021872,
              4767.655264430688
            ],
            [
              4395.285666356867,
              4752.8831481355055
            ]
          ]
        ]
      },
      "properties": {
        "id": "650",
        "lote": "650",
        "estatus": "disponible",
        "paquete": null,
        "seccion": "ORO",
        "manzana": "M",
        "manzanaId": "M"
      }
    },
    {
      "type": "Feature",
      "geometry": {
        "type": "Polygon",
        "coordinates": [
          [
            [
              4448.465285019526,
              4743.506146541491
            ],
            [
              4494.751249411101,
              4735.344682191145
            ],
            [
              4497.355972076104,
              4750.116798486329
            ],
            [
              4451.0700076845305,
              4758.278262836674
            ],
            [
              4448.465285019526,
              4743.506146541491
            ]
          ]
        ]
      },
      "properties": {
        "id": "640",
        "lote": "640",
        "estatus": "disponible",
        "paquete": null,
        "seccion": "ORO",
        "manzana": "M",
        "manzanaId": "M"
      }
    },
    {
      "type": "Feature",
      "geometry": {
        "type": "Polygon",
        "coordinates": [
          [
            [
              4501.644903682186,
              4734.129144947477
            ],
            [
              4547.9308680737595,
              4725.967680597131
            ],
            [
              4550.535590738764,
              4740.739796892314
            ],
            [
              4504.249626347189,
              4748.9012612426595
            ],
            [
              4501.644903682186,
              4734.129144947477
            ]
          ]
        ]
      },
      "properties": {
        "id": "630",
        "lote": "630",
        "estatus": "disponible",
        "paquete": null,
        "seccion": "ORO",
        "manzana": "M",
        "manzanaId": "M"
      }
    },
    {
      "type": "Feature",
      "geometry": {
        "type": "Polygon",
        "coordinates": [
          [
            [
              4554.824522344845,
              4724.752143353463
            ],
            [
              4601.110486736418,
              4716.590679003117
            ],
            [
              4603.715209401423,
              4731.3627952983
            ],
            [
              4557.429245009849,
              4739.524259648645
            ],
            [
              4554.824522344845,
              4724.752143353463
            ]
          ]
        ]
      },
      "properties": {
        "id": "620",
        "lote": "620",
        "estatus": "disponible",
        "paquete": null,
        "seccion": "ORO",
        "manzana": "M",
        "manzanaId": "M"
      }
    },
    {
      "type": "Feature",
      "geometry": {
        "type": "Polygon",
        "coordinates": [
          [
            [
              4608.004141007505,
              4715.375141759448
            ],
            [
              4654.290105399078,
              4707.213677409102
            ],
            [
              4656.894828064082,
              4721.985793704286
            ],
            [
              4610.608863672508,
              4730.1472580546315
            ],
            [
              4608.004141007505,
              4715.375141759448
            ]
          ]
        ]
      },
      "properties": {
        "id": "610",
        "lote": "610",
        "estatus": "disponible",
        "paquete": null,
        "seccion": "ORO",
        "manzana": "M",
        "manzanaId": "M"
      }
    },
    {
      "type": "Feature",
      "geometry": {
        "type": "Polygon",
        "coordinates": [
          [
            [
              4398.932278087873,
              4773.5641109487615
            ],
            [
              4445.218242479446,
              4765.402646598416
            ],
            [
              4447.822965144451,
              4780.174762893598
            ],
            [
              4401.537000752876,
              4788.336227243944
            ],
            [
              4398.932278087873,
              4773.5641109487615
            ]
          ]
        ]
      },
      "properties": {
        "id": "649",
        "lote": "649",
        "estatus": "disponible",
        "paquete": null,
        "seccion": "ORO",
        "manzana": "M",
        "manzanaId": "M"
      }
    },
    {
      "type": "Feature",
      "geometry": {
        "type": "Polygon",
        "coordinates": [
          [
            [
              4452.111896750532,
              4764.187109354747
            ],
            [
              4498.397861142106,
              4756.025645004402
            ],
            [
              4501.00258380711,
              4770.797761299585
            ],
            [
              4454.716619415536,
              4778.95922564993
            ],
            [
              4452.111896750532,
              4764.187109354747
            ]
          ]
        ]
      },
      "properties": {
        "id": "639",
        "lote": "639",
        "estatus": "disponible",
        "paquete": null,
        "seccion": "ORO",
        "manzana": "M",
        "manzanaId": "M"
      }
    },
    {
      "type": "Feature",
      "geometry": {
        "type": "Polygon",
        "coordinates": [
          [
            [
              4505.2915154131915,
              4754.8101077607325
            ],
            [
              4551.577479804765,
              4746.648643410387
            ],
            [
              4554.182202469769,
              4761.42075970557
            ],
            [
              4507.896238078195,
              4769.582224055916
            ],
            [
              4505.2915154131915,
              4754.8101077607325
            ]
          ]
        ]
      },
      "properties": {
        "id": "629",
        "lote": "629",
        "estatus": "disponible",
        "paquete": null,
        "seccion": "ORO",
        "manzana": "M",
        "manzanaId": "M"
      }
    },
    {
      "type": "Feature",
      "geometry": {
        "type": "Polygon",
        "coordinates": [
          [
            [
              4558.47113407585,
              4745.433106166719
            ],
            [
              4604.757098467424,
              4737.271641816374
            ],
            [
              4607.361821132428,
              4752.043758111556
            ],
            [
              4561.075856740855,
              4760.205222461902
            ],
            [
              4558.47113407585,
              4745.433106166719
            ]
          ]
        ]
      },
      "properties": {
        "id": "619",
        "lote": "619",
        "estatus": "disponible",
        "paquete": null,
        "seccion": "ORO",
        "manzana": "M",
        "manzanaId": "M"
      }
    },
    {
      "type": "Feature",
      "geometry": {
        "type": "Polygon",
        "coordinates": [
          [
            [
              4611.65075273851,
              4736.0561045727045
            ],
            [
              4657.936717130084,
              4727.894640222358
            ],
            [
              4660.541439795087,
              4742.666756517542
            ],
            [
              4614.255475403514,
              4750.8282208678875
            ],
            [
              4611.65075273851,
              4736.0561045727045
            ]
          ]
        ]
      },
      "properties": {
        "id": "609",
        "lote": "609",
        "estatus": "disponible",
        "paquete": null,
        "seccion": "ORO",
        "manzana": "M",
        "manzanaId": "M"
      }
    },
    {
      "type": "Feature",
      "geometry": {
        "type": "Polygon",
        "coordinates": [
          [
            [
              4402.578889818878,
              4794.2450737620175
            ],
            [
              4448.864854210452,
              4786.083609411672
            ],
            [
              4451.469576875456,
              4800.855725706855
            ],
            [
              4405.183612483882,
              4809.017190057201
            ],
            [
              4402.578889818878,
              4794.2450737620175
            ]
          ]
        ]
      },
      "properties": {
        "id": "648",
        "lote": "648",
        "estatus": "disponible",
        "paquete": null,
        "seccion": "ORO",
        "manzana": "M",
        "manzanaId": "M"
      }
    },
    {
      "type": "Feature",
      "geometry": {
        "type": "Polygon",
        "coordinates": [
          [
            [
              4455.758508481537,
              4784.868072168004
            ],
            [
              4502.044472873112,
              4776.706607817658
            ],
            [
              4504.649195538115,
              4791.478724112841
            ],
            [
              4458.363231146542,
              4799.640188463187
            ],
            [
              4455.758508481537,
              4784.868072168004
            ]
          ]
        ]
      },
      "properties": {
        "id": "638",
        "lote": "638",
        "estatus": "disponible",
        "paquete": null,
        "seccion": "ORO",
        "manzana": "M",
        "manzanaId": "M"
      }
    },
    {
      "type": "Feature",
      "geometry": {
        "type": "Polygon",
        "coordinates": [
          [
            [
              4508.938127144197,
              4775.491070573989
            ],
            [
              4555.224091535771,
              4767.329606223643
            ],
            [
              4557.828814200775,
              4782.101722518827
            ],
            [
              4511.542849809201,
              4790.263186869172
            ],
            [
              4508.938127144197,
              4775.491070573989
            ]
          ]
        ]
      },
      "properties": {
        "id": "628",
        "lote": "628",
        "estatus": "disponible",
        "paquete": null,
        "seccion": "ORO",
        "manzana": "M",
        "manzanaId": "M"
      }
    },
    {
      "type": "Feature",
      "geometry": {
        "type": "Polygon",
        "coordinates": [
          [
            [
              4562.117745806856,
              4766.114068979975
            ],
            [
              4608.4037101984295,
              4757.95260462963
            ],
            [
              4611.008432863434,
              4772.724720924813
            ],
            [
              4564.72246847186,
              4780.886185275159
            ],
            [
              4562.117745806856,
              4766.114068979975
            ]
          ]
        ]
      },
      "properties": {
        "id": "618",
        "lote": "618",
        "estatus": "disponible",
        "paquete": null,
        "seccion": "ORO",
        "manzana": "M",
        "manzanaId": "M"
      }
    },
    {
      "type": "Feature",
      "geometry": {
        "type": "Polygon",
        "coordinates": [
          [
            [
              4615.297364469516,
              4756.737067385961
            ],
            [
              4661.583328861089,
              4748.575603035615
            ],
            [
              4664.188051526093,
              4763.347719330798
            ],
            [
              4617.902087134519,
              4771.509183681143
            ],
            [
              4615.297364469516,
              4756.737067385961
            ]
          ]
        ]
      },
      "properties": {
        "id": "608",
        "lote": "608",
        "estatus": "disponible",
        "paquete": null,
        "seccion": "ORO",
        "manzana": "M",
        "manzanaId": "M"
      }
    },
    {
      "type": "Feature",
      "geometry": {
        "type": "Polygon",
        "coordinates": [
          [
            [
              4406.225501549884,
              4814.926036575274
            ],
            [
              4452.511465941458,
              4806.764572224928
            ],
            [
              4455.116188606462,
              4821.536688520112
            ],
            [
              4408.8302242148875,
              4829.698152870457
            ],
            [
              4406.225501549884,
              4814.926036575274
            ]
          ]
        ]
      },
      "properties": {
        "id": "647",
        "lote": "647",
        "estatus": "disponible",
        "paquete": null,
        "seccion": "ORO",
        "manzana": "M",
        "manzanaId": "M"
      }
    },
    {
      "type": "Feature",
      "geometry": {
        "type": "Polygon",
        "coordinates": [
          [
            [
              4459.405120212543,
              4805.54903498126
            ],
            [
              4505.691084604117,
              4797.3875706309145
            ],
            [
              4508.295807269121,
              4812.1596869260975
            ],
            [
              4462.009842877547,
              4820.321151276443
            ],
            [
              4459.405120212543,
              4805.54903498126
            ]
          ]
        ]
      },
      "properties": {
        "id": "637",
        "lote": "637",
        "estatus": "disponible",
        "paquete": null,
        "seccion": "ORO",
        "manzana": "M",
        "manzanaId": "M"
      }
    },
    {
      "type": "Feature",
      "geometry": {
        "type": "Polygon",
        "coordinates": [
          [
            [
              4512.584738875203,
              4796.172033387246
            ],
            [
              4558.870703266776,
              4788.0105690369
            ],
            [
              4561.47542593178,
              4802.782685332083
            ],
            [
              4515.189461540206,
              4810.944149682428
            ],
            [
              4512.584738875203,
              4796.172033387246
            ]
          ]
        ]
      },
      "properties": {
        "id": "627",
        "lote": "627",
        "estatus": "disponible",
        "paquete": null,
        "seccion": "ORO",
        "manzana": "M",
        "manzanaId": "M"
      }
    },
    {
      "type": "Feature",
      "geometry": {
        "type": "Polygon",
        "coordinates": [
          [
            [
              4565.7643575378615,
              4786.795031793231
            ],
            [
              4612.050321929435,
              4778.633567442886
            ],
            [
              4614.6550445944395,
              4793.4056837380695
            ],
            [
              4568.369080202866,
              4801.567148088415
            ],
            [
              4565.7643575378615,
              4786.795031793231
            ]
          ]
        ]
      },
      "properties": {
        "id": "617",
        "lote": "617",
        "estatus": "disponible",
        "paquete": null,
        "seccion": "ORO",
        "manzana": "M",
        "manzanaId": "M"
      }
    },
    {
      "type": "Feature",
      "geometry": {
        "type": "Polygon",
        "coordinates": [
          [
            [
              4618.94397620052,
              4777.418030199217
            ],
            [
              4665.229940592095,
              4769.256565848872
            ],
            [
              4667.834663257098,
              4784.028682144054
            ],
            [
              4621.548698865525,
              4792.1901464944
            ],
            [
              4618.94397620052,
              4777.418030199217
            ]
          ]
        ]
      },
      "properties": {
        "id": "607",
        "lote": "607",
        "estatus": "disponible",
        "paquete": null,
        "seccion": "ORO",
        "manzana": "M",
        "manzanaId": "M"
      }
    },
    {
      "type": "Feature",
      "geometry": {
        "type": "Polygon",
        "coordinates": [
          [
            [
              4409.87211328089,
              4835.60699938853
            ],
            [
              4456.158077672463,
              4827.445535038185
            ],
            [
              4458.7628003374675,
              4842.217651333368
            ],
            [
              4412.476835945893,
              4850.379115683713
            ],
            [
              4409.87211328089,
              4835.60699938853
            ]
          ]
        ]
      },
      "properties": {
        "id": "646",
        "lote": "646",
        "estatus": "disponible",
        "paquete": null,
        "seccion": "ORO",
        "manzana": "M",
        "manzanaId": "M"
      }
    },
    {
      "type": "Feature",
      "geometry": {
        "type": "Polygon",
        "coordinates": [
          [
            [
              4463.0517319435485,
              4826.229997794516
            ],
            [
              4509.337696335122,
              4818.0685334441705
            ],
            [
              4511.942419000126,
              4832.8406497393535
            ],
            [
              4465.656454608553,
              4841.0021140897
            ],
            [
              4463.0517319435485,
              4826.229997794516
            ]
          ]
        ]
      },
      "properties": {
        "id": "636",
        "lote": "636",
        "estatus": "disponible",
        "paquete": null,
        "seccion": "ORO",
        "manzana": "M",
        "manzanaId": "M"
      }
    },
    {
      "type": "Feature",
      "geometry": {
        "type": "Polygon",
        "coordinates": [
          [
            [
              4516.231350606208,
              4816.852996200502
            ],
            [
              4562.517314997782,
              4808.691531850157
            ],
            [
              4565.122037662785,
              4823.463648145339
            ],
            [
              4518.836073271212,
              4831.625112495685
            ],
            [
              4516.231350606208,
              4816.852996200502
            ]
          ]
        ]
      },
      "properties": {
        "id": "626",
        "lote": "626",
        "estatus": "disponible",
        "paquete": null,
        "seccion": "ORO",
        "manzana": "M",
        "manzanaId": "M"
      }
    },
    {
      "type": "Feature",
      "geometry": {
        "type": "Polygon",
        "coordinates": [
          [
            [
              4569.410969268867,
              4807.475994606488
            ],
            [
              4615.696933660441,
              4799.314530256142
            ],
            [
              4618.301656325445,
              4814.086646551325
            ],
            [
              4572.0156919338715,
              4822.248110901671
            ],
            [
              4569.410969268867,
              4807.475994606488
            ]
          ]
        ]
      },
      "properties": {
        "id": "616",
        "lote": "616",
        "estatus": "disponible",
        "paquete": null,
        "seccion": "ORO",
        "manzana": "M",
        "manzanaId": "M"
      }
    },
    {
      "type": "Feature",
      "geometry": {
        "type": "Polygon",
        "coordinates": [
          [
            [
              4622.590587931526,
              4798.098993012473
            ],
            [
              4668.8765523231,
              4789.937528662128
            ],
            [
              4671.481274988104,
              4804.709644957311
            ],
            [
              4625.19531059653,
              4812.871109307657
            ],
            [
              4622.590587931526,
              4798.098993012473
            ]
          ]
        ]
      },
      "properties": {
        "id": "606",
        "lote": "606",
        "estatus": "disponible",
        "paquete": null,
        "seccion": "ORO",
        "manzana": "M",
        "manzanaId": "M"
      }
    },
    {
      "type": "Feature",
      "geometry": {
        "type": "Polygon",
        "coordinates": [
          [
            [
              4413.518725011895,
              4856.287962201787
            ],
            [
              4459.804689403469,
              4848.126497851441
            ],
            [
              4462.409412068473,
              4862.898614146624
            ],
            [
              4416.123447676899,
              4871.06007849697
            ],
            [
              4413.518725011895,
              4856.287962201787
            ]
          ]
        ]
      },
      "properties": {
        "id": "645",
        "lote": "645",
        "estatus": "disponible",
        "paquete": null,
        "seccion": "ORO",
        "manzana": "M",
        "manzanaId": "M"
      }
    },
    {
      "type": "Feature",
      "geometry": {
        "type": "Polygon",
        "coordinates": [
          [
            [
              4466.698343674554,
              4846.910960607773
            ],
            [
              4512.984308066128,
              4838.7494962574265
            ],
            [
              4515.589030731132,
              4853.52161255261
            ],
            [
              4469.303066339558,
              4861.683076902956
            ],
            [
              4466.698343674554,
              4846.910960607773
            ]
          ]
        ]
      },
      "properties": {
        "id": "635",
        "lote": "635",
        "estatus": "disponible",
        "paquete": null,
        "seccion": "ORO",
        "manzana": "M",
        "manzanaId": "M"
      }
    },
    {
      "type": "Feature",
      "geometry": {
        "type": "Polygon",
        "coordinates": [
          [
            [
              4519.877962337214,
              4837.533959013758
            ],
            [
              4566.163926728787,
              4829.372494663413
            ],
            [
              4568.768649393791,
              4844.144610958596
            ],
            [
              4522.482685002217,
              4852.306075308942
            ],
            [
              4519.877962337214,
              4837.533959013758
            ]
          ]
        ]
      },
      "properties": {
        "id": "625",
        "lote": "625",
        "estatus": "disponible",
        "paquete": null,
        "seccion": "ORO",
        "manzana": "M",
        "manzanaId": "M"
      }
    },
    {
      "type": "Feature",
      "geometry": {
        "type": "Polygon",
        "coordinates": [
          [
            [
              4573.057580999873,
              4828.156957419745
            ],
            [
              4619.343545391446,
              4819.995493069398
            ],
            [
              4621.948268056451,
              4834.767609364581
            ],
            [
              4575.662303664877,
              4842.929073714927
            ],
            [
              4573.057580999873,
              4828.156957419745
            ]
          ]
        ]
      },
      "properties": {
        "id": "615",
        "lote": "615",
        "estatus": "disponible",
        "paquete": null,
        "seccion": "ORO",
        "manzana": "M",
        "manzanaId": "M"
      }
    },
    {
      "type": "Feature",
      "geometry": {
        "type": "Polygon",
        "coordinates": [
          [
            [
              4626.237199662532,
              4818.779955825729
            ],
            [
              4672.523164054106,
              4810.618491475384
            ],
            [
              4675.1278867191095,
              4825.390607770568
            ],
            [
              4628.841922327536,
              4833.552072120913
            ],
            [
              4626.237199662532,
              4818.779955825729
            ]
          ]
        ]
      },
      "properties": {
        "id": "605",
        "lote": "605",
        "estatus": "disponible",
        "paquete": null,
        "seccion": "ORO",
        "manzana": "M",
        "manzanaId": "M"
      }
    },
    {
      "type": "Feature",
      "geometry": {
        "type": "Polygon",
        "coordinates": [
          [
            [
              4417.165336742901,
              4876.968925015043
            ],
            [
              4463.451301134474,
              4868.807460664698
            ],
            [
              4466.056023799479,
              4883.579576959881
            ],
            [
              4419.770059407904,
              4891.741041310227
            ],
            [
              4417.165336742901,
              4876.968925015043
            ]
          ]
        ]
      },
      "properties": {
        "id": "644",
        "lote": "644",
        "estatus": "disponible",
        "paquete": null,
        "seccion": "ORO",
        "manzana": "M",
        "manzanaId": "M"
      }
    },
    {
      "type": "Feature",
      "geometry": {
        "type": "Polygon",
        "coordinates": [
          [
            [
              4470.34495540556,
              4867.59192342103
            ],
            [
              4516.630919797133,
              4859.430459070683
            ],
            [
              4519.235642462138,
              4874.202575365866
            ],
            [
              4472.949678070564,
              4882.364039716212
            ],
            [
              4470.34495540556,
              4867.59192342103
            ]
          ]
        ]
      },
      "properties": {
        "id": "634",
        "lote": "634",
        "estatus": "disponible",
        "paquete": null,
        "seccion": "ORO",
        "manzana": "M",
        "manzanaId": "M"
      }
    },
    {
      "type": "Feature",
      "geometry": {
        "type": "Polygon",
        "coordinates": [
          [
            [
              4523.524574068219,
              4858.214921827014
            ],
            [
              4569.810538459793,
              4850.053457476669
            ],
            [
              4572.415261124796,
              4864.825573771853
            ],
            [
              4526.129296733223,
              4872.987038122198
            ],
            [
              4523.524574068219,
              4858.214921827014
            ]
          ]
        ]
      },
      "properties": {
        "id": "624",
        "lote": "624",
        "estatus": "disponible",
        "paquete": null,
        "seccion": "ORO",
        "manzana": "M",
        "manzanaId": "M"
      }
    },
    {
      "type": "Feature",
      "geometry": {
        "type": "Polygon",
        "coordinates": [
          [
            [
              4576.704192730878,
              4848.837920233001
            ],
            [
              4622.990157122452,
              4840.676455882655
            ],
            [
              4625.594879787456,
              4855.448572177837
            ],
            [
              4579.308915395883,
              4863.610036528184
            ],
            [
              4576.704192730878,
              4848.837920233001
            ]
          ]
        ]
      },
      "properties": {
        "id": "614",
        "lote": "614",
        "estatus": "disponible",
        "paquete": null,
        "seccion": "ORO",
        "manzana": "M",
        "manzanaId": "M"
      }
    },
    {
      "type": "Feature",
      "geometry": {
        "type": "Polygon",
        "coordinates": [
          [
            [
              4629.883811393537,
              4839.460918638986
            ],
            [
              4676.169775785112,
              4831.29945428864
            ],
            [
              4678.774498450115,
              4846.071570583824
            ],
            [
              4632.4885340585415,
              4854.233034934169
            ],
            [
              4629.883811393537,
              4839.460918638986
            ]
          ]
        ]
      },
      "properties": {
        "id": "604",
        "lote": "604",
        "estatus": "disponible",
        "paquete": null,
        "seccion": "ORO",
        "manzana": "M",
        "manzanaId": "M"
      }
    },
    {
      "type": "Feature",
      "geometry": {
        "type": "Polygon",
        "coordinates": [
          [
            [
              4420.811948473906,
              4897.649887828299
            ],
            [
              4467.09791286548,
              4889.488423477954
            ],
            [
              4469.702635530483,
              4904.260539773138
            ],
            [
              4423.41667113891,
              4912.422004123483
            ],
            [
              4420.811948473906,
              4897.649887828299
            ]
          ]
        ]
      },
      "properties": {
        "id": "643",
        "lote": "643",
        "estatus": "disponible",
        "paquete": null,
        "seccion": "ORO",
        "manzana": "M",
        "manzanaId": "M"
      }
    },
    {
      "type": "Feature",
      "geometry": {
        "type": "Polygon",
        "coordinates": [
          [
            [
              4473.991567136565,
              4888.272886234286
            ],
            [
              4520.277531528139,
              4880.11142188394
            ],
            [
              4522.882254193143,
              4894.883538179122
            ],
            [
              4476.59628980157,
              4903.045002529469
            ],
            [
              4473.991567136565,
              4888.272886234286
            ]
          ]
        ]
      },
      "properties": {
        "id": "633",
        "lote": "633",
        "estatus": "disponible",
        "paquete": null,
        "seccion": "ORO",
        "manzana": "M",
        "manzanaId": "M"
      }
    },
    {
      "type": "Feature",
      "geometry": {
        "type": "Polygon",
        "coordinates": [
          [
            [
              4527.171185799224,
              4878.895884640271
            ],
            [
              4573.4571501907985,
              4870.734420289925
            ],
            [
              4576.061872855802,
              4885.506536585109
            ],
            [
              4529.775908464228,
              4893.668000935454
            ],
            [
              4527.171185799224,
              4878.895884640271
            ]
          ]
        ]
      },
      "properties": {
        "id": "623",
        "lote": "623",
        "estatus": "disponible",
        "paquete": null,
        "seccion": "ORO",
        "manzana": "M",
        "manzanaId": "M"
      }
    },
    {
      "type": "Feature",
      "geometry": {
        "type": "Polygon",
        "coordinates": [
          [
            [
              4580.350804461884,
              4869.518883046257
            ],
            [
              4626.636768853457,
              4861.357418695911
            ],
            [
              4629.241491518462,
              4876.129534991094
            ],
            [
              4582.955527126887,
              4884.2909993414405
            ],
            [
              4580.350804461884,
              4869.518883046257
            ]
          ]
        ]
      },
      "properties": {
        "id": "613",
        "lote": "613",
        "estatus": "disponible",
        "paquete": null,
        "seccion": "ORO",
        "manzana": "M",
        "manzanaId": "M"
      }
    },
    {
      "type": "Feature",
      "geometry": {
        "type": "Polygon",
        "coordinates": [
          [
            [
              4633.530423124543,
              4860.141881452243
            ],
            [
              4679.816387516117,
              4851.980417101897
            ],
            [
              4682.421110181121,
              4866.75253339708
            ],
            [
              4636.135145789547,
              4874.913997747426
            ],
            [
              4633.530423124543,
              4860.141881452243
            ]
          ]
        ]
      },
      "properties": {
        "id": "603",
        "lote": "603",
        "estatus": "disponible",
        "paquete": null,
        "seccion": "ORO",
        "manzana": "M",
        "manzanaId": "M"
      }
    },
    {
      "type": "Feature",
      "geometry": {
        "type": "Polygon",
        "coordinates": [
          [
            [
              4424.458560204912,
              4918.330850641556
            ],
            [
              4470.7445245964855,
              4910.16938629121
            ],
            [
              4473.349247261489,
              4924.941502586394
            ],
            [
              4427.063282869915,
              4933.102966936739
            ],
            [
              4424.458560204912,
              4918.330850641556
            ]
          ]
        ]
      },
      "properties": {
        "id": "642",
        "lote": "642",
        "estatus": "disponible",
        "paquete": null,
        "seccion": "ORO",
        "manzana": "M",
        "manzanaId": "M"
      }
    },
    {
      "type": "Feature",
      "geometry": {
        "type": "Polygon",
        "coordinates": [
          [
            [
              4477.638178867571,
              4908.953849047542
            ],
            [
              4523.924143259144,
              4900.792384697196
            ],
            [
              4526.528865924149,
              4915.564500992379
            ],
            [
              4480.242901532575,
              4923.725965342725
            ],
            [
              4477.638178867571,
              4908.953849047542
            ]
          ]
        ]
      },
      "properties": {
        "id": "632",
        "lote": "632",
        "estatus": "disponible",
        "paquete": null,
        "seccion": "ORO",
        "manzana": "M",
        "manzanaId": "M"
      }
    },
    {
      "type": "Feature",
      "geometry": {
        "type": "Polygon",
        "coordinates": [
          [
            [
              4530.81779753023,
              4899.576847453528
            ],
            [
              4577.103761921804,
              4891.415383103182
            ],
            [
              4579.708484586808,
              4906.187499398365
            ],
            [
              4533.422520195234,
              4914.34896374871
            ],
            [
              4530.81779753023,
              4899.576847453528
            ]
          ]
        ]
      },
      "properties": {
        "id": "622",
        "lote": "622",
        "estatus": "disponible",
        "paquete": null,
        "seccion": "ORO",
        "manzana": "M",
        "manzanaId": "M"
      }
    },
    {
      "type": "Feature",
      "geometry": {
        "type": "Polygon",
        "coordinates": [
          [
            [
              4583.997416192889,
              4890.1998458595135
            ],
            [
              4630.283380584463,
              4882.038381509167
            ],
            [
              4632.888103249467,
              4896.810497804351
            ],
            [
              4586.602138857893,
              4904.9719621546965
            ],
            [
              4583.997416192889,
              4890.1998458595135
            ]
          ]
        ]
      },
      "properties": {
        "id": "612",
        "lote": "612",
        "estatus": "disponible",
        "paquete": null,
        "seccion": "ORO",
        "manzana": "M",
        "manzanaId": "M"
      }
    },
    {
      "type": "Feature",
      "geometry": {
        "type": "Polygon",
        "coordinates": [
          [
            [
              4637.177034855548,
              4880.822844265499
            ],
            [
              4683.462999247122,
              4872.661379915154
            ],
            [
              4686.067721912126,
              4887.433496210337
            ],
            [
              4639.781757520553,
              4895.594960560682
            ],
            [
              4637.177034855548,
              4880.822844265499
            ]
          ]
        ]
      },
      "properties": {
        "id": "602",
        "lote": "602",
        "estatus": "disponible",
        "paquete": null,
        "seccion": "ORO",
        "manzana": "M",
        "manzanaId": "M"
      }
    },
    {
      "type": "Feature",
      "geometry": {
        "type": "Polygon",
        "coordinates": [
          [
            [
              4428.1051719359175,
              4939.011813454813
            ],
            [
              4474.391136327491,
              4930.850349104467
            ],
            [
              4476.9958589924945,
              4945.62246539965
            ],
            [
              4430.709894600921,
              4953.783929749995
            ],
            [
              4428.1051719359175,
              4939.011813454813
            ]
          ]
        ]
      },
      "properties": {
        "id": "641",
        "lote": "641",
        "estatus": "disponible",
        "paquete": null,
        "seccion": "ORO",
        "manzana": "M",
        "manzanaId": "M"
      }
    },
    {
      "type": "Feature",
      "geometry": {
        "type": "Polygon",
        "coordinates": [
          [
            [
              4481.284790598576,
              4929.6348118607975
            ],
            [
              4527.57075499015,
              4921.473347510452
            ],
            [
              4530.175477655154,
              4936.245463805636
            ],
            [
              4483.889513263581,
              4944.406928155981
            ],
            [
              4481.284790598576,
              4929.6348118607975
            ]
          ]
        ]
      },
      "properties": {
        "id": "631",
        "lote": "631",
        "estatus": "disponible",
        "paquete": null,
        "seccion": "ORO",
        "manzana": "M",
        "manzanaId": "M"
      }
    },
    {
      "type": "Feature",
      "geometry": {
        "type": "Polygon",
        "coordinates": [
          [
            [
              4534.464409261235,
              4920.257810266784
            ],
            [
              4580.75037365281,
              4912.096345916439
            ],
            [
              4583.355096317813,
              4926.868462211621
            ],
            [
              4537.06913192624,
              4935.029926561967
            ],
            [
              4534.464409261235,
              4920.257810266784
            ]
          ]
        ]
      },
      "properties": {
        "id": "621",
        "lote": "621",
        "estatus": "disponible",
        "paquete": null,
        "seccion": "ORO",
        "manzana": "M",
        "manzanaId": "M"
      }
    },
    {
      "type": "Feature",
      "geometry": {
        "type": "Polygon",
        "coordinates": [
          [
            [
              4587.644027923895,
              4910.8808086727695
            ],
            [
              4633.929992315469,
              4902.719344322424
            ],
            [
              4636.534714980473,
              4917.491460617607
            ],
            [
              4590.2487505888985,
              4925.6529249679525
            ],
            [
              4587.644027923895,
              4910.8808086727695
            ]
          ]
        ]
      },
      "properties": {
        "id": "611",
        "lote": "611",
        "estatus": "disponible",
        "paquete": null,
        "seccion": "ORO",
        "manzana": "M",
        "manzanaId": "M"
      }
    },
    {
      "type": "Feature",
      "geometry": {
        "type": "Polygon",
        "coordinates": [
          [
            [
              4640.823646586554,
              4901.503807078755
            ],
            [
              4687.109610978128,
              4893.34234272841
            ],
            [
              4689.714333643132,
              4908.114459023593
            ],
            [
              4643.428369251558,
              4916.275923373939
            ],
            [
              4640.823646586554,
              4901.503807078755
            ]
          ]
        ]
      },
      "properties": {
        "id": "601",
        "lote": "601",
        "estatus": "disponible",
        "paquete": null,
        "seccion": "ORO",
        "manzana": "M",
        "manzanaId": "M"
      }
    },
    {
      "type": "Feature",
      "geometry": {
        "type": "Polygon",
        "coordinates": [
          [
            [
              4354.285666356867,
              4522.386438291746
            ],
            [
              4400.571630748441,
              4514.2249739414
            ],
            [
              4403.176353413445,
              4528.997090236584
            ],
            [
              4356.890389021872,
              4537.158554586929
            ],
            [
              4354.285666356867,
              4522.386438291746
            ]
          ]
        ]
      },
      "properties": {
        "id": "700",
        "lote": "700",
        "estatus": "disponible",
        "paquete": null,
        "seccion": "ORO",
        "manzana": "N",
        "manzanaId": "N"
      }
    },
    {
      "type": "Feature",
      "geometry": {
        "type": "Polygon",
        "coordinates": [
          [
            [
              4407.465285019526,
              4513.009436697732
            ],
            [
              4453.751249411101,
              4504.8479723473865
            ],
            [
              4456.355972076104,
              4519.6200886425695
            ],
            [
              4410.0700076845305,
              4527.781552992916
            ],
            [
              4407.465285019526,
              4513.009436697732
            ]
          ]
        ]
      },
      "properties": {
        "id": "690",
        "lote": "690",
        "estatus": "disponible",
        "paquete": null,
        "seccion": "ORO",
        "manzana": "N",
        "manzanaId": "N"
      }
    },
    {
      "type": "Feature",
      "geometry": {
        "type": "Polygon",
        "coordinates": [
          [
            [
              4460.644903682186,
              4503.632435103718
            ],
            [
              4506.9308680737595,
              4495.470970753372
            ],
            [
              4509.535590738764,
              4510.243087048555
            ],
            [
              4463.249626347189,
              4518.4045513989
            ],
            [
              4460.644903682186,
              4503.632435103718
            ]
          ]
        ]
      },
      "properties": {
        "id": "680",
        "lote": "680",
        "estatus": "disponible",
        "paquete": null,
        "seccion": "ORO",
        "manzana": "N",
        "manzanaId": "N"
      }
    },
    {
      "type": "Feature",
      "geometry": {
        "type": "Polygon",
        "coordinates": [
          [
            [
              4513.824522344845,
              4494.255433509704
            ],
            [
              4560.110486736418,
              4486.093969159358
            ],
            [
              4562.715209401423,
              4500.8660854545415
            ],
            [
              4516.429245009849,
              4509.027549804887
            ],
            [
              4513.824522344845,
              4494.255433509704
            ]
          ]
        ]
      },
      "properties": {
        "id": "670",
        "lote": "670",
        "estatus": "disponible",
        "paquete": null,
        "seccion": "ORO",
        "manzana": "N",
        "manzanaId": "N"
      }
    },
    {
      "type": "Feature",
      "geometry": {
        "type": "Polygon",
        "coordinates": [
          [
            [
              4567.004141007505,
              4484.878431915689
            ],
            [
              4613.290105399078,
              4476.716967565344
            ],
            [
              4615.894828064082,
              4491.489083860527
            ],
            [
              4569.608863672508,
              4499.650548210872
            ],
            [
              4567.004141007505,
              4484.878431915689
            ]
          ]
        ]
      },
      "properties": {
        "id": "660",
        "lote": "660",
        "estatus": "disponible",
        "paquete": null,
        "seccion": "ORO",
        "manzana": "N",
        "manzanaId": "N"
      }
    },
    {
      "type": "Feature",
      "geometry": {
        "type": "Polygon",
        "coordinates": [
          [
            [
              4357.932278087873,
              4543.067401105003
            ],
            [
              4404.218242479446,
              4534.905936754657
            ],
            [
              4406.822965144451,
              4549.67805304984
            ],
            [
              4360.537000752876,
              4557.839517400185
            ],
            [
              4357.932278087873,
              4543.067401105003
            ]
          ]
        ]
      },
      "properties": {
        "id": "699",
        "lote": "699",
        "estatus": "disponible",
        "paquete": null,
        "seccion": "ORO",
        "manzana": "N",
        "manzanaId": "N"
      }
    },
    {
      "type": "Feature",
      "geometry": {
        "type": "Polygon",
        "coordinates": [
          [
            [
              4411.111896750532,
              4533.690399510988
            ],
            [
              4457.397861142106,
              4525.5289351606425
            ],
            [
              4460.00258380711,
              4540.301051455826
            ],
            [
              4413.716619415536,
              4548.462515806172
            ],
            [
              4411.111896750532,
              4533.690399510988
            ]
          ]
        ]
      },
      "properties": {
        "id": "689",
        "lote": "689",
        "estatus": "disponible",
        "paquete": null,
        "seccion": "ORO",
        "manzana": "N",
        "manzanaId": "N"
      }
    },
    {
      "type": "Feature",
      "geometry": {
        "type": "Polygon",
        "coordinates": [
          [
            [
              4464.2915154131915,
              4524.313397916974
            ],
            [
              4510.577479804765,
              4516.151933566629
            ],
            [
              4513.182202469769,
              4530.924049861811
            ],
            [
              4466.896238078195,
              4539.085514212157
            ],
            [
              4464.2915154131915,
              4524.313397916974
            ]
          ]
        ]
      },
      "properties": {
        "id": "679",
        "lote": "679",
        "estatus": "disponible",
        "paquete": null,
        "seccion": "ORO",
        "manzana": "N",
        "manzanaId": "N"
      }
    },
    {
      "type": "Feature",
      "geometry": {
        "type": "Polygon",
        "coordinates": [
          [
            [
              4517.47113407585,
              4514.93639632296
            ],
            [
              4563.757098467424,
              4506.7749319726145
            ],
            [
              4566.361821132428,
              4521.547048267797
            ],
            [
              4520.075856740855,
              4529.708512618143
            ],
            [
              4517.47113407585,
              4514.93639632296
            ]
          ]
        ]
      },
      "properties": {
        "id": "669",
        "lote": "669",
        "estatus": "disponible",
        "paquete": null,
        "seccion": "ORO",
        "manzana": "N",
        "manzanaId": "N"
      }
    },
    {
      "type": "Feature",
      "geometry": {
        "type": "Polygon",
        "coordinates": [
          [
            [
              4570.65075273851,
              4505.559394728945
            ],
            [
              4616.936717130084,
              4497.3979303786
            ],
            [
              4619.541439795087,
              4512.170046673783
            ],
            [
              4573.255475403514,
              4520.331511024129
            ],
            [
              4570.65075273851,
              4505.559394728945
            ]
          ]
        ]
      },
      "properties": {
        "id": "659",
        "lote": "659",
        "estatus": "disponible",
        "paquete": null,
        "seccion": "ORO",
        "manzana": "N",
        "manzanaId": "N"
      }
    },
    {
      "type": "Feature",
      "geometry": {
        "type": "Polygon",
        "coordinates": [
          [
            [
              4361.578889818878,
              4563.748363918259
            ],
            [
              4407.864854210452,
              4555.586899567914
            ],
            [
              4410.469576875456,
              4570.359015863096
            ],
            [
              4364.183612483882,
              4578.520480213442
            ],
            [
              4361.578889818878,
              4563.748363918259
            ]
          ]
        ]
      },
      "properties": {
        "id": "698",
        "lote": "698",
        "estatus": "disponible",
        "paquete": null,
        "seccion": "ORO",
        "manzana": "N",
        "manzanaId": "N"
      }
    },
    {
      "type": "Feature",
      "geometry": {
        "type": "Polygon",
        "coordinates": [
          [
            [
              4414.758508481537,
              4554.371362324245
            ],
            [
              4461.044472873112,
              4546.2098979738985
            ],
            [
              4463.649195538115,
              4560.982014269082
            ],
            [
              4417.363231146542,
              4569.143478619428
            ],
            [
              4414.758508481537,
              4554.371362324245
            ]
          ]
        ]
      },
      "properties": {
        "id": "688",
        "lote": "688",
        "estatus": "disponible",
        "paquete": null,
        "seccion": "ORO",
        "manzana": "N",
        "manzanaId": "N"
      }
    },
    {
      "type": "Feature",
      "geometry": {
        "type": "Polygon",
        "coordinates": [
          [
            [
              4467.938127144197,
              4544.99436073023
            ],
            [
              4514.224091535771,
              4536.832896379885
            ],
            [
              4516.828814200775,
              4551.605012675068
            ],
            [
              4470.542849809201,
              4559.766477025414
            ],
            [
              4467.938127144197,
              4544.99436073023
            ]
          ]
        ]
      },
      "properties": {
        "id": "678",
        "lote": "678",
        "estatus": "disponible",
        "paquete": null,
        "seccion": "ORO",
        "manzana": "N",
        "manzanaId": "N"
      }
    },
    {
      "type": "Feature",
      "geometry": {
        "type": "Polygon",
        "coordinates": [
          [
            [
              4521.117745806856,
              4535.617359136217
            ],
            [
              4567.4037101984295,
              4527.45589478587
            ],
            [
              4570.008432863434,
              4542.228011081053
            ],
            [
              4523.72246847186,
              4550.3894754314
            ],
            [
              4521.117745806856,
              4535.617359136217
            ]
          ]
        ]
      },
      "properties": {
        "id": "668",
        "lote": "668",
        "estatus": "disponible",
        "paquete": null,
        "seccion": "ORO",
        "manzana": "N",
        "manzanaId": "N"
      }
    },
    {
      "type": "Feature",
      "geometry": {
        "type": "Polygon",
        "coordinates": [
          [
            [
              4574.297364469516,
              4526.240357542202
            ],
            [
              4620.583328861089,
              4518.078893191856
            ],
            [
              4623.188051526093,
              4532.85100948704
            ],
            [
              4576.902087134519,
              4541.012473837385
            ],
            [
              4574.297364469516,
              4526.240357542202
            ]
          ]
        ]
      },
      "properties": {
        "id": "658",
        "lote": "658",
        "estatus": "disponible",
        "paquete": null,
        "seccion": "ORO",
        "manzana": "N",
        "manzanaId": "N"
      }
    },
    {
      "type": "Feature",
      "geometry": {
        "type": "Polygon",
        "coordinates": [
          [
            [
              4365.225501549884,
              4584.429326731515
            ],
            [
              4411.511465941458,
              4576.26786238117
            ],
            [
              4414.116188606462,
              4591.039978676353
            ],
            [
              4367.8302242148875,
              4599.201443026698
            ],
            [
              4365.225501549884,
              4584.429326731515
            ]
          ]
        ]
      },
      "properties": {
        "id": "697",
        "lote": "697",
        "estatus": "disponible",
        "paquete": null,
        "seccion": "ORO",
        "manzana": "N",
        "manzanaId": "N"
      }
    },
    {
      "type": "Feature",
      "geometry": {
        "type": "Polygon",
        "coordinates": [
          [
            [
              4418.405120212543,
              4575.052325137502
            ],
            [
              4464.691084604117,
              4566.890860787155
            ],
            [
              4467.295807269121,
              4581.662977082338
            ],
            [
              4421.009842877547,
              4589.824441432685
            ],
            [
              4418.405120212543,
              4575.052325137502
            ]
          ]
        ]
      },
      "properties": {
        "id": "687",
        "lote": "687",
        "estatus": "disponible",
        "paquete": null,
        "seccion": "ORO",
        "manzana": "N",
        "manzanaId": "N"
      }
    },
    {
      "type": "Feature",
      "geometry": {
        "type": "Polygon",
        "coordinates": [
          [
            [
              4471.584738875203,
              4565.675323543487
            ],
            [
              4517.870703266776,
              4557.513859193141
            ],
            [
              4520.47542593178,
              4572.285975488325
            ],
            [
              4474.189461540206,
              4580.44743983867
            ],
            [
              4471.584738875203,
              4565.675323543487
            ]
          ]
        ]
      },
      "properties": {
        "id": "677",
        "lote": "677",
        "estatus": "disponible",
        "paquete": null,
        "seccion": "ORO",
        "manzana": "N",
        "manzanaId": "N"
      }
    },
    {
      "type": "Feature",
      "geometry": {
        "type": "Polygon",
        "coordinates": [
          [
            [
              4524.7643575378615,
              4556.298321949473
            ],
            [
              4571.050321929435,
              4548.136857599127
            ],
            [
              4573.6550445944395,
              4562.90897389431
            ],
            [
              4527.369080202866,
              4571.070438244656
            ],
            [
              4524.7643575378615,
              4556.298321949473
            ]
          ]
        ]
      },
      "properties": {
        "id": "667",
        "lote": "667",
        "estatus": "disponible",
        "paquete": null,
        "seccion": "ORO",
        "manzana": "N",
        "manzanaId": "N"
      }
    },
    {
      "type": "Feature",
      "geometry": {
        "type": "Polygon",
        "coordinates": [
          [
            [
              4577.94397620052,
              4546.921320355459
            ],
            [
              4624.229940592095,
              4538.759856005113
            ],
            [
              4626.834663257098,
              4553.531972300296
            ],
            [
              4580.548698865525,
              4561.693436650641
            ],
            [
              4577.94397620052,
              4546.921320355459
            ]
          ]
        ]
      },
      "properties": {
        "id": "657",
        "lote": "657",
        "estatus": "disponible",
        "paquete": null,
        "seccion": "ORO",
        "manzana": "N",
        "manzanaId": "N"
      }
    },
    {
      "type": "Feature",
      "geometry": {
        "type": "Polygon",
        "coordinates": [
          [
            [
              4368.87211328089,
              4605.110289544772
            ],
            [
              4415.158077672463,
              4596.948825194426
            ],
            [
              4417.7628003374675,
              4611.720941489609
            ],
            [
              4371.476835945893,
              4619.882405839955
            ],
            [
              4368.87211328089,
              4605.110289544772
            ]
          ]
        ]
      },
      "properties": {
        "id": "696",
        "lote": "696",
        "estatus": "disponible",
        "paquete": null,
        "seccion": "ORO",
        "manzana": "N",
        "manzanaId": "N"
      }
    },
    {
      "type": "Feature",
      "geometry": {
        "type": "Polygon",
        "coordinates": [
          [
            [
              4422.0517319435485,
              4595.733287950758
            ],
            [
              4468.337696335122,
              4587.571823600411
            ],
            [
              4470.942419000126,
              4602.343939895595
            ],
            [
              4424.656454608553,
              4610.505404245941
            ],
            [
              4422.0517319435485,
              4595.733287950758
            ]
          ]
        ]
      },
      "properties": {
        "id": "686",
        "lote": "686",
        "estatus": "disponible",
        "paquete": null,
        "seccion": "ORO",
        "manzana": "N",
        "manzanaId": "N"
      }
    },
    {
      "type": "Feature",
      "geometry": {
        "type": "Polygon",
        "coordinates": [
          [
            [
              4475.231350606208,
              4586.356286356743
            ],
            [
              4521.517314997782,
              4578.194822006398
            ],
            [
              4524.122037662785,
              4592.966938301581
            ],
            [
              4477.836073271212,
              4601.128402651926
            ],
            [
              4475.231350606208,
              4586.356286356743
            ]
          ]
        ]
      },
      "properties": {
        "id": "676",
        "lote": "676",
        "estatus": "disponible",
        "paquete": null,
        "seccion": "ORO",
        "manzana": "N",
        "manzanaId": "N"
      }
    },
    {
      "type": "Feature",
      "geometry": {
        "type": "Polygon",
        "coordinates": [
          [
            [
              4528.410969268867,
              4576.979284762729
            ],
            [
              4574.696933660441,
              4568.817820412383
            ],
            [
              4577.301656325445,
              4583.589936707567
            ],
            [
              4531.0156919338715,
              4591.7514010579125
            ],
            [
              4528.410969268867,
              4576.979284762729
            ]
          ]
        ]
      },
      "properties": {
        "id": "666",
        "lote": "666",
        "estatus": "disponible",
        "paquete": null,
        "seccion": "ORO",
        "manzana": "N",
        "manzanaId": "N"
      }
    },
    {
      "type": "Feature",
      "geometry": {
        "type": "Polygon",
        "coordinates": [
          [
            [
              4581.590587931526,
              4567.602283168715
            ],
            [
              4627.8765523231,
              4559.44081881837
            ],
            [
              4630.481274988104,
              4574.212935113552
            ],
            [
              4584.19531059653,
              4582.374399463898
            ],
            [
              4581.590587931526,
              4567.602283168715
            ]
          ]
        ]
      },
      "properties": {
        "id": "656",
        "lote": "656",
        "estatus": "disponible",
        "paquete": null,
        "seccion": "ORO",
        "manzana": "N",
        "manzanaId": "N"
      }
    },
    {
      "type": "Feature",
      "geometry": {
        "type": "Polygon",
        "coordinates": [
          [
            [
              4372.518725011895,
              4625.791252358028
            ],
            [
              4418.804689403469,
              4617.629788007683
            ],
            [
              4421.409412068473,
              4632.401904302866
            ],
            [
              4375.123447676899,
              4640.563368653211
            ],
            [
              4372.518725011895,
              4625.791252358028
            ]
          ]
        ]
      },
      "properties": {
        "id": "695",
        "lote": "695",
        "estatus": "disponible",
        "paquete": null,
        "seccion": "ORO",
        "manzana": "N",
        "manzanaId": "N"
      }
    },
    {
      "type": "Feature",
      "geometry": {
        "type": "Polygon",
        "coordinates": [
          [
            [
              4425.698343674554,
              4616.414250764014
            ],
            [
              4471.984308066128,
              4608.252786413668
            ],
            [
              4474.589030731132,
              4623.024902708851
            ],
            [
              4428.303066339558,
              4631.186367059197
            ],
            [
              4425.698343674554,
              4616.414250764014
            ]
          ]
        ]
      },
      "properties": {
        "id": "685",
        "lote": "685",
        "estatus": "disponible",
        "paquete": null,
        "seccion": "ORO",
        "manzana": "N",
        "manzanaId": "N"
      }
    },
    {
      "type": "Feature",
      "geometry": {
        "type": "Polygon",
        "coordinates": [
          [
            [
              4478.877962337214,
              4607.03724917
            ],
            [
              4525.163926728787,
              4598.875784819654
            ],
            [
              4527.768649393791,
              4613.647901114837
            ],
            [
              4481.482685002217,
              4621.809365465183
            ],
            [
              4478.877962337214,
              4607.03724917
            ]
          ]
        ]
      },
      "properties": {
        "id": "675",
        "lote": "675",
        "estatus": "disponible",
        "paquete": null,
        "seccion": "ORO",
        "manzana": "N",
        "manzanaId": "N"
      }
    },
    {
      "type": "Feature",
      "geometry": {
        "type": "Polygon",
        "coordinates": [
          [
            [
              4532.057580999873,
              4597.6602475759855
            ],
            [
              4578.343545391446,
              4589.49878322564
            ],
            [
              4580.948268056451,
              4604.270899520823
            ],
            [
              4534.662303664877,
              4612.4323638711685
            ],
            [
              4532.057580999873,
              4597.6602475759855
            ]
          ]
        ]
      },
      "properties": {
        "id": "665",
        "lote": "665",
        "estatus": "disponible",
        "paquete": null,
        "seccion": "ORO",
        "manzana": "N",
        "manzanaId": "N"
      }
    },
    {
      "type": "Feature",
      "geometry": {
        "type": "Polygon",
        "coordinates": [
          [
            [
              4585.237199662532,
              4588.283245981971
            ],
            [
              4631.523164054106,
              4580.121781631626
            ],
            [
              4634.1278867191095,
              4594.893897926809
            ],
            [
              4587.841922327536,
              4603.055362277154
            ],
            [
              4585.237199662532,
              4588.283245981971
            ]
          ]
        ]
      },
      "properties": {
        "id": "655",
        "lote": "655",
        "estatus": "disponible",
        "paquete": null,
        "seccion": "ORO",
        "manzana": "N",
        "manzanaId": "N"
      }
    },
    {
      "type": "Feature",
      "geometry": {
        "type": "Polygon",
        "coordinates": [
          [
            [
              4376.165336742901,
              4646.472215171285
            ],
            [
              4422.451301134474,
              4638.310750820939
            ],
            [
              4425.056023799479,
              4653.082867116122
            ],
            [
              4378.770059407904,
              4661.244331466468
            ],
            [
              4376.165336742901,
              4646.472215171285
            ]
          ]
        ]
      },
      "properties": {
        "id": "694",
        "lote": "694",
        "estatus": "disponible",
        "paquete": null,
        "seccion": "ORO",
        "manzana": "N",
        "manzanaId": "N"
      }
    },
    {
      "type": "Feature",
      "geometry": {
        "type": "Polygon",
        "coordinates": [
          [
            [
              4429.34495540556,
              4637.09521357727
            ],
            [
              4475.630919797133,
              4628.933749226924
            ],
            [
              4478.235642462138,
              4643.705865522108
            ],
            [
              4431.949678070564,
              4651.867329872453
            ],
            [
              4429.34495540556,
              4637.09521357727
            ]
          ]
        ]
      },
      "properties": {
        "id": "684",
        "lote": "684",
        "estatus": "disponible",
        "paquete": null,
        "seccion": "ORO",
        "manzana": "N",
        "manzanaId": "N"
      }
    },
    {
      "type": "Feature",
      "geometry": {
        "type": "Polygon",
        "coordinates": [
          [
            [
              4482.524574068219,
              4627.718211983256
            ],
            [
              4528.810538459793,
              4619.556747632911
            ],
            [
              4531.415261124796,
              4634.328863928094
            ],
            [
              4485.129296733223,
              4642.490328278439
            ],
            [
              4482.524574068219,
              4627.718211983256
            ]
          ]
        ]
      },
      "properties": {
        "id": "674",
        "lote": "674",
        "estatus": "disponible",
        "paquete": null,
        "seccion": "ORO",
        "manzana": "N",
        "manzanaId": "N"
      }
    },
    {
      "type": "Feature",
      "geometry": {
        "type": "Polygon",
        "coordinates": [
          [
            [
              4535.704192730878,
              4618.3412103892415
            ],
            [
              4581.990157122452,
              4610.179746038896
            ],
            [
              4584.594879787456,
              4624.951862334079
            ],
            [
              4538.308915395883,
              4633.113326684425
            ],
            [
              4535.704192730878,
              4618.3412103892415
            ]
          ]
        ]
      },
      "properties": {
        "id": "664",
        "lote": "664",
        "estatus": "disponible",
        "paquete": null,
        "seccion": "ORO",
        "manzana": "N",
        "manzanaId": "N"
      }
    },
    {
      "type": "Feature",
      "geometry": {
        "type": "Polygon",
        "coordinates": [
          [
            [
              4588.883811393537,
              4608.964208795228
            ],
            [
              4635.169775785112,
              4600.802744444882
            ],
            [
              4637.774498450115,
              4615.574860740065
            ],
            [
              4591.4885340585415,
              4623.736325090411
            ],
            [
              4588.883811393537,
              4608.964208795228
            ]
          ]
        ]
      },
      "properties": {
        "id": "654",
        "lote": "654",
        "estatus": "disponible",
        "paquete": null,
        "seccion": "ORO",
        "manzana": "N",
        "manzanaId": "N"
      }
    },
    {
      "type": "Feature",
      "geometry": {
        "type": "Polygon",
        "coordinates": [
          [
            [
              4379.811948473906,
              4667.153177984541
            ],
            [
              4426.09791286548,
              4658.991713634196
            ],
            [
              4428.702635530483,
              4673.7638299293785
            ],
            [
              4382.41667113891,
              4681.925294279724
            ],
            [
              4379.811948473906,
              4667.153177984541
            ]
          ]
        ]
      },
      "properties": {
        "id": "693",
        "lote": "693",
        "estatus": "disponible",
        "paquete": null,
        "seccion": "ORO",
        "manzana": "N",
        "manzanaId": "N"
      }
    },
    {
      "type": "Feature",
      "geometry": {
        "type": "Polygon",
        "coordinates": [
          [
            [
              4432.991567136565,
              4657.776176390526
            ],
            [
              4479.277531528139,
              4649.614712040181
            ],
            [
              4481.882254193143,
              4664.386828335364
            ],
            [
              4435.59628980157,
              4672.548292685709
            ],
            [
              4432.991567136565,
              4657.776176390526
            ]
          ]
        ]
      },
      "properties": {
        "id": "683",
        "lote": "683",
        "estatus": "disponible",
        "paquete": null,
        "seccion": "ORO",
        "manzana": "N",
        "manzanaId": "N"
      }
    },
    {
      "type": "Feature",
      "geometry": {
        "type": "Polygon",
        "coordinates": [
          [
            [
              4486.171185799224,
              4648.399174796513
            ],
            [
              4532.4571501907985,
              4640.237710446167
            ],
            [
              4535.061872855802,
              4655.00982674135
            ],
            [
              4488.775908464228,
              4663.171291091696
            ],
            [
              4486.171185799224,
              4648.399174796513
            ]
          ]
        ]
      },
      "properties": {
        "id": "673",
        "lote": "673",
        "estatus": "disponible",
        "paquete": null,
        "seccion": "ORO",
        "manzana": "N",
        "manzanaId": "N"
      }
    },
    {
      "type": "Feature",
      "geometry": {
        "type": "Polygon",
        "coordinates": [
          [
            [
              4539.350804461884,
              4639.022173202498
            ],
            [
              4585.636768853457,
              4630.860708852152
            ],
            [
              4588.241491518462,
              4645.632825147336
            ],
            [
              4541.955527126887,
              4653.794289497681
            ],
            [
              4539.350804461884,
              4639.022173202498
            ]
          ]
        ]
      },
      "properties": {
        "id": "663",
        "lote": "663",
        "estatus": "disponible",
        "paquete": null,
        "seccion": "ORO",
        "manzana": "N",
        "manzanaId": "N"
      }
    },
    {
      "type": "Feature",
      "geometry": {
        "type": "Polygon",
        "coordinates": [
          [
            [
              4592.530423124543,
              4629.645171608484
            ],
            [
              4638.816387516117,
              4621.483707258139
            ],
            [
              4641.421110181121,
              4636.2558235533215
            ],
            [
              4595.135145789547,
              4644.417287903667
            ],
            [
              4592.530423124543,
              4629.645171608484
            ]
          ]
        ]
      },
      "properties": {
        "id": "653",
        "lote": "653",
        "estatus": "disponible",
        "paquete": null,
        "seccion": "ORO",
        "manzana": "N",
        "manzanaId": "N"
      }
    },
    {
      "type": "Feature",
      "geometry": {
        "type": "Polygon",
        "coordinates": [
          [
            [
              4383.458560204912,
              4687.834140797797
            ],
            [
              4429.7445245964855,
              4679.6726764474515
            ],
            [
              4432.349247261489,
              4694.4447927426345
            ],
            [
              4386.063282869915,
              4702.606257092981
            ],
            [
              4383.458560204912,
              4687.834140797797
            ]
          ]
        ]
      },
      "properties": {
        "id": "692",
        "lote": "692",
        "estatus": "disponible",
        "paquete": null,
        "seccion": "ORO",
        "manzana": "N",
        "manzanaId": "N"
      }
    },
    {
      "type": "Feature",
      "geometry": {
        "type": "Polygon",
        "coordinates": [
          [
            [
              4436.638178867571,
              4678.457139203783
            ],
            [
              4482.924143259144,
              4670.295674853437
            ],
            [
              4485.528865924149,
              4685.06779114862
            ],
            [
              4439.242901532575,
              4693.229255498966
            ],
            [
              4436.638178867571,
              4678.457139203783
            ]
          ]
        ]
      },
      "properties": {
        "id": "682",
        "lote": "682",
        "estatus": "disponible",
        "paquete": null,
        "seccion": "ORO",
        "manzana": "N",
        "manzanaId": "N"
      }
    },
    {
      "type": "Feature",
      "geometry": {
        "type": "Polygon",
        "coordinates": [
          [
            [
              4489.81779753023,
              4669.080137609769
            ],
            [
              4536.103761921804,
              4660.9186732594235
            ],
            [
              4538.708484586808,
              4675.690789554606
            ],
            [
              4492.422520195234,
              4683.852253904952
            ],
            [
              4489.81779753023,
              4669.080137609769
            ]
          ]
        ]
      },
      "properties": {
        "id": "672",
        "lote": "672",
        "estatus": "disponible",
        "paquete": null,
        "seccion": "ORO",
        "manzana": "N",
        "manzanaId": "N"
      }
    },
    {
      "type": "Feature",
      "geometry": {
        "type": "Polygon",
        "coordinates": [
          [
            [
              4542.997416192889,
              4659.703136015754
            ],
            [
              4589.283380584463,
              4651.541671665409
            ],
            [
              4591.888103249467,
              4666.313787960592
            ],
            [
              4545.602138857893,
              4674.475252310937
            ],
            [
              4542.997416192889,
              4659.703136015754
            ]
          ]
        ]
      },
      "properties": {
        "id": "662",
        "lote": "662",
        "estatus": "disponible",
        "paquete": null,
        "seccion": "ORO",
        "manzana": "N",
        "manzanaId": "N"
      }
    },
    {
      "type": "Feature",
      "geometry": {
        "type": "Polygon",
        "coordinates": [
          [
            [
              4596.177034855548,
              4650.32613442174
            ],
            [
              4642.462999247122,
              4642.1646700713945
            ],
            [
              4645.067721912126,
              4656.9367863665775
            ],
            [
              4598.781757520553,
              4665.098250716924
            ],
            [
              4596.177034855548,
              4650.32613442174
            ]
          ]
        ]
      },
      "properties": {
        "id": "652",
        "lote": "652",
        "estatus": "disponible",
        "paquete": null,
        "seccion": "ORO",
        "manzana": "N",
        "manzanaId": "N"
      }
    },
    {
      "type": "Feature",
      "geometry": {
        "type": "Polygon",
        "coordinates": [
          [
            [
              4387.1051719359175,
              4708.515103611054
            ],
            [
              4433.391136327491,
              4700.3536392607075
            ],
            [
              4435.9958589924945,
              4715.125755555891
            ],
            [
              4389.709894600921,
              4723.287219906237
            ],
            [
              4387.1051719359175,
              4708.515103611054
            ]
          ]
        ]
      },
      "properties": {
        "id": "691",
        "lote": "691",
        "estatus": "disponible",
        "paquete": null,
        "seccion": "ORO",
        "manzana": "N",
        "manzanaId": "N"
      }
    },
    {
      "type": "Feature",
      "geometry": {
        "type": "Polygon",
        "coordinates": [
          [
            [
              4440.284790598576,
              4699.138102017039
            ],
            [
              4486.57075499015,
              4690.976637666694
            ],
            [
              4489.175477655154,
              4705.748753961877
            ],
            [
              4442.889513263581,
              4713.910218312222
            ],
            [
              4440.284790598576,
              4699.138102017039
            ]
          ]
        ]
      },
      "properties": {
        "id": "681",
        "lote": "681",
        "estatus": "disponible",
        "paquete": null,
        "seccion": "ORO",
        "manzana": "N",
        "manzanaId": "N"
      }
    },
    {
      "type": "Feature",
      "geometry": {
        "type": "Polygon",
        "coordinates": [
          [
            [
              4493.464409261235,
              4689.761100423025
            ],
            [
              4539.75037365281,
              4681.5996360726795
            ],
            [
              4542.355096317813,
              4696.371752367862
            ],
            [
              4496.06913192624,
              4704.533216718209
            ],
            [
              4493.464409261235,
              4689.761100423025
            ]
          ]
        ]
      },
      "properties": {
        "id": "671",
        "lote": "671",
        "estatus": "disponible",
        "paquete": null,
        "seccion": "ORO",
        "manzana": "N",
        "manzanaId": "N"
      }
    },
    {
      "type": "Feature",
      "geometry": {
        "type": "Polygon",
        "coordinates": [
          [
            [
              4546.644027923895,
              4680.384098829011
            ],
            [
              4592.929992315469,
              4672.222634478665
            ],
            [
              4595.534714980473,
              4686.994750773848
            ],
            [
              4549.2487505888985,
              4695.156215124194
            ],
            [
              4546.644027923895,
              4680.384098829011
            ]
          ]
        ]
      },
      "properties": {
        "id": "661",
        "lote": "661",
        "estatus": "disponible",
        "paquete": null,
        "seccion": "ORO",
        "manzana": "N",
        "manzanaId": "N"
      }
    },
    {
      "type": "Feature",
      "geometry": {
        "type": "Polygon",
        "coordinates": [
          [
            [
              4599.823646586554,
              4671.007097234997
            ],
            [
              4646.109610978128,
              4662.8456328846505
            ],
            [
              4648.714333643132,
              4677.617749179834
            ],
            [
              4602.428369251558,
              4685.77921353018
            ],
            [
              4599.823646586554,
              4671.007097234997
            ]
          ]
        ]
      },
      "properties": {
        "id": "651",
        "lote": "651",
        "estatus": "disponible",
        "paquete": null,
        "seccion": "ORO",
        "manzana": "N",
        "manzanaId": "N"
      }
    },
    {
      "type": "Feature",
      "geometry": {
        "type": "Polygon",
        "coordinates": [
          [
            [
              4312.785666356867,
              4288.884344555956
            ],
            [
              4359.071630748441,
              4280.722880205611
            ],
            [
              4361.676353413445,
              4295.494996500794
            ],
            [
              4315.390389021872,
              4303.656460851139
            ],
            [
              4312.785666356867,
              4288.884344555956
            ]
          ]
        ]
      },
      "properties": {
        "id": "750",
        "lote": "750",
        "estatus": "disponible",
        "paquete": null,
        "seccion": "ORO",
        "manzana": "O",
        "manzanaId": "O"
      }
    },
    {
      "type": "Feature",
      "geometry": {
        "type": "Polygon",
        "coordinates": [
          [
            [
              4365.965285019526,
              4279.5073429619415
            ],
            [
              4412.251249411101,
              4271.345878611596
            ],
            [
              4414.855972076104,
              4286.117994906779
            ],
            [
              4368.5700076845305,
              4294.2794592571245
            ],
            [
              4365.965285019526,
              4279.5073429619415
            ]
          ]
        ]
      },
      "properties": {
        "id": "740",
        "lote": "740",
        "estatus": "disponible",
        "paquete": null,
        "seccion": "ORO",
        "manzana": "O",
        "manzanaId": "O"
      }
    },
    {
      "type": "Feature",
      "geometry": {
        "type": "Polygon",
        "coordinates": [
          [
            [
              4419.144903682186,
              4270.130341367928
            ],
            [
              4465.4308680737595,
              4261.968877017582
            ],
            [
              4468.035590738764,
              4276.740993312765
            ],
            [
              4421.749626347189,
              4284.902457663111
            ],
            [
              4419.144903682186,
              4270.130341367928
            ]
          ]
        ]
      },
      "properties": {
        "id": "730",
        "lote": "730",
        "estatus": "disponible",
        "paquete": null,
        "seccion": "ORO",
        "manzana": "O",
        "manzanaId": "O"
      }
    },
    {
      "type": "Feature",
      "geometry": {
        "type": "Polygon",
        "coordinates": [
          [
            [
              4472.324522344845,
              4260.7533397739135
            ],
            [
              4518.610486736418,
              4252.591875423567
            ],
            [
              4521.215209401423,
              4267.363991718751
            ],
            [
              4474.929245009849,
              4275.525456069096
            ],
            [
              4472.324522344845,
              4260.7533397739135
            ]
          ]
        ]
      },
      "properties": {
        "id": "720",
        "lote": "720",
        "estatus": "disponible",
        "paquete": null,
        "seccion": "ORO",
        "manzana": "O",
        "manzanaId": "O"
      }
    },
    {
      "type": "Feature",
      "geometry": {
        "type": "Polygon",
        "coordinates": [
          [
            [
              4525.504141007505,
              4251.376338179899
            ],
            [
              4571.790105399078,
              4243.214873829554
            ],
            [
              4574.394828064082,
              4257.986990124737
            ],
            [
              4528.108863672508,
              4266.148454475082
            ],
            [
              4525.504141007505,
              4251.376338179899
            ]
          ]
        ]
      },
      "properties": {
        "id": "710",
        "lote": "710",
        "estatus": "disponible",
        "paquete": null,
        "seccion": "ORO",
        "manzana": "O",
        "manzanaId": "O"
      }
    },
    {
      "type": "Feature",
      "geometry": {
        "type": "Polygon",
        "coordinates": [
          [
            [
              4316.432278087873,
              4309.565307369212
            ],
            [
              4362.718242479446,
              4301.403843018867
            ],
            [
              4365.322965144451,
              4316.17595931405
            ],
            [
              4319.037000752876,
              4324.337423664396
            ],
            [
              4316.432278087873,
              4309.565307369212
            ]
          ]
        ]
      },
      "properties": {
        "id": "749",
        "lote": "749",
        "estatus": "disponible",
        "paquete": null,
        "seccion": "ORO",
        "manzana": "O",
        "manzanaId": "O"
      }
    },
    {
      "type": "Feature",
      "geometry": {
        "type": "Polygon",
        "coordinates": [
          [
            [
              4369.611896750532,
              4300.188305775198
            ],
            [
              4415.897861142106,
              4292.026841424852
            ],
            [
              4418.50258380711,
              4306.798957720035
            ],
            [
              4372.216619415536,
              4314.960422070381
            ],
            [
              4369.611896750532,
              4300.188305775198
            ]
          ]
        ]
      },
      "properties": {
        "id": "739",
        "lote": "739",
        "estatus": "disponible",
        "paquete": null,
        "seccion": "ORO",
        "manzana": "O",
        "manzanaId": "O"
      }
    },
    {
      "type": "Feature",
      "geometry": {
        "type": "Polygon",
        "coordinates": [
          [
            [
              4422.7915154131915,
              4290.811304181184
            ],
            [
              4469.077479804765,
              4282.649839830839
            ],
            [
              4471.682202469769,
              4297.4219561260215
            ],
            [
              4425.396238078195,
              4305.583420476367
            ],
            [
              4422.7915154131915,
              4290.811304181184
            ]
          ]
        ]
      },
      "properties": {
        "id": "729",
        "lote": "729",
        "estatus": "disponible",
        "paquete": null,
        "seccion": "ORO",
        "manzana": "O",
        "manzanaId": "O"
      }
    },
    {
      "type": "Feature",
      "geometry": {
        "type": "Polygon",
        "coordinates": [
          [
            [
              4475.97113407585,
              4281.434302587169
            ],
            [
              4522.257098467424,
              4273.272838236824
            ],
            [
              4524.861821132428,
              4288.044954532007
            ],
            [
              4478.575856740855,
              4296.206418882352
            ],
            [
              4475.97113407585,
              4281.434302587169
            ]
          ]
        ]
      },
      "properties": {
        "id": "719",
        "lote": "719",
        "estatus": "disponible",
        "paquete": null,
        "seccion": "ORO",
        "manzana": "O",
        "manzanaId": "O"
      }
    },
    {
      "type": "Feature",
      "geometry": {
        "type": "Polygon",
        "coordinates": [
          [
            [
              4529.15075273851,
              4272.057300993155
            ],
            [
              4575.436717130084,
              4263.89583664281
            ],
            [
              4578.041439795087,
              4278.667952937993
            ],
            [
              4531.755475403514,
              4286.829417288339
            ],
            [
              4529.15075273851,
              4272.057300993155
            ]
          ]
        ]
      },
      "properties": {
        "id": "709",
        "lote": "709",
        "estatus": "disponible",
        "paquete": null,
        "seccion": "ORO",
        "manzana": "O",
        "manzanaId": "O"
      }
    },
    {
      "type": "Feature",
      "geometry": {
        "type": "Polygon",
        "coordinates": [
          [
            [
              4320.078889818878,
              4330.246270182469
            ],
            [
              4366.364854210452,
              4322.084805832123
            ],
            [
              4368.969576875456,
              4336.8569221273065
            ],
            [
              4322.683612483882,
              4345.018386477652
            ],
            [
              4320.078889818878,
              4330.246270182469
            ]
          ]
        ]
      },
      "properties": {
        "id": "748",
        "lote": "748",
        "estatus": "disponible",
        "paquete": null,
        "seccion": "ORO",
        "manzana": "O",
        "manzanaId": "O"
      }
    },
    {
      "type": "Feature",
      "geometry": {
        "type": "Polygon",
        "coordinates": [
          [
            [
              4373.258508481537,
              4320.869268588454
            ],
            [
              4419.544472873112,
              4312.707804238109
            ],
            [
              4422.149195538115,
              4327.479920533292
            ],
            [
              4375.863231146542,
              4335.641384883637
            ],
            [
              4373.258508481537,
              4320.869268588454
            ]
          ]
        ]
      },
      "properties": {
        "id": "738",
        "lote": "738",
        "estatus": "disponible",
        "paquete": null,
        "seccion": "ORO",
        "manzana": "O",
        "manzanaId": "O"
      }
    },
    {
      "type": "Feature",
      "geometry": {
        "type": "Polygon",
        "coordinates": [
          [
            [
              4426.438127144197,
              4311.49226699444
            ],
            [
              4472.724091535771,
              4303.330802644095
            ],
            [
              4475.328814200775,
              4318.1029189392775
            ],
            [
              4429.042849809201,
              4326.264383289624
            ],
            [
              4426.438127144197,
              4311.49226699444
            ]
          ]
        ]
      },
      "properties": {
        "id": "728",
        "lote": "728",
        "estatus": "disponible",
        "paquete": null,
        "seccion": "ORO",
        "manzana": "O",
        "manzanaId": "O"
      }
    },
    {
      "type": "Feature",
      "geometry": {
        "type": "Polygon",
        "coordinates": [
          [
            [
              4479.617745806856,
              4302.115265400426
            ],
            [
              4525.9037101984295,
              4293.95380105008
            ],
            [
              4528.508432863434,
              4308.725917345263
            ],
            [
              4482.22246847186,
              4316.887381695609
            ],
            [
              4479.617745806856,
              4302.115265400426
            ]
          ]
        ]
      },
      "properties": {
        "id": "718",
        "lote": "718",
        "estatus": "disponible",
        "paquete": null,
        "seccion": "ORO",
        "manzana": "O",
        "manzanaId": "O"
      }
    },
    {
      "type": "Feature",
      "geometry": {
        "type": "Polygon",
        "coordinates": [
          [
            [
              4532.797364469516,
              4292.738263806412
            ],
            [
              4579.083328861089,
              4284.576799456066
            ],
            [
              4581.688051526093,
              4299.3489157512495
            ],
            [
              4535.402087134519,
              4307.510380101595
            ],
            [
              4532.797364469516,
              4292.738263806412
            ]
          ]
        ]
      },
      "properties": {
        "id": "708",
        "lote": "708",
        "estatus": "disponible",
        "paquete": null,
        "seccion": "ORO",
        "manzana": "O",
        "manzanaId": "O"
      }
    },
    {
      "type": "Feature",
      "geometry": {
        "type": "Polygon",
        "coordinates": [
          [
            [
              4323.725501549884,
              4350.927232995725
            ],
            [
              4370.011465941458,
              4342.7657686453795
            ],
            [
              4372.616188606462,
              4357.537884940562
            ],
            [
              4326.3302242148875,
              4365.699349290908
            ],
            [
              4323.725501549884,
              4350.927232995725
            ]
          ]
        ]
      },
      "properties": {
        "id": "747",
        "lote": "747",
        "estatus": "disponible",
        "paquete": null,
        "seccion": "ORO",
        "manzana": "O",
        "manzanaId": "O"
      }
    },
    {
      "type": "Feature",
      "geometry": {
        "type": "Polygon",
        "coordinates": [
          [
            [
              4376.905120212543,
              4341.550231401711
            ],
            [
              4423.191084604117,
              4333.388767051365
            ],
            [
              4425.795807269121,
              4348.160883346548
            ],
            [
              4379.509842877547,
              4356.322347696894
            ],
            [
              4376.905120212543,
              4341.550231401711
            ]
          ]
        ]
      },
      "properties": {
        "id": "737",
        "lote": "737",
        "estatus": "disponible",
        "paquete": null,
        "seccion": "ORO",
        "manzana": "O",
        "manzanaId": "O"
      }
    },
    {
      "type": "Feature",
      "geometry": {
        "type": "Polygon",
        "coordinates": [
          [
            [
              4430.084738875203,
              4332.173229807697
            ],
            [
              4476.370703266776,
              4324.0117654573505
            ],
            [
              4478.97542593178,
              4338.783881752534
            ],
            [
              4432.689461540206,
              4346.94534610288
            ],
            [
              4430.084738875203,
              4332.173229807697
            ]
          ]
        ]
      },
      "properties": {
        "id": "727",
        "lote": "727",
        "estatus": "disponible",
        "paquete": null,
        "seccion": "ORO",
        "manzana": "O",
        "manzanaId": "O"
      }
    },
    {
      "type": "Feature",
      "geometry": {
        "type": "Polygon",
        "coordinates": [
          [
            [
              4483.2643575378615,
              4322.796228213682
            ],
            [
              4529.550321929435,
              4314.634763863337
            ],
            [
              4532.1550445944395,
              4329.40688015852
            ],
            [
              4485.869080202866,
              4337.568344508865
            ],
            [
              4483.2643575378615,
              4322.796228213682
            ]
          ]
        ]
      },
      "properties": {
        "id": "717",
        "lote": "717",
        "estatus": "disponible",
        "paquete": null,
        "seccion": "ORO",
        "manzana": "O",
        "manzanaId": "O"
      }
    },
    {
      "type": "Feature",
      "geometry": {
        "type": "Polygon",
        "coordinates": [
          [
            [
              4536.44397620052,
              4313.419226619668
            ],
            [
              4582.729940592095,
              4305.2577622693225
            ],
            [
              4585.334663257098,
              4320.029878564505
            ],
            [
              4539.048698865525,
              4328.191342914852
            ],
            [
              4536.44397620052,
              4313.419226619668
            ]
          ]
        ]
      },
      "properties": {
        "id": "707",
        "lote": "707",
        "estatus": "disponible",
        "paquete": null,
        "seccion": "ORO",
        "manzana": "O",
        "manzanaId": "O"
      }
    },
    {
      "type": "Feature",
      "geometry": {
        "type": "Polygon",
        "coordinates": [
          [
            [
              4327.37211328089,
              4371.608195808982
            ],
            [
              4373.658077672463,
              4363.446731458635
            ],
            [
              4376.2628003374675,
              4378.218847753818
            ],
            [
              4329.976835945893,
              4386.380312104165
            ],
            [
              4327.37211328089,
              4371.608195808982
            ]
          ]
        ]
      },
      "properties": {
        "id": "746",
        "lote": "746",
        "estatus": "disponible",
        "paquete": null,
        "seccion": "ORO",
        "manzana": "O",
        "manzanaId": "O"
      }
    },
    {
      "type": "Feature",
      "geometry": {
        "type": "Polygon",
        "coordinates": [
          [
            [
              4380.5517319435485,
              4362.231194214967
            ],
            [
              4426.837696335122,
              4354.069729864622
            ],
            [
              4429.442419000126,
              4368.841846159805
            ],
            [
              4383.156454608553,
              4377.00331051015
            ],
            [
              4380.5517319435485,
              4362.231194214967
            ]
          ]
        ]
      },
      "properties": {
        "id": "736",
        "lote": "736",
        "estatus": "disponible",
        "paquete": null,
        "seccion": "ORO",
        "manzana": "O",
        "manzanaId": "O"
      }
    },
    {
      "type": "Feature",
      "geometry": {
        "type": "Polygon",
        "coordinates": [
          [
            [
              4433.731350606208,
              4352.854192620953
            ],
            [
              4480.017314997782,
              4344.692728270607
            ],
            [
              4482.622037662785,
              4359.46484456579
            ],
            [
              4436.336073271212,
              4367.626308916136
            ],
            [
              4433.731350606208,
              4352.854192620953
            ]
          ]
        ]
      },
      "properties": {
        "id": "726",
        "lote": "726",
        "estatus": "disponible",
        "paquete": null,
        "seccion": "ORO",
        "manzana": "O",
        "manzanaId": "O"
      }
    },
    {
      "type": "Feature",
      "geometry": {
        "type": "Polygon",
        "coordinates": [
          [
            [
              4486.910969268867,
              4343.477191026939
            ],
            [
              4533.196933660441,
              4335.315726676593
            ],
            [
              4535.801656325445,
              4350.087842971776
            ],
            [
              4489.5156919338715,
              4358.249307322122
            ],
            [
              4486.910969268867,
              4343.477191026939
            ]
          ]
        ]
      },
      "properties": {
        "id": "716",
        "lote": "716",
        "estatus": "disponible",
        "paquete": null,
        "seccion": "ORO",
        "manzana": "O",
        "manzanaId": "O"
      }
    },
    {
      "type": "Feature",
      "geometry": {
        "type": "Polygon",
        "coordinates": [
          [
            [
              4540.090587931526,
              4334.100189432925
            ],
            [
              4586.3765523231,
              4325.9387250825785
            ],
            [
              4588.981274988104,
              4340.710841377762
            ],
            [
              4542.69531059653,
              4348.872305728108
            ],
            [
              4540.090587931526,
              4334.100189432925
            ]
          ]
        ]
      },
      "properties": {
        "id": "706",
        "lote": "706",
        "estatus": "disponible",
        "paquete": null,
        "seccion": "ORO",
        "manzana": "O",
        "manzanaId": "O"
      }
    },
    {
      "type": "Feature",
      "geometry": {
        "type": "Polygon",
        "coordinates": [
          [
            [
              4331.018725011895,
              4392.289158622238
            ],
            [
              4377.304689403469,
              4384.127694271892
            ],
            [
              4379.909412068473,
              4398.899810567075
            ],
            [
              4333.623447676899,
              4407.061274917421
            ],
            [
              4331.018725011895,
              4392.289158622238
            ]
          ]
        ]
      },
      "properties": {
        "id": "745",
        "lote": "745",
        "estatus": "disponible",
        "paquete": null,
        "seccion": "ORO",
        "manzana": "O",
        "manzanaId": "O"
      }
    },
    {
      "type": "Feature",
      "geometry": {
        "type": "Polygon",
        "coordinates": [
          [
            [
              4384.198343674554,
              4382.912157028223
            ],
            [
              4430.484308066128,
              4374.750692677878
            ],
            [
              4433.089030731132,
              4389.522808973061
            ],
            [
              4386.803066339558,
              4397.684273323407
            ],
            [
              4384.198343674554,
              4382.912157028223
            ]
          ]
        ]
      },
      "properties": {
        "id": "735",
        "lote": "735",
        "estatus": "disponible",
        "paquete": null,
        "seccion": "ORO",
        "manzana": "O",
        "manzanaId": "O"
      }
    },
    {
      "type": "Feature",
      "geometry": {
        "type": "Polygon",
        "coordinates": [
          [
            [
              4437.377962337214,
              4373.53515543421
            ],
            [
              4483.663926728787,
              4365.373691083863
            ],
            [
              4486.268649393791,
              4380.145807379046
            ],
            [
              4439.982685002217,
              4388.307271729393
            ],
            [
              4437.377962337214,
              4373.53515543421
            ]
          ]
        ]
      },
      "properties": {
        "id": "725",
        "lote": "725",
        "estatus": "disponible",
        "paquete": null,
        "seccion": "ORO",
        "manzana": "O",
        "manzanaId": "O"
      }
    },
    {
      "type": "Feature",
      "geometry": {
        "type": "Polygon",
        "coordinates": [
          [
            [
              4490.557580999873,
              4364.158153840195
            ],
            [
              4536.843545391446,
              4355.99668948985
            ],
            [
              4539.448268056451,
              4370.768805785033
            ],
            [
              4493.162303664877,
              4378.930270135378
            ],
            [
              4490.557580999873,
              4364.158153840195
            ]
          ]
        ]
      },
      "properties": {
        "id": "715",
        "lote": "715",
        "estatus": "disponible",
        "paquete": null,
        "seccion": "ORO",
        "manzana": "O",
        "manzanaId": "O"
      }
    },
    {
      "type": "Feature",
      "geometry": {
        "type": "Polygon",
        "coordinates": [
          [
            [
              4543.737199662532,
              4354.781152246181
            ],
            [
              4590.023164054106,
              4346.619687895835
            ],
            [
              4592.6278867191095,
              4361.391804191018
            ],
            [
              4546.341922327536,
              4369.553268541364
            ],
            [
              4543.737199662532,
              4354.781152246181
            ]
          ]
        ]
      },
      "properties": {
        "id": "705",
        "lote": "705",
        "estatus": "disponible",
        "paquete": null,
        "seccion": "ORO",
        "manzana": "O",
        "manzanaId": "O"
      }
    },
    {
      "type": "Feature",
      "geometry": {
        "type": "Polygon",
        "coordinates": [
          [
            [
              4334.665336742901,
              4412.970121435495
            ],
            [
              4380.951301134474,
              4404.808657085148
            ],
            [
              4383.556023799479,
              4419.580773380331
            ],
            [
              4337.270059407904,
              4427.7422377306775
            ],
            [
              4334.665336742901,
              4412.970121435495
            ]
          ]
        ]
      },
      "properties": {
        "id": "744",
        "lote": "744",
        "estatus": "disponible",
        "paquete": null,
        "seccion": "ORO",
        "manzana": "O",
        "manzanaId": "O"
      }
    },
    {
      "type": "Feature",
      "geometry": {
        "type": "Polygon",
        "coordinates": [
          [
            [
              4387.84495540556,
              4403.59311984148
            ],
            [
              4434.130919797133,
              4395.431655491134
            ],
            [
              4436.735642462138,
              4410.203771786318
            ],
            [
              4390.449678070564,
              4418.365236136663
            ],
            [
              4387.84495540556,
              4403.59311984148
            ]
          ]
        ]
      },
      "properties": {
        "id": "734",
        "lote": "734",
        "estatus": "disponible",
        "paquete": null,
        "seccion": "ORO",
        "manzana": "O",
        "manzanaId": "O"
      }
    },
    {
      "type": "Feature",
      "geometry": {
        "type": "Polygon",
        "coordinates": [
          [
            [
              4441.024574068219,
              4394.216118247466
            ],
            [
              4487.310538459793,
              4386.05465389712
            ],
            [
              4489.915261124796,
              4400.826770192303
            ],
            [
              4443.629296733223,
              4408.988234542649
            ],
            [
              4441.024574068219,
              4394.216118247466
            ]
          ]
        ]
      },
      "properties": {
        "id": "724",
        "lote": "724",
        "estatus": "disponible",
        "paquete": null,
        "seccion": "ORO",
        "manzana": "O",
        "manzanaId": "O"
      }
    },
    {
      "type": "Feature",
      "geometry": {
        "type": "Polygon",
        "coordinates": [
          [
            [
              4494.204192730878,
              4384.839116653451
            ],
            [
              4540.490157122452,
              4376.677652303106
            ],
            [
              4543.094879787456,
              4391.449768598289
            ],
            [
              4496.808915395883,
              4399.611232948635
            ],
            [
              4494.204192730878,
              4384.839116653451
            ]
          ]
        ]
      },
      "properties": {
        "id": "714",
        "lote": "714",
        "estatus": "disponible",
        "paquete": null,
        "seccion": "ORO",
        "manzana": "O",
        "manzanaId": "O"
      }
    },
    {
      "type": "Feature",
      "geometry": {
        "type": "Polygon",
        "coordinates": [
          [
            [
              4547.383811393537,
              4375.462115059438
            ],
            [
              4593.669775785112,
              4367.300650709091
            ],
            [
              4596.274498450115,
              4382.072767004274
            ],
            [
              4549.9885340585415,
              4390.2342313546205
            ],
            [
              4547.383811393537,
              4375.462115059438
            ]
          ]
        ]
      },
      "properties": {
        "id": "704",
        "lote": "704",
        "estatus": "disponible",
        "paquete": null,
        "seccion": "ORO",
        "manzana": "O",
        "manzanaId": "O"
      }
    },
    {
      "type": "Feature",
      "geometry": {
        "type": "Polygon",
        "coordinates": [
          [
            [
              4338.311948473906,
              4433.6510842487505
            ],
            [
              4384.59791286548,
              4425.489619898405
            ],
            [
              4387.202635530483,
              4440.261736193588
            ],
            [
              4340.91667113891,
              4448.4232005439335
            ],
            [
              4338.311948473906,
              4433.6510842487505
            ]
          ]
        ]
      },
      "properties": {
        "id": "743",
        "lote": "743",
        "estatus": "disponible",
        "paquete": null,
        "seccion": "ORO",
        "manzana": "O",
        "manzanaId": "O"
      }
    },
    {
      "type": "Feature",
      "geometry": {
        "type": "Polygon",
        "coordinates": [
          [
            [
              4391.491567136565,
              4424.274082654736
            ],
            [
              4437.777531528139,
              4416.112618304391
            ],
            [
              4440.382254193143,
              4430.884734599574
            ],
            [
              4394.09628980157,
              4439.046198949919
            ],
            [
              4391.491567136565,
              4424.274082654736
            ]
          ]
        ]
      },
      "properties": {
        "id": "733",
        "lote": "733",
        "estatus": "disponible",
        "paquete": null,
        "seccion": "ORO",
        "manzana": "O",
        "manzanaId": "O"
      }
    },
    {
      "type": "Feature",
      "geometry": {
        "type": "Polygon",
        "coordinates": [
          [
            [
              4444.671185799224,
              4414.8970810607225
            ],
            [
              4490.9571501907985,
              4406.735616710376
            ],
            [
              4493.561872855802,
              4421.507733005559
            ],
            [
              4447.275908464228,
              4429.669197355905
            ],
            [
              4444.671185799224,
              4414.8970810607225
            ]
          ]
        ]
      },
      "properties": {
        "id": "723",
        "lote": "723",
        "estatus": "disponible",
        "paquete": null,
        "seccion": "ORO",
        "manzana": "O",
        "manzanaId": "O"
      }
    },
    {
      "type": "Feature",
      "geometry": {
        "type": "Polygon",
        "coordinates": [
          [
            [
              4497.850804461884,
              4405.520079466708
            ],
            [
              4544.136768853457,
              4397.358615116362
            ],
            [
              4546.741491518462,
              4412.130731411546
            ],
            [
              4500.455527126887,
              4420.292195761891
            ],
            [
              4497.850804461884,
              4405.520079466708
            ]
          ]
        ]
      },
      "properties": {
        "id": "713",
        "lote": "713",
        "estatus": "disponible",
        "paquete": null,
        "seccion": "ORO",
        "manzana": "O",
        "manzanaId": "O"
      }
    },
    {
      "type": "Feature",
      "geometry": {
        "type": "Polygon",
        "coordinates": [
          [
            [
              4551.030423124543,
              4396.1430778726935
            ],
            [
              4597.316387516117,
              4387.981613522348
            ],
            [
              4599.921110181121,
              4402.753729817531
            ],
            [
              4553.635145789547,
              4410.9151941678765
            ],
            [
              4551.030423124543,
              4396.1430778726935
            ]
          ]
        ]
      },
      "properties": {
        "id": "703",
        "lote": "703",
        "estatus": "disponible",
        "paquete": null,
        "seccion": "ORO",
        "manzana": "O",
        "manzanaId": "O"
      }
    },
    {
      "type": "Feature",
      "geometry": {
        "type": "Polygon",
        "coordinates": [
          [
            [
              4341.958560204912,
              4454.3320470620065
            ],
            [
              4388.2445245964855,
              4446.170582711661
            ],
            [
              4390.849247261489,
              4460.942699006844
            ],
            [
              4344.563282869915,
              4469.10416335719
            ],
            [
              4341.958560204912,
              4454.3320470620065
            ]
          ]
        ]
      },
      "properties": {
        "id": "742",
        "lote": "742",
        "estatus": "disponible",
        "paquete": null,
        "seccion": "ORO",
        "manzana": "O",
        "manzanaId": "O"
      }
    },
    {
      "type": "Feature",
      "geometry": {
        "type": "Polygon",
        "coordinates": [
          [
            [
              4395.138178867571,
              4444.955045467993
            ],
            [
              4441.424143259144,
              4436.793581117647
            ],
            [
              4444.028865924149,
              4451.56569741283
            ],
            [
              4397.742901532575,
              4459.727161763176
            ],
            [
              4395.138178867571,
              4444.955045467993
            ]
          ]
        ]
      },
      "properties": {
        "id": "732",
        "lote": "732",
        "estatus": "disponible",
        "paquete": null,
        "seccion": "ORO",
        "manzana": "O",
        "manzanaId": "O"
      }
    },
    {
      "type": "Feature",
      "geometry": {
        "type": "Polygon",
        "coordinates": [
          [
            [
              4448.31779753023,
              4435.5780438739785
            ],
            [
              4494.603761921804,
              4427.416579523633
            ],
            [
              4497.208484586808,
              4442.188695818816
            ],
            [
              4450.922520195234,
              4450.350160169161
            ],
            [
              4448.31779753023,
              4435.5780438739785
            ]
          ]
        ]
      },
      "properties": {
        "id": "722",
        "lote": "722",
        "estatus": "disponible",
        "paquete": null,
        "seccion": "ORO",
        "manzana": "O",
        "manzanaId": "O"
      }
    },
    {
      "type": "Feature",
      "geometry": {
        "type": "Polygon",
        "coordinates": [
          [
            [
              4501.497416192889,
              4426.201042279964
            ],
            [
              4547.783380584463,
              4418.039577929619
            ],
            [
              4550.388103249467,
              4432.811694224802
            ],
            [
              4504.102138857893,
              4440.973158575147
            ],
            [
              4501.497416192889,
              4426.201042279964
            ]
          ]
        ]
      },
      "properties": {
        "id": "712",
        "lote": "712",
        "estatus": "disponible",
        "paquete": null,
        "seccion": "ORO",
        "manzana": "O",
        "manzanaId": "O"
      }
    },
    {
      "type": "Feature",
      "geometry": {
        "type": "Polygon",
        "coordinates": [
          [
            [
              4554.677034855548,
              4416.8240406859495
            ],
            [
              4600.962999247122,
              4408.662576335604
            ],
            [
              4603.567721912126,
              4423.434692630787
            ],
            [
              4557.281757520553,
              4431.596156981133
            ],
            [
              4554.677034855548,
              4416.8240406859495
            ]
          ]
        ]
      },
      "properties": {
        "id": "702",
        "lote": "702",
        "estatus": "disponible",
        "paquete": null,
        "seccion": "ORO",
        "manzana": "O",
        "manzanaId": "O"
      }
    },
    {
      "type": "Feature",
      "geometry": {
        "type": "Polygon",
        "coordinates": [
          [
            [
              4345.6051719359175,
              4475.013009875263
            ],
            [
              4391.891136327491,
              4466.851545524917
            ],
            [
              4394.4958589924945,
              4481.623661820101
            ],
            [
              4348.209894600921,
              4489.785126170446
            ],
            [
              4345.6051719359175,
              4475.013009875263
            ]
          ]
        ]
      },
      "properties": {
        "id": "741",
        "lote": "741",
        "estatus": "disponible",
        "paquete": null,
        "seccion": "ORO",
        "manzana": "O",
        "manzanaId": "O"
      }
    },
    {
      "type": "Feature",
      "geometry": {
        "type": "Polygon",
        "coordinates": [
          [
            [
              4398.784790598576,
              4465.636008281249
            ],
            [
              4445.07075499015,
              4457.474543930904
            ],
            [
              4447.675477655154,
              4472.2466602260865
            ],
            [
              4401.389513263581,
              4480.408124576432
            ],
            [
              4398.784790598576,
              4465.636008281249
            ]
          ]
        ]
      },
      "properties": {
        "id": "731",
        "lote": "731",
        "estatus": "disponible",
        "paquete": null,
        "seccion": "ORO",
        "manzana": "O",
        "manzanaId": "O"
      }
    },
    {
      "type": "Feature",
      "geometry": {
        "type": "Polygon",
        "coordinates": [
          [
            [
              4451.964409261235,
              4456.259006687234
            ],
            [
              4498.25037365281,
              4448.097542336889
            ],
            [
              4500.855096317813,
              4462.869658632072
            ],
            [
              4454.56913192624,
              4471.031122982418
            ],
            [
              4451.964409261235,
              4456.259006687234
            ]
          ]
        ]
      },
      "properties": {
        "id": "721",
        "lote": "721",
        "estatus": "disponible",
        "paquete": null,
        "seccion": "ORO",
        "manzana": "O",
        "manzanaId": "O"
      }
    },
    {
      "type": "Feature",
      "geometry": {
        "type": "Polygon",
        "coordinates": [
          [
            [
              4505.144027923895,
              4446.882005093221
            ],
            [
              4551.429992315469,
              4438.720540742875
            ],
            [
              4554.034714980473,
              4453.492657038058
            ],
            [
              4507.7487505888985,
              4461.654121388404
            ],
            [
              4505.144027923895,
              4446.882005093221
            ]
          ]
        ]
      },
      "properties": {
        "id": "711",
        "lote": "711",
        "estatus": "disponible",
        "paquete": null,
        "seccion": "ORO",
        "manzana": "O",
        "manzanaId": "O"
      }
    },
    {
      "type": "Feature",
      "geometry": {
        "type": "Polygon",
        "coordinates": [
          [
            [
              4558.323646586554,
              4437.505003499206
            ],
            [
              4604.609610978128,
              4429.34353914886
            ],
            [
              4607.214333643132,
              4444.115655444044
            ],
            [
              4560.928369251558,
              4452.277119794389
            ],
            [
              4558.323646586554,
              4437.505003499206
            ]
          ]
        ]
      },
      "properties": {
        "id": "701",
        "lote": "701",
        "estatus": "disponible",
        "paquete": null,
        "seccion": "ORO",
        "manzana": "O",
        "manzanaId": "O"
      }
    },
    {
      "type": "Feature",
      "geometry": {
        "type": "Polygon",
        "coordinates": [
          [
            [
              4268.285666356867,
              4029.8831481355046
            ],
            [
              4314.571630748441,
              4021.7216837851593
            ],
            [
              4317.176353413445,
              4036.493800080342
            ],
            [
              4270.890389021872,
              4044.6552644306876
            ],
            [
              4268.285666356867,
              4029.8831481355046
            ]
          ]
        ]
      },
      "properties": {
        "id": "800",
        "lote": "800",
        "estatus": "disponible",
        "paquete": null,
        "seccion": "ORO",
        "manzana": "P",
        "manzanaId": "P"
      }
    },
    {
      "type": "Feature",
      "geometry": {
        "type": "Polygon",
        "coordinates": [
          [
            [
              4321.465285019526,
              4020.50614654149
            ],
            [
              4367.751249411101,
              4012.344682191145
            ],
            [
              4370.355972076104,
              4027.1167984863278
            ],
            [
              4324.0700076845305,
              4035.278262836673
            ],
            [
              4321.465285019526,
              4020.50614654149
            ]
          ]
        ]
      },
      "properties": {
        "id": "790",
        "lote": "790",
        "estatus": "disponible",
        "paquete": null,
        "seccion": "ORO",
        "manzana": "P",
        "manzanaId": "P"
      }
    },
    {
      "type": "Feature",
      "geometry": {
        "type": "Polygon",
        "coordinates": [
          [
            [
              4374.644903682186,
              4011.1291449474766
            ],
            [
              4420.9308680737595,
              4002.9676805971303
            ],
            [
              4423.535590738764,
              4017.7397968923133
            ],
            [
              4377.249626347189,
              4025.9012612426595
            ],
            [
              4374.644903682186,
              4011.1291449474766
            ]
          ]
        ]
      },
      "properties": {
        "id": "780",
        "lote": "780",
        "estatus": "disponible",
        "paquete": null,
        "seccion": "ORO",
        "manzana": "P",
        "manzanaId": "P"
      }
    },
    {
      "type": "Feature",
      "geometry": {
        "type": "Polygon",
        "coordinates": [
          [
            [
              4427.824522344845,
              4001.752143353462
            ],
            [
              4474.110486736418,
              3993.590679003116
            ],
            [
              4476.715209401423,
              4008.3627952982997
            ],
            [
              4430.429245009849,
              4016.524259648645
            ],
            [
              4427.824522344845,
              4001.752143353462
            ]
          ]
        ]
      },
      "properties": {
        "id": "770",
        "lote": "770",
        "estatus": "disponible",
        "paquete": null,
        "seccion": "ORO",
        "manzana": "P",
        "manzanaId": "P"
      }
    },
    {
      "type": "Feature",
      "geometry": {
        "type": "Polygon",
        "coordinates": [
          [
            [
              4481.004141007505,
              3992.3751417594476
            ],
            [
              4527.290105399078,
              3984.2136774091023
            ],
            [
              4529.894828064082,
              3998.9857937042852
            ],
            [
              4483.608863672508,
              4007.1472580546306
            ],
            [
              4481.004141007505,
              3992.3751417594476
            ]
          ]
        ]
      },
      "properties": {
        "id": "760",
        "lote": "760",
        "estatus": "disponible",
        "paquete": null,
        "seccion": "ORO",
        "manzana": "P",
        "manzanaId": "P"
      }
    },
    {
      "type": "Feature",
      "geometry": {
        "type": "Polygon",
        "coordinates": [
          [
            [
              4271.932278087873,
              4050.5641109487606
            ],
            [
              4318.218242479446,
              4042.4026465984152
            ],
            [
              4320.822965144451,
              4057.174762893598
            ],
            [
              4274.537000752876,
              4065.3362272439444
            ],
            [
              4271.932278087873,
              4050.5641109487606
            ]
          ]
        ]
      },
      "properties": {
        "id": "799",
        "lote": "799",
        "estatus": "disponible",
        "paquete": null,
        "seccion": "ORO",
        "manzana": "P",
        "manzanaId": "P"
      }
    },
    {
      "type": "Feature",
      "geometry": {
        "type": "Polygon",
        "coordinates": [
          [
            [
              4325.111896750532,
              4041.187109354747
            ],
            [
              4371.397861142106,
              4033.0256450044008
            ],
            [
              4374.00258380711,
              4047.7977612995837
            ],
            [
              4327.716619415536,
              4055.95922564993
            ],
            [
              4325.111896750532,
              4041.187109354747
            ]
          ]
        ]
      },
      "properties": {
        "id": "789",
        "lote": "789",
        "estatus": "disponible",
        "paquete": null,
        "seccion": "ORO",
        "manzana": "P",
        "manzanaId": "P"
      }
    },
    {
      "type": "Feature",
      "geometry": {
        "type": "Polygon",
        "coordinates": [
          [
            [
              4378.2915154131915,
              4031.8101077607325
            ],
            [
              4424.577479804765,
              4023.648643410387
            ],
            [
              4427.182202469769,
              4038.42075970557
            ],
            [
              4380.896238078195,
              4046.5822240559155
            ],
            [
              4378.2915154131915,
              4031.8101077607325
            ]
          ]
        ]
      },
      "properties": {
        "id": "779",
        "lote": "779",
        "estatus": "disponible",
        "paquete": null,
        "seccion": "ORO",
        "manzana": "P",
        "manzanaId": "P"
      }
    },
    {
      "type": "Feature",
      "geometry": {
        "type": "Polygon",
        "coordinates": [
          [
            [
              4431.47113407585,
              4022.433106166718
            ],
            [
              4477.757098467424,
              4014.2716418163727
            ],
            [
              4480.361821132428,
              4029.0437581115557
            ],
            [
              4434.075856740855,
              4037.205222461901
            ],
            [
              4431.47113407585,
              4022.433106166718
            ]
          ]
        ]
      },
      "properties": {
        "id": "769",
        "lote": "769",
        "estatus": "disponible",
        "paquete": null,
        "seccion": "ORO",
        "manzana": "P",
        "manzanaId": "P"
      }
    },
    {
      "type": "Feature",
      "geometry": {
        "type": "Polygon",
        "coordinates": [
          [
            [
              4484.65075273851,
              4013.0561045727036
            ],
            [
              4530.936717130084,
              4004.8946402223582
            ],
            [
              4533.541439795087,
              4019.666756517541
            ],
            [
              4487.255475403514,
              4027.8282208678875
            ],
            [
              4484.65075273851,
              4013.0561045727036
            ]
          ]
        ]
      },
      "properties": {
        "id": "759",
        "lote": "759",
        "estatus": "disponible",
        "paquete": null,
        "seccion": "ORO",
        "manzana": "P",
        "manzanaId": "P"
      }
    },
    {
      "type": "Feature",
      "geometry": {
        "type": "Polygon",
        "coordinates": [
          [
            [
              4275.578889818878,
              4071.2450737620175
            ],
            [
              4321.864854210452,
              4063.083609411671
            ],
            [
              4324.469576875456,
              4077.855725706855
            ],
            [
              4278.183612483882,
              4086.0171900572004
            ],
            [
              4275.578889818878,
              4071.2450737620175
            ]
          ]
        ]
      },
      "properties": {
        "id": "798",
        "lote": "798",
        "estatus": "disponible",
        "paquete": null,
        "seccion": "ORO",
        "manzana": "P",
        "manzanaId": "P"
      }
    },
    {
      "type": "Feature",
      "geometry": {
        "type": "Polygon",
        "coordinates": [
          [
            [
              4328.758508481537,
              4061.868072168003
            ],
            [
              4375.044472873112,
              4053.7066078176576
            ],
            [
              4377.649195538115,
              4068.4787241128406
            ],
            [
              4331.363231146542,
              4076.640188463186
            ],
            [
              4328.758508481537,
              4061.868072168003
            ]
          ]
        ]
      },
      "properties": {
        "id": "788",
        "lote": "788",
        "estatus": "disponible",
        "paquete": null,
        "seccion": "ORO",
        "manzana": "P",
        "manzanaId": "P"
      }
    },
    {
      "type": "Feature",
      "geometry": {
        "type": "Polygon",
        "coordinates": [
          [
            [
              4381.938127144197,
              4052.4910705739885
            ],
            [
              4428.224091535771,
              4044.329606223643
            ],
            [
              4430.828814200775,
              4059.101722518826
            ],
            [
              4384.542849809201,
              4067.2631868691724
            ],
            [
              4381.938127144197,
              4052.4910705739885
            ]
          ]
        ]
      },
      "properties": {
        "id": "778",
        "lote": "778",
        "estatus": "disponible",
        "paquete": null,
        "seccion": "ORO",
        "manzana": "P",
        "manzanaId": "P"
      }
    },
    {
      "type": "Feature",
      "geometry": {
        "type": "Polygon",
        "coordinates": [
          [
            [
              4435.117745806856,
              4043.114068979975
            ],
            [
              4481.4037101984295,
              4034.9526046296287
            ],
            [
              4484.008432863434,
              4049.7247209248117
            ],
            [
              4437.72246847186,
              4057.886185275158
            ],
            [
              4435.117745806856,
              4043.114068979975
            ]
          ]
        ]
      },
      "properties": {
        "id": "768",
        "lote": "768",
        "estatus": "disponible",
        "paquete": null,
        "seccion": "ORO",
        "manzana": "P",
        "manzanaId": "P"
      }
    },
    {
      "type": "Feature",
      "geometry": {
        "type": "Polygon",
        "coordinates": [
          [
            [
              4488.297364469516,
              4033.7370673859605
            ],
            [
              4534.583328861089,
              4025.575603035614
            ],
            [
              4537.188051526093,
              4040.347719330798
            ],
            [
              4490.902087134519,
              4048.5091836811434
            ],
            [
              4488.297364469516,
              4033.7370673859605
            ]
          ]
        ]
      },
      "properties": {
        "id": "758",
        "lote": "758",
        "estatus": "disponible",
        "paquete": null,
        "seccion": "ORO",
        "manzana": "P",
        "manzanaId": "P"
      }
    },
    {
      "type": "Feature",
      "geometry": {
        "type": "Polygon",
        "coordinates": [
          [
            [
              4279.225501549884,
              4091.9260365752734
            ],
            [
              4325.511465941458,
              4083.764572224928
            ],
            [
              4328.116188606462,
              4098.536688520111
            ],
            [
              4281.8302242148875,
              4106.698152870456
            ],
            [
              4279.225501549884,
              4091.9260365752734
            ]
          ]
        ]
      },
      "properties": {
        "id": "797",
        "lote": "797",
        "estatus": "disponible",
        "paquete": null,
        "seccion": "ORO",
        "manzana": "P",
        "manzanaId": "P"
      }
    },
    {
      "type": "Feature",
      "geometry": {
        "type": "Polygon",
        "coordinates": [
          [
            [
              4332.405120212543,
              4082.54903498126
            ],
            [
              4378.691084604117,
              4074.3875706309136
            ],
            [
              4381.295807269121,
              4089.1596869260966
            ],
            [
              4335.009842877547,
              4097.321151276443
            ],
            [
              4332.405120212543,
              4082.54903498126
            ]
          ]
        ]
      },
      "properties": {
        "id": "787",
        "lote": "787",
        "estatus": "disponible",
        "paquete": null,
        "seccion": "ORO",
        "manzana": "P",
        "manzanaId": "P"
      }
    },
    {
      "type": "Feature",
      "geometry": {
        "type": "Polygon",
        "coordinates": [
          [
            [
              4385.584738875203,
              4073.1720333872454
            ],
            [
              4431.870703266776,
              4065.010569036899
            ],
            [
              4434.47542593178,
              4079.782685332083
            ],
            [
              4388.189461540206,
              4087.9441496824284
            ],
            [
              4385.584738875203,
              4073.1720333872454
            ]
          ]
        ]
      },
      "properties": {
        "id": "777",
        "lote": "777",
        "estatus": "disponible",
        "paquete": null,
        "seccion": "ORO",
        "manzana": "P",
        "manzanaId": "P"
      }
    },
    {
      "type": "Feature",
      "geometry": {
        "type": "Polygon",
        "coordinates": [
          [
            [
              4438.7643575378615,
              4063.795031793231
            ],
            [
              4485.050321929435,
              4055.6335674428856
            ],
            [
              4487.6550445944395,
              4070.4056837380685
            ],
            [
              4441.369080202866,
              4078.567148088414
            ],
            [
              4438.7643575378615,
              4063.795031793231
            ]
          ]
        ]
      },
      "properties": {
        "id": "767",
        "lote": "767",
        "estatus": "disponible",
        "paquete": null,
        "seccion": "ORO",
        "manzana": "P",
        "manzanaId": "P"
      }
    },
    {
      "type": "Feature",
      "geometry": {
        "type": "Polygon",
        "coordinates": [
          [
            [
              4491.94397620052,
              4054.4180301992164
            ],
            [
              4538.229940592095,
              4046.256565848871
            ],
            [
              4540.834663257098,
              4061.028682144054
            ],
            [
              4494.548698865525,
              4069.1901464944003
            ],
            [
              4491.94397620052,
              4054.4180301992164
            ]
          ]
        ]
      },
      "properties": {
        "id": "757",
        "lote": "757",
        "estatus": "disponible",
        "paquete": null,
        "seccion": "ORO",
        "manzana": "P",
        "manzanaId": "P"
      }
    },
    {
      "type": "Feature",
      "geometry": {
        "type": "Polygon",
        "coordinates": [
          [
            [
              4282.87211328089,
              4112.60699938853
            ],
            [
              4329.158077672463,
              4104.445535038184
            ],
            [
              4331.7628003374675,
              4119.217651333367
            ],
            [
              4285.476835945893,
              4127.379115683713
            ],
            [
              4282.87211328089,
              4112.60699938853
            ]
          ]
        ]
      },
      "properties": {
        "id": "796",
        "lote": "796",
        "estatus": "disponible",
        "paquete": null,
        "seccion": "ORO",
        "manzana": "P",
        "manzanaId": "P"
      }
    },
    {
      "type": "Feature",
      "geometry": {
        "type": "Polygon",
        "coordinates": [
          [
            [
              4336.0517319435485,
              4103.229997794516
            ],
            [
              4382.337696335122,
              4095.0685334441705
            ],
            [
              4384.942419000126,
              4109.8406497393535
            ],
            [
              4338.656454608553,
              4118.002114089699
            ],
            [
              4336.0517319435485,
              4103.229997794516
            ]
          ]
        ]
      },
      "properties": {
        "id": "786",
        "lote": "786",
        "estatus": "disponible",
        "paquete": null,
        "seccion": "ORO",
        "manzana": "P",
        "manzanaId": "P"
      }
    },
    {
      "type": "Feature",
      "geometry": {
        "type": "Polygon",
        "coordinates": [
          [
            [
              4389.231350606208,
              4093.8529962005014
            ],
            [
              4435.517314997782,
              4085.691531850156
            ],
            [
              4438.122037662785,
              4100.463648145339
            ],
            [
              4391.836073271212,
              4108.625112495684
            ],
            [
              4389.231350606208,
              4093.8529962005014
            ]
          ]
        ]
      },
      "properties": {
        "id": "776",
        "lote": "776",
        "estatus": "disponible",
        "paquete": null,
        "seccion": "ORO",
        "manzana": "P",
        "manzanaId": "P"
      }
    },
    {
      "type": "Feature",
      "geometry": {
        "type": "Polygon",
        "coordinates": [
          [
            [
              4442.410969268867,
              4084.475994606488
            ],
            [
              4488.696933660441,
              4076.3145302561416
            ],
            [
              4491.301656325445,
              4091.0866465513245
            ],
            [
              4445.0156919338715,
              4099.248110901671
            ],
            [
              4442.410969268867,
              4084.475994606488
            ]
          ]
        ]
      },
      "properties": {
        "id": "766",
        "lote": "766",
        "estatus": "disponible",
        "paquete": null,
        "seccion": "ORO",
        "manzana": "P",
        "manzanaId": "P"
      }
    },
    {
      "type": "Feature",
      "geometry": {
        "type": "Polygon",
        "coordinates": [
          [
            [
              4495.590587931526,
              4075.0989930124733
            ],
            [
              4541.8765523231,
              4066.937528662127
            ],
            [
              4544.481274988104,
              4081.709644957311
            ],
            [
              4498.19531059653,
              4089.8711093076563
            ],
            [
              4495.590587931526,
              4075.0989930124733
            ]
          ]
        ]
      },
      "properties": {
        "id": "756",
        "lote": "756",
        "estatus": "disponible",
        "paquete": null,
        "seccion": "ORO",
        "manzana": "P",
        "manzanaId": "P"
      }
    },
    {
      "type": "Feature",
      "geometry": {
        "type": "Polygon",
        "coordinates": [
          [
            [
              4286.518725011895,
              4133.287962201786
            ],
            [
              4332.804689403469,
              4125.126497851441
            ],
            [
              4335.409412068473,
              4139.898614146624
            ],
            [
              4289.123447676899,
              4148.060078496969
            ],
            [
              4286.518725011895,
              4133.287962201786
            ]
          ]
        ]
      },
      "properties": {
        "id": "795",
        "lote": "795",
        "estatus": "disponible",
        "paquete": null,
        "seccion": "ORO",
        "manzana": "P",
        "manzanaId": "P"
      }
    },
    {
      "type": "Feature",
      "geometry": {
        "type": "Polygon",
        "coordinates": [
          [
            [
              4339.698343674554,
              4123.910960607772
            ],
            [
              4385.984308066128,
              4115.7494962574265
            ],
            [
              4388.589030731132,
              4130.521612552609
            ],
            [
              4342.303066339558,
              4138.683076902956
            ],
            [
              4339.698343674554,
              4123.910960607772
            ]
          ]
        ]
      },
      "properties": {
        "id": "785",
        "lote": "785",
        "estatus": "disponible",
        "paquete": null,
        "seccion": "ORO",
        "manzana": "P",
        "manzanaId": "P"
      }
    },
    {
      "type": "Feature",
      "geometry": {
        "type": "Polygon",
        "coordinates": [
          [
            [
              4392.877962337214,
              4114.533959013758
            ],
            [
              4439.163926728787,
              4106.372494663412
            ],
            [
              4441.768649393791,
              4121.144610958595
            ],
            [
              4395.482685002217,
              4129.306075308941
            ],
            [
              4392.877962337214,
              4114.533959013758
            ]
          ]
        ]
      },
      "properties": {
        "id": "775",
        "lote": "775",
        "estatus": "disponible",
        "paquete": null,
        "seccion": "ORO",
        "manzana": "P",
        "manzanaId": "P"
      }
    },
    {
      "type": "Feature",
      "geometry": {
        "type": "Polygon",
        "coordinates": [
          [
            [
              4446.057580999873,
              4105.156957419744
            ],
            [
              4492.343545391446,
              4096.995493069398
            ],
            [
              4494.948268056451,
              4111.767609364581
            ],
            [
              4448.662303664877,
              4119.929073714927
            ],
            [
              4446.057580999873,
              4105.156957419744
            ]
          ]
        ]
      },
      "properties": {
        "id": "765",
        "lote": "765",
        "estatus": "disponible",
        "paquete": null,
        "seccion": "ORO",
        "manzana": "P",
        "manzanaId": "P"
      }
    },
    {
      "type": "Feature",
      "geometry": {
        "type": "Polygon",
        "coordinates": [
          [
            [
              4499.237199662532,
              4095.7799558257293
            ],
            [
              4545.523164054106,
              4087.618491475384
            ],
            [
              4548.1278867191095,
              4102.390607770567
            ],
            [
              4501.841922327536,
              4110.552072120912
            ],
            [
              4499.237199662532,
              4095.7799558257293
            ]
          ]
        ]
      },
      "properties": {
        "id": "755",
        "lote": "755",
        "estatus": "disponible",
        "paquete": null,
        "seccion": "ORO",
        "manzana": "P",
        "manzanaId": "P"
      }
    },
    {
      "type": "Feature",
      "geometry": {
        "type": "Polygon",
        "coordinates": [
          [
            [
              4290.165336742901,
              4153.968925015043
            ],
            [
              4336.451301134474,
              4145.807460664697
            ],
            [
              4339.056023799479,
              4160.57957695988
            ],
            [
              4292.770059407904,
              4168.741041310226
            ],
            [
              4290.165336742901,
              4153.968925015043
            ]
          ]
        ]
      },
      "properties": {
        "id": "794",
        "lote": "794",
        "estatus": "disponible",
        "paquete": null,
        "seccion": "ORO",
        "manzana": "P",
        "manzanaId": "P"
      }
    },
    {
      "type": "Feature",
      "geometry": {
        "type": "Polygon",
        "coordinates": [
          [
            [
              4343.34495540556,
              4144.591923421029
            ],
            [
              4389.630919797133,
              4136.430459070682
            ],
            [
              4392.235642462138,
              4151.202575365866
            ],
            [
              4345.949678070564,
              4159.364039716212
            ],
            [
              4343.34495540556,
              4144.591923421029
            ]
          ]
        ]
      },
      "properties": {
        "id": "784",
        "lote": "784",
        "estatus": "disponible",
        "paquete": null,
        "seccion": "ORO",
        "manzana": "P",
        "manzanaId": "P"
      }
    },
    {
      "type": "Feature",
      "geometry": {
        "type": "Polygon",
        "coordinates": [
          [
            [
              4396.524574068219,
              4135.214921827014
            ],
            [
              4442.810538459793,
              4127.053457476669
            ],
            [
              4445.415261124796,
              4141.825573771852
            ],
            [
              4399.129296733223,
              4149.987038122197
            ],
            [
              4396.524574068219,
              4135.214921827014
            ]
          ]
        ]
      },
      "properties": {
        "id": "774",
        "lote": "774",
        "estatus": "disponible",
        "paquete": null,
        "seccion": "ORO",
        "manzana": "P",
        "manzanaId": "P"
      }
    },
    {
      "type": "Feature",
      "geometry": {
        "type": "Polygon",
        "coordinates": [
          [
            [
              4449.704192730878,
              4125.837920233
            ],
            [
              4495.990157122452,
              4117.676455882654
            ],
            [
              4498.594879787456,
              4132.448572177837
            ],
            [
              4452.308915395883,
              4140.610036528184
            ],
            [
              4449.704192730878,
              4125.837920233
            ]
          ]
        ]
      },
      "properties": {
        "id": "764",
        "lote": "764",
        "estatus": "disponible",
        "paquete": null,
        "seccion": "ORO",
        "manzana": "P",
        "manzanaId": "P"
      }
    },
    {
      "type": "Feature",
      "geometry": {
        "type": "Polygon",
        "coordinates": [
          [
            [
              4502.883811393537,
              4116.460918638986
            ],
            [
              4549.169775785112,
              4108.29945428864
            ],
            [
              4551.774498450115,
              4123.071570583823
            ],
            [
              4505.4885340585415,
              4131.233034934169
            ],
            [
              4502.883811393537,
              4116.460918638986
            ]
          ]
        ]
      },
      "properties": {
        "id": "754",
        "lote": "754",
        "estatus": "disponible",
        "paquete": null,
        "seccion": "ORO",
        "manzana": "P",
        "manzanaId": "P"
      }
    },
    {
      "type": "Feature",
      "geometry": {
        "type": "Polygon",
        "coordinates": [
          [
            [
              4293.811948473906,
              4174.649887828299
            ],
            [
              4340.09791286548,
              4166.488423477954
            ],
            [
              4342.702635530483,
              4181.260539773137
            ],
            [
              4296.41667113891,
              4189.422004123482
            ],
            [
              4293.811948473906,
              4174.649887828299
            ]
          ]
        ]
      },
      "properties": {
        "id": "793",
        "lote": "793",
        "estatus": "disponible",
        "paquete": null,
        "seccion": "ORO",
        "manzana": "P",
        "manzanaId": "P"
      }
    },
    {
      "type": "Feature",
      "geometry": {
        "type": "Polygon",
        "coordinates": [
          [
            [
              4346.991567136565,
              4165.272886234285
            ],
            [
              4393.277531528139,
              4157.111421883939
            ],
            [
              4395.882254193143,
              4171.883538179122
            ],
            [
              4349.59628980157,
              4180.045002529468
            ],
            [
              4346.991567136565,
              4165.272886234285
            ]
          ]
        ]
      },
      "properties": {
        "id": "783",
        "lote": "783",
        "estatus": "disponible",
        "paquete": null,
        "seccion": "ORO",
        "manzana": "P",
        "manzanaId": "P"
      }
    },
    {
      "type": "Feature",
      "geometry": {
        "type": "Polygon",
        "coordinates": [
          [
            [
              4400.171185799224,
              4155.895884640271
            ],
            [
              4446.4571501907985,
              4147.734420289925
            ],
            [
              4449.061872855802,
              4162.506536585108
            ],
            [
              4402.775908464228,
              4170.668000935454
            ],
            [
              4400.171185799224,
              4155.895884640271
            ]
          ]
        ]
      },
      "properties": {
        "id": "773",
        "lote": "773",
        "estatus": "disponible",
        "paquete": null,
        "seccion": "ORO",
        "manzana": "P",
        "manzanaId": "P"
      }
    },
    {
      "type": "Feature",
      "geometry": {
        "type": "Polygon",
        "coordinates": [
          [
            [
              4453.350804461884,
              4146.518883046257
            ],
            [
              4499.636768853457,
              4138.35741869591
            ],
            [
              4502.241491518462,
              4153.129534991094
            ],
            [
              4455.955527126887,
              4161.29099934144
            ],
            [
              4453.350804461884,
              4146.518883046257
            ]
          ]
        ]
      },
      "properties": {
        "id": "763",
        "lote": "763",
        "estatus": "disponible",
        "paquete": null,
        "seccion": "ORO",
        "manzana": "P",
        "manzanaId": "P"
      }
    },
    {
      "type": "Feature",
      "geometry": {
        "type": "Polygon",
        "coordinates": [
          [
            [
              4506.530423124543,
              4137.141881452242
            ],
            [
              4552.816387516117,
              4128.980417101897
            ],
            [
              4555.421110181121,
              4143.75253339708
            ],
            [
              4509.135145789547,
              4151.913997747425
            ],
            [
              4506.530423124543,
              4137.141881452242
            ]
          ]
        ]
      },
      "properties": {
        "id": "753",
        "lote": "753",
        "estatus": "disponible",
        "paquete": null,
        "seccion": "ORO",
        "manzana": "P",
        "manzanaId": "P"
      }
    },
    {
      "type": "Feature",
      "geometry": {
        "type": "Polygon",
        "coordinates": [
          [
            [
              4297.458560204912,
              4195.330850641555
            ],
            [
              4343.7445245964855,
              4187.16938629121
            ],
            [
              4346.349247261489,
              4201.941502586393
            ],
            [
              4300.063282869915,
              4210.102966936739
            ],
            [
              4297.458560204912,
              4195.330850641555
            ]
          ]
        ]
      },
      "properties": {
        "id": "792",
        "lote": "792",
        "estatus": "disponible",
        "paquete": null,
        "seccion": "ORO",
        "manzana": "P",
        "manzanaId": "P"
      }
    },
    {
      "type": "Feature",
      "geometry": {
        "type": "Polygon",
        "coordinates": [
          [
            [
              4350.638178867571,
              4185.953849047542
            ],
            [
              4396.924143259144,
              4177.792384697195
            ],
            [
              4399.528865924149,
              4192.564500992378
            ],
            [
              4353.242901532575,
              4200.7259653427245
            ],
            [
              4350.638178867571,
              4185.953849047542
            ]
          ]
        ]
      },
      "properties": {
        "id": "782",
        "lote": "782",
        "estatus": "disponible",
        "paquete": null,
        "seccion": "ORO",
        "manzana": "P",
        "manzanaId": "P"
      }
    },
    {
      "type": "Feature",
      "geometry": {
        "type": "Polygon",
        "coordinates": [
          [
            [
              4403.81779753023,
              4176.576847453527
            ],
            [
              4450.103761921804,
              4168.415383103182
            ],
            [
              4452.708484586808,
              4183.187499398365
            ],
            [
              4406.422520195234,
              4191.34896374871
            ],
            [
              4403.81779753023,
              4176.576847453527
            ]
          ]
        ]
      },
      "properties": {
        "id": "772",
        "lote": "772",
        "estatus": "disponible",
        "paquete": null,
        "seccion": "ORO",
        "manzana": "P",
        "manzanaId": "P"
      }
    },
    {
      "type": "Feature",
      "geometry": {
        "type": "Polygon",
        "coordinates": [
          [
            [
              4456.997416192889,
              4167.199845859513
            ],
            [
              4503.283380584463,
              4159.038381509167
            ],
            [
              4505.888103249467,
              4173.81049780435
            ],
            [
              4459.602138857893,
              4181.971962154696
            ],
            [
              4456.997416192889,
              4167.199845859513
            ]
          ]
        ]
      },
      "properties": {
        "id": "762",
        "lote": "762",
        "estatus": "disponible",
        "paquete": null,
        "seccion": "ORO",
        "manzana": "P",
        "manzanaId": "P"
      }
    },
    {
      "type": "Feature",
      "geometry": {
        "type": "Polygon",
        "coordinates": [
          [
            [
              4510.177034855548,
              4157.822844265498
            ],
            [
              4556.462999247122,
              4149.661379915153
            ],
            [
              4559.067721912126,
              4164.433496210336
            ],
            [
              4512.781757520553,
              4172.594960560682
            ],
            [
              4510.177034855548,
              4157.822844265498
            ]
          ]
        ]
      },
      "properties": {
        "id": "752",
        "lote": "752",
        "estatus": "disponible",
        "paquete": null,
        "seccion": "ORO",
        "manzana": "P",
        "manzanaId": "P"
      }
    },
    {
      "type": "Feature",
      "geometry": {
        "type": "Polygon",
        "coordinates": [
          [
            [
              4301.1051719359175,
              4216.011813454812
            ],
            [
              4347.391136327491,
              4207.850349104466
            ],
            [
              4349.9958589924945,
              4222.62246539965
            ],
            [
              4303.709894600921,
              4230.783929749995
            ],
            [
              4301.1051719359175,
              4216.011813454812
            ]
          ]
        ]
      },
      "properties": {
        "id": "791",
        "lote": "791",
        "estatus": "disponible",
        "paquete": null,
        "seccion": "ORO",
        "manzana": "P",
        "manzanaId": "P"
      }
    },
    {
      "type": "Feature",
      "geometry": {
        "type": "Polygon",
        "coordinates": [
          [
            [
              4354.284790598576,
              4206.6348118607975
            ],
            [
              4400.57075499015,
              4198.473347510452
            ],
            [
              4403.175477655154,
              4213.245463805635
            ],
            [
              4356.889513263581,
              4221.4069281559805
            ],
            [
              4354.284790598576,
              4206.6348118607975
            ]
          ]
        ]
      },
      "properties": {
        "id": "781",
        "lote": "781",
        "estatus": "disponible",
        "paquete": null,
        "seccion": "ORO",
        "manzana": "P",
        "manzanaId": "P"
      }
    },
    {
      "type": "Feature",
      "geometry": {
        "type": "Polygon",
        "coordinates": [
          [
            [
              4407.464409261235,
              4197.257810266783
            ],
            [
              4453.75037365281,
              4189.096345916438
            ],
            [
              4456.355096317813,
              4203.868462211621
            ],
            [
              4410.06913192624,
              4212.029926561967
            ],
            [
              4407.464409261235,
              4197.257810266783
            ]
          ]
        ]
      },
      "properties": {
        "id": "771",
        "lote": "771",
        "estatus": "disponible",
        "paquete": null,
        "seccion": "ORO",
        "manzana": "P",
        "manzanaId": "P"
      }
    },
    {
      "type": "Feature",
      "geometry": {
        "type": "Polygon",
        "coordinates": [
          [
            [
              4460.644027923895,
              4187.8808086727695
            ],
            [
              4506.929992315469,
              4179.719344322423
            ],
            [
              4509.534714980473,
              4194.491460617606
            ],
            [
              4463.2487505888985,
              4202.6529249679525
            ],
            [
              4460.644027923895,
              4187.8808086727695
            ]
          ]
        ]
      },
      "properties": {
        "id": "761",
        "lote": "761",
        "estatus": "disponible",
        "paquete": null,
        "seccion": "ORO",
        "manzana": "P",
        "manzanaId": "P"
      }
    },
    {
      "type": "Feature",
      "geometry": {
        "type": "Polygon",
        "coordinates": [
          [
            [
              4513.823646586554,
              4178.503807078755
            ],
            [
              4560.109610978128,
              4170.342342728409
            ],
            [
              4562.714333643132,
              4185.114459023593
            ],
            [
              4516.428369251558,
              4193.275923373938
            ],
            [
              4513.823646586554,
              4178.503807078755
            ]
          ]
        ]
      },
      "properties": {
        "id": "751",
        "lote": "751",
        "estatus": "disponible",
        "paquete": null,
        "seccion": "ORO",
        "manzana": "P",
        "manzanaId": "P"
      }
    },
    {
      "type": "Feature",
      "geometry": {
        "type": "Polygon",
        "coordinates": [
          [
            [
              4227.785666356867,
              3797.886737396859
            ],
            [
              4274.071630748441,
              3789.725273046514
            ],
            [
              4276.676353413445,
              3804.497389341697
            ],
            [
              4230.390389021872,
              3812.658853692042
            ],
            [
              4227.785666356867,
              3797.886737396859
            ]
          ]
        ]
      },
      "properties": {
        "id": "850",
        "lote": "850",
        "estatus": "disponible",
        "paquete": null,
        "seccion": "ORO",
        "manzana": "Q",
        "manzanaId": "Q"
      }
    },
    {
      "type": "Feature",
      "geometry": {
        "type": "Polygon",
        "coordinates": [
          [
            [
              4280.965285019526,
              3788.5097358028447
            ],
            [
              4327.251249411101,
              3780.3482714524994
            ],
            [
              4329.855972076104,
              3795.1203877476823
            ],
            [
              4283.5700076845305,
              3803.2818520980277
            ],
            [
              4280.965285019526,
              3788.5097358028447
            ]
          ]
        ]
      },
      "properties": {
        "id": "840",
        "lote": "840",
        "estatus": "disponible",
        "paquete": null,
        "seccion": "ORO",
        "manzana": "Q",
        "manzanaId": "Q"
      }
    },
    {
      "type": "Feature",
      "geometry": {
        "type": "Polygon",
        "coordinates": [
          [
            [
              4334.144903682186,
              3779.132734208831
            ],
            [
              4380.4308680737595,
              3770.971269858485
            ],
            [
              4383.035590738764,
              3785.743386153668
            ],
            [
              4336.749626347189,
              3793.904850504014
            ],
            [
              4334.144903682186,
              3779.132734208831
            ]
          ]
        ]
      },
      "properties": {
        "id": "830",
        "lote": "830",
        "estatus": "disponible",
        "paquete": null,
        "seccion": "ORO",
        "manzana": "Q",
        "manzanaId": "Q"
      }
    },
    {
      "type": "Feature",
      "geometry": {
        "type": "Polygon",
        "coordinates": [
          [
            [
              4387.324522344845,
              3769.7557326148167
            ],
            [
              4433.610486736418,
              3761.5942682644704
            ],
            [
              4436.215209401423,
              3776.3663845596543
            ],
            [
              4389.929245009849,
              3784.5278489099996
            ],
            [
              4387.324522344845,
              3769.7557326148167
            ]
          ]
        ]
      },
      "properties": {
        "id": "820",
        "lote": "820",
        "estatus": "disponible",
        "paquete": null,
        "seccion": "ORO",
        "manzana": "Q",
        "manzanaId": "Q"
      }
    },
    {
      "type": "Feature",
      "geometry": {
        "type": "Polygon",
        "coordinates": [
          [
            [
              4440.504141007505,
              3760.378731020802
            ],
            [
              4486.790105399078,
              3752.217266670457
            ],
            [
              4489.394828064082,
              3766.98938296564
            ],
            [
              4443.108863672508,
              3775.150847315985
            ],
            [
              4440.504141007505,
              3760.378731020802
            ]
          ]
        ]
      },
      "properties": {
        "id": "810",
        "lote": "810",
        "estatus": "disponible",
        "paquete": null,
        "seccion": "ORO",
        "manzana": "Q",
        "manzanaId": "Q"
      }
    },
    {
      "type": "Feature",
      "geometry": {
        "type": "Polygon",
        "coordinates": [
          [
            [
              4231.432278087873,
              3818.567700210115
            ],
            [
              4277.718242479446,
              3810.40623585977
            ],
            [
              4280.322965144451,
              3825.178352154953
            ],
            [
              4234.037000752876,
              3833.339816505299
            ],
            [
              4231.432278087873,
              3818.567700210115
            ]
          ]
        ]
      },
      "properties": {
        "id": "849",
        "lote": "849",
        "estatus": "disponible",
        "paquete": null,
        "seccion": "ORO",
        "manzana": "Q",
        "manzanaId": "Q"
      }
    },
    {
      "type": "Feature",
      "geometry": {
        "type": "Polygon",
        "coordinates": [
          [
            [
              4284.611896750532,
              3809.1906986161016
            ],
            [
              4330.897861142106,
              3801.0292342657553
            ],
            [
              4333.50258380711,
              3815.8013505609383
            ],
            [
              4287.216619415536,
              3823.9628149112846
            ],
            [
              4284.611896750532,
              3809.1906986161016
            ]
          ]
        ]
      },
      "properties": {
        "id": "839",
        "lote": "839",
        "estatus": "disponible",
        "paquete": null,
        "seccion": "ORO",
        "manzana": "Q",
        "manzanaId": "Q"
      }
    },
    {
      "type": "Feature",
      "geometry": {
        "type": "Polygon",
        "coordinates": [
          [
            [
              4337.7915154131915,
              3799.813697022087
            ],
            [
              4384.077479804765,
              3791.652232671742
            ],
            [
              4386.682202469769,
              3806.4243489669248
            ],
            [
              4340.396238078195,
              3814.58581331727
            ],
            [
              4337.7915154131915,
              3799.813697022087
            ]
          ]
        ]
      },
      "properties": {
        "id": "829",
        "lote": "829",
        "estatus": "disponible",
        "paquete": null,
        "seccion": "ORO",
        "manzana": "Q",
        "manzanaId": "Q"
      }
    },
    {
      "type": "Feature",
      "geometry": {
        "type": "Polygon",
        "coordinates": [
          [
            [
              4390.97113407585,
              3790.4366954280727
            ],
            [
              4437.257098467424,
              3782.2752310777273
            ],
            [
              4439.861821132428,
              3797.0473473729103
            ],
            [
              4393.575856740855,
              3805.2088117232556
            ],
            [
              4390.97113407585,
              3790.4366954280727
            ]
          ]
        ]
      },
      "properties": {
        "id": "819",
        "lote": "819",
        "estatus": "disponible",
        "paquete": null,
        "seccion": "ORO",
        "manzana": "Q",
        "manzanaId": "Q"
      }
    },
    {
      "type": "Feature",
      "geometry": {
        "type": "Polygon",
        "coordinates": [
          [
            [
              4444.15075273851,
              3781.059693834058
            ],
            [
              4490.436717130084,
              3772.898229483713
            ],
            [
              4493.041439795087,
              3787.670345778896
            ],
            [
              4446.755475403514,
              3795.831810129242
            ],
            [
              4444.15075273851,
              3781.059693834058
            ]
          ]
        ]
      },
      "properties": {
        "id": "809",
        "lote": "809",
        "estatus": "disponible",
        "paquete": null,
        "seccion": "ORO",
        "manzana": "Q",
        "manzanaId": "Q"
      }
    },
    {
      "type": "Feature",
      "geometry": {
        "type": "Polygon",
        "coordinates": [
          [
            [
              4235.078889818878,
              3839.248663023372
            ],
            [
              4281.364854210452,
              3831.087198673026
            ],
            [
              4283.969576875456,
              3845.8593149682097
            ],
            [
              4237.683612483882,
              3854.020779318555
            ],
            [
              4235.078889818878,
              3839.248663023372
            ]
          ]
        ]
      },
      "properties": {
        "id": "848",
        "lote": "848",
        "estatus": "disponible",
        "paquete": null,
        "seccion": "ORO",
        "manzana": "Q",
        "manzanaId": "Q"
      }
    },
    {
      "type": "Feature",
      "geometry": {
        "type": "Polygon",
        "coordinates": [
          [
            [
              4288.258508481537,
              3829.8716614293576
            ],
            [
              4334.544472873112,
              3821.7101970790122
            ],
            [
              4337.149195538115,
              3836.482313374195
            ],
            [
              4290.863231146542,
              3844.6437777245405
            ],
            [
              4288.258508481537,
              3829.8716614293576
            ]
          ]
        ]
      },
      "properties": {
        "id": "838",
        "lote": "838",
        "estatus": "disponible",
        "paquete": null,
        "seccion": "ORO",
        "manzana": "Q",
        "manzanaId": "Q"
      }
    },
    {
      "type": "Feature",
      "geometry": {
        "type": "Polygon",
        "coordinates": [
          [
            [
              4341.438127144197,
              3820.494659835343
            ],
            [
              4387.724091535771,
              3812.3331954849978
            ],
            [
              4390.328814200775,
              3827.1053117801807
            ],
            [
              4344.042849809201,
              3835.266776130527
            ],
            [
              4341.438127144197,
              3820.494659835343
            ]
          ]
        ]
      },
      "properties": {
        "id": "828",
        "lote": "828",
        "estatus": "disponible",
        "paquete": null,
        "seccion": "ORO",
        "manzana": "Q",
        "manzanaId": "Q"
      }
    },
    {
      "type": "Feature",
      "geometry": {
        "type": "Polygon",
        "coordinates": [
          [
            [
              4394.617745806856,
              3811.1176582413295
            ],
            [
              4440.9037101984295,
              3802.9561938909833
            ],
            [
              4443.508432863434,
              3817.7283101861663
            ],
            [
              4397.22246847186,
              3825.8897745365125
            ],
            [
              4394.617745806856,
              3811.1176582413295
            ]
          ]
        ]
      },
      "properties": {
        "id": "818",
        "lote": "818",
        "estatus": "disponible",
        "paquete": null,
        "seccion": "ORO",
        "manzana": "Q",
        "manzanaId": "Q"
      }
    },
    {
      "type": "Feature",
      "geometry": {
        "type": "Polygon",
        "coordinates": [
          [
            [
              4447.797364469516,
              3801.740656647315
            ],
            [
              4494.083328861089,
              3793.579192296969
            ],
            [
              4496.688051526093,
              3808.3513085921527
            ],
            [
              4450.402087134519,
              3816.512772942498
            ],
            [
              4447.797364469516,
              3801.740656647315
            ]
          ]
        ]
      },
      "properties": {
        "id": "808",
        "lote": "808",
        "estatus": "disponible",
        "paquete": null,
        "seccion": "ORO",
        "manzana": "Q",
        "manzanaId": "Q"
      }
    },
    {
      "type": "Feature",
      "geometry": {
        "type": "Polygon",
        "coordinates": [
          [
            [
              4238.725501549884,
              3859.929625836628
            ],
            [
              4285.011465941458,
              3851.7681614862827
            ],
            [
              4287.616188606462,
              3866.5402777814656
            ],
            [
              4241.3302242148875,
              3874.701742131811
            ],
            [
              4238.725501549884,
              3859.929625836628
            ]
          ]
        ]
      },
      "properties": {
        "id": "847",
        "lote": "847",
        "estatus": "disponible",
        "paquete": null,
        "seccion": "ORO",
        "manzana": "Q",
        "manzanaId": "Q"
      }
    },
    {
      "type": "Feature",
      "geometry": {
        "type": "Polygon",
        "coordinates": [
          [
            [
              4291.905120212543,
              3850.5526242426145
            ],
            [
              4338.191084604117,
              3842.391159892268
            ],
            [
              4340.795807269121,
              3857.163276187451
            ],
            [
              4294.509842877547,
              3865.3247405377974
            ],
            [
              4291.905120212543,
              3850.5526242426145
            ]
          ]
        ]
      },
      "properties": {
        "id": "837",
        "lote": "837",
        "estatus": "disponible",
        "paquete": null,
        "seccion": "ORO",
        "manzana": "Q",
        "manzanaId": "Q"
      }
    },
    {
      "type": "Feature",
      "geometry": {
        "type": "Polygon",
        "coordinates": [
          [
            [
              4345.084738875203,
              3841.1756226486
            ],
            [
              4391.370703266776,
              3833.0141582982537
            ],
            [
              4393.97542593178,
              3847.7862745934376
            ],
            [
              4347.689461540206,
              3855.947738943783
            ],
            [
              4345.084738875203,
              3841.1756226486
            ]
          ]
        ]
      },
      "properties": {
        "id": "827",
        "lote": "827",
        "estatus": "disponible",
        "paquete": null,
        "seccion": "ORO",
        "manzana": "Q",
        "manzanaId": "Q"
      }
    },
    {
      "type": "Feature",
      "geometry": {
        "type": "Polygon",
        "coordinates": [
          [
            [
              4398.2643575378615,
              3831.7986210545855
            ],
            [
              4444.550321929435,
              3823.63715670424
            ],
            [
              4447.1550445944395,
              3838.409272999423
            ],
            [
              4400.869080202866,
              3846.5707373497685
            ],
            [
              4398.2643575378615,
              3831.7986210545855
            ]
          ]
        ]
      },
      "properties": {
        "id": "817",
        "lote": "817",
        "estatus": "disponible",
        "paquete": null,
        "seccion": "ORO",
        "manzana": "Q",
        "manzanaId": "Q"
      }
    },
    {
      "type": "Feature",
      "geometry": {
        "type": "Polygon",
        "coordinates": [
          [
            [
              4451.44397620052,
              3822.421619460571
            ],
            [
              4497.729940592095,
              3814.2601551102257
            ],
            [
              4500.334663257098,
              3829.0322714054087
            ],
            [
              4454.048698865525,
              3837.193735755755
            ],
            [
              4451.44397620052,
              3822.421619460571
            ]
          ]
        ]
      },
      "properties": {
        "id": "807",
        "lote": "807",
        "estatus": "disponible",
        "paquete": null,
        "seccion": "ORO",
        "manzana": "Q",
        "manzanaId": "Q"
      }
    },
    {
      "type": "Feature",
      "geometry": {
        "type": "Polygon",
        "coordinates": [
          [
            [
              4242.37211328089,
              3880.610588649885
            ],
            [
              4288.658077672463,
              3872.4491242995387
            ],
            [
              4291.2628003374675,
              3887.2212405947216
            ],
            [
              4244.976835945893,
              3895.382704945068
            ],
            [
              4242.37211328089,
              3880.610588649885
            ]
          ]
        ]
      },
      "properties": {
        "id": "846",
        "lote": "846",
        "estatus": "disponible",
        "paquete": null,
        "seccion": "ORO",
        "manzana": "Q",
        "manzanaId": "Q"
      }
    },
    {
      "type": "Feature",
      "geometry": {
        "type": "Polygon",
        "coordinates": [
          [
            [
              4295.5517319435485,
              3871.2335870558704
            ],
            [
              4341.837696335122,
              3863.072122705525
            ],
            [
              4344.442419000126,
              3877.844239000708
            ],
            [
              4298.156454608553,
              3886.0057033510534
            ],
            [
              4295.5517319435485,
              3871.2335870558704
            ]
          ]
        ]
      },
      "properties": {
        "id": "836",
        "lote": "836",
        "estatus": "disponible",
        "paquete": null,
        "seccion": "ORO",
        "manzana": "Q",
        "manzanaId": "Q"
      }
    },
    {
      "type": "Feature",
      "geometry": {
        "type": "Polygon",
        "coordinates": [
          [
            [
              4348.731350606208,
              3861.856585461856
            ],
            [
              4395.017314997782,
              3853.6951211115106
            ],
            [
              4397.622037662785,
              3868.4672374066936
            ],
            [
              4351.336073271212,
              3876.628701757039
            ],
            [
              4348.731350606208,
              3861.856585461856
            ]
          ]
        ]
      },
      "properties": {
        "id": "826",
        "lote": "826",
        "estatus": "disponible",
        "paquete": null,
        "seccion": "ORO",
        "manzana": "Q",
        "manzanaId": "Q"
      }
    },
    {
      "type": "Feature",
      "geometry": {
        "type": "Polygon",
        "coordinates": [
          [
            [
              4401.910969268867,
              3852.4795838678424
            ],
            [
              4448.196933660441,
              3844.318119517496
            ],
            [
              4450.801656325445,
              3859.090235812679
            ],
            [
              4404.5156919338715,
              3867.2517001630254
            ],
            [
              4401.910969268867,
              3852.4795838678424
            ]
          ]
        ]
      },
      "properties": {
        "id": "816",
        "lote": "816",
        "estatus": "disponible",
        "paquete": null,
        "seccion": "ORO",
        "manzana": "Q",
        "manzanaId": "Q"
      }
    },
    {
      "type": "Feature",
      "geometry": {
        "type": "Polygon",
        "coordinates": [
          [
            [
              4455.090587931526,
              3843.102582273828
            ],
            [
              4501.3765523231,
              3834.9411179234817
            ],
            [
              4503.981274988104,
              3849.7132342186655
            ],
            [
              4457.69531059653,
              3857.874698569011
            ],
            [
              4455.090587931526,
              3843.102582273828
            ]
          ]
        ]
      },
      "properties": {
        "id": "806",
        "lote": "806",
        "estatus": "disponible",
        "paquete": null,
        "seccion": "ORO",
        "manzana": "Q",
        "manzanaId": "Q"
      }
    },
    {
      "type": "Feature",
      "geometry": {
        "type": "Polygon",
        "coordinates": [
          [
            [
              4246.018725011895,
              3901.291551463141
            ],
            [
              4292.304689403469,
              3893.1300871127955
            ],
            [
              4294.909412068473,
              3907.9022034079785
            ],
            [
              4248.623447676899,
              3916.063667758324
            ],
            [
              4246.018725011895,
              3901.291551463141
            ]
          ]
        ]
      },
      "properties": {
        "id": "845",
        "lote": "845",
        "estatus": "disponible",
        "paquete": null,
        "seccion": "ORO",
        "manzana": "Q",
        "manzanaId": "Q"
      }
    },
    {
      "type": "Feature",
      "geometry": {
        "type": "Polygon",
        "coordinates": [
          [
            [
              4299.198343674554,
              3891.9145498691264
            ],
            [
              4345.484308066128,
              3883.753085518781
            ],
            [
              4348.089030731132,
              3898.525201813964
            ],
            [
              4301.803066339558,
              3906.6866661643103
            ],
            [
              4299.198343674554,
              3891.9145498691264
            ]
          ]
        ]
      },
      "properties": {
        "id": "835",
        "lote": "835",
        "estatus": "disponible",
        "paquete": null,
        "seccion": "ORO",
        "manzana": "Q",
        "manzanaId": "Q"
      }
    },
    {
      "type": "Feature",
      "geometry": {
        "type": "Polygon",
        "coordinates": [
          [
            [
              4352.377962337214,
              3882.537548275113
            ],
            [
              4398.663926728787,
              3874.3760839247666
            ],
            [
              4401.268649393791,
              3889.1482002199496
            ],
            [
              4354.982685002217,
              3897.309664570296
            ],
            [
              4352.377962337214,
              3882.537548275113
            ]
          ]
        ]
      },
      "properties": {
        "id": "825",
        "lote": "825",
        "estatus": "disponible",
        "paquete": null,
        "seccion": "ORO",
        "manzana": "Q",
        "manzanaId": "Q"
      }
    },
    {
      "type": "Feature",
      "geometry": {
        "type": "Polygon",
        "coordinates": [
          [
            [
              4405.557580999873,
              3873.1605466810984
            ],
            [
              4451.843545391446,
              3864.999082330753
            ],
            [
              4454.448268056451,
              3879.771198625936
            ],
            [
              4408.162303664877,
              3887.9326629762813
            ],
            [
              4405.557580999873,
              3873.1605466810984
            ]
          ]
        ]
      },
      "properties": {
        "id": "815",
        "lote": "815",
        "estatus": "disponible",
        "paquete": null,
        "seccion": "ORO",
        "manzana": "Q",
        "manzanaId": "Q"
      }
    },
    {
      "type": "Feature",
      "geometry": {
        "type": "Polygon",
        "coordinates": [
          [
            [
              4458.737199662532,
              3863.783545087084
            ],
            [
              4505.023164054106,
              3855.6220807367386
            ],
            [
              4507.6278867191095,
              3870.3941970319215
            ],
            [
              4461.341922327536,
              3878.555661382267
            ],
            [
              4458.737199662532,
              3863.783545087084
            ]
          ]
        ]
      },
      "properties": {
        "id": "805",
        "lote": "805",
        "estatus": "disponible",
        "paquete": null,
        "seccion": "ORO",
        "manzana": "Q",
        "manzanaId": "Q"
      }
    },
    {
      "type": "Feature",
      "geometry": {
        "type": "Polygon",
        "coordinates": [
          [
            [
              4249.665336742901,
              3921.9725142763978
            ],
            [
              4295.951301134474,
              3913.8110499260515
            ],
            [
              4298.556023799479,
              3928.5831662212345
            ],
            [
              4252.270059407904,
              3936.7446305715807
            ],
            [
              4249.665336742901,
              3921.9725142763978
            ]
          ]
        ]
      },
      "properties": {
        "id": "844",
        "lote": "844",
        "estatus": "disponible",
        "paquete": null,
        "seccion": "ORO",
        "manzana": "Q",
        "manzanaId": "Q"
      }
    },
    {
      "type": "Feature",
      "geometry": {
        "type": "Polygon",
        "coordinates": [
          [
            [
              4302.84495540556,
              3912.5955126823833
            ],
            [
              4349.130919797133,
              3904.434048332037
            ],
            [
              4351.735642462138,
              3919.206164627221
            ],
            [
              4305.449678070564,
              3927.3676289775663
            ],
            [
              4302.84495540556,
              3912.5955126823833
            ]
          ]
        ]
      },
      "properties": {
        "id": "834",
        "lote": "834",
        "estatus": "disponible",
        "paquete": null,
        "seccion": "ORO",
        "manzana": "Q",
        "manzanaId": "Q"
      }
    },
    {
      "type": "Feature",
      "geometry": {
        "type": "Polygon",
        "coordinates": [
          [
            [
              4356.024574068219,
              3903.218511088369
            ],
            [
              4402.310538459793,
              3895.0570467380235
            ],
            [
              4404.915261124796,
              3909.8291630332064
            ],
            [
              4358.629296733223,
              3917.990627383552
            ],
            [
              4356.024574068219,
              3903.218511088369
            ]
          ]
        ]
      },
      "properties": {
        "id": "824",
        "lote": "824",
        "estatus": "disponible",
        "paquete": null,
        "seccion": "ORO",
        "manzana": "Q",
        "manzanaId": "Q"
      }
    },
    {
      "type": "Feature",
      "geometry": {
        "type": "Polygon",
        "coordinates": [
          [
            [
              4409.204192730878,
              3893.8415094943543
            ],
            [
              4455.490157122452,
              3885.680045144009
            ],
            [
              4458.094879787456,
              3900.452161439192
            ],
            [
              4411.808915395883,
              3908.613625789538
            ],
            [
              4409.204192730878,
              3893.8415094943543
            ]
          ]
        ]
      },
      "properties": {
        "id": "814",
        "lote": "814",
        "estatus": "disponible",
        "paquete": null,
        "seccion": "ORO",
        "manzana": "Q",
        "manzanaId": "Q"
      }
    },
    {
      "type": "Feature",
      "geometry": {
        "type": "Polygon",
        "coordinates": [
          [
            [
              4462.383811393537,
              3884.464507900341
            ],
            [
              4508.669775785112,
              3876.3030435499945
            ],
            [
              4511.274498450115,
              3891.0751598451775
            ],
            [
              4464.9885340585415,
              3899.2366241955237
            ],
            [
              4462.383811393537,
              3884.464507900341
            ]
          ]
        ]
      },
      "properties": {
        "id": "804",
        "lote": "804",
        "estatus": "disponible",
        "paquete": null,
        "seccion": "ORO",
        "manzana": "Q",
        "manzanaId": "Q"
      }
    },
    {
      "type": "Feature",
      "geometry": {
        "type": "Polygon",
        "coordinates": [
          [
            [
              4253.311948473906,
              3942.6534770896537
            ],
            [
              4299.59791286548,
              3934.4920127393084
            ],
            [
              4302.202635530483,
              3949.2641290344914
            ],
            [
              4255.91667113891,
              3957.4255933848367
            ],
            [
              4253.311948473906,
              3942.6534770896537
            ]
          ]
        ]
      },
      "properties": {
        "id": "843",
        "lote": "843",
        "estatus": "disponible",
        "paquete": null,
        "seccion": "ORO",
        "manzana": "Q",
        "manzanaId": "Q"
      }
    },
    {
      "type": "Feature",
      "geometry": {
        "type": "Polygon",
        "coordinates": [
          [
            [
              4306.491567136565,
              3933.2764754956393
            ],
            [
              4352.777531528139,
              3925.115011145294
            ],
            [
              4355.382254193143,
              3939.887127440477
            ],
            [
              4309.09628980157,
              3948.0485917908222
            ],
            [
              4306.491567136565,
              3933.2764754956393
            ]
          ]
        ]
      },
      "properties": {
        "id": "833",
        "lote": "833",
        "estatus": "disponible",
        "paquete": null,
        "seccion": "ORO",
        "manzana": "Q",
        "manzanaId": "Q"
      }
    },
    {
      "type": "Feature",
      "geometry": {
        "type": "Polygon",
        "coordinates": [
          [
            [
              4359.671185799224,
              3923.8994739016257
            ],
            [
              4405.9571501907985,
              3915.7380095512794
            ],
            [
              4408.561872855802,
              3930.5101258464624
            ],
            [
              4362.275908464228,
              3938.6715901968087
            ],
            [
              4359.671185799224,
              3923.8994739016257
            ]
          ]
        ]
      },
      "properties": {
        "id": "823",
        "lote": "823",
        "estatus": "disponible",
        "paquete": null,
        "seccion": "ORO",
        "manzana": "Q",
        "manzanaId": "Q"
      }
    },
    {
      "type": "Feature",
      "geometry": {
        "type": "Polygon",
        "coordinates": [
          [
            [
              4412.850804461884,
              3914.522472307611
            ],
            [
              4459.136768853457,
              3906.361007957265
            ],
            [
              4461.741491518462,
              3921.133124252449
            ],
            [
              4415.455527126887,
              3929.294588602794
            ],
            [
              4412.850804461884,
              3914.522472307611
            ]
          ]
        ]
      },
      "properties": {
        "id": "813",
        "lote": "813",
        "estatus": "disponible",
        "paquete": null,
        "seccion": "ORO",
        "manzana": "Q",
        "manzanaId": "Q"
      }
    },
    {
      "type": "Feature",
      "geometry": {
        "type": "Polygon",
        "coordinates": [
          [
            [
              4466.030423124543,
              3905.1454707135968
            ],
            [
              4512.316387516117,
              3896.9840063632514
            ],
            [
              4514.921110181121,
              3911.7561226584344
            ],
            [
              4468.635145789547,
              3919.9175870087797
            ],
            [
              4466.030423124543,
              3905.1454707135968
            ]
          ]
        ]
      },
      "properties": {
        "id": "803",
        "lote": "803",
        "estatus": "disponible",
        "paquete": null,
        "seccion": "ORO",
        "manzana": "Q",
        "manzanaId": "Q"
      }
    },
    {
      "type": "Feature",
      "geometry": {
        "type": "Polygon",
        "coordinates": [
          [
            [
              4256.958560204912,
              3963.3344399029097
            ],
            [
              4303.2445245964855,
              3955.1729755525644
            ],
            [
              4305.849247261489,
              3969.9450918477473
            ],
            [
              4259.563282869915,
              3978.1065561980936
            ],
            [
              4256.958560204912,
              3963.3344399029097
            ]
          ]
        ]
      },
      "properties": {
        "id": "842",
        "lote": "842",
        "estatus": "disponible",
        "paquete": null,
        "seccion": "ORO",
        "manzana": "Q",
        "manzanaId": "Q"
      }
    },
    {
      "type": "Feature",
      "geometry": {
        "type": "Polygon",
        "coordinates": [
          [
            [
              4310.138178867571,
              3953.957438308896
            ],
            [
              4356.424143259144,
              3945.79597395855
            ],
            [
              4359.028865924149,
              3960.568090253733
            ],
            [
              4312.742901532575,
              3968.729554604079
            ],
            [
              4310.138178867571,
              3953.957438308896
            ]
          ]
        ]
      },
      "properties": {
        "id": "832",
        "lote": "832",
        "estatus": "disponible",
        "paquete": null,
        "seccion": "ORO",
        "manzana": "Q",
        "manzanaId": "Q"
      }
    },
    {
      "type": "Feature",
      "geometry": {
        "type": "Polygon",
        "coordinates": [
          [
            [
              4363.31779753023,
              3944.5804367148817
            ],
            [
              4409.603761921804,
              3936.4189723645363
            ],
            [
              4412.208484586808,
              3951.1910886597193
            ],
            [
              4365.922520195234,
              3959.3525530100646
            ],
            [
              4363.31779753023,
              3944.5804367148817
            ]
          ]
        ]
      },
      "properties": {
        "id": "822",
        "lote": "822",
        "estatus": "disponible",
        "paquete": null,
        "seccion": "ORO",
        "manzana": "Q",
        "manzanaId": "Q"
      }
    },
    {
      "type": "Feature",
      "geometry": {
        "type": "Polygon",
        "coordinates": [
          [
            [
              4416.497416192889,
              3935.203435120867
            ],
            [
              4462.783380584463,
              3927.041970770522
            ],
            [
              4465.388103249467,
              3941.814087065705
            ],
            [
              4419.102138857893,
              3949.97555141605
            ],
            [
              4416.497416192889,
              3935.203435120867
            ]
          ]
        ]
      },
      "properties": {
        "id": "812",
        "lote": "812",
        "estatus": "disponible",
        "paquete": null,
        "seccion": "ORO",
        "manzana": "Q",
        "manzanaId": "Q"
      }
    },
    {
      "type": "Feature",
      "geometry": {
        "type": "Polygon",
        "coordinates": [
          [
            [
              4469.677034855548,
              3925.8264335268527
            ],
            [
              4515.962999247122,
              3917.6649691765074
            ],
            [
              4518.567721912126,
              3932.4370854716904
            ],
            [
              4472.281757520553,
              3940.5985498220366
            ],
            [
              4469.677034855548,
              3925.8264335268527
            ]
          ]
        ]
      },
      "properties": {
        "id": "802",
        "lote": "802",
        "estatus": "disponible",
        "paquete": null,
        "seccion": "ORO",
        "manzana": "Q",
        "manzanaId": "Q"
      }
    },
    {
      "type": "Feature",
      "geometry": {
        "type": "Polygon",
        "coordinates": [
          [
            [
              4260.6051719359175,
              3984.0154027161666
            ],
            [
              4306.891136327491,
              3975.8539383658203
            ],
            [
              4309.4958589924945,
              3990.626054661004
            ],
            [
              4263.209894600921,
              3998.7875190113496
            ],
            [
              4260.6051719359175,
              3984.0154027161666
            ]
          ]
        ]
      },
      "properties": {
        "id": "841",
        "lote": "841",
        "estatus": "disponible",
        "paquete": null,
        "seccion": "ORO",
        "manzana": "Q",
        "manzanaId": "Q"
      }
    },
    {
      "type": "Feature",
      "geometry": {
        "type": "Polygon",
        "coordinates": [
          [
            [
              4313.784790598576,
              3974.638401122152
            ],
            [
              4360.07075499015,
              3966.476936771807
            ],
            [
              4362.675477655154,
              3981.2490530669897
            ],
            [
              4316.389513263581,
              3989.410517417335
            ],
            [
              4313.784790598576,
              3974.638401122152
            ]
          ]
        ]
      },
      "properties": {
        "id": "831",
        "lote": "831",
        "estatus": "disponible",
        "paquete": null,
        "seccion": "ORO",
        "manzana": "Q",
        "manzanaId": "Q"
      }
    },
    {
      "type": "Feature",
      "geometry": {
        "type": "Polygon",
        "coordinates": [
          [
            [
              4366.964409261235,
              3965.2613995281376
            ],
            [
              4413.25037365281,
              3957.0999351777923
            ],
            [
              4415.855096317813,
              3971.8720514729753
            ],
            [
              4369.56913192624,
              3980.0335158233215
            ],
            [
              4366.964409261235,
              3965.2613995281376
            ]
          ]
        ]
      },
      "properties": {
        "id": "821",
        "lote": "821",
        "estatus": "disponible",
        "paquete": null,
        "seccion": "ORO",
        "manzana": "Q",
        "manzanaId": "Q"
      }
    },
    {
      "type": "Feature",
      "geometry": {
        "type": "Polygon",
        "coordinates": [
          [
            [
              4420.144027923895,
              3955.884397934124
            ],
            [
              4466.429992315469,
              3947.722933583778
            ],
            [
              4469.034714980473,
              3962.495049878961
            ],
            [
              4422.7487505888985,
              3970.656514229307
            ],
            [
              4420.144027923895,
              3955.884397934124
            ]
          ]
        ]
      },
      "properties": {
        "id": "811",
        "lote": "811",
        "estatus": "disponible",
        "paquete": null,
        "seccion": "ORO",
        "manzana": "Q",
        "manzanaId": "Q"
      }
    },
    {
      "type": "Feature",
      "geometry": {
        "type": "Polygon",
        "coordinates": [
          [
            [
              4473.323646586554,
              3946.5073963401096
            ],
            [
              4519.609610978128,
              3938.3459319897634
            ],
            [
              4522.214333643132,
              3953.1180482849472
            ],
            [
              4475.928369251558,
              3961.2795126352926
            ],
            [
              4473.323646586554,
              3946.5073963401096
            ]
          ]
        ]
      },
      "properties": {
        "id": "801",
        "lote": "801",
        "estatus": "disponible",
        "paquete": null,
        "seccion": "ORO",
        "manzana": "Q",
        "manzanaId": "Q"
      }
    },
    {
      "type": "Feature",
      "geometry": {
        "type": "Polygon",
        "coordinates": [
          [
            [
              4188.785666356867,
              3565.884643661069
            ],
            [
              4235.071630748441,
              3557.7231793107235
            ],
            [
              4237.676353413445,
              3572.4952956059064
            ],
            [
              4191.390389021872,
              3580.656759956252
            ],
            [
              4188.785666356867,
              3565.884643661069
            ]
          ]
        ]
      },
      "properties": {
        "id": "900",
        "lote": "900",
        "estatus": "disponible",
        "paquete": null,
        "seccion": "ORO",
        "manzana": "R",
        "manzanaId": "R"
      }
    },
    {
      "type": "Feature",
      "geometry": {
        "type": "Polygon",
        "coordinates": [
          [
            [
              4241.965285019526,
              3556.5076420670543
            ],
            [
              4288.251249411101,
              3548.346177716709
            ],
            [
              4290.855972076104,
              3563.118294011892
            ],
            [
              4244.5700076845305,
              3571.2797583622373
            ],
            [
              4241.965285019526,
              3556.5076420670543
            ]
          ]
        ]
      },
      "properties": {
        "id": "890",
        "lote": "890",
        "estatus": "disponible",
        "paquete": null,
        "seccion": "ORO",
        "manzana": "R",
        "manzanaId": "R"
      }
    },
    {
      "type": "Feature",
      "geometry": {
        "type": "Polygon",
        "coordinates": [
          [
            [
              4295.144903682186,
              3547.130640473041
            ],
            [
              4341.4308680737595,
              3538.9691761226945
            ],
            [
              4344.035590738764,
              3553.7412924178775
            ],
            [
              4297.749626347189,
              3561.9027567682238
            ],
            [
              4295.144903682186,
              3547.130640473041
            ]
          ]
        ]
      },
      "properties": {
        "id": "880",
        "lote": "880",
        "estatus": "disponible",
        "paquete": null,
        "seccion": "ORO",
        "manzana": "R",
        "manzanaId": "R"
      }
    },
    {
      "type": "Feature",
      "geometry": {
        "type": "Polygon",
        "coordinates": [
          [
            [
              4348.324522344845,
              3537.7536388790263
            ],
            [
              4394.610486736418,
              3529.59217452868
            ],
            [
              4397.215209401423,
              3544.364290823864
            ],
            [
              4350.929245009849,
              3552.5257551742093
            ],
            [
              4348.324522344845,
              3537.7536388790263
            ]
          ]
        ]
      },
      "properties": {
        "id": "870",
        "lote": "870",
        "estatus": "disponible",
        "paquete": null,
        "seccion": "ORO",
        "manzana": "R",
        "manzanaId": "R"
      }
    },
    {
      "type": "Feature",
      "geometry": {
        "type": "Polygon",
        "coordinates": [
          [
            [
              4401.504141007505,
              3528.376637285012
            ],
            [
              4447.790105399078,
              3520.2151729346665
            ],
            [
              4450.394828064082,
              3534.9872892298495
            ],
            [
              4404.108863672508,
              3543.148753580195
            ],
            [
              4401.504141007505,
              3528.376637285012
            ]
          ]
        ]
      },
      "properties": {
        "id": "860",
        "lote": "860",
        "estatus": "disponible",
        "paquete": null,
        "seccion": "ORO",
        "manzana": "R",
        "manzanaId": "R"
      }
    },
    {
      "type": "Feature",
      "geometry": {
        "type": "Polygon",
        "coordinates": [
          [
            [
              4192.432278087873,
              3586.565606474325
            ],
            [
              4238.718242479446,
              3578.4041421239795
            ],
            [
              4241.322965144451,
              3593.1762584191624
            ],
            [
              4195.037000752876,
              3601.3377227695087
            ],
            [
              4192.432278087873,
              3586.565606474325
            ]
          ]
        ]
      },
      "properties": {
        "id": "899",
        "lote": "899",
        "estatus": "disponible",
        "paquete": null,
        "seccion": "ORO",
        "manzana": "R",
        "manzanaId": "R"
      }
    },
    {
      "type": "Feature",
      "geometry": {
        "type": "Polygon",
        "coordinates": [
          [
            [
              4245.611896750532,
              3577.1886048803112
            ],
            [
              4291.897861142106,
              3569.027140529965
            ],
            [
              4294.50258380711,
              3583.799256825148
            ],
            [
              4248.216619415536,
              3591.960721175494
            ],
            [
              4245.611896750532,
              3577.1886048803112
            ]
          ]
        ]
      },
      "properties": {
        "id": "889",
        "lote": "889",
        "estatus": "disponible",
        "paquete": null,
        "seccion": "ORO",
        "manzana": "R",
        "manzanaId": "R"
      }
    },
    {
      "type": "Feature",
      "geometry": {
        "type": "Polygon",
        "coordinates": [
          [
            [
              4298.7915154131915,
              3567.8116032862968
            ],
            [
              4345.077479804765,
              3559.6501389359514
            ],
            [
              4347.682202469769,
              3574.4222552311344
            ],
            [
              4301.396238078195,
              3582.5837195814797
            ],
            [
              4298.7915154131915,
              3567.8116032862968
            ]
          ]
        ]
      },
      "properties": {
        "id": "879",
        "lote": "879",
        "estatus": "disponible",
        "paquete": null,
        "seccion": "ORO",
        "manzana": "R",
        "manzanaId": "R"
      }
    },
    {
      "type": "Feature",
      "geometry": {
        "type": "Polygon",
        "coordinates": [
          [
            [
              4351.97113407585,
              3558.4346016922823
            ],
            [
              4398.257098467424,
              3550.273137341937
            ],
            [
              4400.861821132428,
              3565.04525363712
            ],
            [
              4354.575856740855,
              3573.2067179874653
            ],
            [
              4351.97113407585,
              3558.4346016922823
            ]
          ]
        ]
      },
      "properties": {
        "id": "869",
        "lote": "869",
        "estatus": "disponible",
        "paquete": null,
        "seccion": "ORO",
        "manzana": "R",
        "manzanaId": "R"
      }
    },
    {
      "type": "Feature",
      "geometry": {
        "type": "Polygon",
        "coordinates": [
          [
            [
              4405.15075273851,
              3549.057600098268
            ],
            [
              4451.436717130084,
              3540.8961357479225
            ],
            [
              4454.041439795087,
              3555.6682520431054
            ],
            [
              4407.755475403514,
              3563.8297163934517
            ],
            [
              4405.15075273851,
              3549.057600098268
            ]
          ]
        ]
      },
      "properties": {
        "id": "859",
        "lote": "859",
        "estatus": "disponible",
        "paquete": null,
        "seccion": "ORO",
        "manzana": "R",
        "manzanaId": "R"
      }
    },
    {
      "type": "Feature",
      "geometry": {
        "type": "Polygon",
        "coordinates": [
          [
            [
              4196.078889818878,
              3607.2465692875817
            ],
            [
              4242.364854210452,
              3599.0851049372354
            ],
            [
              4244.969576875456,
              3613.8572212324193
            ],
            [
              4198.683612483882,
              3622.0186855827646
            ],
            [
              4196.078889818878,
              3607.2465692875817
            ]
          ]
        ]
      },
      "properties": {
        "id": "898",
        "lote": "898",
        "estatus": "disponible",
        "paquete": null,
        "seccion": "ORO",
        "manzana": "R",
        "manzanaId": "R"
      }
    },
    {
      "type": "Feature",
      "geometry": {
        "type": "Polygon",
        "coordinates": [
          [
            [
              4249.258508481537,
              3597.869567693567
            ],
            [
              4295.544472873112,
              3589.708103343222
            ],
            [
              4298.149195538115,
              3604.480219638405
            ],
            [
              4251.863231146542,
              3612.64168398875
            ],
            [
              4249.258508481537,
              3597.869567693567
            ]
          ]
        ]
      },
      "properties": {
        "id": "888",
        "lote": "888",
        "estatus": "disponible",
        "paquete": null,
        "seccion": "ORO",
        "manzana": "R",
        "manzanaId": "R"
      }
    },
    {
      "type": "Feature",
      "geometry": {
        "type": "Polygon",
        "coordinates": [
          [
            [
              4302.438127144197,
              3588.4925660995527
            ],
            [
              4348.724091535771,
              3580.3311017492074
            ],
            [
              4351.328814200775,
              3595.1032180443904
            ],
            [
              4305.042849809201,
              3603.2646823947366
            ],
            [
              4302.438127144197,
              3588.4925660995527
            ]
          ]
        ]
      },
      "properties": {
        "id": "878",
        "lote": "878",
        "estatus": "disponible",
        "paquete": null,
        "seccion": "ORO",
        "manzana": "R",
        "manzanaId": "R"
      }
    },
    {
      "type": "Feature",
      "geometry": {
        "type": "Polygon",
        "coordinates": [
          [
            [
              4355.617745806856,
              3579.115564505539
            ],
            [
              4401.9037101984295,
              3570.954100155193
            ],
            [
              4404.508432863434,
              3585.726216450376
            ],
            [
              4358.22246847186,
              3593.887680800722
            ],
            [
              4355.617745806856,
              3579.115564505539
            ]
          ]
        ]
      },
      "properties": {
        "id": "868",
        "lote": "868",
        "estatus": "disponible",
        "paquete": null,
        "seccion": "ORO",
        "manzana": "R",
        "manzanaId": "R"
      }
    },
    {
      "type": "Feature",
      "geometry": {
        "type": "Polygon",
        "coordinates": [
          [
            [
              4408.797364469516,
              3569.7385629115247
            ],
            [
              4455.083328861089,
              3561.5770985611784
            ],
            [
              4457.688051526093,
              3576.3492148563623
            ],
            [
              4411.402087134519,
              3584.5106792067077
            ],
            [
              4408.797364469516,
              3569.7385629115247
            ]
          ]
        ]
      },
      "properties": {
        "id": "858",
        "lote": "858",
        "estatus": "disponible",
        "paquete": null,
        "seccion": "ORO",
        "manzana": "R",
        "manzanaId": "R"
      }
    },
    {
      "type": "Feature",
      "geometry": {
        "type": "Polygon",
        "coordinates": [
          [
            [
              4199.725501549884,
              3627.9275321008377
            ],
            [
              4246.011465941458,
              3619.7660677504923
            ],
            [
              4248.616188606462,
              3634.5381840456753
            ],
            [
              4202.3302242148875,
              3642.6996483960206
            ],
            [
              4199.725501549884,
              3627.9275321008377
            ]
          ]
        ]
      },
      "properties": {
        "id": "897",
        "lote": "897",
        "estatus": "disponible",
        "paquete": null,
        "seccion": "ORO",
        "manzana": "R",
        "manzanaId": "R"
      }
    },
    {
      "type": "Feature",
      "geometry": {
        "type": "Polygon",
        "coordinates": [
          [
            [
              4252.905120212543,
              3618.550530506824
            ],
            [
              4299.191084604117,
              3610.389066156478
            ],
            [
              4301.795807269121,
              3625.161182451661
            ],
            [
              4255.509842877547,
              3633.322646802007
            ],
            [
              4252.905120212543,
              3618.550530506824
            ]
          ]
        ]
      },
      "properties": {
        "id": "887",
        "lote": "887",
        "estatus": "disponible",
        "paquete": null,
        "seccion": "ORO",
        "manzana": "R",
        "manzanaId": "R"
      }
    },
    {
      "type": "Feature",
      "geometry": {
        "type": "Polygon",
        "coordinates": [
          [
            [
              4306.084738875203,
              3609.1735289128096
            ],
            [
              4352.370703266776,
              3601.0120645624634
            ],
            [
              4354.97542593178,
              3615.7841808576472
            ],
            [
              4308.689461540206,
              3623.9456452079926
            ],
            [
              4306.084738875203,
              3609.1735289128096
            ]
          ]
        ]
      },
      "properties": {
        "id": "877",
        "lote": "877",
        "estatus": "disponible",
        "paquete": null,
        "seccion": "ORO",
        "manzana": "R",
        "manzanaId": "R"
      }
    },
    {
      "type": "Feature",
      "geometry": {
        "type": "Polygon",
        "coordinates": [
          [
            [
              4359.2643575378615,
              3599.796527318795
            ],
            [
              4405.550321929435,
              3591.63506296845
            ],
            [
              4408.1550445944395,
              3606.4071792636328
            ],
            [
              4361.869080202866,
              3614.568643613978
            ],
            [
              4359.2643575378615,
              3599.796527318795
            ]
          ]
        ]
      },
      "properties": {
        "id": "867",
        "lote": "867",
        "estatus": "disponible",
        "paquete": null,
        "seccion": "ORO",
        "manzana": "R",
        "manzanaId": "R"
      }
    },
    {
      "type": "Feature",
      "geometry": {
        "type": "Polygon",
        "coordinates": [
          [
            [
              4412.44397620052,
              3590.4195257247807
            ],
            [
              4458.729940592095,
              3582.2580613744353
            ],
            [
              4461.334663257098,
              3597.0301776696183
            ],
            [
              4415.048698865525,
              3605.1916420199645
            ],
            [
              4412.44397620052,
              3590.4195257247807
            ]
          ]
        ]
      },
      "properties": {
        "id": "857",
        "lote": "857",
        "estatus": "disponible",
        "paquete": null,
        "seccion": "ORO",
        "manzana": "R",
        "manzanaId": "R"
      }
    },
    {
      "type": "Feature",
      "geometry": {
        "type": "Polygon",
        "coordinates": [
          [
            [
              4203.37211328089,
              3648.6084949140945
            ],
            [
              4249.658077672463,
              3640.4470305637483
            ],
            [
              4252.2628003374675,
              3655.2191468589313
            ],
            [
              4205.976835945893,
              3663.3806112092775
            ],
            [
              4203.37211328089,
              3648.6084949140945
            ]
          ]
        ]
      },
      "properties": {
        "id": "896",
        "lote": "896",
        "estatus": "disponible",
        "paquete": null,
        "seccion": "ORO",
        "manzana": "R",
        "manzanaId": "R"
      }
    },
    {
      "type": "Feature",
      "geometry": {
        "type": "Polygon",
        "coordinates": [
          [
            [
              4256.5517319435485,
              3639.23149332008
            ],
            [
              4302.837696335122,
              3631.0700289697347
            ],
            [
              4305.442419000126,
              3645.8421452649177
            ],
            [
              4259.156454608553,
              3654.003609615263
            ],
            [
              4256.5517319435485,
              3639.23149332008
            ]
          ]
        ]
      },
      "properties": {
        "id": "886",
        "lote": "886",
        "estatus": "disponible",
        "paquete": null,
        "seccion": "ORO",
        "manzana": "R",
        "manzanaId": "R"
      }
    },
    {
      "type": "Feature",
      "geometry": {
        "type": "Polygon",
        "coordinates": [
          [
            [
              4309.731350606208,
              3629.8544917260656
            ],
            [
              4356.017314997782,
              3621.6930273757202
            ],
            [
              4358.622037662785,
              3636.465143670903
            ],
            [
              4312.336073271212,
              3644.6266080212486
            ],
            [
              4309.731350606208,
              3629.8544917260656
            ]
          ]
        ]
      },
      "properties": {
        "id": "876",
        "lote": "876",
        "estatus": "disponible",
        "paquete": null,
        "seccion": "ORO",
        "manzana": "R",
        "manzanaId": "R"
      }
    },
    {
      "type": "Feature",
      "geometry": {
        "type": "Polygon",
        "coordinates": [
          [
            [
              4362.910969268867,
              3620.477490132052
            ],
            [
              4409.196933660441,
              3612.316025781706
            ],
            [
              4411.801656325445,
              3627.0881420768887
            ],
            [
              4365.5156919338715,
              3635.249606427235
            ],
            [
              4362.910969268867,
              3620.477490132052
            ]
          ]
        ]
      },
      "properties": {
        "id": "866",
        "lote": "866",
        "estatus": "disponible",
        "paquete": null,
        "seccion": "ORO",
        "manzana": "R",
        "manzanaId": "R"
      }
    },
    {
      "type": "Feature",
      "geometry": {
        "type": "Polygon",
        "coordinates": [
          [
            [
              4416.090587931526,
              3611.1004885380376
            ],
            [
              4462.3765523231,
              3602.9390241876913
            ],
            [
              4464.981274988104,
              3617.711140482875
            ],
            [
              4418.69531059653,
              3625.8726048332205
            ],
            [
              4416.090587931526,
              3611.1004885380376
            ]
          ]
        ]
      },
      "properties": {
        "id": "856",
        "lote": "856",
        "estatus": "disponible",
        "paquete": null,
        "seccion": "ORO",
        "manzana": "R",
        "manzanaId": "R"
      }
    },
    {
      "type": "Feature",
      "geometry": {
        "type": "Polygon",
        "coordinates": [
          [
            [
              4207.018725011895,
              3669.2894577273505
            ],
            [
              4253.304689403469,
              3661.127993377005
            ],
            [
              4255.909412068473,
              3675.900109672188
            ],
            [
              4209.623447676899,
              3684.0615740225335
            ],
            [
              4207.018725011895,
              3669.2894577273505
            ]
          ]
        ]
      },
      "properties": {
        "id": "895",
        "lote": "895",
        "estatus": "disponible",
        "paquete": null,
        "seccion": "ORO",
        "manzana": "R",
        "manzanaId": "R"
      }
    },
    {
      "type": "Feature",
      "geometry": {
        "type": "Polygon",
        "coordinates": [
          [
            [
              4260.198343674554,
              3659.912456133336
            ],
            [
              4306.484308066128,
              3651.7509917829907
            ],
            [
              4309.089030731132,
              3666.5231080781737
            ],
            [
              4262.803066339558,
              3674.68457242852
            ],
            [
              4260.198343674554,
              3659.912456133336
            ]
          ]
        ]
      },
      "properties": {
        "id": "885",
        "lote": "885",
        "estatus": "disponible",
        "paquete": null,
        "seccion": "ORO",
        "manzana": "R",
        "manzanaId": "R"
      }
    },
    {
      "type": "Feature",
      "geometry": {
        "type": "Polygon",
        "coordinates": [
          [
            [
              4313.377962337214,
              3650.5354545393225
            ],
            [
              4359.663926728787,
              3642.373990188976
            ],
            [
              4362.268649393791,
              3657.146106484159
            ],
            [
              4315.982685002217,
              3665.3075708345054
            ],
            [
              4313.377962337214,
              3650.5354545393225
            ]
          ]
        ]
      },
      "properties": {
        "id": "875",
        "lote": "875",
        "estatus": "disponible",
        "paquete": null,
        "seccion": "ORO",
        "manzana": "R",
        "manzanaId": "R"
      }
    },
    {
      "type": "Feature",
      "geometry": {
        "type": "Polygon",
        "coordinates": [
          [
            [
              4366.557580999873,
              3641.158452945308
            ],
            [
              4412.843545391446,
              3632.9969885949627
            ],
            [
              4415.448268056451,
              3647.7691048901456
            ],
            [
              4369.162303664877,
              3655.930569240491
            ],
            [
              4366.557580999873,
              3641.158452945308
            ]
          ]
        ]
      },
      "properties": {
        "id": "865",
        "lote": "865",
        "estatus": "disponible",
        "paquete": null,
        "seccion": "ORO",
        "manzana": "R",
        "manzanaId": "R"
      }
    },
    {
      "type": "Feature",
      "geometry": {
        "type": "Polygon",
        "coordinates": [
          [
            [
              4419.737199662532,
              3631.7814513512935
            ],
            [
              4466.023164054106,
              3623.619987000948
            ],
            [
              4468.6278867191095,
              3638.392103296131
            ],
            [
              4422.341922327536,
              3646.5535676464765
            ],
            [
              4419.737199662532,
              3631.7814513512935
            ]
          ]
        ]
      },
      "properties": {
        "id": "855",
        "lote": "855",
        "estatus": "disponible",
        "paquete": null,
        "seccion": "ORO",
        "manzana": "R",
        "manzanaId": "R"
      }
    },
    {
      "type": "Feature",
      "geometry": {
        "type": "Polygon",
        "coordinates": [
          [
            [
              4210.665336742901,
              3689.9704205406074
            ],
            [
              4256.951301134474,
              3681.808956190261
            ],
            [
              4259.556023799479,
              3696.581072485444
            ],
            [
              4213.270059407904,
              3704.7425368357904
            ],
            [
              4210.665336742901,
              3689.9704205406074
            ]
          ]
        ]
      },
      "properties": {
        "id": "894",
        "lote": "894",
        "estatus": "disponible",
        "paquete": null,
        "seccion": "ORO",
        "manzana": "R",
        "manzanaId": "R"
      }
    },
    {
      "type": "Feature",
      "geometry": {
        "type": "Polygon",
        "coordinates": [
          [
            [
              4263.84495540556,
              3680.593418946593
            ],
            [
              4310.130919797133,
              3672.4319545962467
            ],
            [
              4312.735642462138,
              3687.2040708914305
            ],
            [
              4266.449678070564,
              3695.365535241776
            ],
            [
              4263.84495540556,
              3680.593418946593
            ]
          ]
        ]
      },
      "properties": {
        "id": "884",
        "lote": "884",
        "estatus": "disponible",
        "paquete": null,
        "seccion": "ORO",
        "manzana": "R",
        "manzanaId": "R"
      }
    },
    {
      "type": "Feature",
      "geometry": {
        "type": "Polygon",
        "coordinates": [
          [
            [
              4317.024574068219,
              3671.2164173525784
            ],
            [
              4363.310538459793,
              3663.054953002233
            ],
            [
              4365.915261124796,
              3677.827069297416
            ],
            [
              4319.629296733223,
              3685.9885336477614
            ],
            [
              4317.024574068219,
              3671.2164173525784
            ]
          ]
        ]
      },
      "properties": {
        "id": "874",
        "lote": "874",
        "estatus": "disponible",
        "paquete": null,
        "seccion": "ORO",
        "manzana": "R",
        "manzanaId": "R"
      }
    },
    {
      "type": "Feature",
      "geometry": {
        "type": "Polygon",
        "coordinates": [
          [
            [
              4370.204192730878,
              3661.839415758564
            ],
            [
              4416.490157122452,
              3653.6779514082186
            ],
            [
              4419.094879787456,
              3668.4500677034016
            ],
            [
              4372.808915395883,
              3676.611532053748
            ],
            [
              4370.204192730878,
              3661.839415758564
            ]
          ]
        ]
      },
      "properties": {
        "id": "864",
        "lote": "864",
        "estatus": "disponible",
        "paquete": null,
        "seccion": "ORO",
        "manzana": "R",
        "manzanaId": "R"
      }
    },
    {
      "type": "Feature",
      "geometry": {
        "type": "Polygon",
        "coordinates": [
          [
            [
              4423.383811393537,
              3652.4624141645504
            ],
            [
              4469.669775785112,
              3644.300949814204
            ],
            [
              4472.274498450115,
              3659.073066109387
            ],
            [
              4425.9885340585415,
              3667.2345304597334
            ],
            [
              4423.383811393537,
              3652.4624141645504
            ]
          ]
        ]
      },
      "properties": {
        "id": "854",
        "lote": "854",
        "estatus": "disponible",
        "paquete": null,
        "seccion": "ORO",
        "manzana": "R",
        "manzanaId": "R"
      }
    },
    {
      "type": "Feature",
      "geometry": {
        "type": "Polygon",
        "coordinates": [
          [
            [
              4214.311948473906,
              3710.6513833538634
            ],
            [
              4260.59791286548,
              3702.489919003518
            ],
            [
              4263.202635530483,
              3717.262035298701
            ],
            [
              4216.91667113891,
              3725.4234996490463
            ],
            [
              4214.311948473906,
              3710.6513833538634
            ]
          ]
        ]
      },
      "properties": {
        "id": "893",
        "lote": "893",
        "estatus": "disponible",
        "paquete": null,
        "seccion": "ORO",
        "manzana": "R",
        "manzanaId": "R"
      }
    },
    {
      "type": "Feature",
      "geometry": {
        "type": "Polygon",
        "coordinates": [
          [
            [
              4267.491567136565,
              3701.274381759849
            ],
            [
              4313.777531528139,
              3693.1129174095036
            ],
            [
              4316.382254193143,
              3707.8850337046865
            ],
            [
              4270.09628980157,
              3716.046498055032
            ],
            [
              4267.491567136565,
              3701.274381759849
            ]
          ]
        ]
      },
      "properties": {
        "id": "883",
        "lote": "883",
        "estatus": "disponible",
        "paquete": null,
        "seccion": "ORO",
        "manzana": "R",
        "manzanaId": "R"
      }
    },
    {
      "type": "Feature",
      "geometry": {
        "type": "Polygon",
        "coordinates": [
          [
            [
              4320.671185799224,
              3691.8973801658353
            ],
            [
              4366.9571501907985,
              3683.735915815489
            ],
            [
              4369.561872855802,
              3698.508032110672
            ],
            [
              4323.275908464228,
              3706.6694964610183
            ],
            [
              4320.671185799224,
              3691.8973801658353
            ]
          ]
        ]
      },
      "properties": {
        "id": "873",
        "lote": "873",
        "estatus": "disponible",
        "paquete": null,
        "seccion": "ORO",
        "manzana": "R",
        "manzanaId": "R"
      }
    },
    {
      "type": "Feature",
      "geometry": {
        "type": "Polygon",
        "coordinates": [
          [
            [
              4373.850804461884,
              3682.520378571821
            ],
            [
              4420.136768853457,
              3674.3589142214746
            ],
            [
              4422.741491518462,
              3689.1310305166585
            ],
            [
              4376.455527126887,
              3697.292494867004
            ],
            [
              4373.850804461884,
              3682.520378571821
            ]
          ]
        ]
      },
      "properties": {
        "id": "863",
        "lote": "863",
        "estatus": "disponible",
        "paquete": null,
        "seccion": "ORO",
        "manzana": "R",
        "manzanaId": "R"
      }
    },
    {
      "type": "Feature",
      "geometry": {
        "type": "Polygon",
        "coordinates": [
          [
            [
              4427.030423124543,
              3673.1433769778064
            ],
            [
              4473.316387516117,
              3664.981912627461
            ],
            [
              4475.921110181121,
              3679.754028922644
            ],
            [
              4429.635145789547,
              3687.9154932729894
            ],
            [
              4427.030423124543,
              3673.1433769778064
            ]
          ]
        ]
      },
      "properties": {
        "id": "853",
        "lote": "853",
        "estatus": "disponible",
        "paquete": null,
        "seccion": "ORO",
        "manzana": "R",
        "manzanaId": "R"
      }
    },
    {
      "type": "Feature",
      "geometry": {
        "type": "Polygon",
        "coordinates": [
          [
            [
              4217.958560204912,
              3731.3323461671193
            ],
            [
              4264.2445245964855,
              3723.170881816774
            ],
            [
              4266.849247261489,
              3737.942998111957
            ],
            [
              4220.563282869915,
              3746.104462462303
            ],
            [
              4217.958560204912,
              3731.3323461671193
            ]
          ]
        ]
      },
      "properties": {
        "id": "892",
        "lote": "892",
        "estatus": "disponible",
        "paquete": null,
        "seccion": "ORO",
        "manzana": "R",
        "manzanaId": "R"
      }
    },
    {
      "type": "Feature",
      "geometry": {
        "type": "Polygon",
        "coordinates": [
          [
            [
              4271.138178867571,
              3721.955344573106
            ],
            [
              4317.424143259144,
              3713.7938802227595
            ],
            [
              4320.028865924149,
              3728.5659965179425
            ],
            [
              4273.742901532575,
              3736.7274608682887
            ],
            [
              4271.138178867571,
              3721.955344573106
            ]
          ]
        ]
      },
      "properties": {
        "id": "882",
        "lote": "882",
        "estatus": "disponible",
        "paquete": null,
        "seccion": "ORO",
        "manzana": "R",
        "manzanaId": "R"
      }
    },
    {
      "type": "Feature",
      "geometry": {
        "type": "Polygon",
        "coordinates": [
          [
            [
              4324.31779753023,
              3712.5783429790913
            ],
            [
              4370.603761921804,
              3704.416878628746
            ],
            [
              4373.208484586808,
              3719.188994923929
            ],
            [
              4326.922520195234,
              3727.3504592742743
            ],
            [
              4324.31779753023,
              3712.5783429790913
            ]
          ]
        ]
      },
      "properties": {
        "id": "872",
        "lote": "872",
        "estatus": "disponible",
        "paquete": null,
        "seccion": "ORO",
        "manzana": "R",
        "manzanaId": "R"
      }
    },
    {
      "type": "Feature",
      "geometry": {
        "type": "Polygon",
        "coordinates": [
          [
            [
              4377.497416192889,
              3703.201341385077
            ],
            [
              4423.783380584463,
              3695.0398770347315
            ],
            [
              4426.388103249467,
              3709.8119933299145
            ],
            [
              4380.102138857893,
              3717.97345768026
            ],
            [
              4377.497416192889,
              3703.201341385077
            ]
          ]
        ]
      },
      "properties": {
        "id": "862",
        "lote": "862",
        "estatus": "disponible",
        "paquete": null,
        "seccion": "ORO",
        "manzana": "R",
        "manzanaId": "R"
      }
    },
    {
      "type": "Feature",
      "geometry": {
        "type": "Polygon",
        "coordinates": [
          [
            [
              4430.677034855548,
              3693.8243397910624
            ],
            [
              4476.962999247122,
              3685.662875440717
            ],
            [
              4479.567721912126,
              3700.4349917359
            ],
            [
              4433.281757520553,
              3708.5964560862462
            ],
            [
              4430.677034855548,
              3693.8243397910624
            ]
          ]
        ]
      },
      "properties": {
        "id": "852",
        "lote": "852",
        "estatus": "disponible",
        "paquete": null,
        "seccion": "ORO",
        "manzana": "R",
        "manzanaId": "R"
      }
    },
    {
      "type": "Feature",
      "geometry": {
        "type": "Polygon",
        "coordinates": [
          [
            [
              4221.6051719359175,
              3752.013308980376
            ],
            [
              4267.891136327491,
              3743.85184463003
            ],
            [
              4270.4958589924945,
              3758.623960925214
            ],
            [
              4224.209894600921,
              3766.785425275559
            ],
            [
              4221.6051719359175,
              3752.013308980376
            ]
          ]
        ]
      },
      "properties": {
        "id": "891",
        "lote": "891",
        "estatus": "disponible",
        "paquete": null,
        "seccion": "ORO",
        "manzana": "R",
        "manzanaId": "R"
      }
    },
    {
      "type": "Feature",
      "geometry": {
        "type": "Polygon",
        "coordinates": [
          [
            [
              4274.784790598576,
              3742.6363073863618
            ],
            [
              4321.07075499015,
              3734.4748430360164
            ],
            [
              4323.675477655154,
              3749.2469593311994
            ],
            [
              4277.389513263581,
              3757.4084236815447
            ],
            [
              4274.784790598576,
              3742.6363073863618
            ]
          ]
        ]
      },
      "properties": {
        "id": "881",
        "lote": "881",
        "estatus": "disponible",
        "paquete": null,
        "seccion": "ORO",
        "manzana": "R",
        "manzanaId": "R"
      }
    },
    {
      "type": "Feature",
      "geometry": {
        "type": "Polygon",
        "coordinates": [
          [
            [
              4327.964409261235,
              3733.2593057923473
            ],
            [
              4374.25037365281,
              3725.097841442002
            ],
            [
              4376.855096317813,
              3739.869957737185
            ],
            [
              4330.56913192624,
              3748.031422087531
            ],
            [
              4327.964409261235,
              3733.2593057923473
            ]
          ]
        ]
      },
      "properties": {
        "id": "871",
        "lote": "871",
        "estatus": "disponible",
        "paquete": null,
        "seccion": "ORO",
        "manzana": "R",
        "manzanaId": "R"
      }
    },
    {
      "type": "Feature",
      "geometry": {
        "type": "Polygon",
        "coordinates": [
          [
            [
              4381.144027923895,
              3723.8823041983337
            ],
            [
              4427.429992315469,
              3715.7208398479875
            ],
            [
              4430.034714980473,
              3730.4929561431704
            ],
            [
              4383.7487505888985,
              3738.6544204935167
            ],
            [
              4381.144027923895,
              3723.8823041983337
            ]
          ]
        ]
      },
      "properties": {
        "id": "861",
        "lote": "861",
        "estatus": "disponible",
        "paquete": null,
        "seccion": "ORO",
        "manzana": "R",
        "manzanaId": "R"
      }
    },
    {
      "type": "Feature",
      "geometry": {
        "type": "Polygon",
        "coordinates": [
          [
            [
              4434.323646586554,
              3714.5053026043192
            ],
            [
              4480.609610978128,
              3706.343838253973
            ],
            [
              4483.214333643132,
              3721.115954549157
            ],
            [
              4436.928369251558,
              3729.277418899502
            ],
            [
              4434.323646586554,
              3714.5053026043192
            ]
          ]
        ]
      },
      "properties": {
        "id": "851",
        "lote": "851",
        "estatus": "disponible",
        "paquete": null,
        "seccion": "ORO",
        "manzana": "R",
        "manzanaId": "R"
      }
    },
    {
      "type": "Feature",
      "geometry": {
        "type": "Polygon",
        "coordinates": [
          [
            [
              4146.285666356867,
              3334.884344555956
            ],
            [
              4192.571630748442,
              3326.7228802056106
            ],
            [
              4195.176353413445,
              3341.4949965007936
            ],
            [
              4148.890389021872,
              3349.656460851139
            ],
            [
              4146.285666356867,
              3334.884344555956
            ]
          ]
        ]
      },
      "properties": {
        "id": "950",
        "lote": "950",
        "estatus": "disponible",
        "paquete": null,
        "seccion": "ORO",
        "manzana": "S",
        "manzanaId": "S"
      }
    },
    {
      "type": "Feature",
      "geometry": {
        "type": "Polygon",
        "coordinates": [
          [
            [
              4199.465285019527,
              3325.5073429619415
            ],
            [
              4245.751249411101,
              3317.345878611596
            ],
            [
              4248.355972076104,
              3332.117994906779
            ],
            [
              4202.0700076845305,
              3340.2794592571245
            ],
            [
              4199.465285019527,
              3325.5073429619415
            ]
          ]
        ]
      },
      "properties": {
        "id": "940",
        "lote": "940",
        "estatus": "disponible",
        "paquete": null,
        "seccion": "ORO",
        "manzana": "S",
        "manzanaId": "S"
      }
    },
    {
      "type": "Feature",
      "geometry": {
        "type": "Polygon",
        "coordinates": [
          [
            [
              4252.644903682186,
              3316.130341367928
            ],
            [
              4298.9308680737595,
              3307.9688770175817
            ],
            [
              4301.535590738764,
              3322.7409933127647
            ],
            [
              4255.249626347189,
              3330.902457663111
            ],
            [
              4252.644903682186,
              3316.130341367928
            ]
          ]
        ]
      },
      "properties": {
        "id": "930",
        "lote": "930",
        "estatus": "disponible",
        "paquete": null,
        "seccion": "ORO",
        "manzana": "S",
        "manzanaId": "S"
      }
    },
    {
      "type": "Feature",
      "geometry": {
        "type": "Polygon",
        "coordinates": [
          [
            [
              4305.824522344845,
              3306.7533397739135
            ],
            [
              4352.110486736418,
              3298.591875423567
            ],
            [
              4354.715209401423,
              3313.363991718751
            ],
            [
              4308.429245009849,
              3321.5254560690964
            ],
            [
              4305.824522344845,
              3306.7533397739135
            ]
          ]
        ]
      },
      "properties": {
        "id": "920",
        "lote": "920",
        "estatus": "disponible",
        "paquete": null,
        "seccion": "ORO",
        "manzana": "S",
        "manzanaId": "S"
      }
    },
    {
      "type": "Feature",
      "geometry": {
        "type": "Polygon",
        "coordinates": [
          [
            [
              4359.004141007505,
              3297.376338179899
            ],
            [
              4405.290105399078,
              3289.2148738295537
            ],
            [
              4407.894828064082,
              3303.9869901247366
            ],
            [
              4361.608863672508,
              3312.148454475082
            ],
            [
              4359.004141007505,
              3297.376338179899
            ]
          ]
        ]
      },
      "properties": {
        "id": "910",
        "lote": "910",
        "estatus": "disponible",
        "paquete": null,
        "seccion": "ORO",
        "manzana": "S",
        "manzanaId": "S"
      }
    },
    {
      "type": "Feature",
      "geometry": {
        "type": "Polygon",
        "coordinates": [
          [
            [
              4149.932278087873,
              3355.565307369212
            ],
            [
              4196.218242479446,
              3347.4038430188666
            ],
            [
              4198.822965144451,
              3362.1759593140496
            ],
            [
              4152.537000752876,
              3370.337423664396
            ],
            [
              4149.932278087873,
              3355.565307369212
            ]
          ]
        ]
      },
      "properties": {
        "id": "949",
        "lote": "949",
        "estatus": "disponible",
        "paquete": null,
        "seccion": "ORO",
        "manzana": "S",
        "manzanaId": "S"
      }
    },
    {
      "type": "Feature",
      "geometry": {
        "type": "Polygon",
        "coordinates": [
          [
            [
              4203.111896750532,
              3346.1883057751984
            ],
            [
              4249.397861142106,
              3338.026841424852
            ],
            [
              4252.00258380711,
              3352.798957720035
            ],
            [
              4205.716619415536,
              3360.9604220703814
            ],
            [
              4203.111896750532,
              3346.1883057751984
            ]
          ]
        ]
      },
      "properties": {
        "id": "939",
        "lote": "939",
        "estatus": "disponible",
        "paquete": null,
        "seccion": "ORO",
        "manzana": "S",
        "manzanaId": "S"
      }
    },
    {
      "type": "Feature",
      "geometry": {
        "type": "Polygon",
        "coordinates": [
          [
            [
              4256.2915154131915,
              3336.811304181184
            ],
            [
              4302.577479804765,
              3328.6498398308386
            ],
            [
              4305.182202469769,
              3343.4219561260215
            ],
            [
              4258.896238078195,
              3351.583420476367
            ],
            [
              4256.2915154131915,
              3336.811304181184
            ]
          ]
        ]
      },
      "properties": {
        "id": "929",
        "lote": "929",
        "estatus": "disponible",
        "paquete": null,
        "seccion": "ORO",
        "manzana": "S",
        "manzanaId": "S"
      }
    },
    {
      "type": "Feature",
      "geometry": {
        "type": "Polygon",
        "coordinates": [
          [
            [
              4309.47113407585,
              3327.4343025871694
            ],
            [
              4355.757098467424,
              3319.272838236824
            ],
            [
              4358.361821132428,
              3334.044954532007
            ],
            [
              4312.075856740855,
              3342.2064188823524
            ],
            [
              4309.47113407585,
              3327.4343025871694
            ]
          ]
        ]
      },
      "properties": {
        "id": "919",
        "lote": "919",
        "estatus": "disponible",
        "paquete": null,
        "seccion": "ORO",
        "manzana": "S",
        "manzanaId": "S"
      }
    },
    {
      "type": "Feature",
      "geometry": {
        "type": "Polygon",
        "coordinates": [
          [
            [
              4362.65075273851,
              3318.057300993155
            ],
            [
              4408.936717130084,
              3309.8958366428096
            ],
            [
              4411.541439795087,
              3324.6679529379926
            ],
            [
              4365.255475403514,
              3332.829417288339
            ],
            [
              4362.65075273851,
              3318.057300993155
            ]
          ]
        ]
      },
      "properties": {
        "id": "909",
        "lote": "909",
        "estatus": "disponible",
        "paquete": null,
        "seccion": "ORO",
        "manzana": "S",
        "manzanaId": "S"
      }
    },
    {
      "type": "Feature",
      "geometry": {
        "type": "Polygon",
        "coordinates": [
          [
            [
              4153.578889818878,
              3376.246270182469
            ],
            [
              4199.864854210452,
              3368.0848058321226
            ],
            [
              4202.4695768754555,
              3382.8569221273065
            ],
            [
              4156.183612483883,
              3391.018386477652
            ],
            [
              4153.578889818878,
              3376.246270182469
            ]
          ]
        ]
      },
      "properties": {
        "id": "948",
        "lote": "948",
        "estatus": "disponible",
        "paquete": null,
        "seccion": "ORO",
        "manzana": "S",
        "manzanaId": "S"
      }
    },
    {
      "type": "Feature",
      "geometry": {
        "type": "Polygon",
        "coordinates": [
          [
            [
              4206.758508481538,
              3366.8692685884544
            ],
            [
              4253.044472873112,
              3358.707804238109
            ],
            [
              4255.649195538115,
              3373.479920533292
            ],
            [
              4209.363231146542,
              3381.6413848836373
            ],
            [
              4206.758508481538,
              3366.8692685884544
            ]
          ]
        ]
      },
      "properties": {
        "id": "938",
        "lote": "938",
        "estatus": "disponible",
        "paquete": null,
        "seccion": "ORO",
        "manzana": "S",
        "manzanaId": "S"
      }
    },
    {
      "type": "Feature",
      "geometry": {
        "type": "Polygon",
        "coordinates": [
          [
            [
              4259.938127144197,
              3357.49226699444
            ],
            [
              4306.224091535771,
              3349.3308026440945
            ],
            [
              4308.828814200775,
              3364.1029189392775
            ],
            [
              4262.542849809201,
              3372.2643832896238
            ],
            [
              4259.938127144197,
              3357.49226699444
            ]
          ]
        ]
      },
      "properties": {
        "id": "928",
        "lote": "928",
        "estatus": "disponible",
        "paquete": null,
        "seccion": "ORO",
        "manzana": "S",
        "manzanaId": "S"
      }
    },
    {
      "type": "Feature",
      "geometry": {
        "type": "Polygon",
        "coordinates": [
          [
            [
              4313.117745806856,
              3348.1152654004263
            ],
            [
              4359.4037101984295,
              3339.95380105008
            ],
            [
              4362.008432863434,
              3354.725917345263
            ],
            [
              4315.72246847186,
              3362.8873816956093
            ],
            [
              4313.117745806856,
              3348.1152654004263
            ]
          ]
        ]
      },
      "properties": {
        "id": "918",
        "lote": "918",
        "estatus": "disponible",
        "paquete": null,
        "seccion": "ORO",
        "manzana": "S",
        "manzanaId": "S"
      }
    },
    {
      "type": "Feature",
      "geometry": {
        "type": "Polygon",
        "coordinates": [
          [
            [
              4366.297364469516,
              3338.738263806412
            ],
            [
              4412.583328861089,
              3330.5767994560656
            ],
            [
              4415.188051526093,
              3345.3489157512495
            ],
            [
              4368.902087134519,
              3353.510380101595
            ],
            [
              4366.297364469516,
              3338.738263806412
            ]
          ]
        ]
      },
      "properties": {
        "id": "908",
        "lote": "908",
        "estatus": "disponible",
        "paquete": null,
        "seccion": "ORO",
        "manzana": "S",
        "manzanaId": "S"
      }
    },
    {
      "type": "Feature",
      "geometry": {
        "type": "Polygon",
        "coordinates": [
          [
            [
              4157.225501549884,
              3396.927232995725
            ],
            [
              4203.511465941458,
              3388.7657686453795
            ],
            [
              4206.116188606462,
              3403.5378849405624
            ],
            [
              4159.8302242148875,
              3411.699349290908
            ],
            [
              4157.225501549884,
              3396.927232995725
            ]
          ]
        ]
      },
      "properties": {
        "id": "947",
        "lote": "947",
        "estatus": "disponible",
        "paquete": null,
        "seccion": "ORO",
        "manzana": "S",
        "manzanaId": "S"
      }
    },
    {
      "type": "Feature",
      "geometry": {
        "type": "Polygon",
        "coordinates": [
          [
            [
              4210.405120212543,
              3387.5502314017112
            ],
            [
              4256.691084604117,
              3379.388767051365
            ],
            [
              4259.295807269121,
              3394.160883346548
            ],
            [
              4213.009842877547,
              3402.322347696894
            ],
            [
              4210.405120212543,
              3387.5502314017112
            ]
          ]
        ]
      },
      "properties": {
        "id": "937",
        "lote": "937",
        "estatus": "disponible",
        "paquete": null,
        "seccion": "ORO",
        "manzana": "S",
        "manzanaId": "S"
      }
    },
    {
      "type": "Feature",
      "geometry": {
        "type": "Polygon",
        "coordinates": [
          [
            [
              4263.584738875203,
              3378.1732298076968
            ],
            [
              4309.870703266776,
              3370.0117654573505
            ],
            [
              4312.47542593178,
              3384.7838817525344
            ],
            [
              4266.189461540206,
              3392.9453461028797
            ],
            [
              4263.584738875203,
              3378.1732298076968
            ]
          ]
        ]
      },
      "properties": {
        "id": "927",
        "lote": "927",
        "estatus": "disponible",
        "paquete": null,
        "seccion": "ORO",
        "manzana": "S",
        "manzanaId": "S"
      }
    },
    {
      "type": "Feature",
      "geometry": {
        "type": "Polygon",
        "coordinates": [
          [
            [
              4316.7643575378615,
              3368.7962282136823
            ],
            [
              4363.050321929435,
              3360.634763863337
            ],
            [
              4365.6550445944395,
              3375.40688015852
            ],
            [
              4319.369080202866,
              3383.5683445088653
            ],
            [
              4316.7643575378615,
              3368.7962282136823
            ]
          ]
        ]
      },
      "properties": {
        "id": "917",
        "lote": "917",
        "estatus": "disponible",
        "paquete": null,
        "seccion": "ORO",
        "manzana": "S",
        "manzanaId": "S"
      }
    },
    {
      "type": "Feature",
      "geometry": {
        "type": "Polygon",
        "coordinates": [
          [
            [
              4369.94397620052,
              3359.419226619668
            ],
            [
              4416.229940592095,
              3351.2577622693225
            ],
            [
              4418.834663257098,
              3366.0298785645055
            ],
            [
              4372.548698865525,
              3374.1913429148517
            ],
            [
              4369.94397620052,
              3359.419226619668
            ]
          ]
        ]
      },
      "properties": {
        "id": "907",
        "lote": "907",
        "estatus": "disponible",
        "paquete": null,
        "seccion": "ORO",
        "manzana": "S",
        "manzanaId": "S"
      }
    },
    {
      "type": "Feature",
      "geometry": {
        "type": "Polygon",
        "coordinates": [
          [
            [
              4160.87211328089,
              3417.6081958089817
            ],
            [
              4207.158077672463,
              3409.4467314586354
            ],
            [
              4209.762800337467,
              3424.2188477538184
            ],
            [
              4163.476835945894,
              3432.3803121041647
            ],
            [
              4160.87211328089,
              3417.6081958089817
            ]
          ]
        ]
      },
      "properties": {
        "id": "946",
        "lote": "946",
        "estatus": "disponible",
        "paquete": null,
        "seccion": "ORO",
        "manzana": "S",
        "manzanaId": "S"
      }
    },
    {
      "type": "Feature",
      "geometry": {
        "type": "Polygon",
        "coordinates": [
          [
            [
              4214.0517319435485,
              3408.231194214967
            ],
            [
              4260.337696335122,
              3400.069729864622
            ],
            [
              4262.942419000126,
              3414.841846159805
            ],
            [
              4216.656454608553,
              3423.00331051015
            ],
            [
              4214.0517319435485,
              3408.231194214967
            ]
          ]
        ]
      },
      "properties": {
        "id": "936",
        "lote": "936",
        "estatus": "disponible",
        "paquete": null,
        "seccion": "ORO",
        "manzana": "S",
        "manzanaId": "S"
      }
    },
    {
      "type": "Feature",
      "geometry": {
        "type": "Polygon",
        "coordinates": [
          [
            [
              4267.231350606208,
              3398.8541926209527
            ],
            [
              4313.517314997782,
              3390.6927282706074
            ],
            [
              4316.122037662785,
              3405.4648445657904
            ],
            [
              4269.836073271212,
              3413.6263089161357
            ],
            [
              4267.231350606208,
              3398.8541926209527
            ]
          ]
        ]
      },
      "properties": {
        "id": "926",
        "lote": "926",
        "estatus": "disponible",
        "paquete": null,
        "seccion": "ORO",
        "manzana": "S",
        "manzanaId": "S"
      }
    },
    {
      "type": "Feature",
      "geometry": {
        "type": "Polygon",
        "coordinates": [
          [
            [
              4320.410969268867,
              3389.477191026939
            ],
            [
              4366.696933660441,
              3381.315726676593
            ],
            [
              4369.301656325445,
              3396.087842971776
            ],
            [
              4323.0156919338715,
              3404.249307322122
            ],
            [
              4320.410969268867,
              3389.477191026939
            ]
          ]
        ]
      },
      "properties": {
        "id": "916",
        "lote": "916",
        "estatus": "disponible",
        "paquete": null,
        "seccion": "ORO",
        "manzana": "S",
        "manzanaId": "S"
      }
    },
    {
      "type": "Feature",
      "geometry": {
        "type": "Polygon",
        "coordinates": [
          [
            [
              4373.590587931526,
              3380.1001894329247
            ],
            [
              4419.8765523231,
              3371.9387250825785
            ],
            [
              4422.481274988104,
              3386.7108413777623
            ],
            [
              4376.19531059653,
              3394.8723057281077
            ],
            [
              4373.590587931526,
              3380.1001894329247
            ]
          ]
        ]
      },
      "properties": {
        "id": "906",
        "lote": "906",
        "estatus": "disponible",
        "paquete": null,
        "seccion": "ORO",
        "manzana": "S",
        "manzanaId": "S"
      }
    },
    {
      "type": "Feature",
      "geometry": {
        "type": "Polygon",
        "coordinates": [
          [
            [
              4164.518725011895,
              3438.2891586222377
            ],
            [
              4210.804689403469,
              3430.1276942718923
            ],
            [
              4213.409412068473,
              3444.8998105670753
            ],
            [
              4167.123447676899,
              3453.0612749174206
            ],
            [
              4164.518725011895,
              3438.2891586222377
            ]
          ]
        ]
      },
      "properties": {
        "id": "945",
        "lote": "945",
        "estatus": "disponible",
        "paquete": null,
        "seccion": "ORO",
        "manzana": "S",
        "manzanaId": "S"
      }
    },
    {
      "type": "Feature",
      "geometry": {
        "type": "Polygon",
        "coordinates": [
          [
            [
              4217.698343674554,
              3428.912157028223
            ],
            [
              4263.984308066128,
              3420.750692677878
            ],
            [
              4266.589030731132,
              3435.522808973061
            ],
            [
              4220.303066339558,
              3443.684273323407
            ],
            [
              4217.698343674554,
              3428.912157028223
            ]
          ]
        ]
      },
      "properties": {
        "id": "935",
        "lote": "935",
        "estatus": "disponible",
        "paquete": null,
        "seccion": "ORO",
        "manzana": "S",
        "manzanaId": "S"
      }
    },
    {
      "type": "Feature",
      "geometry": {
        "type": "Polygon",
        "coordinates": [
          [
            [
              4270.877962337214,
              3419.5351554342096
            ],
            [
              4317.163926728787,
              3411.3736910838634
            ],
            [
              4319.768649393791,
              3426.1458073790463
            ],
            [
              4273.482685002217,
              3434.3072717293926
            ],
            [
              4270.877962337214,
              3419.5351554342096
            ]
          ]
        ]
      },
      "properties": {
        "id": "925",
        "lote": "925",
        "estatus": "disponible",
        "paquete": null,
        "seccion": "ORO",
        "manzana": "S",
        "manzanaId": "S"
      }
    },
    {
      "type": "Feature",
      "geometry": {
        "type": "Polygon",
        "coordinates": [
          [
            [
              4324.057580999873,
              3410.158153840195
            ],
            [
              4370.343545391446,
              3401.99668948985
            ],
            [
              4372.948268056451,
              3416.768805785033
            ],
            [
              4326.662303664877,
              3424.930270135378
            ],
            [
              4324.057580999873,
              3410.158153840195
            ]
          ]
        ]
      },
      "properties": {
        "id": "915",
        "lote": "915",
        "estatus": "disponible",
        "paquete": null,
        "seccion": "ORO",
        "manzana": "S",
        "manzanaId": "S"
      }
    },
    {
      "type": "Feature",
      "geometry": {
        "type": "Polygon",
        "coordinates": [
          [
            [
              4377.237199662532,
              3400.7811522461807
            ],
            [
              4423.523164054106,
              3392.6196878958353
            ],
            [
              4426.1278867191095,
              3407.3918041910183
            ],
            [
              4379.841922327536,
              3415.5532685413637
            ],
            [
              4377.237199662532,
              3400.7811522461807
            ]
          ]
        ]
      },
      "properties": {
        "id": "905",
        "lote": "905",
        "estatus": "disponible",
        "paquete": null,
        "seccion": "ORO",
        "manzana": "S",
        "manzanaId": "S"
      }
    },
    {
      "type": "Feature",
      "geometry": {
        "type": "Polygon",
        "coordinates": [
          [
            [
              4168.165336742901,
              3458.9701214354945
            ],
            [
              4214.451301134474,
              3450.8086570851483
            ],
            [
              4217.056023799478,
              3465.5807733803313
            ],
            [
              4170.770059407905,
              3473.7422377306775
            ],
            [
              4168.165336742901,
              3458.9701214354945
            ]
          ]
        ]
      },
      "properties": {
        "id": "944",
        "lote": "944",
        "estatus": "disponible",
        "paquete": null,
        "seccion": "ORO",
        "manzana": "S",
        "manzanaId": "S"
      }
    },
    {
      "type": "Feature",
      "geometry": {
        "type": "Polygon",
        "coordinates": [
          [
            [
              4221.34495540556,
              3449.59311984148
            ],
            [
              4267.630919797133,
              3441.431655491134
            ],
            [
              4270.235642462138,
              3456.2037717863177
            ],
            [
              4223.949678070564,
              3464.365236136663
            ],
            [
              4221.34495540556,
              3449.59311984148
            ]
          ]
        ]
      },
      "properties": {
        "id": "934",
        "lote": "934",
        "estatus": "disponible",
        "paquete": null,
        "seccion": "ORO",
        "manzana": "S",
        "manzanaId": "S"
      }
    },
    {
      "type": "Feature",
      "geometry": {
        "type": "Polygon",
        "coordinates": [
          [
            [
              4274.524574068219,
              3440.2161182474656
            ],
            [
              4320.810538459793,
              3432.0546538971203
            ],
            [
              4323.415261124796,
              3446.8267701923032
            ],
            [
              4277.129296733223,
              3454.9882345426486
            ],
            [
              4274.524574068219,
              3440.2161182474656
            ]
          ]
        ]
      },
      "properties": {
        "id": "924",
        "lote": "924",
        "estatus": "disponible",
        "paquete": null,
        "seccion": "ORO",
        "manzana": "S",
        "manzanaId": "S"
      }
    },
    {
      "type": "Feature",
      "geometry": {
        "type": "Polygon",
        "coordinates": [
          [
            [
              4327.704192730878,
              3430.839116653451
            ],
            [
              4373.990157122452,
              3422.677652303106
            ],
            [
              4376.594879787456,
              3437.4497685982888
            ],
            [
              4330.308915395883,
              3445.611232948635
            ],
            [
              4327.704192730878,
              3430.839116653451
            ]
          ]
        ]
      },
      "properties": {
        "id": "914",
        "lote": "914",
        "estatus": "disponible",
        "paquete": null,
        "seccion": "ORO",
        "manzana": "S",
        "manzanaId": "S"
      }
    },
    {
      "type": "Feature",
      "geometry": {
        "type": "Polygon",
        "coordinates": [
          [
            [
              4380.883811393537,
              3421.4621150594376
            ],
            [
              4427.169775785112,
              3413.3006507090913
            ],
            [
              4429.774498450115,
              3428.0727670042743
            ],
            [
              4383.4885340585415,
              3436.2342313546205
            ],
            [
              4380.883811393537,
              3421.4621150594376
            ]
          ]
        ]
      },
      "properties": {
        "id": "904",
        "lote": "904",
        "estatus": "disponible",
        "paquete": null,
        "seccion": "ORO",
        "manzana": "S",
        "manzanaId": "S"
      }
    },
    {
      "type": "Feature",
      "geometry": {
        "type": "Polygon",
        "coordinates": [
          [
            [
              4171.811948473905,
              3479.6510842487505
            ],
            [
              4218.09791286548,
              3471.489619898405
            ],
            [
              4220.702635530484,
              3486.261736193588
            ],
            [
              4174.41667113891,
              3494.4232005439335
            ],
            [
              4171.811948473905,
              3479.6510842487505
            ]
          ]
        ]
      },
      "properties": {
        "id": "943",
        "lote": "943",
        "estatus": "disponible",
        "paquete": null,
        "seccion": "ORO",
        "manzana": "S",
        "manzanaId": "S"
      }
    },
    {
      "type": "Feature",
      "geometry": {
        "type": "Polygon",
        "coordinates": [
          [
            [
              4224.991567136565,
              3470.274082654736
            ],
            [
              4271.277531528139,
              3462.1126183043907
            ],
            [
              4273.882254193143,
              3476.8847345995737
            ],
            [
              4227.59628980157,
              3485.046198949919
            ],
            [
              4224.991567136565,
              3470.274082654736
            ]
          ]
        ]
      },
      "properties": {
        "id": "933",
        "lote": "933",
        "estatus": "disponible",
        "paquete": null,
        "seccion": "ORO",
        "manzana": "S",
        "manzanaId": "S"
      }
    },
    {
      "type": "Feature",
      "geometry": {
        "type": "Polygon",
        "coordinates": [
          [
            [
              4278.171185799224,
              3460.8970810607225
            ],
            [
              4324.4571501907985,
              3452.7356167103762
            ],
            [
              4327.061872855802,
              3467.507733005559
            ],
            [
              4280.775908464228,
              3475.6691973559055
            ],
            [
              4278.171185799224,
              3460.8970810607225
            ]
          ]
        ]
      },
      "properties": {
        "id": "923",
        "lote": "923",
        "estatus": "disponible",
        "paquete": null,
        "seccion": "ORO",
        "manzana": "S",
        "manzanaId": "S"
      }
    },
    {
      "type": "Feature",
      "geometry": {
        "type": "Polygon",
        "coordinates": [
          [
            [
              4331.350804461884,
              3451.520079466708
            ],
            [
              4377.636768853457,
              3443.3586151163618
            ],
            [
              4380.241491518462,
              3458.1307314115456
            ],
            [
              4333.955527126887,
              3466.292195761891
            ],
            [
              4331.350804461884,
              3451.520079466708
            ]
          ]
        ]
      },
      "properties": {
        "id": "913",
        "lote": "913",
        "estatus": "disponible",
        "paquete": null,
        "seccion": "ORO",
        "manzana": "S",
        "manzanaId": "S"
      }
    },
    {
      "type": "Feature",
      "geometry": {
        "type": "Polygon",
        "coordinates": [
          [
            [
              4384.530423124543,
              3442.1430778726935
            ],
            [
              4430.816387516117,
              3433.981613522348
            ],
            [
              4433.421110181121,
              3448.753729817531
            ],
            [
              4387.135145789547,
              3456.9151941678765
            ],
            [
              4384.530423124543,
              3442.1430778726935
            ]
          ]
        ]
      },
      "properties": {
        "id": "903",
        "lote": "903",
        "estatus": "disponible",
        "paquete": null,
        "seccion": "ORO",
        "manzana": "S",
        "manzanaId": "S"
      }
    },
    {
      "type": "Feature",
      "geometry": {
        "type": "Polygon",
        "coordinates": [
          [
            [
              4175.458560204912,
              3500.3320470620065
            ],
            [
              4221.7445245964855,
              3492.170582711661
            ],
            [
              4224.349247261489,
              3506.942699006844
            ],
            [
              4178.063282869915,
              3515.1041633571904
            ],
            [
              4175.458560204912,
              3500.3320470620065
            ]
          ]
        ]
      },
      "properties": {
        "id": "942",
        "lote": "942",
        "estatus": "disponible",
        "paquete": null,
        "seccion": "ORO",
        "manzana": "S",
        "manzanaId": "S"
      }
    },
    {
      "type": "Feature",
      "geometry": {
        "type": "Polygon",
        "coordinates": [
          [
            [
              4228.638178867571,
              3490.955045467993
            ],
            [
              4274.924143259144,
              3482.7935811176467
            ],
            [
              4277.528865924149,
              3497.5656974128296
            ],
            [
              4231.242901532575,
              3505.727161763176
            ],
            [
              4228.638178867571,
              3490.955045467993
            ]
          ]
        ]
      },
      "properties": {
        "id": "932",
        "lote": "932",
        "estatus": "disponible",
        "paquete": null,
        "seccion": "ORO",
        "manzana": "S",
        "manzanaId": "S"
      }
    },
    {
      "type": "Feature",
      "geometry": {
        "type": "Polygon",
        "coordinates": [
          [
            [
              4281.81779753023,
              3481.5780438739785
            ],
            [
              4328.103761921804,
              3473.416579523633
            ],
            [
              4330.708484586808,
              3488.188695818816
            ],
            [
              4284.422520195234,
              3496.3501601691614
            ],
            [
              4281.81779753023,
              3481.5780438739785
            ]
          ]
        ]
      },
      "properties": {
        "id": "922",
        "lote": "922",
        "estatus": "disponible",
        "paquete": null,
        "seccion": "ORO",
        "manzana": "S",
        "manzanaId": "S"
      }
    },
    {
      "type": "Feature",
      "geometry": {
        "type": "Polygon",
        "coordinates": [
          [
            [
              4334.997416192889,
              3472.201042279964
            ],
            [
              4381.283380584463,
              3464.0395779296186
            ],
            [
              4383.888103249467,
              3478.8116942248016
            ],
            [
              4337.602138857893,
              3486.973158575147
            ],
            [
              4334.997416192889,
              3472.201042279964
            ]
          ]
        ]
      },
      "properties": {
        "id": "912",
        "lote": "912",
        "estatus": "disponible",
        "paquete": null,
        "seccion": "ORO",
        "manzana": "S",
        "manzanaId": "S"
      }
    },
    {
      "type": "Feature",
      "geometry": {
        "type": "Polygon",
        "coordinates": [
          [
            [
              4388.177034855548,
              3462.8240406859495
            ],
            [
              4434.462999247122,
              3454.662576335604
            ],
            [
              4437.067721912126,
              3469.434692630787
            ],
            [
              4390.781757520553,
              3477.5961569811334
            ],
            [
              4388.177034855548,
              3462.8240406859495
            ]
          ]
        ]
      },
      "properties": {
        "id": "902",
        "lote": "902",
        "estatus": "disponible",
        "paquete": null,
        "seccion": "ORO",
        "manzana": "S",
        "manzanaId": "S"
      }
    },
    {
      "type": "Feature",
      "geometry": {
        "type": "Polygon",
        "coordinates": [
          [
            [
              4179.105171935917,
              3521.0130098752634
            ],
            [
              4225.391136327491,
              3512.851545524917
            ],
            [
              4227.9958589924945,
              3527.623661820101
            ],
            [
              4181.709894600921,
              3535.7851261704463
            ],
            [
              4179.105171935917,
              3521.0130098752634
            ]
          ]
        ]
      },
      "properties": {
        "id": "941",
        "lote": "941",
        "estatus": "disponible",
        "paquete": null,
        "seccion": "ORO",
        "manzana": "S",
        "manzanaId": "S"
      }
    },
    {
      "type": "Feature",
      "geometry": {
        "type": "Polygon",
        "coordinates": [
          [
            [
              4232.284790598576,
              3511.636008281249
            ],
            [
              4278.57075499015,
              3503.4745439309036
            ],
            [
              4281.175477655154,
              3518.2466602260865
            ],
            [
              4234.889513263581,
              3526.408124576432
            ],
            [
              4232.284790598576,
              3511.636008281249
            ]
          ]
        ]
      },
      "properties": {
        "id": "931",
        "lote": "931",
        "estatus": "disponible",
        "paquete": null,
        "seccion": "ORO",
        "manzana": "S",
        "manzanaId": "S"
      }
    },
    {
      "type": "Feature",
      "geometry": {
        "type": "Polygon",
        "coordinates": [
          [
            [
              4285.464409261235,
              3502.2590066872344
            ],
            [
              4331.75037365281,
              3494.097542336889
            ],
            [
              4334.355096317813,
              3508.869658632072
            ],
            [
              4288.06913192624,
              3517.0311229824183
            ],
            [
              4285.464409261235,
              3502.2590066872344
            ]
          ]
        ]
      },
      "properties": {
        "id": "921",
        "lote": "921",
        "estatus": "disponible",
        "paquete": null,
        "seccion": "ORO",
        "manzana": "S",
        "manzanaId": "S"
      }
    },
    {
      "type": "Feature",
      "geometry": {
        "type": "Polygon",
        "coordinates": [
          [
            [
              4338.644027923895,
              3492.882005093221
            ],
            [
              4384.929992315469,
              3484.7205407428746
            ],
            [
              4387.534714980473,
              3499.4926570380576
            ],
            [
              4341.2487505888985,
              3507.654121388404
            ],
            [
              4338.644027923895,
              3492.882005093221
            ]
          ]
        ]
      },
      "properties": {
        "id": "911",
        "lote": "911",
        "estatus": "disponible",
        "paquete": null,
        "seccion": "ORO",
        "manzana": "S",
        "manzanaId": "S"
      }
    },
    {
      "type": "Feature",
      "geometry": {
        "type": "Polygon",
        "coordinates": [
          [
            [
              4391.823646586554,
              3483.5050034992064
            ],
            [
              4438.109610978128,
              3475.34353914886
            ],
            [
              4440.714333643132,
              3490.115655444044
            ],
            [
              4394.428369251558,
              3498.2771197943894
            ],
            [
              4391.823646586554,
              3483.5050034992064
            ]
          ]
        ]
      },
      "properties": {
        "id": "901",
        "lote": "901",
        "estatus": "disponible",
        "paquete": null,
        "seccion": "ORO",
        "manzana": "S",
        "manzanaId": "S"
      }
    },
    {
      "type": "Feature",
      "geometry": {
        "type": "Polygon",
        "coordinates": [
          [
            [
              4105.785666356867,
              3103.885241871295
            ],
            [
              4152.071630748441,
              3095.7237775209496
            ],
            [
              4154.676353413445,
              3110.4958938161326
            ],
            [
              4108.390389021872,
              3118.657358166478
            ],
            [
              4105.785666356867,
              3103.885241871295
            ]
          ]
        ]
      },
      "properties": {
        "id": "1000",
        "lote": "1000",
        "estatus": "disponible",
        "paquete": null,
        "seccion": "ORO",
        "manzana": "T",
        "manzanaId": "T"
      }
    },
    {
      "type": "Feature",
      "geometry": {
        "type": "Polygon",
        "coordinates": [
          [
            [
              4158.965285019526,
              3094.5082402772805
            ],
            [
              4205.251249411101,
              3086.346775926935
            ],
            [
              4207.855972076104,
              3101.118892222118
            ],
            [
              4161.5700076845305,
              3109.2803565724635
            ],
            [
              4158.965285019526,
              3094.5082402772805
            ]
          ]
        ]
      },
      "properties": {
        "id": "990",
        "lote": "990",
        "estatus": "disponible",
        "paquete": null,
        "seccion": "ORO",
        "manzana": "T",
        "manzanaId": "T"
      }
    },
    {
      "type": "Feature",
      "geometry": {
        "type": "Polygon",
        "coordinates": [
          [
            [
              4212.144903682186,
              3085.131238683267
            ],
            [
              4258.4308680737595,
              3076.9697743329207
            ],
            [
              4261.035590738764,
              3091.7418906281036
            ],
            [
              4214.749626347189,
              3099.90335497845
            ],
            [
              4212.144903682186,
              3085.131238683267
            ]
          ]
        ]
      },
      "properties": {
        "id": "980",
        "lote": "980",
        "estatus": "disponible",
        "paquete": null,
        "seccion": "ORO",
        "manzana": "T",
        "manzanaId": "T"
      }
    },
    {
      "type": "Feature",
      "geometry": {
        "type": "Polygon",
        "coordinates": [
          [
            [
              4265.324522344845,
              3075.7542370892525
            ],
            [
              4311.610486736418,
              3067.592772738906
            ],
            [
              4314.215209401423,
              3082.36488903409
            ],
            [
              4267.929245009849,
              3090.5263533844354
            ],
            [
              4265.324522344845,
              3075.7542370892525
            ]
          ]
        ]
      },
      "properties": {
        "id": "970",
        "lote": "970",
        "estatus": "disponible",
        "paquete": null,
        "seccion": "ORO",
        "manzana": "T",
        "manzanaId": "T"
      }
    },
    {
      "type": "Feature",
      "geometry": {
        "type": "Polygon",
        "coordinates": [
          [
            [
              4318.504141007505,
              3066.377235495238
            ],
            [
              4364.790105399078,
              3058.2157711448926
            ],
            [
              4367.394828064082,
              3072.9878874400756
            ],
            [
              4321.108863672508,
              3081.149351790421
            ],
            [
              4318.504141007505,
              3066.377235495238
            ]
          ]
        ]
      },
      "properties": {
        "id": "960",
        "lote": "960",
        "estatus": "disponible",
        "paquete": null,
        "seccion": "ORO",
        "manzana": "T",
        "manzanaId": "T"
      }
    },
    {
      "type": "Feature",
      "geometry": {
        "type": "Polygon",
        "coordinates": [
          [
            [
              4109.432278087873,
              3124.566204684551
            ],
            [
              4155.718242479446,
              3116.4047403342056
            ],
            [
              4158.322965144451,
              3131.1768566293886
            ],
            [
              4112.037000752876,
              3139.338320979735
            ],
            [
              4109.432278087873,
              3124.566204684551
            ]
          ]
        ]
      },
      "properties": {
        "id": "999",
        "lote": "999",
        "estatus": "disponible",
        "paquete": null,
        "seccion": "ORO",
        "manzana": "T",
        "manzanaId": "T"
      }
    },
    {
      "type": "Feature",
      "geometry": {
        "type": "Polygon",
        "coordinates": [
          [
            [
              4162.611896750532,
              3115.1892030905374
            ],
            [
              4208.897861142106,
              3107.027738740191
            ],
            [
              4211.50258380711,
              3121.799855035374
            ],
            [
              4165.216619415536,
              3129.9613193857203
            ],
            [
              4162.611896750532,
              3115.1892030905374
            ]
          ]
        ]
      },
      "properties": {
        "id": "989",
        "lote": "989",
        "estatus": "disponible",
        "paquete": null,
        "seccion": "ORO",
        "manzana": "T",
        "manzanaId": "T"
      }
    },
    {
      "type": "Feature",
      "geometry": {
        "type": "Polygon",
        "coordinates": [
          [
            [
              4215.7915154131915,
              3105.812201496523
            ],
            [
              4262.077479804765,
              3097.6507371461776
            ],
            [
              4264.682202469769,
              3112.4228534413605
            ],
            [
              4218.396238078195,
              3120.584317791706
            ],
            [
              4215.7915154131915,
              3105.812201496523
            ]
          ]
        ]
      },
      "properties": {
        "id": "979",
        "lote": "979",
        "estatus": "disponible",
        "paquete": null,
        "seccion": "ORO",
        "manzana": "T",
        "manzanaId": "T"
      }
    },
    {
      "type": "Feature",
      "geometry": {
        "type": "Polygon",
        "coordinates": [
          [
            [
              4268.97113407585,
              3096.4351999025084
            ],
            [
              4315.257098467424,
              3088.273735552163
            ],
            [
              4317.861821132428,
              3103.045851847346
            ],
            [
              4271.575856740855,
              3111.2073161976914
            ],
            [
              4268.97113407585,
              3096.4351999025084
            ]
          ]
        ]
      },
      "properties": {
        "id": "969",
        "lote": "969",
        "estatus": "disponible",
        "paquete": null,
        "seccion": "ORO",
        "manzana": "T",
        "manzanaId": "T"
      }
    },
    {
      "type": "Feature",
      "geometry": {
        "type": "Polygon",
        "coordinates": [
          [
            [
              4322.15075273851,
              3087.058198308494
            ],
            [
              4368.436717130084,
              3078.8967339581486
            ],
            [
              4371.041439795087,
              3093.6688502533316
            ],
            [
              4324.755475403514,
              3101.830314603678
            ],
            [
              4322.15075273851,
              3087.058198308494
            ]
          ]
        ]
      },
      "properties": {
        "id": "959",
        "lote": "959",
        "estatus": "disponible",
        "paquete": null,
        "seccion": "ORO",
        "manzana": "T",
        "manzanaId": "T"
      }
    },
    {
      "type": "Feature",
      "geometry": {
        "type": "Polygon",
        "coordinates": [
          [
            [
              4113.078889818878,
              3145.247167497808
            ],
            [
              4159.364854210452,
              3137.0857031474616
            ],
            [
              4161.969576875456,
              3151.8578194426455
            ],
            [
              4115.683612483883,
              3160.019283792991
            ],
            [
              4113.078889818878,
              3145.247167497808
            ]
          ]
        ]
      },
      "properties": {
        "id": "998",
        "lote": "998",
        "estatus": "disponible",
        "paquete": null,
        "seccion": "ORO",
        "manzana": "T",
        "manzanaId": "T"
      }
    },
    {
      "type": "Feature",
      "geometry": {
        "type": "Polygon",
        "coordinates": [
          [
            [
              4166.258508481537,
              3135.8701659037933
            ],
            [
              4212.544472873112,
              3127.708701553448
            ],
            [
              4215.149195538115,
              3142.480817848631
            ],
            [
              4168.863231146542,
              3150.6422821989763
            ],
            [
              4166.258508481537,
              3135.8701659037933
            ]
          ]
        ]
      },
      "properties": {
        "id": "988",
        "lote": "988",
        "estatus": "disponible",
        "paquete": null,
        "seccion": "ORO",
        "manzana": "T",
        "manzanaId": "T"
      }
    },
    {
      "type": "Feature",
      "geometry": {
        "type": "Polygon",
        "coordinates": [
          [
            [
              4219.438127144197,
              3126.493164309779
            ],
            [
              4265.724091535771,
              3118.3316999594335
            ],
            [
              4268.328814200775,
              3133.1038162546165
            ],
            [
              4222.042849809201,
              3141.2652806049628
            ],
            [
              4219.438127144197,
              3126.493164309779
            ]
          ]
        ]
      },
      "properties": {
        "id": "978",
        "lote": "978",
        "estatus": "disponible",
        "paquete": null,
        "seccion": "ORO",
        "manzana": "T",
        "manzanaId": "T"
      }
    },
    {
      "type": "Feature",
      "geometry": {
        "type": "Polygon",
        "coordinates": [
          [
            [
              4272.617745806856,
              3117.1161627157653
            ],
            [
              4318.9037101984295,
              3108.954698365419
            ],
            [
              4321.508432863434,
              3123.726814660602
            ],
            [
              4275.22246847186,
              3131.8882790109483
            ],
            [
              4272.617745806856,
              3117.1161627157653
            ]
          ]
        ]
      },
      "properties": {
        "id": "968",
        "lote": "968",
        "estatus": "disponible",
        "paquete": null,
        "seccion": "ORO",
        "manzana": "T",
        "manzanaId": "T"
      }
    },
    {
      "type": "Feature",
      "geometry": {
        "type": "Polygon",
        "coordinates": [
          [
            [
              4325.797364469516,
              3107.739161121751
            ],
            [
              4372.083328861089,
              3099.5776967714046
            ],
            [
              4374.688051526093,
              3114.3498130665885
            ],
            [
              4328.402087134519,
              3122.511277416934
            ],
            [
              4325.797364469516,
              3107.739161121751
            ]
          ]
        ]
      },
      "properties": {
        "id": "958",
        "lote": "958",
        "estatus": "disponible",
        "paquete": null,
        "seccion": "ORO",
        "manzana": "T",
        "manzanaId": "T"
      }
    },
    {
      "type": "Feature",
      "geometry": {
        "type": "Polygon",
        "coordinates": [
          [
            [
              4116.725501549884,
              3165.928130311064
            ],
            [
              4163.011465941458,
              3157.7666659607185
            ],
            [
              4165.616188606462,
              3172.5387822559014
            ],
            [
              4119.3302242148875,
              3180.7002466062468
            ],
            [
              4116.725501549884,
              3165.928130311064
            ]
          ]
        ]
      },
      "properties": {
        "id": "997",
        "lote": "997",
        "estatus": "disponible",
        "paquete": null,
        "seccion": "ORO",
        "manzana": "T",
        "manzanaId": "T"
      }
    },
    {
      "type": "Feature",
      "geometry": {
        "type": "Polygon",
        "coordinates": [
          [
            [
              4169.905120212543,
              3156.5511287170502
            ],
            [
              4216.191084604117,
              3148.389664366704
            ],
            [
              4218.795807269121,
              3163.161780661887
            ],
            [
              4172.509842877547,
              3171.323245012233
            ],
            [
              4169.905120212543,
              3156.5511287170502
            ]
          ]
        ]
      },
      "properties": {
        "id": "987",
        "lote": "987",
        "estatus": "disponible",
        "paquete": null,
        "seccion": "ORO",
        "manzana": "T",
        "manzanaId": "T"
      }
    },
    {
      "type": "Feature",
      "geometry": {
        "type": "Polygon",
        "coordinates": [
          [
            [
              4223.084738875203,
              3147.1741271230358
            ],
            [
              4269.370703266776,
              3139.0126627726895
            ],
            [
              4271.97542593178,
              3153.7847790678734
            ],
            [
              4225.689461540206,
              3161.9462434182187
            ],
            [
              4223.084738875203,
              3147.1741271230358
            ]
          ]
        ]
      },
      "properties": {
        "id": "977",
        "lote": "977",
        "estatus": "disponible",
        "paquete": null,
        "seccion": "ORO",
        "manzana": "T",
        "manzanaId": "T"
      }
    },
    {
      "type": "Feature",
      "geometry": {
        "type": "Polygon",
        "coordinates": [
          [
            [
              4276.2643575378615,
              3137.7971255290213
            ],
            [
              4322.550321929435,
              3129.635661178676
            ],
            [
              4325.1550445944395,
              3144.407777473859
            ],
            [
              4278.869080202866,
              3152.5692418242043
            ],
            [
              4276.2643575378615,
              3137.7971255290213
            ]
          ]
        ]
      },
      "properties": {
        "id": "967",
        "lote": "967",
        "estatus": "disponible",
        "paquete": null,
        "seccion": "ORO",
        "manzana": "T",
        "manzanaId": "T"
      }
    },
    {
      "type": "Feature",
      "geometry": {
        "type": "Polygon",
        "coordinates": [
          [
            [
              4329.44397620052,
              3128.420123935007
            ],
            [
              4375.729940592095,
              3120.2586595846615
            ],
            [
              4378.334663257098,
              3135.0307758798444
            ],
            [
              4332.048698865525,
              3143.1922402301907
            ],
            [
              4329.44397620052,
              3128.420123935007
            ]
          ]
        ]
      },
      "properties": {
        "id": "957",
        "lote": "957",
        "estatus": "disponible",
        "paquete": null,
        "seccion": "ORO",
        "manzana": "T",
        "manzanaId": "T"
      }
    },
    {
      "type": "Feature",
      "geometry": {
        "type": "Polygon",
        "coordinates": [
          [
            [
              4120.37211328089,
              3186.6090931243207
            ],
            [
              4166.658077672463,
              3178.4476287739744
            ],
            [
              4169.2628003374675,
              3193.2197450691574
            ],
            [
              4122.976835945894,
              3201.3812094195036
            ],
            [
              4120.37211328089,
              3186.6090931243207
            ]
          ]
        ]
      },
      "properties": {
        "id": "996",
        "lote": "996",
        "estatus": "disponible",
        "paquete": null,
        "seccion": "ORO",
        "manzana": "T",
        "manzanaId": "T"
      }
    },
    {
      "type": "Feature",
      "geometry": {
        "type": "Polygon",
        "coordinates": [
          [
            [
              4173.5517319435485,
              3177.232091530306
            ],
            [
              4219.837696335122,
              3169.070627179961
            ],
            [
              4222.442419000126,
              3183.842743475144
            ],
            [
              4176.156454608553,
              3192.004207825489
            ],
            [
              4173.5517319435485,
              3177.232091530306
            ]
          ]
        ]
      },
      "properties": {
        "id": "986",
        "lote": "986",
        "estatus": "disponible",
        "paquete": null,
        "seccion": "ORO",
        "manzana": "T",
        "manzanaId": "T"
      }
    },
    {
      "type": "Feature",
      "geometry": {
        "type": "Polygon",
        "coordinates": [
          [
            [
              4226.731350606208,
              3167.8550899362917
            ],
            [
              4273.017314997782,
              3159.6936255859464
            ],
            [
              4275.622037662785,
              3174.4657418811294
            ],
            [
              4229.336073271212,
              3182.6272062314747
            ],
            [
              4226.731350606208,
              3167.8550899362917
            ]
          ]
        ]
      },
      "properties": {
        "id": "976",
        "lote": "976",
        "estatus": "disponible",
        "paquete": null,
        "seccion": "ORO",
        "manzana": "T",
        "manzanaId": "T"
      }
    },
    {
      "type": "Feature",
      "geometry": {
        "type": "Polygon",
        "coordinates": [
          [
            [
              4279.910969268867,
              3158.478088342278
            ],
            [
              4326.196933660441,
              3150.316623991932
            ],
            [
              4328.801656325445,
              3165.088740287115
            ],
            [
              4282.5156919338715,
              3173.250204637461
            ],
            [
              4279.910969268867,
              3158.478088342278
            ]
          ]
        ]
      },
      "properties": {
        "id": "966",
        "lote": "966",
        "estatus": "disponible",
        "paquete": null,
        "seccion": "ORO",
        "manzana": "T",
        "manzanaId": "T"
      }
    },
    {
      "type": "Feature",
      "geometry": {
        "type": "Polygon",
        "coordinates": [
          [
            [
              4333.090587931526,
              3149.1010867482637
            ],
            [
              4379.3765523231,
              3140.9396223979174
            ],
            [
              4381.981274988104,
              3155.7117386931013
            ],
            [
              4335.69531059653,
              3163.8732030434467
            ],
            [
              4333.090587931526,
              3149.1010867482637
            ]
          ]
        ]
      },
      "properties": {
        "id": "956",
        "lote": "956",
        "estatus": "disponible",
        "paquete": null,
        "seccion": "ORO",
        "manzana": "T",
        "manzanaId": "T"
      }
    },
    {
      "type": "Feature",
      "geometry": {
        "type": "Polygon",
        "coordinates": [
          [
            [
              4124.018725011895,
              3207.2900559375767
            ],
            [
              4170.304689403469,
              3199.1285915872313
            ],
            [
              4172.909412068473,
              3213.9007078824143
            ],
            [
              4126.623447676899,
              3222.0621722327596
            ],
            [
              4124.018725011895,
              3207.2900559375767
            ]
          ]
        ]
      },
      "properties": {
        "id": "995",
        "lote": "995",
        "estatus": "disponible",
        "paquete": null,
        "seccion": "ORO",
        "manzana": "T",
        "manzanaId": "T"
      }
    },
    {
      "type": "Feature",
      "geometry": {
        "type": "Polygon",
        "coordinates": [
          [
            [
              4177.198343674554,
              3197.913054343562
            ],
            [
              4223.484308066128,
              3189.751589993217
            ],
            [
              4226.089030731132,
              3204.5237062884
            ],
            [
              4179.803066339558,
              3212.685170638746
            ],
            [
              4177.198343674554,
              3197.913054343562
            ]
          ]
        ]
      },
      "properties": {
        "id": "985",
        "lote": "985",
        "estatus": "disponible",
        "paquete": null,
        "seccion": "ORO",
        "manzana": "T",
        "manzanaId": "T"
      }
    },
    {
      "type": "Feature",
      "geometry": {
        "type": "Polygon",
        "coordinates": [
          [
            [
              4230.377962337214,
              3188.5360527495486
            ],
            [
              4276.663926728787,
              3180.3745883992024
            ],
            [
              4279.268649393791,
              3195.1467046943853
            ],
            [
              4232.982685002217,
              3203.3081690447316
            ],
            [
              4230.377962337214,
              3188.5360527495486
            ]
          ]
        ]
      },
      "properties": {
        "id": "975",
        "lote": "975",
        "estatus": "disponible",
        "paquete": null,
        "seccion": "ORO",
        "manzana": "T",
        "manzanaId": "T"
      }
    },
    {
      "type": "Feature",
      "geometry": {
        "type": "Polygon",
        "coordinates": [
          [
            [
              4283.557580999873,
              3179.159051155534
            ],
            [
              4329.843545391446,
              3170.997586805189
            ],
            [
              4332.448268056451,
              3185.7697031003718
            ],
            [
              4286.162303664877,
              3193.931167450717
            ],
            [
              4283.557580999873,
              3179.159051155534
            ]
          ]
        ]
      },
      "properties": {
        "id": "965",
        "lote": "965",
        "estatus": "disponible",
        "paquete": null,
        "seccion": "ORO",
        "manzana": "T",
        "manzanaId": "T"
      }
    },
    {
      "type": "Feature",
      "geometry": {
        "type": "Polygon",
        "coordinates": [
          [
            [
              4336.737199662532,
              3169.7820495615197
            ],
            [
              4383.023164054106,
              3161.6205852111743
            ],
            [
              4385.6278867191095,
              3176.3927015063573
            ],
            [
              4339.341922327536,
              3184.5541658567026
            ],
            [
              4336.737199662532,
              3169.7820495615197
            ]
          ]
        ]
      },
      "properties": {
        "id": "955",
        "lote": "955",
        "estatus": "disponible",
        "paquete": null,
        "seccion": "ORO",
        "manzana": "T",
        "manzanaId": "T"
      }
    },
    {
      "type": "Feature",
      "geometry": {
        "type": "Polygon",
        "coordinates": [
          [
            [
              4127.665336742901,
              3227.9710187508335
            ],
            [
              4173.951301134474,
              3219.8095544004873
            ],
            [
              4176.556023799479,
              3234.5816706956703
            ],
            [
              4130.270059407905,
              3242.7431350460165
            ],
            [
              4127.665336742901,
              3227.9710187508335
            ]
          ]
        ]
      },
      "properties": {
        "id": "994",
        "lote": "994",
        "estatus": "disponible",
        "paquete": null,
        "seccion": "ORO",
        "manzana": "T",
        "manzanaId": "T"
      }
    },
    {
      "type": "Feature",
      "geometry": {
        "type": "Polygon",
        "coordinates": [
          [
            [
              4180.84495540556,
              3218.594017156819
            ],
            [
              4227.130919797133,
              3210.432552806473
            ],
            [
              4229.735642462138,
              3225.2046691016567
            ],
            [
              4183.449678070564,
              3233.366133452002
            ],
            [
              4180.84495540556,
              3218.594017156819
            ]
          ]
        ]
      },
      "properties": {
        "id": "984",
        "lote": "984",
        "estatus": "disponible",
        "paquete": null,
        "seccion": "ORO",
        "manzana": "T",
        "manzanaId": "T"
      }
    },
    {
      "type": "Feature",
      "geometry": {
        "type": "Polygon",
        "coordinates": [
          [
            [
              4234.024574068219,
              3209.2170155628046
            ],
            [
              4280.310538459793,
              3201.0555512124592
            ],
            [
              4282.915261124796,
              3215.827667507642
            ],
            [
              4236.629296733223,
              3223.9891318579876
            ],
            [
              4234.024574068219,
              3209.2170155628046
            ]
          ]
        ]
      },
      "properties": {
        "id": "974",
        "lote": "974",
        "estatus": "disponible",
        "paquete": null,
        "seccion": "ORO",
        "manzana": "T",
        "manzanaId": "T"
      }
    },
    {
      "type": "Feature",
      "geometry": {
        "type": "Polygon",
        "coordinates": [
          [
            [
              4287.204192730878,
              3199.84001396879
            ],
            [
              4333.490157122452,
              3191.678549618445
            ],
            [
              4336.094879787456,
              3206.4506659136277
            ],
            [
              4289.808915395883,
              3214.612130263974
            ],
            [
              4287.204192730878,
              3199.84001396879
            ]
          ]
        ]
      },
      "properties": {
        "id": "964",
        "lote": "964",
        "estatus": "disponible",
        "paquete": null,
        "seccion": "ORO",
        "manzana": "T",
        "manzanaId": "T"
      }
    },
    {
      "type": "Feature",
      "geometry": {
        "type": "Polygon",
        "coordinates": [
          [
            [
              4340.383811393537,
              3190.4630123747766
            ],
            [
              4386.669775785112,
              3182.3015480244303
            ],
            [
              4389.274498450115,
              3197.0736643196133
            ],
            [
              4342.9885340585415,
              3205.2351286699595
            ],
            [
              4340.383811393537,
              3190.4630123747766
            ]
          ]
        ]
      },
      "properties": {
        "id": "954",
        "lote": "954",
        "estatus": "disponible",
        "paquete": null,
        "seccion": "ORO",
        "manzana": "T",
        "manzanaId": "T"
      }
    },
    {
      "type": "Feature",
      "geometry": {
        "type": "Polygon",
        "coordinates": [
          [
            [
              4131.311948473905,
              3248.6519815640895
            ],
            [
              4177.59791286548,
              3240.490517213744
            ],
            [
              4180.202635530483,
              3255.262633508927
            ],
            [
              4133.91667113891,
              3263.4240978592725
            ],
            [
              4131.311948473905,
              3248.6519815640895
            ]
          ]
        ]
      },
      "properties": {
        "id": "993",
        "lote": "993",
        "estatus": "disponible",
        "paquete": null,
        "seccion": "ORO",
        "manzana": "T",
        "manzanaId": "T"
      }
    },
    {
      "type": "Feature",
      "geometry": {
        "type": "Polygon",
        "coordinates": [
          [
            [
              4184.491567136565,
              3239.274979970075
            ],
            [
              4230.777531528139,
              3231.1135156197297
            ],
            [
              4233.382254193143,
              3245.8856319149127
            ],
            [
              4187.09628980157,
              3254.047096265258
            ],
            [
              4184.491567136565,
              3239.274979970075
            ]
          ]
        ]
      },
      "properties": {
        "id": "983",
        "lote": "983",
        "estatus": "disponible",
        "paquete": null,
        "seccion": "ORO",
        "manzana": "T",
        "manzanaId": "T"
      }
    },
    {
      "type": "Feature",
      "geometry": {
        "type": "Polygon",
        "coordinates": [
          [
            [
              4237.671185799224,
              3229.8979783760615
            ],
            [
              4283.9571501907985,
              3221.736514025715
            ],
            [
              4286.561872855802,
              3236.508630320898
            ],
            [
              4240.275908464228,
              3244.6700946712444
            ],
            [
              4237.671185799224,
              3229.8979783760615
            ]
          ]
        ]
      },
      "properties": {
        "id": "973",
        "lote": "973",
        "estatus": "disponible",
        "paquete": null,
        "seccion": "ORO",
        "manzana": "T",
        "manzanaId": "T"
      }
    },
    {
      "type": "Feature",
      "geometry": {
        "type": "Polygon",
        "coordinates": [
          [
            [
              4290.850804461884,
              3220.520976782047
            ],
            [
              4337.136768853457,
              3212.3595124317008
            ],
            [
              4339.741491518462,
              3227.1316287268846
            ],
            [
              4293.455527126887,
              3235.29309307723
            ],
            [
              4290.850804461884,
              3220.520976782047
            ]
          ]
        ]
      },
      "properties": {
        "id": "963",
        "lote": "963",
        "estatus": "disponible",
        "paquete": null,
        "seccion": "ORO",
        "manzana": "T",
        "manzanaId": "T"
      }
    },
    {
      "type": "Feature",
      "geometry": {
        "type": "Polygon",
        "coordinates": [
          [
            [
              4344.030423124543,
              3211.1439751880325
            ],
            [
              4390.316387516117,
              3202.982510837687
            ],
            [
              4392.921110181121,
              3217.75462713287
            ],
            [
              4346.635145789547,
              3225.9160914832155
            ],
            [
              4344.030423124543,
              3211.1439751880325
            ]
          ]
        ]
      },
      "properties": {
        "id": "953",
        "lote": "953",
        "estatus": "disponible",
        "paquete": null,
        "seccion": "ORO",
        "manzana": "T",
        "manzanaId": "T"
      }
    },
    {
      "type": "Feature",
      "geometry": {
        "type": "Polygon",
        "coordinates": [
          [
            [
              4134.958560204912,
              3269.3329443773455
            ],
            [
              4181.2445245964855,
              3261.171480027
            ],
            [
              4183.849247261489,
              3275.943596322183
            ],
            [
              4137.563282869915,
              3284.1050606725294
            ],
            [
              4134.958560204912,
              3269.3329443773455
            ]
          ]
        ]
      },
      "properties": {
        "id": "992",
        "lote": "992",
        "estatus": "disponible",
        "paquete": null,
        "seccion": "ORO",
        "manzana": "T",
        "manzanaId": "T"
      }
    },
    {
      "type": "Feature",
      "geometry": {
        "type": "Polygon",
        "coordinates": [
          [
            [
              4188.138178867571,
              3259.955942783332
            ],
            [
              4234.424143259144,
              3251.7944784329857
            ],
            [
              4237.028865924149,
              3266.5665947281686
            ],
            [
              4190.742901532575,
              3274.728059078515
            ],
            [
              4188.138178867571,
              3259.955942783332
            ]
          ]
        ]
      },
      "properties": {
        "id": "982",
        "lote": "982",
        "estatus": "disponible",
        "paquete": null,
        "seccion": "ORO",
        "manzana": "T",
        "manzanaId": "T"
      }
    },
    {
      "type": "Feature",
      "geometry": {
        "type": "Polygon",
        "coordinates": [
          [
            [
              4241.31779753023,
              3250.5789411893174
            ],
            [
              4287.603761921804,
              3242.417476838972
            ],
            [
              4290.208484586808,
              3257.189593134155
            ],
            [
              4243.922520195234,
              3265.3510574845004
            ],
            [
              4241.31779753023,
              3250.5789411893174
            ]
          ]
        ]
      },
      "properties": {
        "id": "972",
        "lote": "972",
        "estatus": "disponible",
        "paquete": null,
        "seccion": "ORO",
        "manzana": "T",
        "manzanaId": "T"
      }
    },
    {
      "type": "Feature",
      "geometry": {
        "type": "Polygon",
        "coordinates": [
          [
            [
              4294.497416192889,
              3241.201939595303
            ],
            [
              4340.783380584463,
              3233.0404752449576
            ],
            [
              4343.388103249467,
              3247.8125915401406
            ],
            [
              4297.102138857893,
              3255.974055890486
            ],
            [
              4294.497416192889,
              3241.201939595303
            ]
          ]
        ]
      },
      "properties": {
        "id": "962",
        "lote": "962",
        "estatus": "disponible",
        "paquete": null,
        "seccion": "ORO",
        "manzana": "T",
        "manzanaId": "T"
      }
    },
    {
      "type": "Feature",
      "geometry": {
        "type": "Polygon",
        "coordinates": [
          [
            [
              4347.677034855548,
              3231.8249380012885
            ],
            [
              4393.962999247122,
              3223.663473650943
            ],
            [
              4396.567721912126,
              3238.435589946126
            ],
            [
              4350.281757520553,
              3246.5970542964724
            ],
            [
              4347.677034855548,
              3231.8249380012885
            ]
          ]
        ]
      },
      "properties": {
        "id": "952",
        "lote": "952",
        "estatus": "disponible",
        "paquete": null,
        "seccion": "ORO",
        "manzana": "T",
        "manzanaId": "T"
      }
    },
    {
      "type": "Feature",
      "geometry": {
        "type": "Polygon",
        "coordinates": [
          [
            [
              4138.605171935917,
              3290.0139071906024
            ],
            [
              4184.891136327491,
              3281.852442840256
            ],
            [
              4187.4958589924945,
              3296.62455913544
            ],
            [
              4141.209894600921,
              3304.7860234857853
            ],
            [
              4138.605171935917,
              3290.0139071906024
            ]
          ]
        ]
      },
      "properties": {
        "id": "991",
        "lote": "991",
        "estatus": "disponible",
        "paquete": null,
        "seccion": "ORO",
        "manzana": "T",
        "manzanaId": "T"
      }
    },
    {
      "type": "Feature",
      "geometry": {
        "type": "Polygon",
        "coordinates": [
          [
            [
              4191.784790598576,
              3280.636905596588
            ],
            [
              4238.07075499015,
              3272.4754412462426
            ],
            [
              4240.675477655154,
              3287.2475575414255
            ],
            [
              4194.389513263581,
              3295.409021891771
            ],
            [
              4191.784790598576,
              3280.636905596588
            ]
          ]
        ]
      },
      "properties": {
        "id": "981",
        "lote": "981",
        "estatus": "disponible",
        "paquete": null,
        "seccion": "ORO",
        "manzana": "T",
        "manzanaId": "T"
      }
    },
    {
      "type": "Feature",
      "geometry": {
        "type": "Polygon",
        "coordinates": [
          [
            [
              4244.964409261235,
              3271.2599040025734
            ],
            [
              4291.25037365281,
              3263.098439652228
            ],
            [
              4293.855096317813,
              3277.870555947411
            ],
            [
              4247.56913192624,
              3286.0320202977573
            ],
            [
              4244.964409261235,
              3271.2599040025734
            ]
          ]
        ]
      },
      "properties": {
        "id": "971",
        "lote": "971",
        "estatus": "disponible",
        "paquete": null,
        "seccion": "ORO",
        "manzana": "T",
        "manzanaId": "T"
      }
    },
    {
      "type": "Feature",
      "geometry": {
        "type": "Polygon",
        "coordinates": [
          [
            [
              4298.144027923895,
              3261.88290240856
            ],
            [
              4344.429992315469,
              3253.7214380582136
            ],
            [
              4347.034714980473,
              3268.4935543533966
            ],
            [
              4300.7487505888985,
              3276.655018703743
            ],
            [
              4298.144027923895,
              3261.88290240856
            ]
          ]
        ]
      },
      "properties": {
        "id": "961",
        "lote": "961",
        "estatus": "disponible",
        "paquete": null,
        "seccion": "ORO",
        "manzana": "T",
        "manzanaId": "T"
      }
    },
    {
      "type": "Feature",
      "geometry": {
        "type": "Polygon",
        "coordinates": [
          [
            [
              4351.323646586554,
              3252.5059008145454
            ],
            [
              4397.609610978128,
              3244.344436464199
            ],
            [
              4400.214333643132,
              3259.116552759383
            ],
            [
              4353.928369251558,
              3267.2780171097284
            ],
            [
              4351.323646586554,
              3252.5059008145454
            ]
          ]
        ]
      },
      "properties": {
        "id": "951",
        "lote": "951",
        "estatus": "disponible",
        "paquete": null,
        "seccion": "ORO",
        "manzana": "T",
        "manzanaId": "T"
      }
    }
  ]
}
