{
  "type": "FeatureCollection",
  "features": [
    {
      "type": "Feature",
      "properties": {
        "id": "PLN-convexo-AX1",
        "tipo": "nicho",
        "zonaId": "PLN",
        "cara": "convexo",
        "fila": "AX",
        "numero": 1,
        "codigo": "AX1",
        "estatus_venta": "disponible",
        "estatus_ocupacion": "",
        "referencia_procap": "",
        "observaciones": "",
        "geometryType": "niches",
        "gridRow": 0,
        "gridColumn": 0
      },
      "geometry": {
        "type": "Polygon",
        "coordinates": [
          [
            [
              31.45,
              187.503256
            ],
            [
              53.45,
              187.503256
            ],
            [
              53.45,
              174.503256
            ],
            [
              31.45,
              174.503256
            ],
            [
              31.45,
              187.503256
            ]
          ]
        ]
      }
    },
    {
      "type": "Feature",
      "properties": {
        "id": "PLN-convexo-AX2",
        "tipo": "nicho",
        "zonaId": "PLN",
        "cara": "convexo",
        "fila": "AX",
        "numero": 2,
        "codigo": "AX2",
        "estatus_venta": "disponible",
        "estatus_ocupacion": "",
        "referencia_procap": "",
        "observaciones": "",
        "geometryType": "niches",
        "gridRow": 0,
        "gridColumn": 1
      },
      "geometry": {
        "type": "Polygon",
        "coordinates": [
          [
            [
              56.9,
              187.503256
            ],
            [
              78.9,
              187.503256
            ],
            [
              78.9,
              174.503256
            ],
            [
              56.9,
              174.503256
            ],
            [
              56.9,
              187.503256
            ]
          ]
        ]
      }
    },
    {
      "type": "Feature",
      "properties": {
        "id": "PLN-convexo-AX3",
        "tipo": "nicho",
        "zonaId": "PLN",
        "cara": "convexo",
        "fila": "AX",
        "numero": 3,
        "codigo": "AX3",
        "estatus_venta": "disponible",
        "estatus_ocupacion": "",
        "referencia_procap": "",
        "observaciones": "",
        "geometryType": "niches",
        "gridRow": 0,
        "gridColumn": 2
      },
      "geometry": {
        "type": "Polygon",
        "coordinates": [
          [
            [
              82.35,
              187.503256
            ],
            [
              104.35,
              187.503256
            ],
            [
              104.35,
              174.503256
            ],
            [
              82.35,
              174.503256
            ],
            [
              82.35,
              187.503256
            ]
          ]
        ]
      }
    },
    {
      "type": "Feature",
      "properties": {
        "id": "PLN-convexo-AX4",
        "tipo": "nicho",
        "zonaId": "PLN",
        "cara": "convexo",
        "fila": "AX",
        "numero": 4,
        "codigo": "AX4",
        "estatus_venta": "disponible",
        "estatus_ocupacion": "",
        "referencia_procap": "",
        "observaciones": "",
        "geometryType": "niches",
        "gridRow": 0,
        "gridColumn": 3
      },
      "geometry": {
        "type": "Polygon",
        "coordinates": [
          [
            [
              107.8,
              187.503256
            ],
            [
              129.8,
              187.503256
            ],
            [
              129.8,
              174.503256
            ],
            [
              107.8,
              174.503256
            ],
            [
              107.8,
              187.503256
            ]
          ]
        ]
      }
    },
    {
      "type": "Feature",
      "properties": {
        "id": "PLN-convexo-AX5",
        "tipo": "nicho",
        "zonaId": "PLN",
        "cara": "convexo",
        "fila": "AX",
        "numero": 5,
        "codigo": "AX5",
        "estatus_venta": "disponible",
        "estatus_ocupacion": "",
        "referencia_procap": "",
        "observaciones": "",
        "geometryType": "niches",
        "gridRow": 0,
        "gridColumn": 4
      },
      "geometry": {
        "type": "Polygon",
        "coordinates": [
          [
            [
              133.25,
              187.503256
            ],
            [
              155.25,
              187.503256
            ],
            [
              155.25,
              174.503256
            ],
            [
              133.25,
              174.503256
            ],
            [
              133.25,
              187.503256
            ]
          ]
        ]
      }
    },
    {
      "type": "Feature",
      "properties": {
        "id": "PLN-convexo-AX6",
        "tipo": "nicho",
        "zonaId": "PLN",
        "cara": "convexo",
        "fila": "AX",
        "numero": 6,
        "codigo": "AX6",
        "estatus_venta": "disponible",
        "estatus_ocupacion": "",
        "referencia_procap": "",
        "observaciones": "",
        "geometryType": "niches",
        "gridRow": 0,
        "gridColumn": 5
      },
      "geometry": {
        "type": "Polygon",
        "coordinates": [
          [
            [
              158.7,
              187.503256
            ],
            [
              180.7,
              187.503256
            ],
            [
              180.7,
              174.503256
            ],
            [
              158.7,
              174.503256
            ],
            [
              158.7,
              187.503256
            ]
          ]
        ]
      }
    },
    {
      "type": "Feature",
      "properties": {
        "id": "PLN-convexo-AX7",
        "tipo": "nicho",
        "zonaId": "PLN",
        "cara": "convexo",
        "fila": "AX",
        "numero": 7,
        "codigo": "AX7",
        "estatus_venta": "disponible",
        "estatus_ocupacion": "",
        "referencia_procap": "",
        "observaciones": "",
        "geometryType": "niches",
        "gridRow": 0,
        "gridColumn": 6
      },
      "geometry": {
        "type": "Polygon",
        "coordinates": [
          [
            [
              184.15,
              187.503256
            ],
            [
              206.15,
              187.503256
            ],
            [
              206.15,
              174.503256
            ],
            [
              184.15,
              174.503256
            ],
            [
              184.15,
              187.503256
            ]
          ]
        ]
      }
    },
    {
      "type": "Feature",
      "properties": {
        "id": "PLN-convexo-AX8",
        "tipo": "nicho",
        "zonaId": "PLN",
        "cara": "convexo",
        "fila": "AX",
        "numero": 8,
        "codigo": "AX8",
        "estatus_venta": "disponible",
        "estatus_ocupacion": "",
        "referencia_procap": "",
        "observaciones": "",
        "geometryType": "niches",
        "gridRow": 0,
        "gridColumn": 7
      },
      "geometry": {
        "type": "Polygon",
        "coordinates": [
          [
            [
              209.6,
              187.503256
            ],
            [
              231.6,
              187.503256
            ],
            [
              231.6,
              174.503256
            ],
            [
              209.6,
              174.503256
            ],
            [
              209.6,
              187.503256
            ]
          ]
        ]
      }
    },
    {
      "type": "Feature",
      "properties": {
        "id": "PLN-convexo-AX9",
        "tipo": "nicho",
        "zonaId": "PLN",
        "cara": "convexo",
        "fila": "AX",
        "numero": 9,
        "codigo": "AX9",
        "estatus_venta": "disponible",
        "estatus_ocupacion": "",
        "referencia_procap": "",
        "observaciones": "",
        "geometryType": "niches",
        "gridRow": 0,
        "gridColumn": 8
      },
      "geometry": {
        "type": "Polygon",
        "coordinates": [
          [
            [
              235.05,
              187.503256
            ],
            [
              257.05,
              187.503256
            ],
            [
              257.05,
              174.503256
            ],
            [
              235.05,
              174.503256
            ],
            [
              235.05,
              187.503256
            ]
          ]
        ]
      }
    },
    {
      "type": "Feature",
      "properties": {
        "id": "PLN-convexo-AX10",
        "tipo": "nicho",
        "zonaId": "PLN",
        "cara": "convexo",
        "fila": "AX",
        "numero": 10,
        "codigo": "AX10",
        "estatus_venta": "disponible",
        "estatus_ocupacion": "",
        "referencia_procap": "",
        "observaciones": "",
        "geometryType": "niches",
        "gridRow": 0,
        "gridColumn": 9
      },
      "geometry": {
        "type": "Polygon",
        "coordinates": [
          [
            [
              260.5,
              187.503256
            ],
            [
              282.5,
              187.503256
            ],
            [
              282.5,
              174.503256
            ],
            [
              260.5,
              174.503256
            ],
            [
              260.5,
              187.503256
            ]
          ]
        ]
      }
    },
    {
      "type": "Feature",
      "properties": {
        "id": "PLN-convexo-AX11",
        "tipo": "nicho",
        "zonaId": "PLN",
        "cara": "convexo",
        "fila": "AX",
        "numero": 11,
        "codigo": "AX11",
        "estatus_venta": "disponible",
        "estatus_ocupacion": "",
        "referencia_procap": "",
        "observaciones": "",
        "geometryType": "niches",
        "gridRow": 0,
        "gridColumn": 10
      },
      "geometry": {
        "type": "Polygon",
        "coordinates": [
          [
            [
              285.95,
              187.503256
            ],
            [
              307.95,
              187.503256
            ],
            [
              307.95,
              174.503256
            ],
            [
              285.95,
              174.503256
            ],
            [
              285.95,
              187.503256
            ]
          ]
        ]
      }
    },
    {
      "type": "Feature",
      "properties": {
        "id": "PLN-convexo-AX12",
        "tipo": "nicho",
        "zonaId": "PLN",
        "cara": "convexo",
        "fila": "AX",
        "numero": 12,
        "codigo": "AX12",
        "estatus_venta": "disponible",
        "estatus_ocupacion": "",
        "referencia_procap": "",
        "observaciones": "",
        "geometryType": "niches",
        "gridRow": 0,
        "gridColumn": 11
      },
      "geometry": {
        "type": "Polygon",
        "coordinates": [
          [
            [
              311.4,
              187.503256
            ],
            [
              333.4,
              187.503256
            ],
            [
              333.4,
              174.503256
            ],
            [
              311.4,
              174.503256
            ],
            [
              311.4,
              187.503256
            ]
          ]
        ]
      }
    },
    {
      "type": "Feature",
      "properties": {
        "id": "PLN-convexo-AX13",
        "tipo": "nicho",
        "zonaId": "PLN",
        "cara": "convexo",
        "fila": "AX",
        "numero": 13,
        "codigo": "AX13",
        "estatus_venta": "disponible",
        "estatus_ocupacion": "",
        "referencia_procap": "",
        "observaciones": "",
        "geometryType": "niches",
        "gridRow": 0,
        "gridColumn": 12
      },
      "geometry": {
        "type": "Polygon",
        "coordinates": [
          [
            [
              336.85,
              187.503256
            ],
            [
              358.85,
              187.503256
            ],
            [
              358.85,
              174.503256
            ],
            [
              336.85,
              174.503256
            ],
            [
              336.85,
              187.503256
            ]
          ]
        ]
      }
    },
    {
      "type": "Feature",
      "properties": {
        "id": "PLN-convexo-AX14",
        "tipo": "nicho",
        "zonaId": "PLN",
        "cara": "convexo",
        "fila": "AX",
        "numero": 14,
        "codigo": "AX14",
        "estatus_venta": "disponible",
        "estatus_ocupacion": "",
        "referencia_procap": "",
        "observaciones": "",
        "geometryType": "niches",
        "gridRow": 0,
        "gridColumn": 13
      },
      "geometry": {
        "type": "Polygon",
        "coordinates": [
          [
            [
              362.3,
              187.503256
            ],
            [
              384.3,
              187.503256
            ],
            [
              384.3,
              174.503256
            ],
            [
              362.3,
              174.503256
            ],
            [
              362.3,
              187.503256
            ]
          ]
        ]
      }
    },
    {
      "type": "Feature",
      "properties": {
        "id": "PLN-convexo-AX15",
        "tipo": "nicho",
        "zonaId": "PLN",
        "cara": "convexo",
        "fila": "AX",
        "numero": 15,
        "codigo": "AX15",
        "estatus_venta": "disponible",
        "estatus_ocupacion": "",
        "referencia_procap": "",
        "observaciones": "",
        "geometryType": "niches",
        "gridRow": 0,
        "gridColumn": 14
      },
      "geometry": {
        "type": "Polygon",
        "coordinates": [
          [
            [
              387.75,
              187.503256
            ],
            [
              409.75,
              187.503256
            ],
            [
              409.75,
              174.503256
            ],
            [
              387.75,
              174.503256
            ],
            [
              387.75,
              187.503256
            ]
          ]
        ]
      }
    },
    {
      "type": "Feature",
      "properties": {
        "id": "PLN-convexo-AX16",
        "tipo": "nicho",
        "zonaId": "PLN",
        "cara": "convexo",
        "fila": "AX",
        "numero": 16,
        "codigo": "AX16",
        "estatus_venta": "disponible",
        "estatus_ocupacion": "",
        "referencia_procap": "",
        "observaciones": "",
        "geometryType": "niches",
        "gridRow": 0,
        "gridColumn": 15
      },
      "geometry": {
        "type": "Polygon",
        "coordinates": [
          [
            [
              413.2,
              187.503256
            ],
            [
              435.2,
              187.503256
            ],
            [
              435.2,
              174.503256
            ],
            [
              413.2,
              174.503256
            ],
            [
              413.2,
              187.503256
            ]
          ]
        ]
      }
    },
    {
      "type": "Feature",
      "properties": {
        "id": "PLN-convexo-AX17",
        "tipo": "nicho",
        "zonaId": "PLN",
        "cara": "convexo",
        "fila": "AX",
        "numero": 17,
        "codigo": "AX17",
        "estatus_venta": "disponible",
        "estatus_ocupacion": "",
        "referencia_procap": "",
        "observaciones": "",
        "geometryType": "niches",
        "gridRow": 0,
        "gridColumn": 16
      },
      "geometry": {
        "type": "Polygon",
        "coordinates": [
          [
            [
              438.65,
              187.503256
            ],
            [
              460.65,
              187.503256
            ],
            [
              460.65,
              174.503256
            ],
            [
              438.65,
              174.503256
            ],
            [
              438.65,
              187.503256
            ]
          ]
        ]
      }
    },
    {
      "type": "Feature",
      "properties": {
        "id": "PLN-convexo-AX18",
        "tipo": "nicho",
        "zonaId": "PLN",
        "cara": "convexo",
        "fila": "AX",
        "numero": 18,
        "codigo": "AX18",
        "estatus_venta": "disponible",
        "estatus_ocupacion": "",
        "referencia_procap": "",
        "observaciones": "",
        "geometryType": "niches",
        "gridRow": 0,
        "gridColumn": 17
      },
      "geometry": {
        "type": "Polygon",
        "coordinates": [
          [
            [
              464.1,
              187.503256
            ],
            [
              486.1,
              187.503256
            ],
            [
              486.1,
              174.503256
            ],
            [
              464.1,
              174.503256
            ],
            [
              464.1,
              187.503256
            ]
          ]
        ]
      }
    },
    {
      "type": "Feature",
      "properties": {
        "id": "PLN-convexo-AX19",
        "tipo": "nicho",
        "zonaId": "PLN",
        "cara": "convexo",
        "fila": "AX",
        "numero": 19,
        "codigo": "AX19",
        "estatus_venta": "disponible",
        "estatus_ocupacion": "",
        "referencia_procap": "",
        "observaciones": "",
        "geometryType": "niches",
        "gridRow": 0,
        "gridColumn": 18
      },
      "geometry": {
        "type": "Polygon",
        "coordinates": [
          [
            [
              489.55,
              187.503256
            ],
            [
              511.55,
              187.503256
            ],
            [
              511.55,
              174.503256
            ],
            [
              489.55,
              174.503256
            ],
            [
              489.55,
              187.503256
            ]
          ]
        ]
      }
    },
    {
      "type": "Feature",
      "properties": {
        "id": "PLN-convexo-AX20",
        "tipo": "nicho",
        "zonaId": "PLN",
        "cara": "convexo",
        "fila": "AX",
        "numero": 20,
        "codigo": "AX20",
        "estatus_venta": "disponible",
        "estatus_ocupacion": "",
        "referencia_procap": "",
        "observaciones": "",
        "geometryType": "niches",
        "gridRow": 0,
        "gridColumn": 19
      },
      "geometry": {
        "type": "Polygon",
        "coordinates": [
          [
            [
              515,
              187.503256
            ],
            [
              537,
              187.503256
            ],
            [
              537,
              174.503256
            ],
            [
              515,
              174.503256
            ],
            [
              515,
              187.503256
            ]
          ]
        ]
      }
    },
    {
      "type": "Feature",
      "properties": {
        "id": "PLN-convexo-AX21",
        "tipo": "nicho",
        "zonaId": "PLN",
        "cara": "convexo",
        "fila": "AX",
        "numero": 21,
        "codigo": "AX21",
        "estatus_venta": "disponible",
        "estatus_ocupacion": "",
        "referencia_procap": "",
        "observaciones": "",
        "geometryType": "niches",
        "gridRow": 0,
        "gridColumn": 20
      },
      "geometry": {
        "type": "Polygon",
        "coordinates": [
          [
            [
              540.45,
              187.503256
            ],
            [
              562.45,
              187.503256
            ],
            [
              562.45,
              174.503256
            ],
            [
              540.45,
              174.503256
            ],
            [
              540.45,
              187.503256
            ]
          ]
        ]
      }
    },
    {
      "type": "Feature",
      "properties": {
        "id": "PLN-convexo-AX22",
        "tipo": "nicho",
        "zonaId": "PLN",
        "cara": "convexo",
        "fila": "AX",
        "numero": 22,
        "codigo": "AX22",
        "estatus_venta": "disponible",
        "estatus_ocupacion": "",
        "referencia_procap": "",
        "observaciones": "",
        "geometryType": "niches",
        "gridRow": 0,
        "gridColumn": 21
      },
      "geometry": {
        "type": "Polygon",
        "coordinates": [
          [
            [
              565.9,
              187.503256
            ],
            [
              587.9,
              187.503256
            ],
            [
              587.9,
              174.503256
            ],
            [
              565.9,
              174.503256
            ],
            [
              565.9,
              187.503256
            ]
          ]
        ]
      }
    },
    {
      "type": "Feature",
      "properties": {
        "id": "PLN-convexo-AX23",
        "tipo": "nicho",
        "zonaId": "PLN",
        "cara": "convexo",
        "fila": "AX",
        "numero": 23,
        "codigo": "AX23",
        "estatus_venta": "disponible",
        "estatus_ocupacion": "",
        "referencia_procap": "",
        "observaciones": "",
        "geometryType": "niches",
        "gridRow": 0,
        "gridColumn": 22
      },
      "geometry": {
        "type": "Polygon",
        "coordinates": [
          [
            [
              591.35,
              187.503256
            ],
            [
              613.35,
              187.503256
            ],
            [
              613.35,
              174.503256
            ],
            [
              591.35,
              174.503256
            ],
            [
              591.35,
              187.503256
            ]
          ]
        ]
      }
    },
    {
      "type": "Feature",
      "properties": {
        "id": "PLN-convexo-AX24",
        "tipo": "nicho",
        "zonaId": "PLN",
        "cara": "convexo",
        "fila": "AX",
        "numero": 24,
        "codigo": "AX24",
        "estatus_venta": "disponible",
        "estatus_ocupacion": "",
        "referencia_procap": "",
        "observaciones": "",
        "geometryType": "niches",
        "gridRow": 0,
        "gridColumn": 23
      },
      "geometry": {
        "type": "Polygon",
        "coordinates": [
          [
            [
              616.8,
              187.503256
            ],
            [
              638.8,
              187.503256
            ],
            [
              638.8,
              174.503256
            ],
            [
              616.8,
              174.503256
            ],
            [
              616.8,
              187.503256
            ]
          ]
        ]
      }
    },
    {
      "type": "Feature",
      "properties": {
        "id": "PLN-convexo-AX25",
        "tipo": "nicho",
        "zonaId": "PLN",
        "cara": "convexo",
        "fila": "AX",
        "numero": 25,
        "codigo": "AX25",
        "estatus_venta": "disponible",
        "estatus_ocupacion": "",
        "referencia_procap": "",
        "observaciones": "",
        "geometryType": "niches",
        "gridRow": 0,
        "gridColumn": 24
      },
      "geometry": {
        "type": "Polygon",
        "coordinates": [
          [
            [
              642.25,
              187.503256
            ],
            [
              664.25,
              187.503256
            ],
            [
              664.25,
              174.503256
            ],
            [
              642.25,
              174.503256
            ],
            [
              642.25,
              187.503256
            ]
          ]
        ]
      }
    },
    {
      "type": "Feature",
      "properties": {
        "id": "PLN-convexo-AX26",
        "tipo": "nicho",
        "zonaId": "PLN",
        "cara": "convexo",
        "fila": "AX",
        "numero": 26,
        "codigo": "AX26",
        "estatus_venta": "disponible",
        "estatus_ocupacion": "",
        "referencia_procap": "",
        "observaciones": "",
        "geometryType": "niches",
        "gridRow": 0,
        "gridColumn": 25
      },
      "geometry": {
        "type": "Polygon",
        "coordinates": [
          [
            [
              667.7,
              187.503256
            ],
            [
              689.7,
              187.503256
            ],
            [
              689.7,
              174.503256
            ],
            [
              667.7,
              174.503256
            ],
            [
              667.7,
              187.503256
            ]
          ]
        ]
      }
    },
    {
      "type": "Feature",
      "properties": {
        "id": "PLN-convexo-AX27",
        "tipo": "nicho",
        "zonaId": "PLN",
        "cara": "convexo",
        "fila": "AX",
        "numero": 27,
        "codigo": "AX27",
        "estatus_venta": "disponible",
        "estatus_ocupacion": "",
        "referencia_procap": "",
        "observaciones": "",
        "geometryType": "niches",
        "gridRow": 0,
        "gridColumn": 26
      },
      "geometry": {
        "type": "Polygon",
        "coordinates": [
          [
            [
              693.15,
              187.503256
            ],
            [
              715.15,
              187.503256
            ],
            [
              715.15,
              174.503256
            ],
            [
              693.15,
              174.503256
            ],
            [
              693.15,
              187.503256
            ]
          ]
        ]
      }
    },
    {
      "type": "Feature",
      "properties": {
        "id": "PLN-convexo-AX28",
        "tipo": "nicho",
        "zonaId": "PLN",
        "cara": "convexo",
        "fila": "AX",
        "numero": 28,
        "codigo": "AX28",
        "estatus_venta": "disponible",
        "estatus_ocupacion": "",
        "referencia_procap": "",
        "observaciones": "",
        "geometryType": "niches",
        "gridRow": 0,
        "gridColumn": 27
      },
      "geometry": {
        "type": "Polygon",
        "coordinates": [
          [
            [
              718.6,
              187.503256
            ],
            [
              740.6,
              187.503256
            ],
            [
              740.6,
              174.503256
            ],
            [
              718.6,
              174.503256
            ],
            [
              718.6,
              187.503256
            ]
          ]
        ]
      }
    },
    {
      "type": "Feature",
      "properties": {
        "id": "PLN-convexo-AX29",
        "tipo": "nicho",
        "zonaId": "PLN",
        "cara": "convexo",
        "fila": "AX",
        "numero": 29,
        "codigo": "AX29",
        "estatus_venta": "disponible",
        "estatus_ocupacion": "",
        "referencia_procap": "",
        "observaciones": "",
        "geometryType": "niches",
        "gridRow": 0,
        "gridColumn": 28
      },
      "geometry": {
        "type": "Polygon",
        "coordinates": [
          [
            [
              744.05,
              187.503256
            ],
            [
              766.05,
              187.503256
            ],
            [
              766.05,
              174.503256
            ],
            [
              744.05,
              174.503256
            ],
            [
              744.05,
              187.503256
            ]
          ]
        ]
      }
    },
    {
      "type": "Feature",
      "properties": {
        "id": "PLN-convexo-AX30",
        "tipo": "nicho",
        "zonaId": "PLN",
        "cara": "convexo",
        "fila": "AX",
        "numero": 30,
        "codigo": "AX30",
        "estatus_venta": "disponible",
        "estatus_ocupacion": "",
        "referencia_procap": "",
        "observaciones": "",
        "geometryType": "niches",
        "gridRow": 0,
        "gridColumn": 29
      },
      "geometry": {
        "type": "Polygon",
        "coordinates": [
          [
            [
              769.5,
              187.503256
            ],
            [
              791.5,
              187.503256
            ],
            [
              791.5,
              174.503256
            ],
            [
              769.5,
              174.503256
            ],
            [
              769.5,
              187.503256
            ]
          ]
        ]
      }
    },
    {
      "type": "Feature",
      "properties": {
        "id": "PLN-convexo-AX31",
        "tipo": "nicho",
        "zonaId": "PLN",
        "cara": "convexo",
        "fila": "AX",
        "numero": 31,
        "codigo": "AX31",
        "estatus_venta": "disponible",
        "estatus_ocupacion": "",
        "referencia_procap": "",
        "observaciones": "",
        "geometryType": "niches",
        "gridRow": 0,
        "gridColumn": 30
      },
      "geometry": {
        "type": "Polygon",
        "coordinates": [
          [
            [
              794.95,
              187.503256
            ],
            [
              816.95,
              187.503256
            ],
            [
              816.95,
              174.503256
            ],
            [
              794.95,
              174.503256
            ],
            [
              794.95,
              187.503256
            ]
          ]
        ]
      }
    },
    {
      "type": "Feature",
      "properties": {
        "id": "PLN-convexo-AX32",
        "tipo": "nicho",
        "zonaId": "PLN",
        "cara": "convexo",
        "fila": "AX",
        "numero": 32,
        "codigo": "AX32",
        "estatus_venta": "disponible",
        "estatus_ocupacion": "",
        "referencia_procap": "",
        "observaciones": "",
        "geometryType": "niches",
        "gridRow": 0,
        "gridColumn": 31
      },
      "geometry": {
        "type": "Polygon",
        "coordinates": [
          [
            [
              820.4,
              187.503256
            ],
            [
              842.4,
              187.503256
            ],
            [
              842.4,
              174.503256
            ],
            [
              820.4,
              174.503256
            ],
            [
              820.4,
              187.503256
            ]
          ]
        ]
      }
    },
    {
      "type": "Feature",
      "properties": {
        "id": "PLN-convexo-AX33",
        "tipo": "nicho",
        "zonaId": "PLN",
        "cara": "convexo",
        "fila": "AX",
        "numero": 33,
        "codigo": "AX33",
        "estatus_venta": "disponible",
        "estatus_ocupacion": "",
        "referencia_procap": "",
        "observaciones": "",
        "geometryType": "niches",
        "gridRow": 0,
        "gridColumn": 32
      },
      "geometry": {
        "type": "Polygon",
        "coordinates": [
          [
            [
              845.85,
              187.503256
            ],
            [
              867.85,
              187.503256
            ],
            [
              867.85,
              174.503256
            ],
            [
              845.85,
              174.503256
            ],
            [
              845.85,
              187.503256
            ]
          ]
        ]
      }
    },
    {
      "type": "Feature",
      "properties": {
        "id": "PLN-convexo-AX34",
        "tipo": "nicho",
        "zonaId": "PLN",
        "cara": "convexo",
        "fila": "AX",
        "numero": 34,
        "codigo": "AX34",
        "estatus_venta": "disponible",
        "estatus_ocupacion": "",
        "referencia_procap": "",
        "observaciones": "",
        "geometryType": "niches",
        "gridRow": 0,
        "gridColumn": 33
      },
      "geometry": {
        "type": "Polygon",
        "coordinates": [
          [
            [
              871.3,
              187.503256
            ],
            [
              893.3,
              187.503256
            ],
            [
              893.3,
              174.503256
            ],
            [
              871.3,
              174.503256
            ],
            [
              871.3,
              187.503256
            ]
          ]
        ]
      }
    },
    {
      "type": "Feature",
      "properties": {
        "id": "PLN-convexo-AX35",
        "tipo": "nicho",
        "zonaId": "PLN",
        "cara": "convexo",
        "fila": "AX",
        "numero": 35,
        "codigo": "AX35",
        "estatus_venta": "disponible",
        "estatus_ocupacion": "",
        "referencia_procap": "",
        "observaciones": "",
        "geometryType": "niches",
        "gridRow": 0,
        "gridColumn": 34
      },
      "geometry": {
        "type": "Polygon",
        "coordinates": [
          [
            [
              896.75,
              187.503256
            ],
            [
              918.75,
              187.503256
            ],
            [
              918.75,
              174.503256
            ],
            [
              896.75,
              174.503256
            ],
            [
              896.75,
              187.503256
            ]
          ]
        ]
      }
    },
    {
      "type": "Feature",
      "properties": {
        "id": "PLN-convexo-AX36",
        "tipo": "nicho",
        "zonaId": "PLN",
        "cara": "convexo",
        "fila": "AX",
        "numero": 36,
        "codigo": "AX36",
        "estatus_venta": "disponible",
        "estatus_ocupacion": "",
        "referencia_procap": "",
        "observaciones": "",
        "geometryType": "niches",
        "gridRow": 0,
        "gridColumn": 35
      },
      "geometry": {
        "type": "Polygon",
        "coordinates": [
          [
            [
              922.2,
              187.503256
            ],
            [
              944.2,
              187.503256
            ],
            [
              944.2,
              174.503256
            ],
            [
              922.2,
              174.503256
            ],
            [
              922.2,
              187.503256
            ]
          ]
        ]
      }
    },
    {
      "type": "Feature",
      "properties": {
        "id": "PLN-convexo-AX37",
        "tipo": "nicho",
        "zonaId": "PLN",
        "cara": "convexo",
        "fila": "AX",
        "numero": 37,
        "codigo": "AX37",
        "estatus_venta": "disponible",
        "estatus_ocupacion": "",
        "referencia_procap": "",
        "observaciones": "",
        "geometryType": "niches",
        "gridRow": 0,
        "gridColumn": 36
      },
      "geometry": {
        "type": "Polygon",
        "coordinates": [
          [
            [
              947.65,
              187.503256
            ],
            [
              969.65,
              187.503256
            ],
            [
              969.65,
              174.503256
            ],
            [
              947.65,
              174.503256
            ],
            [
              947.65,
              187.503256
            ]
          ]
        ]
      }
    },
    {
      "type": "Feature",
      "properties": {
        "id": "PLN-convexo-AX38",
        "tipo": "nicho",
        "zonaId": "PLN",
        "cara": "convexo",
        "fila": "AX",
        "numero": 38,
        "codigo": "AX38",
        "estatus_venta": "disponible",
        "estatus_ocupacion": "",
        "referencia_procap": "",
        "observaciones": "",
        "geometryType": "niches",
        "gridRow": 0,
        "gridColumn": 37
      },
      "geometry": {
        "type": "Polygon",
        "coordinates": [
          [
            [
              973.1,
              187.503256
            ],
            [
              995.1,
              187.503256
            ],
            [
              995.1,
              174.503256
            ],
            [
              973.1,
              174.503256
            ],
            [
              973.1,
              187.503256
            ]
          ]
        ]
      }
    },
    {
      "type": "Feature",
      "properties": {
        "id": "PLN-convexo-AX39",
        "tipo": "nicho",
        "zonaId": "PLN",
        "cara": "convexo",
        "fila": "AX",
        "numero": 39,
        "codigo": "AX39",
        "estatus_venta": "disponible",
        "estatus_ocupacion": "",
        "referencia_procap": "",
        "observaciones": "",
        "geometryType": "niches",
        "gridRow": 0,
        "gridColumn": 38
      },
      "geometry": {
        "type": "Polygon",
        "coordinates": [
          [
            [
              998.55,
              187.503256
            ],
            [
              1020.55,
              187.503256
            ],
            [
              1020.55,
              174.503256
            ],
            [
              998.55,
              174.503256
            ],
            [
              998.55,
              187.503256
            ]
          ]
        ]
      }
    },
    {
      "type": "Feature",
      "properties": {
        "id": "PLN-convexo-AX40",
        "tipo": "nicho",
        "zonaId": "PLN",
        "cara": "convexo",
        "fila": "AX",
        "numero": 40,
        "codigo": "AX40",
        "estatus_venta": "disponible",
        "estatus_ocupacion": "",
        "referencia_procap": "",
        "observaciones": "",
        "geometryType": "niches",
        "gridRow": 0,
        "gridColumn": 39
      },
      "geometry": {
        "type": "Polygon",
        "coordinates": [
          [
            [
              1024,
              187.503256
            ],
            [
              1046,
              187.503256
            ],
            [
              1046,
              174.503256
            ],
            [
              1024,
              174.503256
            ],
            [
              1024,
              187.503256
            ]
          ]
        ]
      }
    },
    {
      "type": "Feature",
      "properties": {
        "id": "PLN-convexo-AX41",
        "tipo": "nicho",
        "zonaId": "PLN",
        "cara": "convexo",
        "fila": "AX",
        "numero": 41,
        "codigo": "AX41",
        "estatus_venta": "disponible",
        "estatus_ocupacion": "",
        "referencia_procap": "",
        "observaciones": "",
        "geometryType": "niches",
        "gridRow": 0,
        "gridColumn": 40
      },
      "geometry": {
        "type": "Polygon",
        "coordinates": [
          [
            [
              1049.45,
              187.503256
            ],
            [
              1071.45,
              187.503256
            ],
            [
              1071.45,
              174.503256
            ],
            [
              1049.45,
              174.503256
            ],
            [
              1049.45,
              187.503256
            ]
          ]
        ]
      }
    },
    {
      "type": "Feature",
      "properties": {
        "id": "PLN-convexo-AX42",
        "tipo": "nicho",
        "zonaId": "PLN",
        "cara": "convexo",
        "fila": "AX",
        "numero": 42,
        "codigo": "AX42",
        "estatus_venta": "disponible",
        "estatus_ocupacion": "",
        "referencia_procap": "",
        "observaciones": "",
        "geometryType": "niches",
        "gridRow": 0,
        "gridColumn": 41
      },
      "geometry": {
        "type": "Polygon",
        "coordinates": [
          [
            [
              1074.9,
              187.503256
            ],
            [
              1096.9,
              187.503256
            ],
            [
              1096.9,
              174.503256
            ],
            [
              1074.9,
              174.503256
            ],
            [
              1074.9,
              187.503256
            ]
          ]
        ]
      }
    },
    {
      "type": "Feature",
      "properties": {
        "id": "PLN-convexo-AX43",
        "tipo": "nicho",
        "zonaId": "PLN",
        "cara": "convexo",
        "fila": "AX",
        "numero": 43,
        "codigo": "AX43",
        "estatus_venta": "disponible",
        "estatus_ocupacion": "",
        "referencia_procap": "",
        "observaciones": "",
        "geometryType": "niches",
        "gridRow": 0,
        "gridColumn": 42
      },
      "geometry": {
        "type": "Polygon",
        "coordinates": [
          [
            [
              1100.35,
              187.503256
            ],
            [
              1122.35,
              187.503256
            ],
            [
              1122.35,
              174.503256
            ],
            [
              1100.35,
              174.503256
            ],
            [
              1100.35,
              187.503256
            ]
          ]
        ]
      }
    },
    {
      "type": "Feature",
      "properties": {
        "id": "PLN-convexo-AX44",
        "tipo": "nicho",
        "zonaId": "PLN",
        "cara": "convexo",
        "fila": "AX",
        "numero": 44,
        "codigo": "AX44",
        "estatus_venta": "disponible",
        "estatus_ocupacion": "",
        "referencia_procap": "",
        "observaciones": "",
        "geometryType": "niches",
        "gridRow": 0,
        "gridColumn": 43
      },
      "geometry": {
        "type": "Polygon",
        "coordinates": [
          [
            [
              1125.8,
              187.503256
            ],
            [
              1147.8,
              187.503256
            ],
            [
              1147.8,
              174.503256
            ],
            [
              1125.8,
              174.503256
            ],
            [
              1125.8,
              187.503256
            ]
          ]
        ]
      }
    },
    {
      "type": "Feature",
      "properties": {
        "id": "PLN-convexo-AX45",
        "tipo": "nicho",
        "zonaId": "PLN",
        "cara": "convexo",
        "fila": "AX",
        "numero": 45,
        "codigo": "AX45",
        "estatus_venta": "disponible",
        "estatus_ocupacion": "",
        "referencia_procap": "",
        "observaciones": "",
        "geometryType": "niches",
        "gridRow": 0,
        "gridColumn": 44
      },
      "geometry": {
        "type": "Polygon",
        "coordinates": [
          [
            [
              1151.25,
              187.503256
            ],
            [
              1173.25,
              187.503256
            ],
            [
              1173.25,
              174.503256
            ],
            [
              1151.25,
              174.503256
            ],
            [
              1151.25,
              187.503256
            ]
          ]
        ]
      }
    },
    {
      "type": "Feature",
      "properties": {
        "id": "PLN-convexo-AX46",
        "tipo": "nicho",
        "zonaId": "PLN",
        "cara": "convexo",
        "fila": "AX",
        "numero": 46,
        "codigo": "AX46",
        "estatus_venta": "disponible",
        "estatus_ocupacion": "",
        "referencia_procap": "",
        "observaciones": "",
        "geometryType": "niches",
        "gridRow": 0,
        "gridColumn": 45
      },
      "geometry": {
        "type": "Polygon",
        "coordinates": [
          [
            [
              1176.7,
              187.503256
            ],
            [
              1198.7,
              187.503256
            ],
            [
              1198.7,
              174.503256
            ],
            [
              1176.7,
              174.503256
            ],
            [
              1176.7,
              187.503256
            ]
          ]
        ]
      }
    },
    {
      "type": "Feature",
      "properties": {
        "id": "PLN-convexo-AX47",
        "tipo": "nicho",
        "zonaId": "PLN",
        "cara": "convexo",
        "fila": "AX",
        "numero": 47,
        "codigo": "AX47",
        "estatus_venta": "disponible",
        "estatus_ocupacion": "",
        "referencia_procap": "",
        "observaciones": "",
        "geometryType": "niches",
        "gridRow": 0,
        "gridColumn": 46
      },
      "geometry": {
        "type": "Polygon",
        "coordinates": [
          [
            [
              1202.15,
              187.503256
            ],
            [
              1224.15,
              187.503256
            ],
            [
              1224.15,
              174.503256
            ],
            [
              1202.15,
              174.503256
            ],
            [
              1202.15,
              187.503256
            ]
          ]
        ]
      }
    },
    {
      "type": "Feature",
      "properties": {
        "id": "PLN-convexo-AX48",
        "tipo": "nicho",
        "zonaId": "PLN",
        "cara": "convexo",
        "fila": "AX",
        "numero": 48,
        "codigo": "AX48",
        "estatus_venta": "disponible",
        "estatus_ocupacion": "",
        "referencia_procap": "",
        "observaciones": "",
        "geometryType": "niches",
        "gridRow": 0,
        "gridColumn": 47
      },
      "geometry": {
        "type": "Polygon",
        "coordinates": [
          [
            [
              1227.6,
              187.503256
            ],
            [
              1249.6,
              187.503256
            ],
            [
              1249.6,
              174.503256
            ],
            [
              1227.6,
              174.503256
            ],
            [
              1227.6,
              187.503256
            ]
          ]
        ]
      }
    },
    {
      "type": "Feature",
      "properties": {
        "id": "PLN-convexo-AX49",
        "tipo": "nicho",
        "zonaId": "PLN",
        "cara": "convexo",
        "fila": "AX",
        "numero": 49,
        "codigo": "AX49",
        "estatus_venta": "disponible",
        "estatus_ocupacion": "",
        "referencia_procap": "",
        "observaciones": "",
        "geometryType": "niches",
        "gridRow": 0,
        "gridColumn": 48
      },
      "geometry": {
        "type": "Polygon",
        "coordinates": [
          [
            [
              1253.05,
              187.503256
            ],
            [
              1275.05,
              187.503256
            ],
            [
              1275.05,
              174.503256
            ],
            [
              1253.05,
              174.503256
            ],
            [
              1253.05,
              187.503256
            ]
          ]
        ]
      }
    },
    {
      "type": "Feature",
      "properties": {
        "id": "PLN-convexo-AX50",
        "tipo": "nicho",
        "zonaId": "PLN",
        "cara": "convexo",
        "fila": "AX",
        "numero": 50,
        "codigo": "AX50",
        "estatus_venta": "disponible",
        "estatus_ocupacion": "",
        "referencia_procap": "",
        "observaciones": "",
        "geometryType": "niches",
        "gridRow": 0,
        "gridColumn": 49
      },
      "geometry": {
        "type": "Polygon",
        "coordinates": [
          [
            [
              1278.5,
              187.503256
            ],
            [
              1300.5,
              187.503256
            ],
            [
              1300.5,
              174.503256
            ],
            [
              1278.5,
              174.503256
            ],
            [
              1278.5,
              187.503256
            ]
          ]
        ]
      }
    },
    {
      "type": "Feature",
      "properties": {
        "id": "PLN-convexo-AX51",
        "tipo": "nicho",
        "zonaId": "PLN",
        "cara": "convexo",
        "fila": "AX",
        "numero": 51,
        "codigo": "AX51",
        "estatus_venta": "disponible",
        "estatus_ocupacion": "",
        "referencia_procap": "",
        "observaciones": "",
        "geometryType": "niches",
        "gridRow": 0,
        "gridColumn": 50
      },
      "geometry": {
        "type": "Polygon",
        "coordinates": [
          [
            [
              1303.95,
              187.503256
            ],
            [
              1325.95,
              187.503256
            ],
            [
              1325.95,
              174.503256
            ],
            [
              1303.95,
              174.503256
            ],
            [
              1303.95,
              187.503256
            ]
          ]
        ]
      }
    },
    {
      "type": "Feature",
      "properties": {
        "id": "PLN-convexo-AX52",
        "tipo": "nicho",
        "zonaId": "PLN",
        "cara": "convexo",
        "fila": "AX",
        "numero": 52,
        "codigo": "AX52",
        "estatus_venta": "disponible",
        "estatus_ocupacion": "",
        "referencia_procap": "",
        "observaciones": "",
        "geometryType": "niches",
        "gridRow": 0,
        "gridColumn": 51
      },
      "geometry": {
        "type": "Polygon",
        "coordinates": [
          [
            [
              1329.4,
              187.503256
            ],
            [
              1351.4,
              187.503256
            ],
            [
              1351.4,
              174.503256
            ],
            [
              1329.4,
              174.503256
            ],
            [
              1329.4,
              187.503256
            ]
          ]
        ]
      }
    },
    {
      "type": "Feature",
      "properties": {
        "id": "PLN-convexo-AX53",
        "tipo": "nicho",
        "zonaId": "PLN",
        "cara": "convexo",
        "fila": "AX",
        "numero": 53,
        "codigo": "AX53",
        "estatus_venta": "disponible",
        "estatus_ocupacion": "",
        "referencia_procap": "",
        "observaciones": "",
        "geometryType": "niches",
        "gridRow": 0,
        "gridColumn": 52
      },
      "geometry": {
        "type": "Polygon",
        "coordinates": [
          [
            [
              1354.85,
              187.503256
            ],
            [
              1376.85,
              187.503256
            ],
            [
              1376.85,
              174.503256
            ],
            [
              1354.85,
              174.503256
            ],
            [
              1354.85,
              187.503256
            ]
          ]
        ]
      }
    },
    {
      "type": "Feature",
      "properties": {
        "id": "PLN-convexo-AX54",
        "tipo": "nicho",
        "zonaId": "PLN",
        "cara": "convexo",
        "fila": "AX",
        "numero": 54,
        "codigo": "AX54",
        "estatus_venta": "disponible",
        "estatus_ocupacion": "",
        "referencia_procap": "",
        "observaciones": "",
        "geometryType": "niches",
        "gridRow": 0,
        "gridColumn": 53
      },
      "geometry": {
        "type": "Polygon",
        "coordinates": [
          [
            [
              1380.3,
              187.503256
            ],
            [
              1402.3,
              187.503256
            ],
            [
              1402.3,
              174.503256
            ],
            [
              1380.3,
              174.503256
            ],
            [
              1380.3,
              187.503256
            ]
          ]
        ]
      }
    },
    {
      "type": "Feature",
      "properties": {
        "id": "PLN-convexo-AX55",
        "tipo": "nicho",
        "zonaId": "PLN",
        "cara": "convexo",
        "fila": "AX",
        "numero": 55,
        "codigo": "AX55",
        "estatus_venta": "disponible",
        "estatus_ocupacion": "",
        "referencia_procap": "",
        "observaciones": "",
        "geometryType": "niches",
        "gridRow": 0,
        "gridColumn": 54
      },
      "geometry": {
        "type": "Polygon",
        "coordinates": [
          [
            [
              1405.75,
              187.503256
            ],
            [
              1427.75,
              187.503256
            ],
            [
              1427.75,
              174.503256
            ],
            [
              1405.75,
              174.503256
            ],
            [
              1405.75,
              187.503256
            ]
          ]
        ]
      }
    },
    {
      "type": "Feature",
      "properties": {
        "id": "PLN-convexo-AX56",
        "tipo": "nicho",
        "zonaId": "PLN",
        "cara": "convexo",
        "fila": "AX",
        "numero": 56,
        "codigo": "AX56",
        "estatus_venta": "disponible",
        "estatus_ocupacion": "",
        "referencia_procap": "",
        "observaciones": "",
        "geometryType": "niches",
        "gridRow": 0,
        "gridColumn": 55
      },
      "geometry": {
        "type": "Polygon",
        "coordinates": [
          [
            [
              1431.2,
              187.503256
            ],
            [
              1453.2,
              187.503256
            ],
            [
              1453.2,
              174.503256
            ],
            [
              1431.2,
              174.503256
            ],
            [
              1431.2,
              187.503256
            ]
          ]
        ]
      }
    },
    {
      "type": "Feature",
      "properties": {
        "id": "PLN-convexo-AX57",
        "tipo": "nicho",
        "zonaId": "PLN",
        "cara": "convexo",
        "fila": "AX",
        "numero": 57,
        "codigo": "AX57",
        "estatus_venta": "disponible",
        "estatus_ocupacion": "",
        "referencia_procap": "",
        "observaciones": "",
        "geometryType": "niches",
        "gridRow": 0,
        "gridColumn": 56
      },
      "geometry": {
        "type": "Polygon",
        "coordinates": [
          [
            [
              1456.65,
              187.503256
            ],
            [
              1478.65,
              187.503256
            ],
            [
              1478.65,
              174.503256
            ],
            [
              1456.65,
              174.503256
            ],
            [
              1456.65,
              187.503256
            ]
          ]
        ]
      }
    },
    {
      "type": "Feature",
      "properties": {
        "id": "PLN-convexo-AX58",
        "tipo": "nicho",
        "zonaId": "PLN",
        "cara": "convexo",
        "fila": "AX",
        "numero": 58,
        "codigo": "AX58",
        "estatus_venta": "disponible",
        "estatus_ocupacion": "",
        "referencia_procap": "",
        "observaciones": "",
        "geometryType": "niches",
        "gridRow": 0,
        "gridColumn": 57
      },
      "geometry": {
        "type": "Polygon",
        "coordinates": [
          [
            [
              1482.1,
              187.503256
            ],
            [
              1504.1,
              187.503256
            ],
            [
              1504.1,
              174.503256
            ],
            [
              1482.1,
              174.503256
            ],
            [
              1482.1,
              187.503256
            ]
          ]
        ]
      }
    },
    {
      "type": "Feature",
      "properties": {
        "id": "PLN-convexo-AX59",
        "tipo": "nicho",
        "zonaId": "PLN",
        "cara": "convexo",
        "fila": "AX",
        "numero": 59,
        "codigo": "AX59",
        "estatus_venta": "disponible",
        "estatus_ocupacion": "",
        "referencia_procap": "",
        "observaciones": "",
        "geometryType": "niches",
        "gridRow": 0,
        "gridColumn": 58
      },
      "geometry": {
        "type": "Polygon",
        "coordinates": [
          [
            [
              1507.55,
              187.503256
            ],
            [
              1529.55,
              187.503256
            ],
            [
              1529.55,
              174.503256
            ],
            [
              1507.55,
              174.503256
            ],
            [
              1507.55,
              187.503256
            ]
          ]
        ]
      }
    },
    {
      "type": "Feature",
      "properties": {
        "id": "PLN-convexo-AX60",
        "tipo": "nicho",
        "zonaId": "PLN",
        "cara": "convexo",
        "fila": "AX",
        "numero": 60,
        "codigo": "AX60",
        "estatus_venta": "disponible",
        "estatus_ocupacion": "",
        "referencia_procap": "",
        "observaciones": "",
        "geometryType": "niches",
        "gridRow": 0,
        "gridColumn": 59
      },
      "geometry": {
        "type": "Polygon",
        "coordinates": [
          [
            [
              1533,
              187.503256
            ],
            [
              1555,
              187.503256
            ],
            [
              1555,
              174.503256
            ],
            [
              1533,
              174.503256
            ],
            [
              1533,
              187.503256
            ]
          ]
        ]
      }
    },
    {
      "type": "Feature",
      "properties": {
        "id": "PLN-convexo-AX61",
        "tipo": "nicho",
        "zonaId": "PLN",
        "cara": "convexo",
        "fila": "AX",
        "numero": 61,
        "codigo": "AX61",
        "estatus_venta": "disponible",
        "estatus_ocupacion": "",
        "referencia_procap": "",
        "observaciones": "",
        "geometryType": "niches",
        "gridRow": 0,
        "gridColumn": 60
      },
      "geometry": {
        "type": "Polygon",
        "coordinates": [
          [
            [
              1558.45,
              187.503256
            ],
            [
              1580.45,
              187.503256
            ],
            [
              1580.45,
              174.503256
            ],
            [
              1558.45,
              174.503256
            ],
            [
              1558.45,
              187.503256
            ]
          ]
        ]
      }
    },
    {
      "type": "Feature",
      "properties": {
        "id": "PLN-convexo-AX62",
        "tipo": "nicho",
        "zonaId": "PLN",
        "cara": "convexo",
        "fila": "AX",
        "numero": 62,
        "codigo": "AX62",
        "estatus_venta": "disponible",
        "estatus_ocupacion": "",
        "referencia_procap": "",
        "observaciones": "",
        "geometryType": "niches",
        "gridRow": 0,
        "gridColumn": 61
      },
      "geometry": {
        "type": "Polygon",
        "coordinates": [
          [
            [
              1583.9,
              187.503256
            ],
            [
              1605.9,
              187.503256
            ],
            [
              1605.9,
              174.503256
            ],
            [
              1583.9,
              174.503256
            ],
            [
              1583.9,
              187.503256
            ]
          ]
        ]
      }
    },
    {
      "type": "Feature",
      "properties": {
        "id": "PLN-convexo-AX63",
        "tipo": "nicho",
        "zonaId": "PLN",
        "cara": "convexo",
        "fila": "AX",
        "numero": 63,
        "codigo": "AX63",
        "estatus_venta": "disponible",
        "estatus_ocupacion": "",
        "referencia_procap": "",
        "observaciones": "",
        "geometryType": "niches",
        "gridRow": 0,
        "gridColumn": 62
      },
      "geometry": {
        "type": "Polygon",
        "coordinates": [
          [
            [
              1609.35,
              187.503256
            ],
            [
              1631.35,
              187.503256
            ],
            [
              1631.35,
              174.503256
            ],
            [
              1609.35,
              174.503256
            ],
            [
              1609.35,
              187.503256
            ]
          ]
        ]
      }
    },
    {
      "type": "Feature",
      "properties": {
        "id": "PLN-convexo-AX64",
        "tipo": "nicho",
        "zonaId": "PLN",
        "cara": "convexo",
        "fila": "AX",
        "numero": 64,
        "codigo": "AX64",
        "estatus_venta": "disponible",
        "estatus_ocupacion": "",
        "referencia_procap": "",
        "observaciones": "",
        "geometryType": "niches",
        "gridRow": 0,
        "gridColumn": 63
      },
      "geometry": {
        "type": "Polygon",
        "coordinates": [
          [
            [
              1634.8,
              187.503256
            ],
            [
              1656.8,
              187.503256
            ],
            [
              1656.8,
              174.503256
            ],
            [
              1634.8,
              174.503256
            ],
            [
              1634.8,
              187.503256
            ]
          ]
        ]
      }
    },
    {
      "type": "Feature",
      "properties": {
        "id": "PLN-convexo-AX65",
        "tipo": "nicho",
        "zonaId": "PLN",
        "cara": "convexo",
        "fila": "AX",
        "numero": 65,
        "codigo": "AX65",
        "estatus_venta": "disponible",
        "estatus_ocupacion": "",
        "referencia_procap": "",
        "observaciones": "",
        "geometryType": "niches",
        "gridRow": 0,
        "gridColumn": 64
      },
      "geometry": {
        "type": "Polygon",
        "coordinates": [
          [
            [
              1660.25,
              187.503256
            ],
            [
              1682.25,
              187.503256
            ],
            [
              1682.25,
              174.503256
            ],
            [
              1660.25,
              174.503256
            ],
            [
              1660.25,
              187.503256
            ]
          ]
        ]
      }
    },
    {
      "type": "Feature",
      "properties": {
        "id": "PLN-convexo-AX66",
        "tipo": "nicho",
        "zonaId": "PLN",
        "cara": "convexo",
        "fila": "AX",
        "numero": 66,
        "codigo": "AX66",
        "estatus_venta": "disponible",
        "estatus_ocupacion": "",
        "referencia_procap": "",
        "observaciones": "",
        "geometryType": "niches",
        "gridRow": 0,
        "gridColumn": 65
      },
      "geometry": {
        "type": "Polygon",
        "coordinates": [
          [
            [
              1685.7,
              187.503256
            ],
            [
              1707.7,
              187.503256
            ],
            [
              1707.7,
              174.503256
            ],
            [
              1685.7,
              174.503256
            ],
            [
              1685.7,
              187.503256
            ]
          ]
        ]
      }
    },
    {
      "type": "Feature",
      "properties": {
        "id": "PLN-convexo-AX67",
        "tipo": "nicho",
        "zonaId": "PLN",
        "cara": "convexo",
        "fila": "AX",
        "numero": 67,
        "codigo": "AX67",
        "estatus_venta": "disponible",
        "estatus_ocupacion": "",
        "referencia_procap": "",
        "observaciones": "",
        "geometryType": "niches",
        "gridRow": 0,
        "gridColumn": 66
      },
      "geometry": {
        "type": "Polygon",
        "coordinates": [
          [
            [
              1711.15,
              187.503256
            ],
            [
              1733.15,
              187.503256
            ],
            [
              1733.15,
              174.503256
            ],
            [
              1711.15,
              174.503256
            ],
            [
              1711.15,
              187.503256
            ]
          ]
        ]
      }
    },
    {
      "type": "Feature",
      "properties": {
        "id": "PLN-convexo-AX68",
        "tipo": "nicho",
        "zonaId": "PLN",
        "cara": "convexo",
        "fila": "AX",
        "numero": 68,
        "codigo": "AX68",
        "estatus_venta": "disponible",
        "estatus_ocupacion": "",
        "referencia_procap": "",
        "observaciones": "",
        "geometryType": "niches",
        "gridRow": 0,
        "gridColumn": 67
      },
      "geometry": {
        "type": "Polygon",
        "coordinates": [
          [
            [
              1736.6,
              187.503256
            ],
            [
              1758.6,
              187.503256
            ],
            [
              1758.6,
              174.503256
            ],
            [
              1736.6,
              174.503256
            ],
            [
              1736.6,
              187.503256
            ]
          ]
        ]
      }
    },
    {
      "type": "Feature",
      "properties": {
        "id": "PLN-convexo-AX69",
        "tipo": "nicho",
        "zonaId": "PLN",
        "cara": "convexo",
        "fila": "AX",
        "numero": 69,
        "codigo": "AX69",
        "estatus_venta": "disponible",
        "estatus_ocupacion": "",
        "referencia_procap": "",
        "observaciones": "",
        "geometryType": "niches",
        "gridRow": 0,
        "gridColumn": 68
      },
      "geometry": {
        "type": "Polygon",
        "coordinates": [
          [
            [
              1762.05,
              187.503256
            ],
            [
              1784.05,
              187.503256
            ],
            [
              1784.05,
              174.503256
            ],
            [
              1762.05,
              174.503256
            ],
            [
              1762.05,
              187.503256
            ]
          ]
        ]
      }
    },
    {
      "type": "Feature",
      "properties": {
        "id": "PLN-convexo-AX70",
        "tipo": "nicho",
        "zonaId": "PLN",
        "cara": "convexo",
        "fila": "AX",
        "numero": 70,
        "codigo": "AX70",
        "estatus_venta": "disponible",
        "estatus_ocupacion": "",
        "referencia_procap": "",
        "observaciones": "",
        "geometryType": "niches",
        "gridRow": 0,
        "gridColumn": 69
      },
      "geometry": {
        "type": "Polygon",
        "coordinates": [
          [
            [
              1787.5,
              187.503256
            ],
            [
              1809.5,
              187.503256
            ],
            [
              1809.5,
              174.503256
            ],
            [
              1787.5,
              174.503256
            ],
            [
              1787.5,
              187.503256
            ]
          ]
        ]
      }
    },
    {
      "type": "Feature",
      "properties": {
        "id": "PLN-convexo-AX71",
        "tipo": "nicho",
        "zonaId": "PLN",
        "cara": "convexo",
        "fila": "AX",
        "numero": 71,
        "codigo": "AX71",
        "estatus_venta": "disponible",
        "estatus_ocupacion": "",
        "referencia_procap": "",
        "observaciones": "",
        "geometryType": "niches",
        "gridRow": 0,
        "gridColumn": 70
      },
      "geometry": {
        "type": "Polygon",
        "coordinates": [
          [
            [
              1812.95,
              187.503256
            ],
            [
              1834.95,
              187.503256
            ],
            [
              1834.95,
              174.503256
            ],
            [
              1812.95,
              174.503256
            ],
            [
              1812.95,
              187.503256
            ]
          ]
        ]
      }
    },
    {
      "type": "Feature",
      "properties": {
        "id": "PLN-convexo-AX72",
        "tipo": "nicho",
        "zonaId": "PLN",
        "cara": "convexo",
        "fila": "AX",
        "numero": 72,
        "codigo": "AX72",
        "estatus_venta": "disponible",
        "estatus_ocupacion": "",
        "referencia_procap": "",
        "observaciones": "",
        "geometryType": "niches",
        "gridRow": 0,
        "gridColumn": 71
      },
      "geometry": {
        "type": "Polygon",
        "coordinates": [
          [
            [
              1838.4,
              187.503256
            ],
            [
              1860.4,
              187.503256
            ],
            [
              1860.4,
              174.503256
            ],
            [
              1838.4,
              174.503256
            ],
            [
              1838.4,
              187.503256
            ]
          ]
        ]
      }
    },
    {
      "type": "Feature",
      "properties": {
        "id": "PLN-convexo-AX73",
        "tipo": "nicho",
        "zonaId": "PLN",
        "cara": "convexo",
        "fila": "AX",
        "numero": 73,
        "codigo": "AX73",
        "estatus_venta": "disponible",
        "estatus_ocupacion": "",
        "referencia_procap": "",
        "observaciones": "",
        "geometryType": "niches",
        "gridRow": 0,
        "gridColumn": 72
      },
      "geometry": {
        "type": "Polygon",
        "coordinates": [
          [
            [
              1863.85,
              187.503256
            ],
            [
              1885.85,
              187.503256
            ],
            [
              1885.85,
              174.503256
            ],
            [
              1863.85,
              174.503256
            ],
            [
              1863.85,
              187.503256
            ]
          ]
        ]
      }
    },
    {
      "type": "Feature",
      "properties": {
        "id": "PLN-convexo-AX74",
        "tipo": "nicho",
        "zonaId": "PLN",
        "cara": "convexo",
        "fila": "AX",
        "numero": 74,
        "codigo": "AX74",
        "estatus_venta": "disponible",
        "estatus_ocupacion": "",
        "referencia_procap": "",
        "observaciones": "",
        "geometryType": "niches",
        "gridRow": 0,
        "gridColumn": 73
      },
      "geometry": {
        "type": "Polygon",
        "coordinates": [
          [
            [
              1889.3,
              187.503256
            ],
            [
              1911.3,
              187.503256
            ],
            [
              1911.3,
              174.503256
            ],
            [
              1889.3,
              174.503256
            ],
            [
              1889.3,
              187.503256
            ]
          ]
        ]
      }
    },
    {
      "type": "Feature",
      "properties": {
        "id": "PLN-convexo-AX75",
        "tipo": "nicho",
        "zonaId": "PLN",
        "cara": "convexo",
        "fila": "AX",
        "numero": 75,
        "codigo": "AX75",
        "estatus_venta": "disponible",
        "estatus_ocupacion": "",
        "referencia_procap": "",
        "observaciones": "",
        "geometryType": "niches",
        "gridRow": 0,
        "gridColumn": 74
      },
      "geometry": {
        "type": "Polygon",
        "coordinates": [
          [
            [
              1914.75,
              187.503256
            ],
            [
              1936.75,
              187.503256
            ],
            [
              1936.75,
              174.503256
            ],
            [
              1914.75,
              174.503256
            ],
            [
              1914.75,
              187.503256
            ]
          ]
        ]
      }
    },
    {
      "type": "Feature",
      "properties": {
        "id": "PLN-convexo-AX76",
        "tipo": "nicho",
        "zonaId": "PLN",
        "cara": "convexo",
        "fila": "AX",
        "numero": 76,
        "codigo": "AX76",
        "estatus_venta": "disponible",
        "estatus_ocupacion": "",
        "referencia_procap": "",
        "observaciones": "",
        "geometryType": "niches",
        "gridRow": 0,
        "gridColumn": 75
      },
      "geometry": {
        "type": "Polygon",
        "coordinates": [
          [
            [
              1940.2,
              187.503256
            ],
            [
              1962.2,
              187.503256
            ],
            [
              1962.2,
              174.503256
            ],
            [
              1940.2,
              174.503256
            ],
            [
              1940.2,
              187.503256
            ]
          ]
        ]
      }
    },
    {
      "type": "Feature",
      "properties": {
        "id": "PLN-convexo-AX77",
        "tipo": "nicho",
        "zonaId": "PLN",
        "cara": "convexo",
        "fila": "AX",
        "numero": 77,
        "codigo": "AX77",
        "estatus_venta": "disponible",
        "estatus_ocupacion": "",
        "referencia_procap": "",
        "observaciones": "",
        "geometryType": "niches",
        "gridRow": 0,
        "gridColumn": 76
      },
      "geometry": {
        "type": "Polygon",
        "coordinates": [
          [
            [
              1965.65,
              187.503256
            ],
            [
              1987.65,
              187.503256
            ],
            [
              1987.65,
              174.503256
            ],
            [
              1965.65,
              174.503256
            ],
            [
              1965.65,
              187.503256
            ]
          ]
        ]
      }
    },
    {
      "type": "Feature",
      "properties": {
        "id": "PLN-convexo-AX78",
        "tipo": "nicho",
        "zonaId": "PLN",
        "cara": "convexo",
        "fila": "AX",
        "numero": 78,
        "codigo": "AX78",
        "estatus_venta": "disponible",
        "estatus_ocupacion": "",
        "referencia_procap": "",
        "observaciones": "",
        "geometryType": "niches",
        "gridRow": 0,
        "gridColumn": 77
      },
      "geometry": {
        "type": "Polygon",
        "coordinates": [
          [
            [
              1991.1,
              187.503256
            ],
            [
              2013.1,
              187.503256
            ],
            [
              2013.1,
              174.503256
            ],
            [
              1991.1,
              174.503256
            ],
            [
              1991.1,
              187.503256
            ]
          ]
        ]
      }
    },
    {
      "type": "Feature",
      "properties": {
        "id": "PLN-convexo-AX79",
        "tipo": "nicho",
        "zonaId": "PLN",
        "cara": "convexo",
        "fila": "AX",
        "numero": 79,
        "codigo": "AX79",
        "estatus_venta": "disponible",
        "estatus_ocupacion": "",
        "referencia_procap": "",
        "observaciones": "",
        "geometryType": "niches",
        "gridRow": 0,
        "gridColumn": 78
      },
      "geometry": {
        "type": "Polygon",
        "coordinates": [
          [
            [
              2016.55,
              187.503256
            ],
            [
              2038.55,
              187.503256
            ],
            [
              2038.55,
              174.503256
            ],
            [
              2016.55,
              174.503256
            ],
            [
              2016.55,
              187.503256
            ]
          ]
        ]
      }
    },
    {
      "type": "Feature",
      "properties": {
        "id": "PLN-convexo-BX1",
        "tipo": "nicho",
        "zonaId": "PLN",
        "cara": "convexo",
        "fila": "BX",
        "numero": 1,
        "codigo": "BX1",
        "estatus_venta": "disponible",
        "estatus_ocupacion": "",
        "referencia_procap": "",
        "observaciones": "",
        "geometryType": "niches",
        "gridRow": 1,
        "gridColumn": 0
      },
      "geometry": {
        "type": "Polygon",
        "coordinates": [
          [
            [
              31.45,
              172.503256
            ],
            [
              53.45,
              172.503256
            ],
            [
              53.45,
              159.503256
            ],
            [
              31.45,
              159.503256
            ],
            [
              31.45,
              172.503256
            ]
          ]
        ]
      }
    },
    {
      "type": "Feature",
      "properties": {
        "id": "PLN-convexo-BX2",
        "tipo": "nicho",
        "zonaId": "PLN",
        "cara": "convexo",
        "fila": "BX",
        "numero": 2,
        "codigo": "BX2",
        "estatus_venta": "disponible",
        "estatus_ocupacion": "",
        "referencia_procap": "",
        "observaciones": "",
        "geometryType": "niches",
        "gridRow": 1,
        "gridColumn": 1
      },
      "geometry": {
        "type": "Polygon",
        "coordinates": [
          [
            [
              56.9,
              172.503256
            ],
            [
              78.9,
              172.503256
            ],
            [
              78.9,
              159.503256
            ],
            [
              56.9,
              159.503256
            ],
            [
              56.9,
              172.503256
            ]
          ]
        ]
      }
    },
    {
      "type": "Feature",
      "properties": {
        "id": "PLN-convexo-BX3",
        "tipo": "nicho",
        "zonaId": "PLN",
        "cara": "convexo",
        "fila": "BX",
        "numero": 3,
        "codigo": "BX3",
        "estatus_venta": "disponible",
        "estatus_ocupacion": "",
        "referencia_procap": "",
        "observaciones": "",
        "geometryType": "niches",
        "gridRow": 1,
        "gridColumn": 2
      },
      "geometry": {
        "type": "Polygon",
        "coordinates": [
          [
            [
              82.35,
              172.503256
            ],
            [
              104.35,
              172.503256
            ],
            [
              104.35,
              159.503256
            ],
            [
              82.35,
              159.503256
            ],
            [
              82.35,
              172.503256
            ]
          ]
        ]
      }
    },
    {
      "type": "Feature",
      "properties": {
        "id": "PLN-convexo-BX4",
        "tipo": "nicho",
        "zonaId": "PLN",
        "cara": "convexo",
        "fila": "BX",
        "numero": 4,
        "codigo": "BX4",
        "estatus_venta": "disponible",
        "estatus_ocupacion": "",
        "referencia_procap": "",
        "observaciones": "",
        "geometryType": "niches",
        "gridRow": 1,
        "gridColumn": 3
      },
      "geometry": {
        "type": "Polygon",
        "coordinates": [
          [
            [
              107.8,
              172.503256
            ],
            [
              129.8,
              172.503256
            ],
            [
              129.8,
              159.503256
            ],
            [
              107.8,
              159.503256
            ],
            [
              107.8,
              172.503256
            ]
          ]
        ]
      }
    },
    {
      "type": "Feature",
      "properties": {
        "id": "PLN-convexo-BX5",
        "tipo": "nicho",
        "zonaId": "PLN",
        "cara": "convexo",
        "fila": "BX",
        "numero": 5,
        "codigo": "BX5",
        "estatus_venta": "disponible",
        "estatus_ocupacion": "",
        "referencia_procap": "",
        "observaciones": "",
        "geometryType": "niches",
        "gridRow": 1,
        "gridColumn": 4
      },
      "geometry": {
        "type": "Polygon",
        "coordinates": [
          [
            [
              133.25,
              172.503256
            ],
            [
              155.25,
              172.503256
            ],
            [
              155.25,
              159.503256
            ],
            [
              133.25,
              159.503256
            ],
            [
              133.25,
              172.503256
            ]
          ]
        ]
      }
    },
    {
      "type": "Feature",
      "properties": {
        "id": "PLN-convexo-BX6",
        "tipo": "nicho",
        "zonaId": "PLN",
        "cara": "convexo",
        "fila": "BX",
        "numero": 6,
        "codigo": "BX6",
        "estatus_venta": "disponible",
        "estatus_ocupacion": "",
        "referencia_procap": "",
        "observaciones": "",
        "geometryType": "niches",
        "gridRow": 1,
        "gridColumn": 5
      },
      "geometry": {
        "type": "Polygon",
        "coordinates": [
          [
            [
              158.7,
              172.503256
            ],
            [
              180.7,
              172.503256
            ],
            [
              180.7,
              159.503256
            ],
            [
              158.7,
              159.503256
            ],
            [
              158.7,
              172.503256
            ]
          ]
        ]
      }
    },
    {
      "type": "Feature",
      "properties": {
        "id": "PLN-convexo-BX7",
        "tipo": "nicho",
        "zonaId": "PLN",
        "cara": "convexo",
        "fila": "BX",
        "numero": 7,
        "codigo": "BX7",
        "estatus_venta": "disponible",
        "estatus_ocupacion": "",
        "referencia_procap": "",
        "observaciones": "",
        "geometryType": "niches",
        "gridRow": 1,
        "gridColumn": 6
      },
      "geometry": {
        "type": "Polygon",
        "coordinates": [
          [
            [
              184.15,
              172.503256
            ],
            [
              206.15,
              172.503256
            ],
            [
              206.15,
              159.503256
            ],
            [
              184.15,
              159.503256
            ],
            [
              184.15,
              172.503256
            ]
          ]
        ]
      }
    },
    {
      "type": "Feature",
      "properties": {
        "id": "PLN-convexo-BX8",
        "tipo": "nicho",
        "zonaId": "PLN",
        "cara": "convexo",
        "fila": "BX",
        "numero": 8,
        "codigo": "BX8",
        "estatus_venta": "disponible",
        "estatus_ocupacion": "",
        "referencia_procap": "",
        "observaciones": "",
        "geometryType": "niches",
        "gridRow": 1,
        "gridColumn": 7
      },
      "geometry": {
        "type": "Polygon",
        "coordinates": [
          [
            [
              209.6,
              172.503256
            ],
            [
              231.6,
              172.503256
            ],
            [
              231.6,
              159.503256
            ],
            [
              209.6,
              159.503256
            ],
            [
              209.6,
              172.503256
            ]
          ]
        ]
      }
    },
    {
      "type": "Feature",
      "properties": {
        "id": "PLN-convexo-BX9",
        "tipo": "nicho",
        "zonaId": "PLN",
        "cara": "convexo",
        "fila": "BX",
        "numero": 9,
        "codigo": "BX9",
        "estatus_venta": "disponible",
        "estatus_ocupacion": "",
        "referencia_procap": "",
        "observaciones": "",
        "geometryType": "niches",
        "gridRow": 1,
        "gridColumn": 8
      },
      "geometry": {
        "type": "Polygon",
        "coordinates": [
          [
            [
              235.05,
              172.503256
            ],
            [
              257.05,
              172.503256
            ],
            [
              257.05,
              159.503256
            ],
            [
              235.05,
              159.503256
            ],
            [
              235.05,
              172.503256
            ]
          ]
        ]
      }
    },
    {
      "type": "Feature",
      "properties": {
        "id": "PLN-convexo-BX10",
        "tipo": "nicho",
        "zonaId": "PLN",
        "cara": "convexo",
        "fila": "BX",
        "numero": 10,
        "codigo": "BX10",
        "estatus_venta": "disponible",
        "estatus_ocupacion": "",
        "referencia_procap": "",
        "observaciones": "",
        "geometryType": "niches",
        "gridRow": 1,
        "gridColumn": 9
      },
      "geometry": {
        "type": "Polygon",
        "coordinates": [
          [
            [
              260.5,
              172.503256
            ],
            [
              282.5,
              172.503256
            ],
            [
              282.5,
              159.503256
            ],
            [
              260.5,
              159.503256
            ],
            [
              260.5,
              172.503256
            ]
          ]
        ]
      }
    },
    {
      "type": "Feature",
      "properties": {
        "id": "PLN-convexo-BX11",
        "tipo": "nicho",
        "zonaId": "PLN",
        "cara": "convexo",
        "fila": "BX",
        "numero": 11,
        "codigo": "BX11",
        "estatus_venta": "disponible",
        "estatus_ocupacion": "",
        "referencia_procap": "",
        "observaciones": "",
        "geometryType": "niches",
        "gridRow": 1,
        "gridColumn": 10
      },
      "geometry": {
        "type": "Polygon",
        "coordinates": [
          [
            [
              285.95,
              172.503256
            ],
            [
              307.95,
              172.503256
            ],
            [
              307.95,
              159.503256
            ],
            [
              285.95,
              159.503256
            ],
            [
              285.95,
              172.503256
            ]
          ]
        ]
      }
    },
    {
      "type": "Feature",
      "properties": {
        "id": "PLN-convexo-BX12",
        "tipo": "nicho",
        "zonaId": "PLN",
        "cara": "convexo",
        "fila": "BX",
        "numero": 12,
        "codigo": "BX12",
        "estatus_venta": "disponible",
        "estatus_ocupacion": "",
        "referencia_procap": "",
        "observaciones": "",
        "geometryType": "niches",
        "gridRow": 1,
        "gridColumn": 11
      },
      "geometry": {
        "type": "Polygon",
        "coordinates": [
          [
            [
              311.4,
              172.503256
            ],
            [
              333.4,
              172.503256
            ],
            [
              333.4,
              159.503256
            ],
            [
              311.4,
              159.503256
            ],
            [
              311.4,
              172.503256
            ]
          ]
        ]
      }
    },
    {
      "type": "Feature",
      "properties": {
        "id": "PLN-convexo-BX13",
        "tipo": "nicho",
        "zonaId": "PLN",
        "cara": "convexo",
        "fila": "BX",
        "numero": 13,
        "codigo": "BX13",
        "estatus_venta": "disponible",
        "estatus_ocupacion": "",
        "referencia_procap": "",
        "observaciones": "",
        "geometryType": "niches",
        "gridRow": 1,
        "gridColumn": 12
      },
      "geometry": {
        "type": "Polygon",
        "coordinates": [
          [
            [
              336.85,
              172.503256
            ],
            [
              358.85,
              172.503256
            ],
            [
              358.85,
              159.503256
            ],
            [
              336.85,
              159.503256
            ],
            [
              336.85,
              172.503256
            ]
          ]
        ]
      }
    },
    {
      "type": "Feature",
      "properties": {
        "id": "PLN-convexo-BX14",
        "tipo": "nicho",
        "zonaId": "PLN",
        "cara": "convexo",
        "fila": "BX",
        "numero": 14,
        "codigo": "BX14",
        "estatus_venta": "disponible",
        "estatus_ocupacion": "",
        "referencia_procap": "",
        "observaciones": "",
        "geometryType": "niches",
        "gridRow": 1,
        "gridColumn": 13
      },
      "geometry": {
        "type": "Polygon",
        "coordinates": [
          [
            [
              362.3,
              172.503256
            ],
            [
              384.3,
              172.503256
            ],
            [
              384.3,
              159.503256
            ],
            [
              362.3,
              159.503256
            ],
            [
              362.3,
              172.503256
            ]
          ]
        ]
      }
    },
    {
      "type": "Feature",
      "properties": {
        "id": "PLN-convexo-BX15",
        "tipo": "nicho",
        "zonaId": "PLN",
        "cara": "convexo",
        "fila": "BX",
        "numero": 15,
        "codigo": "BX15",
        "estatus_venta": "disponible",
        "estatus_ocupacion": "",
        "referencia_procap": "",
        "observaciones": "",
        "geometryType": "niches",
        "gridRow": 1,
        "gridColumn": 14
      },
      "geometry": {
        "type": "Polygon",
        "coordinates": [
          [
            [
              387.75,
              172.503256
            ],
            [
              409.75,
              172.503256
            ],
            [
              409.75,
              159.503256
            ],
            [
              387.75,
              159.503256
            ],
            [
              387.75,
              172.503256
            ]
          ]
        ]
      }
    },
    {
      "type": "Feature",
      "properties": {
        "id": "PLN-convexo-BX16",
        "tipo": "nicho",
        "zonaId": "PLN",
        "cara": "convexo",
        "fila": "BX",
        "numero": 16,
        "codigo": "BX16",
        "estatus_venta": "disponible",
        "estatus_ocupacion": "",
        "referencia_procap": "",
        "observaciones": "",
        "geometryType": "niches",
        "gridRow": 1,
        "gridColumn": 15
      },
      "geometry": {
        "type": "Polygon",
        "coordinates": [
          [
            [
              413.2,
              172.503256
            ],
            [
              435.2,
              172.503256
            ],
            [
              435.2,
              159.503256
            ],
            [
              413.2,
              159.503256
            ],
            [
              413.2,
              172.503256
            ]
          ]
        ]
      }
    },
    {
      "type": "Feature",
      "properties": {
        "id": "PLN-convexo-BX17",
        "tipo": "nicho",
        "zonaId": "PLN",
        "cara": "convexo",
        "fila": "BX",
        "numero": 17,
        "codigo": "BX17",
        "estatus_venta": "disponible",
        "estatus_ocupacion": "",
        "referencia_procap": "",
        "observaciones": "",
        "geometryType": "niches",
        "gridRow": 1,
        "gridColumn": 16
      },
      "geometry": {
        "type": "Polygon",
        "coordinates": [
          [
            [
              438.65,
              172.503256
            ],
            [
              460.65,
              172.503256
            ],
            [
              460.65,
              159.503256
            ],
            [
              438.65,
              159.503256
            ],
            [
              438.65,
              172.503256
            ]
          ]
        ]
      }
    },
    {
      "type": "Feature",
      "properties": {
        "id": "PLN-convexo-BX18",
        "tipo": "nicho",
        "zonaId": "PLN",
        "cara": "convexo",
        "fila": "BX",
        "numero": 18,
        "codigo": "BX18",
        "estatus_venta": "disponible",
        "estatus_ocupacion": "",
        "referencia_procap": "",
        "observaciones": "",
        "geometryType": "niches",
        "gridRow": 1,
        "gridColumn": 17
      },
      "geometry": {
        "type": "Polygon",
        "coordinates": [
          [
            [
              464.1,
              172.503256
            ],
            [
              486.1,
              172.503256
            ],
            [
              486.1,
              159.503256
            ],
            [
              464.1,
              159.503256
            ],
            [
              464.1,
              172.503256
            ]
          ]
        ]
      }
    },
    {
      "type": "Feature",
      "properties": {
        "id": "PLN-convexo-BX19",
        "tipo": "nicho",
        "zonaId": "PLN",
        "cara": "convexo",
        "fila": "BX",
        "numero": 19,
        "codigo": "BX19",
        "estatus_venta": "disponible",
        "estatus_ocupacion": "",
        "referencia_procap": "",
        "observaciones": "",
        "geometryType": "niches",
        "gridRow": 1,
        "gridColumn": 18
      },
      "geometry": {
        "type": "Polygon",
        "coordinates": [
          [
            [
              489.55,
              172.503256
            ],
            [
              511.55,
              172.503256
            ],
            [
              511.55,
              159.503256
            ],
            [
              489.55,
              159.503256
            ],
            [
              489.55,
              172.503256
            ]
          ]
        ]
      }
    },
    {
      "type": "Feature",
      "properties": {
        "id": "PLN-convexo-BX20",
        "tipo": "nicho",
        "zonaId": "PLN",
        "cara": "convexo",
        "fila": "BX",
        "numero": 20,
        "codigo": "BX20",
        "estatus_venta": "disponible",
        "estatus_ocupacion": "",
        "referencia_procap": "",
        "observaciones": "",
        "geometryType": "niches",
        "gridRow": 1,
        "gridColumn": 19
      },
      "geometry": {
        "type": "Polygon",
        "coordinates": [
          [
            [
              515,
              172.503256
            ],
            [
              537,
              172.503256
            ],
            [
              537,
              159.503256
            ],
            [
              515,
              159.503256
            ],
            [
              515,
              172.503256
            ]
          ]
        ]
      }
    },
    {
      "type": "Feature",
      "properties": {
        "id": "PLN-convexo-BX21",
        "tipo": "nicho",
        "zonaId": "PLN",
        "cara": "convexo",
        "fila": "BX",
        "numero": 21,
        "codigo": "BX21",
        "estatus_venta": "disponible",
        "estatus_ocupacion": "",
        "referencia_procap": "",
        "observaciones": "",
        "geometryType": "niches",
        "gridRow": 1,
        "gridColumn": 20
      },
      "geometry": {
        "type": "Polygon",
        "coordinates": [
          [
            [
              540.45,
              172.503256
            ],
            [
              562.45,
              172.503256
            ],
            [
              562.45,
              159.503256
            ],
            [
              540.45,
              159.503256
            ],
            [
              540.45,
              172.503256
            ]
          ]
        ]
      }
    },
    {
      "type": "Feature",
      "properties": {
        "id": "PLN-convexo-BX22",
        "tipo": "nicho",
        "zonaId": "PLN",
        "cara": "convexo",
        "fila": "BX",
        "numero": 22,
        "codigo": "BX22",
        "estatus_venta": "disponible",
        "estatus_ocupacion": "",
        "referencia_procap": "",
        "observaciones": "",
        "geometryType": "niches",
        "gridRow": 1,
        "gridColumn": 21
      },
      "geometry": {
        "type": "Polygon",
        "coordinates": [
          [
            [
              565.9,
              172.503256
            ],
            [
              587.9,
              172.503256
            ],
            [
              587.9,
              159.503256
            ],
            [
              565.9,
              159.503256
            ],
            [
              565.9,
              172.503256
            ]
          ]
        ]
      }
    },
    {
      "type": "Feature",
      "properties": {
        "id": "PLN-convexo-BX23",
        "tipo": "nicho",
        "zonaId": "PLN",
        "cara": "convexo",
        "fila": "BX",
        "numero": 23,
        "codigo": "BX23",
        "estatus_venta": "disponible",
        "estatus_ocupacion": "",
        "referencia_procap": "",
        "observaciones": "",
        "geometryType": "niches",
        "gridRow": 1,
        "gridColumn": 22
      },
      "geometry": {
        "type": "Polygon",
        "coordinates": [
          [
            [
              591.35,
              172.503256
            ],
            [
              613.35,
              172.503256
            ],
            [
              613.35,
              159.503256
            ],
            [
              591.35,
              159.503256
            ],
            [
              591.35,
              172.503256
            ]
          ]
        ]
      }
    },
    {
      "type": "Feature",
      "properties": {
        "id": "PLN-convexo-BX24",
        "tipo": "nicho",
        "zonaId": "PLN",
        "cara": "convexo",
        "fila": "BX",
        "numero": 24,
        "codigo": "BX24",
        "estatus_venta": "disponible",
        "estatus_ocupacion": "",
        "referencia_procap": "",
        "observaciones": "",
        "geometryType": "niches",
        "gridRow": 1,
        "gridColumn": 23
      },
      "geometry": {
        "type": "Polygon",
        "coordinates": [
          [
            [
              616.8,
              172.503256
            ],
            [
              638.8,
              172.503256
            ],
            [
              638.8,
              159.503256
            ],
            [
              616.8,
              159.503256
            ],
            [
              616.8,
              172.503256
            ]
          ]
        ]
      }
    },
    {
      "type": "Feature",
      "properties": {
        "id": "PLN-convexo-BX25",
        "tipo": "nicho",
        "zonaId": "PLN",
        "cara": "convexo",
        "fila": "BX",
        "numero": 25,
        "codigo": "BX25",
        "estatus_venta": "disponible",
        "estatus_ocupacion": "",
        "referencia_procap": "",
        "observaciones": "",
        "geometryType": "niches",
        "gridRow": 1,
        "gridColumn": 24
      },
      "geometry": {
        "type": "Polygon",
        "coordinates": [
          [
            [
              642.25,
              172.503256
            ],
            [
              664.25,
              172.503256
            ],
            [
              664.25,
              159.503256
            ],
            [
              642.25,
              159.503256
            ],
            [
              642.25,
              172.503256
            ]
          ]
        ]
      }
    },
    {
      "type": "Feature",
      "properties": {
        "id": "PLN-convexo-BX26",
        "tipo": "nicho",
        "zonaId": "PLN",
        "cara": "convexo",
        "fila": "BX",
        "numero": 26,
        "codigo": "BX26",
        "estatus_venta": "disponible",
        "estatus_ocupacion": "",
        "referencia_procap": "",
        "observaciones": "",
        "geometryType": "niches",
        "gridRow": 1,
        "gridColumn": 25
      },
      "geometry": {
        "type": "Polygon",
        "coordinates": [
          [
            [
              667.7,
              172.503256
            ],
            [
              689.7,
              172.503256
            ],
            [
              689.7,
              159.503256
            ],
            [
              667.7,
              159.503256
            ],
            [
              667.7,
              172.503256
            ]
          ]
        ]
      }
    },
    {
      "type": "Feature",
      "properties": {
        "id": "PLN-convexo-BX27",
        "tipo": "nicho",
        "zonaId": "PLN",
        "cara": "convexo",
        "fila": "BX",
        "numero": 27,
        "codigo": "BX27",
        "estatus_venta": "disponible",
        "estatus_ocupacion": "",
        "referencia_procap": "",
        "observaciones": "",
        "geometryType": "niches",
        "gridRow": 1,
        "gridColumn": 26
      },
      "geometry": {
        "type": "Polygon",
        "coordinates": [
          [
            [
              693.15,
              172.503256
            ],
            [
              715.15,
              172.503256
            ],
            [
              715.15,
              159.503256
            ],
            [
              693.15,
              159.503256
            ],
            [
              693.15,
              172.503256
            ]
          ]
        ]
      }
    },
    {
      "type": "Feature",
      "properties": {
        "id": "PLN-convexo-BX28",
        "tipo": "nicho",
        "zonaId": "PLN",
        "cara": "convexo",
        "fila": "BX",
        "numero": 28,
        "codigo": "BX28",
        "estatus_venta": "disponible",
        "estatus_ocupacion": "",
        "referencia_procap": "",
        "observaciones": "",
        "geometryType": "niches",
        "gridRow": 1,
        "gridColumn": 27
      },
      "geometry": {
        "type": "Polygon",
        "coordinates": [
          [
            [
              718.6,
              172.503256
            ],
            [
              740.6,
              172.503256
            ],
            [
              740.6,
              159.503256
            ],
            [
              718.6,
              159.503256
            ],
            [
              718.6,
              172.503256
            ]
          ]
        ]
      }
    },
    {
      "type": "Feature",
      "properties": {
        "id": "PLN-convexo-BX29",
        "tipo": "nicho",
        "zonaId": "PLN",
        "cara": "convexo",
        "fila": "BX",
        "numero": 29,
        "codigo": "BX29",
        "estatus_venta": "disponible",
        "estatus_ocupacion": "",
        "referencia_procap": "",
        "observaciones": "",
        "geometryType": "niches",
        "gridRow": 1,
        "gridColumn": 28
      },
      "geometry": {
        "type": "Polygon",
        "coordinates": [
          [
            [
              744.05,
              172.503256
            ],
            [
              766.05,
              172.503256
            ],
            [
              766.05,
              159.503256
            ],
            [
              744.05,
              159.503256
            ],
            [
              744.05,
              172.503256
            ]
          ]
        ]
      }
    },
    {
      "type": "Feature",
      "properties": {
        "id": "PLN-convexo-BX30",
        "tipo": "nicho",
        "zonaId": "PLN",
        "cara": "convexo",
        "fila": "BX",
        "numero": 30,
        "codigo": "BX30",
        "estatus_venta": "disponible",
        "estatus_ocupacion": "",
        "referencia_procap": "",
        "observaciones": "",
        "geometryType": "niches",
        "gridRow": 1,
        "gridColumn": 29
      },
      "geometry": {
        "type": "Polygon",
        "coordinates": [
          [
            [
              769.5,
              172.503256
            ],
            [
              791.5,
              172.503256
            ],
            [
              791.5,
              159.503256
            ],
            [
              769.5,
              159.503256
            ],
            [
              769.5,
              172.503256
            ]
          ]
        ]
      }
    },
    {
      "type": "Feature",
      "properties": {
        "id": "PLN-convexo-BX31",
        "tipo": "nicho",
        "zonaId": "PLN",
        "cara": "convexo",
        "fila": "BX",
        "numero": 31,
        "codigo": "BX31",
        "estatus_venta": "disponible",
        "estatus_ocupacion": "",
        "referencia_procap": "",
        "observaciones": "",
        "geometryType": "niches",
        "gridRow": 1,
        "gridColumn": 30
      },
      "geometry": {
        "type": "Polygon",
        "coordinates": [
          [
            [
              794.95,
              172.503256
            ],
            [
              816.95,
              172.503256
            ],
            [
              816.95,
              159.503256
            ],
            [
              794.95,
              159.503256
            ],
            [
              794.95,
              172.503256
            ]
          ]
        ]
      }
    },
    {
      "type": "Feature",
      "properties": {
        "id": "PLN-convexo-BX32",
        "tipo": "nicho",
        "zonaId": "PLN",
        "cara": "convexo",
        "fila": "BX",
        "numero": 32,
        "codigo": "BX32",
        "estatus_venta": "disponible",
        "estatus_ocupacion": "",
        "referencia_procap": "",
        "observaciones": "",
        "geometryType": "niches",
        "gridRow": 1,
        "gridColumn": 31
      },
      "geometry": {
        "type": "Polygon",
        "coordinates": [
          [
            [
              820.4,
              172.503256
            ],
            [
              842.4,
              172.503256
            ],
            [
              842.4,
              159.503256
            ],
            [
              820.4,
              159.503256
            ],
            [
              820.4,
              172.503256
            ]
          ]
        ]
      }
    },
    {
      "type": "Feature",
      "properties": {
        "id": "PLN-convexo-BX33",
        "tipo": "nicho",
        "zonaId": "PLN",
        "cara": "convexo",
        "fila": "BX",
        "numero": 33,
        "codigo": "BX33",
        "estatus_venta": "disponible",
        "estatus_ocupacion": "",
        "referencia_procap": "",
        "observaciones": "",
        "geometryType": "niches",
        "gridRow": 1,
        "gridColumn": 32
      },
      "geometry": {
        "type": "Polygon",
        "coordinates": [
          [
            [
              845.85,
              172.503256
            ],
            [
              867.85,
              172.503256
            ],
            [
              867.85,
              159.503256
            ],
            [
              845.85,
              159.503256
            ],
            [
              845.85,
              172.503256
            ]
          ]
        ]
      }
    },
    {
      "type": "Feature",
      "properties": {
        "id": "PLN-convexo-BX34",
        "tipo": "nicho",
        "zonaId": "PLN",
        "cara": "convexo",
        "fila": "BX",
        "numero": 34,
        "codigo": "BX34",
        "estatus_venta": "disponible",
        "estatus_ocupacion": "",
        "referencia_procap": "",
        "observaciones": "",
        "geometryType": "niches",
        "gridRow": 1,
        "gridColumn": 33
      },
      "geometry": {
        "type": "Polygon",
        "coordinates": [
          [
            [
              871.3,
              172.503256
            ],
            [
              893.3,
              172.503256
            ],
            [
              893.3,
              159.503256
            ],
            [
              871.3,
              159.503256
            ],
            [
              871.3,
              172.503256
            ]
          ]
        ]
      }
    },
    {
      "type": "Feature",
      "properties": {
        "id": "PLN-convexo-BX35",
        "tipo": "nicho",
        "zonaId": "PLN",
        "cara": "convexo",
        "fila": "BX",
        "numero": 35,
        "codigo": "BX35",
        "estatus_venta": "disponible",
        "estatus_ocupacion": "",
        "referencia_procap": "",
        "observaciones": "",
        "geometryType": "niches",
        "gridRow": 1,
        "gridColumn": 34
      },
      "geometry": {
        "type": "Polygon",
        "coordinates": [
          [
            [
              896.75,
              172.503256
            ],
            [
              918.75,
              172.503256
            ],
            [
              918.75,
              159.503256
            ],
            [
              896.75,
              159.503256
            ],
            [
              896.75,
              172.503256
            ]
          ]
        ]
      }
    },
    {
      "type": "Feature",
      "properties": {
        "id": "PLN-convexo-BX36",
        "tipo": "nicho",
        "zonaId": "PLN",
        "cara": "convexo",
        "fila": "BX",
        "numero": 36,
        "codigo": "BX36",
        "estatus_venta": "disponible",
        "estatus_ocupacion": "",
        "referencia_procap": "",
        "observaciones": "",
        "geometryType": "niches",
        "gridRow": 1,
        "gridColumn": 35
      },
      "geometry": {
        "type": "Polygon",
        "coordinates": [
          [
            [
              922.2,
              172.503256
            ],
            [
              944.2,
              172.503256
            ],
            [
              944.2,
              159.503256
            ],
            [
              922.2,
              159.503256
            ],
            [
              922.2,
              172.503256
            ]
          ]
        ]
      }
    },
    {
      "type": "Feature",
      "properties": {
        "id": "PLN-convexo-BX37",
        "tipo": "nicho",
        "zonaId": "PLN",
        "cara": "convexo",
        "fila": "BX",
        "numero": 37,
        "codigo": "BX37",
        "estatus_venta": "disponible",
        "estatus_ocupacion": "",
        "referencia_procap": "",
        "observaciones": "",
        "geometryType": "niches",
        "gridRow": 1,
        "gridColumn": 36
      },
      "geometry": {
        "type": "Polygon",
        "coordinates": [
          [
            [
              947.65,
              172.503256
            ],
            [
              969.65,
              172.503256
            ],
            [
              969.65,
              159.503256
            ],
            [
              947.65,
              159.503256
            ],
            [
              947.65,
              172.503256
            ]
          ]
        ]
      }
    },
    {
      "type": "Feature",
      "properties": {
        "id": "PLN-convexo-BX38",
        "tipo": "nicho",
        "zonaId": "PLN",
        "cara": "convexo",
        "fila": "BX",
        "numero": 38,
        "codigo": "BX38",
        "estatus_venta": "disponible",
        "estatus_ocupacion": "",
        "referencia_procap": "",
        "observaciones": "",
        "geometryType": "niches",
        "gridRow": 1,
        "gridColumn": 37
      },
      "geometry": {
        "type": "Polygon",
        "coordinates": [
          [
            [
              973.1,
              172.503256
            ],
            [
              995.1,
              172.503256
            ],
            [
              995.1,
              159.503256
            ],
            [
              973.1,
              159.503256
            ],
            [
              973.1,
              172.503256
            ]
          ]
        ]
      }
    },
    {
      "type": "Feature",
      "properties": {
        "id": "PLN-convexo-BX39",
        "tipo": "nicho",
        "zonaId": "PLN",
        "cara": "convexo",
        "fila": "BX",
        "numero": 39,
        "codigo": "BX39",
        "estatus_venta": "disponible",
        "estatus_ocupacion": "",
        "referencia_procap": "",
        "observaciones": "",
        "geometryType": "niches",
        "gridRow": 1,
        "gridColumn": 38
      },
      "geometry": {
        "type": "Polygon",
        "coordinates": [
          [
            [
              998.55,
              172.503256
            ],
            [
              1020.55,
              172.503256
            ],
            [
              1020.55,
              159.503256
            ],
            [
              998.55,
              159.503256
            ],
            [
              998.55,
              172.503256
            ]
          ]
        ]
      }
    },
    {
      "type": "Feature",
      "properties": {
        "id": "PLN-convexo-BX40",
        "tipo": "nicho",
        "zonaId": "PLN",
        "cara": "convexo",
        "fila": "BX",
        "numero": 40,
        "codigo": "BX40",
        "estatus_venta": "disponible",
        "estatus_ocupacion": "",
        "referencia_procap": "",
        "observaciones": "",
        "geometryType": "niches",
        "gridRow": 1,
        "gridColumn": 39
      },
      "geometry": {
        "type": "Polygon",
        "coordinates": [
          [
            [
              1024,
              172.503256
            ],
            [
              1046,
              172.503256
            ],
            [
              1046,
              159.503256
            ],
            [
              1024,
              159.503256
            ],
            [
              1024,
              172.503256
            ]
          ]
        ]
      }
    },
    {
      "type": "Feature",
      "properties": {
        "id": "PLN-convexo-BX41",
        "tipo": "nicho",
        "zonaId": "PLN",
        "cara": "convexo",
        "fila": "BX",
        "numero": 41,
        "codigo": "BX41",
        "estatus_venta": "disponible",
        "estatus_ocupacion": "",
        "referencia_procap": "",
        "observaciones": "",
        "geometryType": "niches",
        "gridRow": 1,
        "gridColumn": 40
      },
      "geometry": {
        "type": "Polygon",
        "coordinates": [
          [
            [
              1049.45,
              172.503256
            ],
            [
              1071.45,
              172.503256
            ],
            [
              1071.45,
              159.503256
            ],
            [
              1049.45,
              159.503256
            ],
            [
              1049.45,
              172.503256
            ]
          ]
        ]
      }
    },
    {
      "type": "Feature",
      "properties": {
        "id": "PLN-convexo-BX42",
        "tipo": "nicho",
        "zonaId": "PLN",
        "cara": "convexo",
        "fila": "BX",
        "numero": 42,
        "codigo": "BX42",
        "estatus_venta": "disponible",
        "estatus_ocupacion": "",
        "referencia_procap": "",
        "observaciones": "",
        "geometryType": "niches",
        "gridRow": 1,
        "gridColumn": 41
      },
      "geometry": {
        "type": "Polygon",
        "coordinates": [
          [
            [
              1074.9,
              172.503256
            ],
            [
              1096.9,
              172.503256
            ],
            [
              1096.9,
              159.503256
            ],
            [
              1074.9,
              159.503256
            ],
            [
              1074.9,
              172.503256
            ]
          ]
        ]
      }
    },
    {
      "type": "Feature",
      "properties": {
        "id": "PLN-convexo-BX43",
        "tipo": "nicho",
        "zonaId": "PLN",
        "cara": "convexo",
        "fila": "BX",
        "numero": 43,
        "codigo": "BX43",
        "estatus_venta": "disponible",
        "estatus_ocupacion": "",
        "referencia_procap": "",
        "observaciones": "",
        "geometryType": "niches",
        "gridRow": 1,
        "gridColumn": 42
      },
      "geometry": {
        "type": "Polygon",
        "coordinates": [
          [
            [
              1100.35,
              172.503256
            ],
            [
              1122.35,
              172.503256
            ],
            [
              1122.35,
              159.503256
            ],
            [
              1100.35,
              159.503256
            ],
            [
              1100.35,
              172.503256
            ]
          ]
        ]
      }
    },
    {
      "type": "Feature",
      "properties": {
        "id": "PLN-convexo-BX44",
        "tipo": "nicho",
        "zonaId": "PLN",
        "cara": "convexo",
        "fila": "BX",
        "numero": 44,
        "codigo": "BX44",
        "estatus_venta": "disponible",
        "estatus_ocupacion": "",
        "referencia_procap": "",
        "observaciones": "",
        "geometryType": "niches",
        "gridRow": 1,
        "gridColumn": 43
      },
      "geometry": {
        "type": "Polygon",
        "coordinates": [
          [
            [
              1125.8,
              172.503256
            ],
            [
              1147.8,
              172.503256
            ],
            [
              1147.8,
              159.503256
            ],
            [
              1125.8,
              159.503256
            ],
            [
              1125.8,
              172.503256
            ]
          ]
        ]
      }
    },
    {
      "type": "Feature",
      "properties": {
        "id": "PLN-convexo-BX45",
        "tipo": "nicho",
        "zonaId": "PLN",
        "cara": "convexo",
        "fila": "BX",
        "numero": 45,
        "codigo": "BX45",
        "estatus_venta": "disponible",
        "estatus_ocupacion": "",
        "referencia_procap": "",
        "observaciones": "",
        "geometryType": "niches",
        "gridRow": 1,
        "gridColumn": 44
      },
      "geometry": {
        "type": "Polygon",
        "coordinates": [
          [
            [
              1151.25,
              172.503256
            ],
            [
              1173.25,
              172.503256
            ],
            [
              1173.25,
              159.503256
            ],
            [
              1151.25,
              159.503256
            ],
            [
              1151.25,
              172.503256
            ]
          ]
        ]
      }
    },
    {
      "type": "Feature",
      "properties": {
        "id": "PLN-convexo-BX46",
        "tipo": "nicho",
        "zonaId": "PLN",
        "cara": "convexo",
        "fila": "BX",
        "numero": 46,
        "codigo": "BX46",
        "estatus_venta": "disponible",
        "estatus_ocupacion": "",
        "referencia_procap": "",
        "observaciones": "",
        "geometryType": "niches",
        "gridRow": 1,
        "gridColumn": 45
      },
      "geometry": {
        "type": "Polygon",
        "coordinates": [
          [
            [
              1176.7,
              172.503256
            ],
            [
              1198.7,
              172.503256
            ],
            [
              1198.7,
              159.503256
            ],
            [
              1176.7,
              159.503256
            ],
            [
              1176.7,
              172.503256
            ]
          ]
        ]
      }
    },
    {
      "type": "Feature",
      "properties": {
        "id": "PLN-convexo-BX47",
        "tipo": "nicho",
        "zonaId": "PLN",
        "cara": "convexo",
        "fila": "BX",
        "numero": 47,
        "codigo": "BX47",
        "estatus_venta": "disponible",
        "estatus_ocupacion": "",
        "referencia_procap": "",
        "observaciones": "",
        "geometryType": "niches",
        "gridRow": 1,
        "gridColumn": 46
      },
      "geometry": {
        "type": "Polygon",
        "coordinates": [
          [
            [
              1202.15,
              172.503256
            ],
            [
              1224.15,
              172.503256
            ],
            [
              1224.15,
              159.503256
            ],
            [
              1202.15,
              159.503256
            ],
            [
              1202.15,
              172.503256
            ]
          ]
        ]
      }
    },
    {
      "type": "Feature",
      "properties": {
        "id": "PLN-convexo-BX48",
        "tipo": "nicho",
        "zonaId": "PLN",
        "cara": "convexo",
        "fila": "BX",
        "numero": 48,
        "codigo": "BX48",
        "estatus_venta": "disponible",
        "estatus_ocupacion": "",
        "referencia_procap": "",
        "observaciones": "",
        "geometryType": "niches",
        "gridRow": 1,
        "gridColumn": 47
      },
      "geometry": {
        "type": "Polygon",
        "coordinates": [
          [
            [
              1227.6,
              172.503256
            ],
            [
              1249.6,
              172.503256
            ],
            [
              1249.6,
              159.503256
            ],
            [
              1227.6,
              159.503256
            ],
            [
              1227.6,
              172.503256
            ]
          ]
        ]
      }
    },
    {
      "type": "Feature",
      "properties": {
        "id": "PLN-convexo-BX49",
        "tipo": "nicho",
        "zonaId": "PLN",
        "cara": "convexo",
        "fila": "BX",
        "numero": 49,
        "codigo": "BX49",
        "estatus_venta": "disponible",
        "estatus_ocupacion": "",
        "referencia_procap": "",
        "observaciones": "",
        "geometryType": "niches",
        "gridRow": 1,
        "gridColumn": 48
      },
      "geometry": {
        "type": "Polygon",
        "coordinates": [
          [
            [
              1253.05,
              172.503256
            ],
            [
              1275.05,
              172.503256
            ],
            [
              1275.05,
              159.503256
            ],
            [
              1253.05,
              159.503256
            ],
            [
              1253.05,
              172.503256
            ]
          ]
        ]
      }
    },
    {
      "type": "Feature",
      "properties": {
        "id": "PLN-convexo-BX50",
        "tipo": "nicho",
        "zonaId": "PLN",
        "cara": "convexo",
        "fila": "BX",
        "numero": 50,
        "codigo": "BX50",
        "estatus_venta": "disponible",
        "estatus_ocupacion": "",
        "referencia_procap": "",
        "observaciones": "",
        "geometryType": "niches",
        "gridRow": 1,
        "gridColumn": 49
      },
      "geometry": {
        "type": "Polygon",
        "coordinates": [
          [
            [
              1278.5,
              172.503256
            ],
            [
              1300.5,
              172.503256
            ],
            [
              1300.5,
              159.503256
            ],
            [
              1278.5,
              159.503256
            ],
            [
              1278.5,
              172.503256
            ]
          ]
        ]
      }
    },
    {
      "type": "Feature",
      "properties": {
        "id": "PLN-convexo-BX51",
        "tipo": "nicho",
        "zonaId": "PLN",
        "cara": "convexo",
        "fila": "BX",
        "numero": 51,
        "codigo": "BX51",
        "estatus_venta": "disponible",
        "estatus_ocupacion": "",
        "referencia_procap": "",
        "observaciones": "",
        "geometryType": "niches",
        "gridRow": 1,
        "gridColumn": 50
      },
      "geometry": {
        "type": "Polygon",
        "coordinates": [
          [
            [
              1303.95,
              172.503256
            ],
            [
              1325.95,
              172.503256
            ],
            [
              1325.95,
              159.503256
            ],
            [
              1303.95,
              159.503256
            ],
            [
              1303.95,
              172.503256
            ]
          ]
        ]
      }
    },
    {
      "type": "Feature",
      "properties": {
        "id": "PLN-convexo-BX52",
        "tipo": "nicho",
        "zonaId": "PLN",
        "cara": "convexo",
        "fila": "BX",
        "numero": 52,
        "codigo": "BX52",
        "estatus_venta": "disponible",
        "estatus_ocupacion": "",
        "referencia_procap": "",
        "observaciones": "",
        "geometryType": "niches",
        "gridRow": 1,
        "gridColumn": 51
      },
      "geometry": {
        "type": "Polygon",
        "coordinates": [
          [
            [
              1329.4,
              172.503256
            ],
            [
              1351.4,
              172.503256
            ],
            [
              1351.4,
              159.503256
            ],
            [
              1329.4,
              159.503256
            ],
            [
              1329.4,
              172.503256
            ]
          ]
        ]
      }
    },
    {
      "type": "Feature",
      "properties": {
        "id": "PLN-convexo-BX53",
        "tipo": "nicho",
        "zonaId": "PLN",
        "cara": "convexo",
        "fila": "BX",
        "numero": 53,
        "codigo": "BX53",
        "estatus_venta": "disponible",
        "estatus_ocupacion": "",
        "referencia_procap": "",
        "observaciones": "",
        "geometryType": "niches",
        "gridRow": 1,
        "gridColumn": 52
      },
      "geometry": {
        "type": "Polygon",
        "coordinates": [
          [
            [
              1354.85,
              172.503256
            ],
            [
              1376.85,
              172.503256
            ],
            [
              1376.85,
              159.503256
            ],
            [
              1354.85,
              159.503256
            ],
            [
              1354.85,
              172.503256
            ]
          ]
        ]
      }
    },
    {
      "type": "Feature",
      "properties": {
        "id": "PLN-convexo-BX54",
        "tipo": "nicho",
        "zonaId": "PLN",
        "cara": "convexo",
        "fila": "BX",
        "numero": 54,
        "codigo": "BX54",
        "estatus_venta": "disponible",
        "estatus_ocupacion": "",
        "referencia_procap": "",
        "observaciones": "",
        "geometryType": "niches",
        "gridRow": 1,
        "gridColumn": 53
      },
      "geometry": {
        "type": "Polygon",
        "coordinates": [
          [
            [
              1380.3,
              172.503256
            ],
            [
              1402.3,
              172.503256
            ],
            [
              1402.3,
              159.503256
            ],
            [
              1380.3,
              159.503256
            ],
            [
              1380.3,
              172.503256
            ]
          ]
        ]
      }
    },
    {
      "type": "Feature",
      "properties": {
        "id": "PLN-convexo-BX55",
        "tipo": "nicho",
        "zonaId": "PLN",
        "cara": "convexo",
        "fila": "BX",
        "numero": 55,
        "codigo": "BX55",
        "estatus_venta": "disponible",
        "estatus_ocupacion": "",
        "referencia_procap": "",
        "observaciones": "",
        "geometryType": "niches",
        "gridRow": 1,
        "gridColumn": 54
      },
      "geometry": {
        "type": "Polygon",
        "coordinates": [
          [
            [
              1405.75,
              172.503256
            ],
            [
              1427.75,
              172.503256
            ],
            [
              1427.75,
              159.503256
            ],
            [
              1405.75,
              159.503256
            ],
            [
              1405.75,
              172.503256
            ]
          ]
        ]
      }
    },
    {
      "type": "Feature",
      "properties": {
        "id": "PLN-convexo-BX56",
        "tipo": "nicho",
        "zonaId": "PLN",
        "cara": "convexo",
        "fila": "BX",
        "numero": 56,
        "codigo": "BX56",
        "estatus_venta": "disponible",
        "estatus_ocupacion": "",
        "referencia_procap": "",
        "observaciones": "",
        "geometryType": "niches",
        "gridRow": 1,
        "gridColumn": 55
      },
      "geometry": {
        "type": "Polygon",
        "coordinates": [
          [
            [
              1431.2,
              172.503256
            ],
            [
              1453.2,
              172.503256
            ],
            [
              1453.2,
              159.503256
            ],
            [
              1431.2,
              159.503256
            ],
            [
              1431.2,
              172.503256
            ]
          ]
        ]
      }
    },
    {
      "type": "Feature",
      "properties": {
        "id": "PLN-convexo-BX57",
        "tipo": "nicho",
        "zonaId": "PLN",
        "cara": "convexo",
        "fila": "BX",
        "numero": 57,
        "codigo": "BX57",
        "estatus_venta": "disponible",
        "estatus_ocupacion": "",
        "referencia_procap": "",
        "observaciones": "",
        "geometryType": "niches",
        "gridRow": 1,
        "gridColumn": 56
      },
      "geometry": {
        "type": "Polygon",
        "coordinates": [
          [
            [
              1456.65,
              172.503256
            ],
            [
              1478.65,
              172.503256
            ],
            [
              1478.65,
              159.503256
            ],
            [
              1456.65,
              159.503256
            ],
            [
              1456.65,
              172.503256
            ]
          ]
        ]
      }
    },
    {
      "type": "Feature",
      "properties": {
        "id": "PLN-convexo-BX58",
        "tipo": "nicho",
        "zonaId": "PLN",
        "cara": "convexo",
        "fila": "BX",
        "numero": 58,
        "codigo": "BX58",
        "estatus_venta": "disponible",
        "estatus_ocupacion": "",
        "referencia_procap": "",
        "observaciones": "",
        "geometryType": "niches",
        "gridRow": 1,
        "gridColumn": 57
      },
      "geometry": {
        "type": "Polygon",
        "coordinates": [
          [
            [
              1482.1,
              172.503256
            ],
            [
              1504.1,
              172.503256
            ],
            [
              1504.1,
              159.503256
            ],
            [
              1482.1,
              159.503256
            ],
            [
              1482.1,
              172.503256
            ]
          ]
        ]
      }
    },
    {
      "type": "Feature",
      "properties": {
        "id": "PLN-convexo-BX59",
        "tipo": "nicho",
        "zonaId": "PLN",
        "cara": "convexo",
        "fila": "BX",
        "numero": 59,
        "codigo": "BX59",
        "estatus_venta": "disponible",
        "estatus_ocupacion": "",
        "referencia_procap": "",
        "observaciones": "",
        "geometryType": "niches",
        "gridRow": 1,
        "gridColumn": 58
      },
      "geometry": {
        "type": "Polygon",
        "coordinates": [
          [
            [
              1507.55,
              172.503256
            ],
            [
              1529.55,
              172.503256
            ],
            [
              1529.55,
              159.503256
            ],
            [
              1507.55,
              159.503256
            ],
            [
              1507.55,
              172.503256
            ]
          ]
        ]
      }
    },
    {
      "type": "Feature",
      "properties": {
        "id": "PLN-convexo-BX60",
        "tipo": "nicho",
        "zonaId": "PLN",
        "cara": "convexo",
        "fila": "BX",
        "numero": 60,
        "codigo": "BX60",
        "estatus_venta": "disponible",
        "estatus_ocupacion": "",
        "referencia_procap": "",
        "observaciones": "",
        "geometryType": "niches",
        "gridRow": 1,
        "gridColumn": 59
      },
      "geometry": {
        "type": "Polygon",
        "coordinates": [
          [
            [
              1533,
              172.503256
            ],
            [
              1555,
              172.503256
            ],
            [
              1555,
              159.503256
            ],
            [
              1533,
              159.503256
            ],
            [
              1533,
              172.503256
            ]
          ]
        ]
      }
    },
    {
      "type": "Feature",
      "properties": {
        "id": "PLN-convexo-BX61",
        "tipo": "nicho",
        "zonaId": "PLN",
        "cara": "convexo",
        "fila": "BX",
        "numero": 61,
        "codigo": "BX61",
        "estatus_venta": "disponible",
        "estatus_ocupacion": "",
        "referencia_procap": "",
        "observaciones": "",
        "geometryType": "niches",
        "gridRow": 1,
        "gridColumn": 60
      },
      "geometry": {
        "type": "Polygon",
        "coordinates": [
          [
            [
              1558.45,
              172.503256
            ],
            [
              1580.45,
              172.503256
            ],
            [
              1580.45,
              159.503256
            ],
            [
              1558.45,
              159.503256
            ],
            [
              1558.45,
              172.503256
            ]
          ]
        ]
      }
    },
    {
      "type": "Feature",
      "properties": {
        "id": "PLN-convexo-BX62",
        "tipo": "nicho",
        "zonaId": "PLN",
        "cara": "convexo",
        "fila": "BX",
        "numero": 62,
        "codigo": "BX62",
        "estatus_venta": "disponible",
        "estatus_ocupacion": "",
        "referencia_procap": "",
        "observaciones": "",
        "geometryType": "niches",
        "gridRow": 1,
        "gridColumn": 61
      },
      "geometry": {
        "type": "Polygon",
        "coordinates": [
          [
            [
              1583.9,
              172.503256
            ],
            [
              1605.9,
              172.503256
            ],
            [
              1605.9,
              159.503256
            ],
            [
              1583.9,
              159.503256
            ],
            [
              1583.9,
              172.503256
            ]
          ]
        ]
      }
    },
    {
      "type": "Feature",
      "properties": {
        "id": "PLN-convexo-BX63",
        "tipo": "nicho",
        "zonaId": "PLN",
        "cara": "convexo",
        "fila": "BX",
        "numero": 63,
        "codigo": "BX63",
        "estatus_venta": "disponible",
        "estatus_ocupacion": "",
        "referencia_procap": "",
        "observaciones": "",
        "geometryType": "niches",
        "gridRow": 1,
        "gridColumn": 62
      },
      "geometry": {
        "type": "Polygon",
        "coordinates": [
          [
            [
              1609.35,
              172.503256
            ],
            [
              1631.35,
              172.503256
            ],
            [
              1631.35,
              159.503256
            ],
            [
              1609.35,
              159.503256
            ],
            [
              1609.35,
              172.503256
            ]
          ]
        ]
      }
    },
    {
      "type": "Feature",
      "properties": {
        "id": "PLN-convexo-BX64",
        "tipo": "nicho",
        "zonaId": "PLN",
        "cara": "convexo",
        "fila": "BX",
        "numero": 64,
        "codigo": "BX64",
        "estatus_venta": "disponible",
        "estatus_ocupacion": "",
        "referencia_procap": "",
        "observaciones": "",
        "geometryType": "niches",
        "gridRow": 1,
        "gridColumn": 63
      },
      "geometry": {
        "type": "Polygon",
        "coordinates": [
          [
            [
              1634.8,
              172.503256
            ],
            [
              1656.8,
              172.503256
            ],
            [
              1656.8,
              159.503256
            ],
            [
              1634.8,
              159.503256
            ],
            [
              1634.8,
              172.503256
            ]
          ]
        ]
      }
    },
    {
      "type": "Feature",
      "properties": {
        "id": "PLN-convexo-BX65",
        "tipo": "nicho",
        "zonaId": "PLN",
        "cara": "convexo",
        "fila": "BX",
        "numero": 65,
        "codigo": "BX65",
        "estatus_venta": "disponible",
        "estatus_ocupacion": "",
        "referencia_procap": "",
        "observaciones": "",
        "geometryType": "niches",
        "gridRow": 1,
        "gridColumn": 64
      },
      "geometry": {
        "type": "Polygon",
        "coordinates": [
          [
            [
              1660.25,
              172.503256
            ],
            [
              1682.25,
              172.503256
            ],
            [
              1682.25,
              159.503256
            ],
            [
              1660.25,
              159.503256
            ],
            [
              1660.25,
              172.503256
            ]
          ]
        ]
      }
    },
    {
      "type": "Feature",
      "properties": {
        "id": "PLN-convexo-BX66",
        "tipo": "nicho",
        "zonaId": "PLN",
        "cara": "convexo",
        "fila": "BX",
        "numero": 66,
        "codigo": "BX66",
        "estatus_venta": "disponible",
        "estatus_ocupacion": "",
        "referencia_procap": "",
        "observaciones": "",
        "geometryType": "niches",
        "gridRow": 1,
        "gridColumn": 65
      },
      "geometry": {
        "type": "Polygon",
        "coordinates": [
          [
            [
              1685.7,
              172.503256
            ],
            [
              1707.7,
              172.503256
            ],
            [
              1707.7,
              159.503256
            ],
            [
              1685.7,
              159.503256
            ],
            [
              1685.7,
              172.503256
            ]
          ]
        ]
      }
    },
    {
      "type": "Feature",
      "properties": {
        "id": "PLN-convexo-BX67",
        "tipo": "nicho",
        "zonaId": "PLN",
        "cara": "convexo",
        "fila": "BX",
        "numero": 67,
        "codigo": "BX67",
        "estatus_venta": "disponible",
        "estatus_ocupacion": "",
        "referencia_procap": "",
        "observaciones": "",
        "geometryType": "niches",
        "gridRow": 1,
        "gridColumn": 66
      },
      "geometry": {
        "type": "Polygon",
        "coordinates": [
          [
            [
              1711.15,
              172.503256
            ],
            [
              1733.15,
              172.503256
            ],
            [
              1733.15,
              159.503256
            ],
            [
              1711.15,
              159.503256
            ],
            [
              1711.15,
              172.503256
            ]
          ]
        ]
      }
    },
    {
      "type": "Feature",
      "properties": {
        "id": "PLN-convexo-BX68",
        "tipo": "nicho",
        "zonaId": "PLN",
        "cara": "convexo",
        "fila": "BX",
        "numero": 68,
        "codigo": "BX68",
        "estatus_venta": "disponible",
        "estatus_ocupacion": "",
        "referencia_procap": "",
        "observaciones": "",
        "geometryType": "niches",
        "gridRow": 1,
        "gridColumn": 67
      },
      "geometry": {
        "type": "Polygon",
        "coordinates": [
          [
            [
              1736.6,
              172.503256
            ],
            [
              1758.6,
              172.503256
            ],
            [
              1758.6,
              159.503256
            ],
            [
              1736.6,
              159.503256
            ],
            [
              1736.6,
              172.503256
            ]
          ]
        ]
      }
    },
    {
      "type": "Feature",
      "properties": {
        "id": "PLN-convexo-BX69",
        "tipo": "nicho",
        "zonaId": "PLN",
        "cara": "convexo",
        "fila": "BX",
        "numero": 69,
        "codigo": "BX69",
        "estatus_venta": "disponible",
        "estatus_ocupacion": "",
        "referencia_procap": "",
        "observaciones": "",
        "geometryType": "niches",
        "gridRow": 1,
        "gridColumn": 68
      },
      "geometry": {
        "type": "Polygon",
        "coordinates": [
          [
            [
              1762.05,
              172.503256
            ],
            [
              1784.05,
              172.503256
            ],
            [
              1784.05,
              159.503256
            ],
            [
              1762.05,
              159.503256
            ],
            [
              1762.05,
              172.503256
            ]
          ]
        ]
      }
    },
    {
      "type": "Feature",
      "properties": {
        "id": "PLN-convexo-BX70",
        "tipo": "nicho",
        "zonaId": "PLN",
        "cara": "convexo",
        "fila": "BX",
        "numero": 70,
        "codigo": "BX70",
        "estatus_venta": "disponible",
        "estatus_ocupacion": "",
        "referencia_procap": "",
        "observaciones": "",
        "geometryType": "niches",
        "gridRow": 1,
        "gridColumn": 69
      },
      "geometry": {
        "type": "Polygon",
        "coordinates": [
          [
            [
              1787.5,
              172.503256
            ],
            [
              1809.5,
              172.503256
            ],
            [
              1809.5,
              159.503256
            ],
            [
              1787.5,
              159.503256
            ],
            [
              1787.5,
              172.503256
            ]
          ]
        ]
      }
    },
    {
      "type": "Feature",
      "properties": {
        "id": "PLN-convexo-BX71",
        "tipo": "nicho",
        "zonaId": "PLN",
        "cara": "convexo",
        "fila": "BX",
        "numero": 71,
        "codigo": "BX71",
        "estatus_venta": "disponible",
        "estatus_ocupacion": "",
        "referencia_procap": "",
        "observaciones": "",
        "geometryType": "niches",
        "gridRow": 1,
        "gridColumn": 70
      },
      "geometry": {
        "type": "Polygon",
        "coordinates": [
          [
            [
              1812.95,
              172.503256
            ],
            [
              1834.95,
              172.503256
            ],
            [
              1834.95,
              159.503256
            ],
            [
              1812.95,
              159.503256
            ],
            [
              1812.95,
              172.503256
            ]
          ]
        ]
      }
    },
    {
      "type": "Feature",
      "properties": {
        "id": "PLN-convexo-BX72",
        "tipo": "nicho",
        "zonaId": "PLN",
        "cara": "convexo",
        "fila": "BX",
        "numero": 72,
        "codigo": "BX72",
        "estatus_venta": "disponible",
        "estatus_ocupacion": "",
        "referencia_procap": "",
        "observaciones": "",
        "geometryType": "niches",
        "gridRow": 1,
        "gridColumn": 71
      },
      "geometry": {
        "type": "Polygon",
        "coordinates": [
          [
            [
              1838.4,
              172.503256
            ],
            [
              1860.4,
              172.503256
            ],
            [
              1860.4,
              159.503256
            ],
            [
              1838.4,
              159.503256
            ],
            [
              1838.4,
              172.503256
            ]
          ]
        ]
      }
    },
    {
      "type": "Feature",
      "properties": {
        "id": "PLN-convexo-BX73",
        "tipo": "nicho",
        "zonaId": "PLN",
        "cara": "convexo",
        "fila": "BX",
        "numero": 73,
        "codigo": "BX73",
        "estatus_venta": "disponible",
        "estatus_ocupacion": "",
        "referencia_procap": "",
        "observaciones": "",
        "geometryType": "niches",
        "gridRow": 1,
        "gridColumn": 72
      },
      "geometry": {
        "type": "Polygon",
        "coordinates": [
          [
            [
              1863.85,
              172.503256
            ],
            [
              1885.85,
              172.503256
            ],
            [
              1885.85,
              159.503256
            ],
            [
              1863.85,
              159.503256
            ],
            [
              1863.85,
              172.503256
            ]
          ]
        ]
      }
    },
    {
      "type": "Feature",
      "properties": {
        "id": "PLN-convexo-BX74",
        "tipo": "nicho",
        "zonaId": "PLN",
        "cara": "convexo",
        "fila": "BX",
        "numero": 74,
        "codigo": "BX74",
        "estatus_venta": "disponible",
        "estatus_ocupacion": "",
        "referencia_procap": "",
        "observaciones": "",
        "geometryType": "niches",
        "gridRow": 1,
        "gridColumn": 73
      },
      "geometry": {
        "type": "Polygon",
        "coordinates": [
          [
            [
              1889.3,
              172.503256
            ],
            [
              1911.3,
              172.503256
            ],
            [
              1911.3,
              159.503256
            ],
            [
              1889.3,
              159.503256
            ],
            [
              1889.3,
              172.503256
            ]
          ]
        ]
      }
    },
    {
      "type": "Feature",
      "properties": {
        "id": "PLN-convexo-BX75",
        "tipo": "nicho",
        "zonaId": "PLN",
        "cara": "convexo",
        "fila": "BX",
        "numero": 75,
        "codigo": "BX75",
        "estatus_venta": "disponible",
        "estatus_ocupacion": "",
        "referencia_procap": "",
        "observaciones": "",
        "geometryType": "niches",
        "gridRow": 1,
        "gridColumn": 74
      },
      "geometry": {
        "type": "Polygon",
        "coordinates": [
          [
            [
              1914.75,
              172.503256
            ],
            [
              1936.75,
              172.503256
            ],
            [
              1936.75,
              159.503256
            ],
            [
              1914.75,
              159.503256
            ],
            [
              1914.75,
              172.503256
            ]
          ]
        ]
      }
    },
    {
      "type": "Feature",
      "properties": {
        "id": "PLN-convexo-BX76",
        "tipo": "nicho",
        "zonaId": "PLN",
        "cara": "convexo",
        "fila": "BX",
        "numero": 76,
        "codigo": "BX76",
        "estatus_venta": "disponible",
        "estatus_ocupacion": "",
        "referencia_procap": "",
        "observaciones": "",
        "geometryType": "niches",
        "gridRow": 1,
        "gridColumn": 75
      },
      "geometry": {
        "type": "Polygon",
        "coordinates": [
          [
            [
              1940.2,
              172.503256
            ],
            [
              1962.2,
              172.503256
            ],
            [
              1962.2,
              159.503256
            ],
            [
              1940.2,
              159.503256
            ],
            [
              1940.2,
              172.503256
            ]
          ]
        ]
      }
    },
    {
      "type": "Feature",
      "properties": {
        "id": "PLN-convexo-BX77",
        "tipo": "nicho",
        "zonaId": "PLN",
        "cara": "convexo",
        "fila": "BX",
        "numero": 77,
        "codigo": "BX77",
        "estatus_venta": "disponible",
        "estatus_ocupacion": "",
        "referencia_procap": "",
        "observaciones": "",
        "geometryType": "niches",
        "gridRow": 1,
        "gridColumn": 76
      },
      "geometry": {
        "type": "Polygon",
        "coordinates": [
          [
            [
              1965.65,
              172.503256
            ],
            [
              1987.65,
              172.503256
            ],
            [
              1987.65,
              159.503256
            ],
            [
              1965.65,
              159.503256
            ],
            [
              1965.65,
              172.503256
            ]
          ]
        ]
      }
    },
    {
      "type": "Feature",
      "properties": {
        "id": "PLN-convexo-BX78",
        "tipo": "nicho",
        "zonaId": "PLN",
        "cara": "convexo",
        "fila": "BX",
        "numero": 78,
        "codigo": "BX78",
        "estatus_venta": "disponible",
        "estatus_ocupacion": "",
        "referencia_procap": "",
        "observaciones": "",
        "geometryType": "niches",
        "gridRow": 1,
        "gridColumn": 77
      },
      "geometry": {
        "type": "Polygon",
        "coordinates": [
          [
            [
              1991.1,
              172.503256
            ],
            [
              2013.1,
              172.503256
            ],
            [
              2013.1,
              159.503256
            ],
            [
              1991.1,
              159.503256
            ],
            [
              1991.1,
              172.503256
            ]
          ]
        ]
      }
    },
    {
      "type": "Feature",
      "properties": {
        "id": "PLN-convexo-BX79",
        "tipo": "nicho",
        "zonaId": "PLN",
        "cara": "convexo",
        "fila": "BX",
        "numero": 79,
        "codigo": "BX79",
        "estatus_venta": "disponible",
        "estatus_ocupacion": "",
        "referencia_procap": "",
        "observaciones": "",
        "geometryType": "niches",
        "gridRow": 1,
        "gridColumn": 78
      },
      "geometry": {
        "type": "Polygon",
        "coordinates": [
          [
            [
              2016.55,
              172.503256
            ],
            [
              2038.55,
              172.503256
            ],
            [
              2038.55,
              159.503256
            ],
            [
              2016.55,
              159.503256
            ],
            [
              2016.55,
              172.503256
            ]
          ]
        ]
      }
    },
    {
      "type": "Feature",
      "properties": {
        "id": "PLN-convexo-CX1",
        "tipo": "nicho",
        "zonaId": "PLN",
        "cara": "convexo",
        "fila": "CX",
        "numero": 1,
        "codigo": "CX1",
        "estatus_venta": "disponible",
        "estatus_ocupacion": "",
        "referencia_procap": "",
        "observaciones": "",
        "geometryType": "niches",
        "gridRow": 2,
        "gridColumn": 0
      },
      "geometry": {
        "type": "Polygon",
        "coordinates": [
          [
            [
              31.45,
              157.503256
            ],
            [
              53.45,
              157.503256
            ],
            [
              53.45,
              144.503256
            ],
            [
              31.45,
              144.503256
            ],
            [
              31.45,
              157.503256
            ]
          ]
        ]
      }
    },
    {
      "type": "Feature",
      "properties": {
        "id": "PLN-convexo-CX2",
        "tipo": "nicho",
        "zonaId": "PLN",
        "cara": "convexo",
        "fila": "CX",
        "numero": 2,
        "codigo": "CX2",
        "estatus_venta": "disponible",
        "estatus_ocupacion": "",
        "referencia_procap": "",
        "observaciones": "",
        "geometryType": "niches",
        "gridRow": 2,
        "gridColumn": 1
      },
      "geometry": {
        "type": "Polygon",
        "coordinates": [
          [
            [
              56.9,
              157.503256
            ],
            [
              78.9,
              157.503256
            ],
            [
              78.9,
              144.503256
            ],
            [
              56.9,
              144.503256
            ],
            [
              56.9,
              157.503256
            ]
          ]
        ]
      }
    },
    {
      "type": "Feature",
      "properties": {
        "id": "PLN-convexo-CX3",
        "tipo": "nicho",
        "zonaId": "PLN",
        "cara": "convexo",
        "fila": "CX",
        "numero": 3,
        "codigo": "CX3",
        "estatus_venta": "disponible",
        "estatus_ocupacion": "",
        "referencia_procap": "",
        "observaciones": "",
        "geometryType": "niches",
        "gridRow": 2,
        "gridColumn": 2
      },
      "geometry": {
        "type": "Polygon",
        "coordinates": [
          [
            [
              82.35,
              157.503256
            ],
            [
              104.35,
              157.503256
            ],
            [
              104.35,
              144.503256
            ],
            [
              82.35,
              144.503256
            ],
            [
              82.35,
              157.503256
            ]
          ]
        ]
      }
    },
    {
      "type": "Feature",
      "properties": {
        "id": "PLN-convexo-CX4",
        "tipo": "nicho",
        "zonaId": "PLN",
        "cara": "convexo",
        "fila": "CX",
        "numero": 4,
        "codigo": "CX4",
        "estatus_venta": "disponible",
        "estatus_ocupacion": "",
        "referencia_procap": "",
        "observaciones": "",
        "geometryType": "niches",
        "gridRow": 2,
        "gridColumn": 3
      },
      "geometry": {
        "type": "Polygon",
        "coordinates": [
          [
            [
              107.8,
              157.503256
            ],
            [
              129.8,
              157.503256
            ],
            [
              129.8,
              144.503256
            ],
            [
              107.8,
              144.503256
            ],
            [
              107.8,
              157.503256
            ]
          ]
        ]
      }
    },
    {
      "type": "Feature",
      "properties": {
        "id": "PLN-convexo-CX5",
        "tipo": "nicho",
        "zonaId": "PLN",
        "cara": "convexo",
        "fila": "CX",
        "numero": 5,
        "codigo": "CX5",
        "estatus_venta": "disponible",
        "estatus_ocupacion": "",
        "referencia_procap": "",
        "observaciones": "",
        "geometryType": "niches",
        "gridRow": 2,
        "gridColumn": 4
      },
      "geometry": {
        "type": "Polygon",
        "coordinates": [
          [
            [
              133.25,
              157.503256
            ],
            [
              155.25,
              157.503256
            ],
            [
              155.25,
              144.503256
            ],
            [
              133.25,
              144.503256
            ],
            [
              133.25,
              157.503256
            ]
          ]
        ]
      }
    },
    {
      "type": "Feature",
      "properties": {
        "id": "PLN-convexo-CX6",
        "tipo": "nicho",
        "zonaId": "PLN",
        "cara": "convexo",
        "fila": "CX",
        "numero": 6,
        "codigo": "CX6",
        "estatus_venta": "disponible",
        "estatus_ocupacion": "",
        "referencia_procap": "",
        "observaciones": "",
        "geometryType": "niches",
        "gridRow": 2,
        "gridColumn": 5
      },
      "geometry": {
        "type": "Polygon",
        "coordinates": [
          [
            [
              158.7,
              157.503256
            ],
            [
              180.7,
              157.503256
            ],
            [
              180.7,
              144.503256
            ],
            [
              158.7,
              144.503256
            ],
            [
              158.7,
              157.503256
            ]
          ]
        ]
      }
    },
    {
      "type": "Feature",
      "properties": {
        "id": "PLN-convexo-CX7",
        "tipo": "nicho",
        "zonaId": "PLN",
        "cara": "convexo",
        "fila": "CX",
        "numero": 7,
        "codigo": "CX7",
        "estatus_venta": "disponible",
        "estatus_ocupacion": "",
        "referencia_procap": "",
        "observaciones": "",
        "geometryType": "niches",
        "gridRow": 2,
        "gridColumn": 6
      },
      "geometry": {
        "type": "Polygon",
        "coordinates": [
          [
            [
              184.15,
              157.503256
            ],
            [
              206.15,
              157.503256
            ],
            [
              206.15,
              144.503256
            ],
            [
              184.15,
              144.503256
            ],
            [
              184.15,
              157.503256
            ]
          ]
        ]
      }
    },
    {
      "type": "Feature",
      "properties": {
        "id": "PLN-convexo-CX8",
        "tipo": "nicho",
        "zonaId": "PLN",
        "cara": "convexo",
        "fila": "CX",
        "numero": 8,
        "codigo": "CX8",
        "estatus_venta": "disponible",
        "estatus_ocupacion": "",
        "referencia_procap": "",
        "observaciones": "",
        "geometryType": "niches",
        "gridRow": 2,
        "gridColumn": 7
      },
      "geometry": {
        "type": "Polygon",
        "coordinates": [
          [
            [
              209.6,
              157.503256
            ],
            [
              231.6,
              157.503256
            ],
            [
              231.6,
              144.503256
            ],
            [
              209.6,
              144.503256
            ],
            [
              209.6,
              157.503256
            ]
          ]
        ]
      }
    },
    {
      "type": "Feature",
      "properties": {
        "id": "PLN-convexo-CX9",
        "tipo": "nicho",
        "zonaId": "PLN",
        "cara": "convexo",
        "fila": "CX",
        "numero": 9,
        "codigo": "CX9",
        "estatus_venta": "disponible",
        "estatus_ocupacion": "",
        "referencia_procap": "",
        "observaciones": "",
        "geometryType": "niches",
        "gridRow": 2,
        "gridColumn": 8
      },
      "geometry": {
        "type": "Polygon",
        "coordinates": [
          [
            [
              235.05,
              157.503256
            ],
            [
              257.05,
              157.503256
            ],
            [
              257.05,
              144.503256
            ],
            [
              235.05,
              144.503256
            ],
            [
              235.05,
              157.503256
            ]
          ]
        ]
      }
    },
    {
      "type": "Feature",
      "properties": {
        "id": "PLN-convexo-CX10",
        "tipo": "nicho",
        "zonaId": "PLN",
        "cara": "convexo",
        "fila": "CX",
        "numero": 10,
        "codigo": "CX10",
        "estatus_venta": "disponible",
        "estatus_ocupacion": "",
        "referencia_procap": "",
        "observaciones": "",
        "geometryType": "niches",
        "gridRow": 2,
        "gridColumn": 9
      },
      "geometry": {
        "type": "Polygon",
        "coordinates": [
          [
            [
              260.5,
              157.503256
            ],
            [
              282.5,
              157.503256
            ],
            [
              282.5,
              144.503256
            ],
            [
              260.5,
              144.503256
            ],
            [
              260.5,
              157.503256
            ]
          ]
        ]
      }
    },
    {
      "type": "Feature",
      "properties": {
        "id": "PLN-convexo-CX11",
        "tipo": "nicho",
        "zonaId": "PLN",
        "cara": "convexo",
        "fila": "CX",
        "numero": 11,
        "codigo": "CX11",
        "estatus_venta": "disponible",
        "estatus_ocupacion": "",
        "referencia_procap": "",
        "observaciones": "",
        "geometryType": "niches",
        "gridRow": 2,
        "gridColumn": 10
      },
      "geometry": {
        "type": "Polygon",
        "coordinates": [
          [
            [
              285.95,
              157.503256
            ],
            [
              307.95,
              157.503256
            ],
            [
              307.95,
              144.503256
            ],
            [
              285.95,
              144.503256
            ],
            [
              285.95,
              157.503256
            ]
          ]
        ]
      }
    },
    {
      "type": "Feature",
      "properties": {
        "id": "PLN-convexo-CX12",
        "tipo": "nicho",
        "zonaId": "PLN",
        "cara": "convexo",
        "fila": "CX",
        "numero": 12,
        "codigo": "CX12",
        "estatus_venta": "disponible",
        "estatus_ocupacion": "",
        "referencia_procap": "",
        "observaciones": "",
        "geometryType": "niches",
        "gridRow": 2,
        "gridColumn": 11
      },
      "geometry": {
        "type": "Polygon",
        "coordinates": [
          [
            [
              311.4,
              157.503256
            ],
            [
              333.4,
              157.503256
            ],
            [
              333.4,
              144.503256
            ],
            [
              311.4,
              144.503256
            ],
            [
              311.4,
              157.503256
            ]
          ]
        ]
      }
    },
    {
      "type": "Feature",
      "properties": {
        "id": "PLN-convexo-CX13",
        "tipo": "nicho",
        "zonaId": "PLN",
        "cara": "convexo",
        "fila": "CX",
        "numero": 13,
        "codigo": "CX13",
        "estatus_venta": "disponible",
        "estatus_ocupacion": "",
        "referencia_procap": "",
        "observaciones": "",
        "geometryType": "niches",
        "gridRow": 2,
        "gridColumn": 12
      },
      "geometry": {
        "type": "Polygon",
        "coordinates": [
          [
            [
              336.85,
              157.503256
            ],
            [
              358.85,
              157.503256
            ],
            [
              358.85,
              144.503256
            ],
            [
              336.85,
              144.503256
            ],
            [
              336.85,
              157.503256
            ]
          ]
        ]
      }
    },
    {
      "type": "Feature",
      "properties": {
        "id": "PLN-convexo-CX14",
        "tipo": "nicho",
        "zonaId": "PLN",
        "cara": "convexo",
        "fila": "CX",
        "numero": 14,
        "codigo": "CX14",
        "estatus_venta": "disponible",
        "estatus_ocupacion": "",
        "referencia_procap": "",
        "observaciones": "",
        "geometryType": "niches",
        "gridRow": 2,
        "gridColumn": 13
      },
      "geometry": {
        "type": "Polygon",
        "coordinates": [
          [
            [
              362.3,
              157.503256
            ],
            [
              384.3,
              157.503256
            ],
            [
              384.3,
              144.503256
            ],
            [
              362.3,
              144.503256
            ],
            [
              362.3,
              157.503256
            ]
          ]
        ]
      }
    },
    {
      "type": "Feature",
      "properties": {
        "id": "PLN-convexo-CX15",
        "tipo": "nicho",
        "zonaId": "PLN",
        "cara": "convexo",
        "fila": "CX",
        "numero": 15,
        "codigo": "CX15",
        "estatus_venta": "disponible",
        "estatus_ocupacion": "",
        "referencia_procap": "",
        "observaciones": "",
        "geometryType": "niches",
        "gridRow": 2,
        "gridColumn": 14
      },
      "geometry": {
        "type": "Polygon",
        "coordinates": [
          [
            [
              387.75,
              157.503256
            ],
            [
              409.75,
              157.503256
            ],
            [
              409.75,
              144.503256
            ],
            [
              387.75,
              144.503256
            ],
            [
              387.75,
              157.503256
            ]
          ]
        ]
      }
    },
    {
      "type": "Feature",
      "properties": {
        "id": "PLN-convexo-CX16",
        "tipo": "nicho",
        "zonaId": "PLN",
        "cara": "convexo",
        "fila": "CX",
        "numero": 16,
        "codigo": "CX16",
        "estatus_venta": "disponible",
        "estatus_ocupacion": "",
        "referencia_procap": "",
        "observaciones": "",
        "geometryType": "niches",
        "gridRow": 2,
        "gridColumn": 15
      },
      "geometry": {
        "type": "Polygon",
        "coordinates": [
          [
            [
              413.2,
              157.503256
            ],
            [
              435.2,
              157.503256
            ],
            [
              435.2,
              144.503256
            ],
            [
              413.2,
              144.503256
            ],
            [
              413.2,
              157.503256
            ]
          ]
        ]
      }
    },
    {
      "type": "Feature",
      "properties": {
        "id": "PLN-convexo-CX17",
        "tipo": "nicho",
        "zonaId": "PLN",
        "cara": "convexo",
        "fila": "CX",
        "numero": 17,
        "codigo": "CX17",
        "estatus_venta": "disponible",
        "estatus_ocupacion": "",
        "referencia_procap": "",
        "observaciones": "",
        "geometryType": "niches",
        "gridRow": 2,
        "gridColumn": 16
      },
      "geometry": {
        "type": "Polygon",
        "coordinates": [
          [
            [
              438.65,
              157.503256
            ],
            [
              460.65,
              157.503256
            ],
            [
              460.65,
              144.503256
            ],
            [
              438.65,
              144.503256
            ],
            [
              438.65,
              157.503256
            ]
          ]
        ]
      }
    },
    {
      "type": "Feature",
      "properties": {
        "id": "PLN-convexo-CX18",
        "tipo": "nicho",
        "zonaId": "PLN",
        "cara": "convexo",
        "fila": "CX",
        "numero": 18,
        "codigo": "CX18",
        "estatus_venta": "disponible",
        "estatus_ocupacion": "",
        "referencia_procap": "",
        "observaciones": "",
        "geometryType": "niches",
        "gridRow": 2,
        "gridColumn": 17
      },
      "geometry": {
        "type": "Polygon",
        "coordinates": [
          [
            [
              464.1,
              157.503256
            ],
            [
              486.1,
              157.503256
            ],
            [
              486.1,
              144.503256
            ],
            [
              464.1,
              144.503256
            ],
            [
              464.1,
              157.503256
            ]
          ]
        ]
      }
    },
    {
      "type": "Feature",
      "properties": {
        "id": "PLN-convexo-CX19",
        "tipo": "nicho",
        "zonaId": "PLN",
        "cara": "convexo",
        "fila": "CX",
        "numero": 19,
        "codigo": "CX19",
        "estatus_venta": "disponible",
        "estatus_ocupacion": "",
        "referencia_procap": "",
        "observaciones": "",
        "geometryType": "niches",
        "gridRow": 2,
        "gridColumn": 18
      },
      "geometry": {
        "type": "Polygon",
        "coordinates": [
          [
            [
              489.55,
              157.503256
            ],
            [
              511.55,
              157.503256
            ],
            [
              511.55,
              144.503256
            ],
            [
              489.55,
              144.503256
            ],
            [
              489.55,
              157.503256
            ]
          ]
        ]
      }
    },
    {
      "type": "Feature",
      "properties": {
        "id": "PLN-convexo-CX20",
        "tipo": "nicho",
        "zonaId": "PLN",
        "cara": "convexo",
        "fila": "CX",
        "numero": 20,
        "codigo": "CX20",
        "estatus_venta": "disponible",
        "estatus_ocupacion": "",
        "referencia_procap": "",
        "observaciones": "",
        "geometryType": "niches",
        "gridRow": 2,
        "gridColumn": 19
      },
      "geometry": {
        "type": "Polygon",
        "coordinates": [
          [
            [
              515,
              157.503256
            ],
            [
              537,
              157.503256
            ],
            [
              537,
              144.503256
            ],
            [
              515,
              144.503256
            ],
            [
              515,
              157.503256
            ]
          ]
        ]
      }
    },
    {
      "type": "Feature",
      "properties": {
        "id": "PLN-convexo-CX21",
        "tipo": "nicho",
        "zonaId": "PLN",
        "cara": "convexo",
        "fila": "CX",
        "numero": 21,
        "codigo": "CX21",
        "estatus_venta": "disponible",
        "estatus_ocupacion": "",
        "referencia_procap": "",
        "observaciones": "",
        "geometryType": "niches",
        "gridRow": 2,
        "gridColumn": 20
      },
      "geometry": {
        "type": "Polygon",
        "coordinates": [
          [
            [
              540.45,
              157.503256
            ],
            [
              562.45,
              157.503256
            ],
            [
              562.45,
              144.503256
            ],
            [
              540.45,
              144.503256
            ],
            [
              540.45,
              157.503256
            ]
          ]
        ]
      }
    },
    {
      "type": "Feature",
      "properties": {
        "id": "PLN-convexo-CX22",
        "tipo": "nicho",
        "zonaId": "PLN",
        "cara": "convexo",
        "fila": "CX",
        "numero": 22,
        "codigo": "CX22",
        "estatus_venta": "disponible",
        "estatus_ocupacion": "",
        "referencia_procap": "",
        "observaciones": "",
        "geometryType": "niches",
        "gridRow": 2,
        "gridColumn": 21
      },
      "geometry": {
        "type": "Polygon",
        "coordinates": [
          [
            [
              565.9,
              157.503256
            ],
            [
              587.9,
              157.503256
            ],
            [
              587.9,
              144.503256
            ],
            [
              565.9,
              144.503256
            ],
            [
              565.9,
              157.503256
            ]
          ]
        ]
      }
    },
    {
      "type": "Feature",
      "properties": {
        "id": "PLN-convexo-CX23",
        "tipo": "nicho",
        "zonaId": "PLN",
        "cara": "convexo",
        "fila": "CX",
        "numero": 23,
        "codigo": "CX23",
        "estatus_venta": "disponible",
        "estatus_ocupacion": "",
        "referencia_procap": "",
        "observaciones": "",
        "geometryType": "niches",
        "gridRow": 2,
        "gridColumn": 22
      },
      "geometry": {
        "type": "Polygon",
        "coordinates": [
          [
            [
              591.35,
              157.503256
            ],
            [
              613.35,
              157.503256
            ],
            [
              613.35,
              144.503256
            ],
            [
              591.35,
              144.503256
            ],
            [
              591.35,
              157.503256
            ]
          ]
        ]
      }
    },
    {
      "type": "Feature",
      "properties": {
        "id": "PLN-convexo-CX24",
        "tipo": "nicho",
        "zonaId": "PLN",
        "cara": "convexo",
        "fila": "CX",
        "numero": 24,
        "codigo": "CX24",
        "estatus_venta": "disponible",
        "estatus_ocupacion": "",
        "referencia_procap": "",
        "observaciones": "",
        "geometryType": "niches",
        "gridRow": 2,
        "gridColumn": 23
      },
      "geometry": {
        "type": "Polygon",
        "coordinates": [
          [
            [
              616.8,
              157.503256
            ],
            [
              638.8,
              157.503256
            ],
            [
              638.8,
              144.503256
            ],
            [
              616.8,
              144.503256
            ],
            [
              616.8,
              157.503256
            ]
          ]
        ]
      }
    },
    {
      "type": "Feature",
      "properties": {
        "id": "PLN-convexo-CX25",
        "tipo": "nicho",
        "zonaId": "PLN",
        "cara": "convexo",
        "fila": "CX",
        "numero": 25,
        "codigo": "CX25",
        "estatus_venta": "disponible",
        "estatus_ocupacion": "",
        "referencia_procap": "",
        "observaciones": "",
        "geometryType": "niches",
        "gridRow": 2,
        "gridColumn": 24
      },
      "geometry": {
        "type": "Polygon",
        "coordinates": [
          [
            [
              642.25,
              157.503256
            ],
            [
              664.25,
              157.503256
            ],
            [
              664.25,
              144.503256
            ],
            [
              642.25,
              144.503256
            ],
            [
              642.25,
              157.503256
            ]
          ]
        ]
      }
    },
    {
      "type": "Feature",
      "properties": {
        "id": "PLN-convexo-CX26",
        "tipo": "nicho",
        "zonaId": "PLN",
        "cara": "convexo",
        "fila": "CX",
        "numero": 26,
        "codigo": "CX26",
        "estatus_venta": "disponible",
        "estatus_ocupacion": "",
        "referencia_procap": "",
        "observaciones": "",
        "geometryType": "niches",
        "gridRow": 2,
        "gridColumn": 25
      },
      "geometry": {
        "type": "Polygon",
        "coordinates": [
          [
            [
              667.7,
              157.503256
            ],
            [
              689.7,
              157.503256
            ],
            [
              689.7,
              144.503256
            ],
            [
              667.7,
              144.503256
            ],
            [
              667.7,
              157.503256
            ]
          ]
        ]
      }
    },
    {
      "type": "Feature",
      "properties": {
        "id": "PLN-convexo-CX27",
        "tipo": "nicho",
        "zonaId": "PLN",
        "cara": "convexo",
        "fila": "CX",
        "numero": 27,
        "codigo": "CX27",
        "estatus_venta": "disponible",
        "estatus_ocupacion": "",
        "referencia_procap": "",
        "observaciones": "",
        "geometryType": "niches",
        "gridRow": 2,
        "gridColumn": 26
      },
      "geometry": {
        "type": "Polygon",
        "coordinates": [
          [
            [
              693.15,
              157.503256
            ],
            [
              715.15,
              157.503256
            ],
            [
              715.15,
              144.503256
            ],
            [
              693.15,
              144.503256
            ],
            [
              693.15,
              157.503256
            ]
          ]
        ]
      }
    },
    {
      "type": "Feature",
      "properties": {
        "id": "PLN-convexo-CX28",
        "tipo": "nicho",
        "zonaId": "PLN",
        "cara": "convexo",
        "fila": "CX",
        "numero": 28,
        "codigo": "CX28",
        "estatus_venta": "disponible",
        "estatus_ocupacion": "",
        "referencia_procap": "",
        "observaciones": "",
        "geometryType": "niches",
        "gridRow": 2,
        "gridColumn": 27
      },
      "geometry": {
        "type": "Polygon",
        "coordinates": [
          [
            [
              718.6,
              157.503256
            ],
            [
              740.6,
              157.503256
            ],
            [
              740.6,
              144.503256
            ],
            [
              718.6,
              144.503256
            ],
            [
              718.6,
              157.503256
            ]
          ]
        ]
      }
    },
    {
      "type": "Feature",
      "properties": {
        "id": "PLN-convexo-CX29",
        "tipo": "nicho",
        "zonaId": "PLN",
        "cara": "convexo",
        "fila": "CX",
        "numero": 29,
        "codigo": "CX29",
        "estatus_venta": "disponible",
        "estatus_ocupacion": "",
        "referencia_procap": "",
        "observaciones": "",
        "geometryType": "niches",
        "gridRow": 2,
        "gridColumn": 28
      },
      "geometry": {
        "type": "Polygon",
        "coordinates": [
          [
            [
              744.05,
              157.503256
            ],
            [
              766.05,
              157.503256
            ],
            [
              766.05,
              144.503256
            ],
            [
              744.05,
              144.503256
            ],
            [
              744.05,
              157.503256
            ]
          ]
        ]
      }
    },
    {
      "type": "Feature",
      "properties": {
        "id": "PLN-convexo-CX30",
        "tipo": "nicho",
        "zonaId": "PLN",
        "cara": "convexo",
        "fila": "CX",
        "numero": 30,
        "codigo": "CX30",
        "estatus_venta": "disponible",
        "estatus_ocupacion": "",
        "referencia_procap": "",
        "observaciones": "",
        "geometryType": "niches",
        "gridRow": 2,
        "gridColumn": 29
      },
      "geometry": {
        "type": "Polygon",
        "coordinates": [
          [
            [
              769.5,
              157.503256
            ],
            [
              791.5,
              157.503256
            ],
            [
              791.5,
              144.503256
            ],
            [
              769.5,
              144.503256
            ],
            [
              769.5,
              157.503256
            ]
          ]
        ]
      }
    },
    {
      "type": "Feature",
      "properties": {
        "id": "PLN-convexo-CX31",
        "tipo": "nicho",
        "zonaId": "PLN",
        "cara": "convexo",
        "fila": "CX",
        "numero": 31,
        "codigo": "CX31",
        "estatus_venta": "disponible",
        "estatus_ocupacion": "",
        "referencia_procap": "",
        "observaciones": "",
        "geometryType": "niches",
        "gridRow": 2,
        "gridColumn": 30
      },
      "geometry": {
        "type": "Polygon",
        "coordinates": [
          [
            [
              794.95,
              157.503256
            ],
            [
              816.95,
              157.503256
            ],
            [
              816.95,
              144.503256
            ],
            [
              794.95,
              144.503256
            ],
            [
              794.95,
              157.503256
            ]
          ]
        ]
      }
    },
    {
      "type": "Feature",
      "properties": {
        "id": "PLN-convexo-CX32",
        "tipo": "nicho",
        "zonaId": "PLN",
        "cara": "convexo",
        "fila": "CX",
        "numero": 32,
        "codigo": "CX32",
        "estatus_venta": "disponible",
        "estatus_ocupacion": "",
        "referencia_procap": "",
        "observaciones": "",
        "geometryType": "niches",
        "gridRow": 2,
        "gridColumn": 31
      },
      "geometry": {
        "type": "Polygon",
        "coordinates": [
          [
            [
              820.4,
              157.503256
            ],
            [
              842.4,
              157.503256
            ],
            [
              842.4,
              144.503256
            ],
            [
              820.4,
              144.503256
            ],
            [
              820.4,
              157.503256
            ]
          ]
        ]
      }
    },
    {
      "type": "Feature",
      "properties": {
        "id": "PLN-convexo-CX33",
        "tipo": "nicho",
        "zonaId": "PLN",
        "cara": "convexo",
        "fila": "CX",
        "numero": 33,
        "codigo": "CX33",
        "estatus_venta": "disponible",
        "estatus_ocupacion": "",
        "referencia_procap": "",
        "observaciones": "",
        "geometryType": "niches",
        "gridRow": 2,
        "gridColumn": 32
      },
      "geometry": {
        "type": "Polygon",
        "coordinates": [
          [
            [
              845.85,
              157.503256
            ],
            [
              867.85,
              157.503256
            ],
            [
              867.85,
              144.503256
            ],
            [
              845.85,
              144.503256
            ],
            [
              845.85,
              157.503256
            ]
          ]
        ]
      }
    },
    {
      "type": "Feature",
      "properties": {
        "id": "PLN-convexo-CX34",
        "tipo": "nicho",
        "zonaId": "PLN",
        "cara": "convexo",
        "fila": "CX",
        "numero": 34,
        "codigo": "CX34",
        "estatus_venta": "disponible",
        "estatus_ocupacion": "",
        "referencia_procap": "",
        "observaciones": "",
        "geometryType": "niches",
        "gridRow": 2,
        "gridColumn": 33
      },
      "geometry": {
        "type": "Polygon",
        "coordinates": [
          [
            [
              871.3,
              157.503256
            ],
            [
              893.3,
              157.503256
            ],
            [
              893.3,
              144.503256
            ],
            [
              871.3,
              144.503256
            ],
            [
              871.3,
              157.503256
            ]
          ]
        ]
      }
    },
    {
      "type": "Feature",
      "properties": {
        "id": "PLN-convexo-CX35",
        "tipo": "nicho",
        "zonaId": "PLN",
        "cara": "convexo",
        "fila": "CX",
        "numero": 35,
        "codigo": "CX35",
        "estatus_venta": "disponible",
        "estatus_ocupacion": "",
        "referencia_procap": "",
        "observaciones": "",
        "geometryType": "niches",
        "gridRow": 2,
        "gridColumn": 34
      },
      "geometry": {
        "type": "Polygon",
        "coordinates": [
          [
            [
              896.75,
              157.503256
            ],
            [
              918.75,
              157.503256
            ],
            [
              918.75,
              144.503256
            ],
            [
              896.75,
              144.503256
            ],
            [
              896.75,
              157.503256
            ]
          ]
        ]
      }
    },
    {
      "type": "Feature",
      "properties": {
        "id": "PLN-convexo-CX36",
        "tipo": "nicho",
        "zonaId": "PLN",
        "cara": "convexo",
        "fila": "CX",
        "numero": 36,
        "codigo": "CX36",
        "estatus_venta": "disponible",
        "estatus_ocupacion": "",
        "referencia_procap": "",
        "observaciones": "",
        "geometryType": "niches",
        "gridRow": 2,
        "gridColumn": 35
      },
      "geometry": {
        "type": "Polygon",
        "coordinates": [
          [
            [
              922.2,
              157.503256
            ],
            [
              944.2,
              157.503256
            ],
            [
              944.2,
              144.503256
            ],
            [
              922.2,
              144.503256
            ],
            [
              922.2,
              157.503256
            ]
          ]
        ]
      }
    },
    {
      "type": "Feature",
      "properties": {
        "id": "PLN-convexo-CX37",
        "tipo": "nicho",
        "zonaId": "PLN",
        "cara": "convexo",
        "fila": "CX",
        "numero": 37,
        "codigo": "CX37",
        "estatus_venta": "disponible",
        "estatus_ocupacion": "",
        "referencia_procap": "",
        "observaciones": "",
        "geometryType": "niches",
        "gridRow": 2,
        "gridColumn": 36
      },
      "geometry": {
        "type": "Polygon",
        "coordinates": [
          [
            [
              947.65,
              157.503256
            ],
            [
              969.65,
              157.503256
            ],
            [
              969.65,
              144.503256
            ],
            [
              947.65,
              144.503256
            ],
            [
              947.65,
              157.503256
            ]
          ]
        ]
      }
    },
    {
      "type": "Feature",
      "properties": {
        "id": "PLN-convexo-CX38",
        "tipo": "nicho",
        "zonaId": "PLN",
        "cara": "convexo",
        "fila": "CX",
        "numero": 38,
        "codigo": "CX38",
        "estatus_venta": "disponible",
        "estatus_ocupacion": "",
        "referencia_procap": "",
        "observaciones": "",
        "geometryType": "niches",
        "gridRow": 2,
        "gridColumn": 37
      },
      "geometry": {
        "type": "Polygon",
        "coordinates": [
          [
            [
              973.1,
              157.503256
            ],
            [
              995.1,
              157.503256
            ],
            [
              995.1,
              144.503256
            ],
            [
              973.1,
              144.503256
            ],
            [
              973.1,
              157.503256
            ]
          ]
        ]
      }
    },
    {
      "type": "Feature",
      "properties": {
        "id": "PLN-convexo-CX39",
        "tipo": "nicho",
        "zonaId": "PLN",
        "cara": "convexo",
        "fila": "CX",
        "numero": 39,
        "codigo": "CX39",
        "estatus_venta": "disponible",
        "estatus_ocupacion": "",
        "referencia_procap": "",
        "observaciones": "",
        "geometryType": "niches",
        "gridRow": 2,
        "gridColumn": 38
      },
      "geometry": {
        "type": "Polygon",
        "coordinates": [
          [
            [
              998.55,
              157.503256
            ],
            [
              1020.55,
              157.503256
            ],
            [
              1020.55,
              144.503256
            ],
            [
              998.55,
              144.503256
            ],
            [
              998.55,
              157.503256
            ]
          ]
        ]
      }
    },
    {
      "type": "Feature",
      "properties": {
        "id": "PLN-convexo-CX40",
        "tipo": "nicho",
        "zonaId": "PLN",
        "cara": "convexo",
        "fila": "CX",
        "numero": 40,
        "codigo": "CX40",
        "estatus_venta": "disponible",
        "estatus_ocupacion": "",
        "referencia_procap": "",
        "observaciones": "",
        "geometryType": "niches",
        "gridRow": 2,
        "gridColumn": 39
      },
      "geometry": {
        "type": "Polygon",
        "coordinates": [
          [
            [
              1024,
              157.503256
            ],
            [
              1046,
              157.503256
            ],
            [
              1046,
              144.503256
            ],
            [
              1024,
              144.503256
            ],
            [
              1024,
              157.503256
            ]
          ]
        ]
      }
    },
    {
      "type": "Feature",
      "properties": {
        "id": "PLN-convexo-CX41",
        "tipo": "nicho",
        "zonaId": "PLN",
        "cara": "convexo",
        "fila": "CX",
        "numero": 41,
        "codigo": "CX41",
        "estatus_venta": "disponible",
        "estatus_ocupacion": "",
        "referencia_procap": "",
        "observaciones": "",
        "geometryType": "niches",
        "gridRow": 2,
        "gridColumn": 40
      },
      "geometry": {
        "type": "Polygon",
        "coordinates": [
          [
            [
              1049.45,
              157.503256
            ],
            [
              1071.45,
              157.503256
            ],
            [
              1071.45,
              144.503256
            ],
            [
              1049.45,
              144.503256
            ],
            [
              1049.45,
              157.503256
            ]
          ]
        ]
      }
    },
    {
      "type": "Feature",
      "properties": {
        "id": "PLN-convexo-CX42",
        "tipo": "nicho",
        "zonaId": "PLN",
        "cara": "convexo",
        "fila": "CX",
        "numero": 42,
        "codigo": "CX42",
        "estatus_venta": "disponible",
        "estatus_ocupacion": "",
        "referencia_procap": "",
        "observaciones": "",
        "geometryType": "niches",
        "gridRow": 2,
        "gridColumn": 41
      },
      "geometry": {
        "type": "Polygon",
        "coordinates": [
          [
            [
              1074.9,
              157.503256
            ],
            [
              1096.9,
              157.503256
            ],
            [
              1096.9,
              144.503256
            ],
            [
              1074.9,
              144.503256
            ],
            [
              1074.9,
              157.503256
            ]
          ]
        ]
      }
    },
    {
      "type": "Feature",
      "properties": {
        "id": "PLN-convexo-CX43",
        "tipo": "nicho",
        "zonaId": "PLN",
        "cara": "convexo",
        "fila": "CX",
        "numero": 43,
        "codigo": "CX43",
        "estatus_venta": "disponible",
        "estatus_ocupacion": "",
        "referencia_procap": "",
        "observaciones": "",
        "geometryType": "niches",
        "gridRow": 2,
        "gridColumn": 42
      },
      "geometry": {
        "type": "Polygon",
        "coordinates": [
          [
            [
              1100.35,
              157.503256
            ],
            [
              1122.35,
              157.503256
            ],
            [
              1122.35,
              144.503256
            ],
            [
              1100.35,
              144.503256
            ],
            [
              1100.35,
              157.503256
            ]
          ]
        ]
      }
    },
    {
      "type": "Feature",
      "properties": {
        "id": "PLN-convexo-CX44",
        "tipo": "nicho",
        "zonaId": "PLN",
        "cara": "convexo",
        "fila": "CX",
        "numero": 44,
        "codigo": "CX44",
        "estatus_venta": "disponible",
        "estatus_ocupacion": "",
        "referencia_procap": "",
        "observaciones": "",
        "geometryType": "niches",
        "gridRow": 2,
        "gridColumn": 43
      },
      "geometry": {
        "type": "Polygon",
        "coordinates": [
          [
            [
              1125.8,
              157.503256
            ],
            [
              1147.8,
              157.503256
            ],
            [
              1147.8,
              144.503256
            ],
            [
              1125.8,
              144.503256
            ],
            [
              1125.8,
              157.503256
            ]
          ]
        ]
      }
    },
    {
      "type": "Feature",
      "properties": {
        "id": "PLN-convexo-CX45",
        "tipo": "nicho",
        "zonaId": "PLN",
        "cara": "convexo",
        "fila": "CX",
        "numero": 45,
        "codigo": "CX45",
        "estatus_venta": "disponible",
        "estatus_ocupacion": "",
        "referencia_procap": "",
        "observaciones": "",
        "geometryType": "niches",
        "gridRow": 2,
        "gridColumn": 44
      },
      "geometry": {
        "type": "Polygon",
        "coordinates": [
          [
            [
              1151.25,
              157.503256
            ],
            [
              1173.25,
              157.503256
            ],
            [
              1173.25,
              144.503256
            ],
            [
              1151.25,
              144.503256
            ],
            [
              1151.25,
              157.503256
            ]
          ]
        ]
      }
    },
    {
      "type": "Feature",
      "properties": {
        "id": "PLN-convexo-CX46",
        "tipo": "nicho",
        "zonaId": "PLN",
        "cara": "convexo",
        "fila": "CX",
        "numero": 46,
        "codigo": "CX46",
        "estatus_venta": "disponible",
        "estatus_ocupacion": "",
        "referencia_procap": "",
        "observaciones": "",
        "geometryType": "niches",
        "gridRow": 2,
        "gridColumn": 45
      },
      "geometry": {
        "type": "Polygon",
        "coordinates": [
          [
            [
              1176.7,
              157.503256
            ],
            [
              1198.7,
              157.503256
            ],
            [
              1198.7,
              144.503256
            ],
            [
              1176.7,
              144.503256
            ],
            [
              1176.7,
              157.503256
            ]
          ]
        ]
      }
    },
    {
      "type": "Feature",
      "properties": {
        "id": "PLN-convexo-CX47",
        "tipo": "nicho",
        "zonaId": "PLN",
        "cara": "convexo",
        "fila": "CX",
        "numero": 47,
        "codigo": "CX47",
        "estatus_venta": "disponible",
        "estatus_ocupacion": "",
        "referencia_procap": "",
        "observaciones": "",
        "geometryType": "niches",
        "gridRow": 2,
        "gridColumn": 46
      },
      "geometry": {
        "type": "Polygon",
        "coordinates": [
          [
            [
              1202.15,
              157.503256
            ],
            [
              1224.15,
              157.503256
            ],
            [
              1224.15,
              144.503256
            ],
            [
              1202.15,
              144.503256
            ],
            [
              1202.15,
              157.503256
            ]
          ]
        ]
      }
    },
    {
      "type": "Feature",
      "properties": {
        "id": "PLN-convexo-CX48",
        "tipo": "nicho",
        "zonaId": "PLN",
        "cara": "convexo",
        "fila": "CX",
        "numero": 48,
        "codigo": "CX48",
        "estatus_venta": "disponible",
        "estatus_ocupacion": "",
        "referencia_procap": "",
        "observaciones": "",
        "geometryType": "niches",
        "gridRow": 2,
        "gridColumn": 47
      },
      "geometry": {
        "type": "Polygon",
        "coordinates": [
          [
            [
              1227.6,
              157.503256
            ],
            [
              1249.6,
              157.503256
            ],
            [
              1249.6,
              144.503256
            ],
            [
              1227.6,
              144.503256
            ],
            [
              1227.6,
              157.503256
            ]
          ]
        ]
      }
    },
    {
      "type": "Feature",
      "properties": {
        "id": "PLN-convexo-CX49",
        "tipo": "nicho",
        "zonaId": "PLN",
        "cara": "convexo",
        "fila": "CX",
        "numero": 49,
        "codigo": "CX49",
        "estatus_venta": "disponible",
        "estatus_ocupacion": "",
        "referencia_procap": "",
        "observaciones": "",
        "geometryType": "niches",
        "gridRow": 2,
        "gridColumn": 48
      },
      "geometry": {
        "type": "Polygon",
        "coordinates": [
          [
            [
              1253.05,
              157.503256
            ],
            [
              1275.05,
              157.503256
            ],
            [
              1275.05,
              144.503256
            ],
            [
              1253.05,
              144.503256
            ],
            [
              1253.05,
              157.503256
            ]
          ]
        ]
      }
    },
    {
      "type": "Feature",
      "properties": {
        "id": "PLN-convexo-CX50",
        "tipo": "nicho",
        "zonaId": "PLN",
        "cara": "convexo",
        "fila": "CX",
        "numero": 50,
        "codigo": "CX50",
        "estatus_venta": "disponible",
        "estatus_ocupacion": "",
        "referencia_procap": "",
        "observaciones": "",
        "geometryType": "niches",
        "gridRow": 2,
        "gridColumn": 49
      },
      "geometry": {
        "type": "Polygon",
        "coordinates": [
          [
            [
              1278.5,
              157.503256
            ],
            [
              1300.5,
              157.503256
            ],
            [
              1300.5,
              144.503256
            ],
            [
              1278.5,
              144.503256
            ],
            [
              1278.5,
              157.503256
            ]
          ]
        ]
      }
    },
    {
      "type": "Feature",
      "properties": {
        "id": "PLN-convexo-CX51",
        "tipo": "nicho",
        "zonaId": "PLN",
        "cara": "convexo",
        "fila": "CX",
        "numero": 51,
        "codigo": "CX51",
        "estatus_venta": "disponible",
        "estatus_ocupacion": "",
        "referencia_procap": "",
        "observaciones": "",
        "geometryType": "niches",
        "gridRow": 2,
        "gridColumn": 50
      },
      "geometry": {
        "type": "Polygon",
        "coordinates": [
          [
            [
              1303.95,
              157.503256
            ],
            [
              1325.95,
              157.503256
            ],
            [
              1325.95,
              144.503256
            ],
            [
              1303.95,
              144.503256
            ],
            [
              1303.95,
              157.503256
            ]
          ]
        ]
      }
    },
    {
      "type": "Feature",
      "properties": {
        "id": "PLN-convexo-CX52",
        "tipo": "nicho",
        "zonaId": "PLN",
        "cara": "convexo",
        "fila": "CX",
        "numero": 52,
        "codigo": "CX52",
        "estatus_venta": "disponible",
        "estatus_ocupacion": "",
        "referencia_procap": "",
        "observaciones": "",
        "geometryType": "niches",
        "gridRow": 2,
        "gridColumn": 51
      },
      "geometry": {
        "type": "Polygon",
        "coordinates": [
          [
            [
              1329.4,
              157.503256
            ],
            [
              1351.4,
              157.503256
            ],
            [
              1351.4,
              144.503256
            ],
            [
              1329.4,
              144.503256
            ],
            [
              1329.4,
              157.503256
            ]
          ]
        ]
      }
    },
    {
      "type": "Feature",
      "properties": {
        "id": "PLN-convexo-CX53",
        "tipo": "nicho",
        "zonaId": "PLN",
        "cara": "convexo",
        "fila": "CX",
        "numero": 53,
        "codigo": "CX53",
        "estatus_venta": "disponible",
        "estatus_ocupacion": "",
        "referencia_procap": "",
        "observaciones": "",
        "geometryType": "niches",
        "gridRow": 2,
        "gridColumn": 52
      },
      "geometry": {
        "type": "Polygon",
        "coordinates": [
          [
            [
              1354.85,
              157.503256
            ],
            [
              1376.85,
              157.503256
            ],
            [
              1376.85,
              144.503256
            ],
            [
              1354.85,
              144.503256
            ],
            [
              1354.85,
              157.503256
            ]
          ]
        ]
      }
    },
    {
      "type": "Feature",
      "properties": {
        "id": "PLN-convexo-CX54",
        "tipo": "nicho",
        "zonaId": "PLN",
        "cara": "convexo",
        "fila": "CX",
        "numero": 54,
        "codigo": "CX54",
        "estatus_venta": "disponible",
        "estatus_ocupacion": "",
        "referencia_procap": "",
        "observaciones": "",
        "geometryType": "niches",
        "gridRow": 2,
        "gridColumn": 53
      },
      "geometry": {
        "type": "Polygon",
        "coordinates": [
          [
            [
              1380.3,
              157.503256
            ],
            [
              1402.3,
              157.503256
            ],
            [
              1402.3,
              144.503256
            ],
            [
              1380.3,
              144.503256
            ],
            [
              1380.3,
              157.503256
            ]
          ]
        ]
      }
    },
    {
      "type": "Feature",
      "properties": {
        "id": "PLN-convexo-CX55",
        "tipo": "nicho",
        "zonaId": "PLN",
        "cara": "convexo",
        "fila": "CX",
        "numero": 55,
        "codigo": "CX55",
        "estatus_venta": "disponible",
        "estatus_ocupacion": "",
        "referencia_procap": "",
        "observaciones": "",
        "geometryType": "niches",
        "gridRow": 2,
        "gridColumn": 54
      },
      "geometry": {
        "type": "Polygon",
        "coordinates": [
          [
            [
              1405.75,
              157.503256
            ],
            [
              1427.75,
              157.503256
            ],
            [
              1427.75,
              144.503256
            ],
            [
              1405.75,
              144.503256
            ],
            [
              1405.75,
              157.503256
            ]
          ]
        ]
      }
    },
    {
      "type": "Feature",
      "properties": {
        "id": "PLN-convexo-CX56",
        "tipo": "nicho",
        "zonaId": "PLN",
        "cara": "convexo",
        "fila": "CX",
        "numero": 56,
        "codigo": "CX56",
        "estatus_venta": "disponible",
        "estatus_ocupacion": "",
        "referencia_procap": "",
        "observaciones": "",
        "geometryType": "niches",
        "gridRow": 2,
        "gridColumn": 55
      },
      "geometry": {
        "type": "Polygon",
        "coordinates": [
          [
            [
              1431.2,
              157.503256
            ],
            [
              1453.2,
              157.503256
            ],
            [
              1453.2,
              144.503256
            ],
            [
              1431.2,
              144.503256
            ],
            [
              1431.2,
              157.503256
            ]
          ]
        ]
      }
    },
    {
      "type": "Feature",
      "properties": {
        "id": "PLN-convexo-CX57",
        "tipo": "nicho",
        "zonaId": "PLN",
        "cara": "convexo",
        "fila": "CX",
        "numero": 57,
        "codigo": "CX57",
        "estatus_venta": "disponible",
        "estatus_ocupacion": "",
        "referencia_procap": "",
        "observaciones": "",
        "geometryType": "niches",
        "gridRow": 2,
        "gridColumn": 56
      },
      "geometry": {
        "type": "Polygon",
        "coordinates": [
          [
            [
              1456.65,
              157.503256
            ],
            [
              1478.65,
              157.503256
            ],
            [
              1478.65,
              144.503256
            ],
            [
              1456.65,
              144.503256
            ],
            [
              1456.65,
              157.503256
            ]
          ]
        ]
      }
    },
    {
      "type": "Feature",
      "properties": {
        "id": "PLN-convexo-CX58",
        "tipo": "nicho",
        "zonaId": "PLN",
        "cara": "convexo",
        "fila": "CX",
        "numero": 58,
        "codigo": "CX58",
        "estatus_venta": "disponible",
        "estatus_ocupacion": "",
        "referencia_procap": "",
        "observaciones": "",
        "geometryType": "niches",
        "gridRow": 2,
        "gridColumn": 57
      },
      "geometry": {
        "type": "Polygon",
        "coordinates": [
          [
            [
              1482.1,
              157.503256
            ],
            [
              1504.1,
              157.503256
            ],
            [
              1504.1,
              144.503256
            ],
            [
              1482.1,
              144.503256
            ],
            [
              1482.1,
              157.503256
            ]
          ]
        ]
      }
    },
    {
      "type": "Feature",
      "properties": {
        "id": "PLN-convexo-CX59",
        "tipo": "nicho",
        "zonaId": "PLN",
        "cara": "convexo",
        "fila": "CX",
        "numero": 59,
        "codigo": "CX59",
        "estatus_venta": "disponible",
        "estatus_ocupacion": "",
        "referencia_procap": "",
        "observaciones": "",
        "geometryType": "niches",
        "gridRow": 2,
        "gridColumn": 58
      },
      "geometry": {
        "type": "Polygon",
        "coordinates": [
          [
            [
              1507.55,
              157.503256
            ],
            [
              1529.55,
              157.503256
            ],
            [
              1529.55,
              144.503256
            ],
            [
              1507.55,
              144.503256
            ],
            [
              1507.55,
              157.503256
            ]
          ]
        ]
      }
    },
    {
      "type": "Feature",
      "properties": {
        "id": "PLN-convexo-CX60",
        "tipo": "nicho",
        "zonaId": "PLN",
        "cara": "convexo",
        "fila": "CX",
        "numero": 60,
        "codigo": "CX60",
        "estatus_venta": "disponible",
        "estatus_ocupacion": "",
        "referencia_procap": "",
        "observaciones": "",
        "geometryType": "niches",
        "gridRow": 2,
        "gridColumn": 59
      },
      "geometry": {
        "type": "Polygon",
        "coordinates": [
          [
            [
              1533,
              157.503256
            ],
            [
              1555,
              157.503256
            ],
            [
              1555,
              144.503256
            ],
            [
              1533,
              144.503256
            ],
            [
              1533,
              157.503256
            ]
          ]
        ]
      }
    },
    {
      "type": "Feature",
      "properties": {
        "id": "PLN-convexo-CX61",
        "tipo": "nicho",
        "zonaId": "PLN",
        "cara": "convexo",
        "fila": "CX",
        "numero": 61,
        "codigo": "CX61",
        "estatus_venta": "disponible",
        "estatus_ocupacion": "",
        "referencia_procap": "",
        "observaciones": "",
        "geometryType": "niches",
        "gridRow": 2,
        "gridColumn": 60
      },
      "geometry": {
        "type": "Polygon",
        "coordinates": [
          [
            [
              1558.45,
              157.503256
            ],
            [
              1580.45,
              157.503256
            ],
            [
              1580.45,
              144.503256
            ],
            [
              1558.45,
              144.503256
            ],
            [
              1558.45,
              157.503256
            ]
          ]
        ]
      }
    },
    {
      "type": "Feature",
      "properties": {
        "id": "PLN-convexo-CX62",
        "tipo": "nicho",
        "zonaId": "PLN",
        "cara": "convexo",
        "fila": "CX",
        "numero": 62,
        "codigo": "CX62",
        "estatus_venta": "disponible",
        "estatus_ocupacion": "",
        "referencia_procap": "",
        "observaciones": "",
        "geometryType": "niches",
        "gridRow": 2,
        "gridColumn": 61
      },
      "geometry": {
        "type": "Polygon",
        "coordinates": [
          [
            [
              1583.9,
              157.503256
            ],
            [
              1605.9,
              157.503256
            ],
            [
              1605.9,
              144.503256
            ],
            [
              1583.9,
              144.503256
            ],
            [
              1583.9,
              157.503256
            ]
          ]
        ]
      }
    },
    {
      "type": "Feature",
      "properties": {
        "id": "PLN-convexo-CX63",
        "tipo": "nicho",
        "zonaId": "PLN",
        "cara": "convexo",
        "fila": "CX",
        "numero": 63,
        "codigo": "CX63",
        "estatus_venta": "disponible",
        "estatus_ocupacion": "",
        "referencia_procap": "",
        "observaciones": "",
        "geometryType": "niches",
        "gridRow": 2,
        "gridColumn": 62
      },
      "geometry": {
        "type": "Polygon",
        "coordinates": [
          [
            [
              1609.35,
              157.503256
            ],
            [
              1631.35,
              157.503256
            ],
            [
              1631.35,
              144.503256
            ],
            [
              1609.35,
              144.503256
            ],
            [
              1609.35,
              157.503256
            ]
          ]
        ]
      }
    },
    {
      "type": "Feature",
      "properties": {
        "id": "PLN-convexo-CX64",
        "tipo": "nicho",
        "zonaId": "PLN",
        "cara": "convexo",
        "fila": "CX",
        "numero": 64,
        "codigo": "CX64",
        "estatus_venta": "disponible",
        "estatus_ocupacion": "",
        "referencia_procap": "",
        "observaciones": "",
        "geometryType": "niches",
        "gridRow": 2,
        "gridColumn": 63
      },
      "geometry": {
        "type": "Polygon",
        "coordinates": [
          [
            [
              1634.8,
              157.503256
            ],
            [
              1656.8,
              157.503256
            ],
            [
              1656.8,
              144.503256
            ],
            [
              1634.8,
              144.503256
            ],
            [
              1634.8,
              157.503256
            ]
          ]
        ]
      }
    },
    {
      "type": "Feature",
      "properties": {
        "id": "PLN-convexo-CX65",
        "tipo": "nicho",
        "zonaId": "PLN",
        "cara": "convexo",
        "fila": "CX",
        "numero": 65,
        "codigo": "CX65",
        "estatus_venta": "disponible",
        "estatus_ocupacion": "",
        "referencia_procap": "",
        "observaciones": "",
        "geometryType": "niches",
        "gridRow": 2,
        "gridColumn": 64
      },
      "geometry": {
        "type": "Polygon",
        "coordinates": [
          [
            [
              1660.25,
              157.503256
            ],
            [
              1682.25,
              157.503256
            ],
            [
              1682.25,
              144.503256
            ],
            [
              1660.25,
              144.503256
            ],
            [
              1660.25,
              157.503256
            ]
          ]
        ]
      }
    },
    {
      "type": "Feature",
      "properties": {
        "id": "PLN-convexo-CX66",
        "tipo": "nicho",
        "zonaId": "PLN",
        "cara": "convexo",
        "fila": "CX",
        "numero": 66,
        "codigo": "CX66",
        "estatus_venta": "disponible",
        "estatus_ocupacion": "",
        "referencia_procap": "",
        "observaciones": "",
        "geometryType": "niches",
        "gridRow": 2,
        "gridColumn": 65
      },
      "geometry": {
        "type": "Polygon",
        "coordinates": [
          [
            [
              1685.7,
              157.503256
            ],
            [
              1707.7,
              157.503256
            ],
            [
              1707.7,
              144.503256
            ],
            [
              1685.7,
              144.503256
            ],
            [
              1685.7,
              157.503256
            ]
          ]
        ]
      }
    },
    {
      "type": "Feature",
      "properties": {
        "id": "PLN-convexo-CX67",
        "tipo": "nicho",
        "zonaId": "PLN",
        "cara": "convexo",
        "fila": "CX",
        "numero": 67,
        "codigo": "CX67",
        "estatus_venta": "disponible",
        "estatus_ocupacion": "",
        "referencia_procap": "",
        "observaciones": "",
        "geometryType": "niches",
        "gridRow": 2,
        "gridColumn": 66
      },
      "geometry": {
        "type": "Polygon",
        "coordinates": [
          [
            [
              1711.15,
              157.503256
            ],
            [
              1733.15,
              157.503256
            ],
            [
              1733.15,
              144.503256
            ],
            [
              1711.15,
              144.503256
            ],
            [
              1711.15,
              157.503256
            ]
          ]
        ]
      }
    },
    {
      "type": "Feature",
      "properties": {
        "id": "PLN-convexo-CX68",
        "tipo": "nicho",
        "zonaId": "PLN",
        "cara": "convexo",
        "fila": "CX",
        "numero": 68,
        "codigo": "CX68",
        "estatus_venta": "disponible",
        "estatus_ocupacion": "",
        "referencia_procap": "",
        "observaciones": "",
        "geometryType": "niches",
        "gridRow": 2,
        "gridColumn": 67
      },
      "geometry": {
        "type": "Polygon",
        "coordinates": [
          [
            [
              1736.6,
              157.503256
            ],
            [
              1758.6,
              157.503256
            ],
            [
              1758.6,
              144.503256
            ],
            [
              1736.6,
              144.503256
            ],
            [
              1736.6,
              157.503256
            ]
          ]
        ]
      }
    },
    {
      "type": "Feature",
      "properties": {
        "id": "PLN-convexo-CX69",
        "tipo": "nicho",
        "zonaId": "PLN",
        "cara": "convexo",
        "fila": "CX",
        "numero": 69,
        "codigo": "CX69",
        "estatus_venta": "disponible",
        "estatus_ocupacion": "",
        "referencia_procap": "",
        "observaciones": "",
        "geometryType": "niches",
        "gridRow": 2,
        "gridColumn": 68
      },
      "geometry": {
        "type": "Polygon",
        "coordinates": [
          [
            [
              1762.05,
              157.503256
            ],
            [
              1784.05,
              157.503256
            ],
            [
              1784.05,
              144.503256
            ],
            [
              1762.05,
              144.503256
            ],
            [
              1762.05,
              157.503256
            ]
          ]
        ]
      }
    },
    {
      "type": "Feature",
      "properties": {
        "id": "PLN-convexo-CX70",
        "tipo": "nicho",
        "zonaId": "PLN",
        "cara": "convexo",
        "fila": "CX",
        "numero": 70,
        "codigo": "CX70",
        "estatus_venta": "disponible",
        "estatus_ocupacion": "",
        "referencia_procap": "",
        "observaciones": "",
        "geometryType": "niches",
        "gridRow": 2,
        "gridColumn": 69
      },
      "geometry": {
        "type": "Polygon",
        "coordinates": [
          [
            [
              1787.5,
              157.503256
            ],
            [
              1809.5,
              157.503256
            ],
            [
              1809.5,
              144.503256
            ],
            [
              1787.5,
              144.503256
            ],
            [
              1787.5,
              157.503256
            ]
          ]
        ]
      }
    },
    {
      "type": "Feature",
      "properties": {
        "id": "PLN-convexo-CX71",
        "tipo": "nicho",
        "zonaId": "PLN",
        "cara": "convexo",
        "fila": "CX",
        "numero": 71,
        "codigo": "CX71",
        "estatus_venta": "disponible",
        "estatus_ocupacion": "",
        "referencia_procap": "",
        "observaciones": "",
        "geometryType": "niches",
        "gridRow": 2,
        "gridColumn": 70
      },
      "geometry": {
        "type": "Polygon",
        "coordinates": [
          [
            [
              1812.95,
              157.503256
            ],
            [
              1834.95,
              157.503256
            ],
            [
              1834.95,
              144.503256
            ],
            [
              1812.95,
              144.503256
            ],
            [
              1812.95,
              157.503256
            ]
          ]
        ]
      }
    },
    {
      "type": "Feature",
      "properties": {
        "id": "PLN-convexo-CX72",
        "tipo": "nicho",
        "zonaId": "PLN",
        "cara": "convexo",
        "fila": "CX",
        "numero": 72,
        "codigo": "CX72",
        "estatus_venta": "disponible",
        "estatus_ocupacion": "",
        "referencia_procap": "",
        "observaciones": "",
        "geometryType": "niches",
        "gridRow": 2,
        "gridColumn": 71
      },
      "geometry": {
        "type": "Polygon",
        "coordinates": [
          [
            [
              1838.4,
              157.503256
            ],
            [
              1860.4,
              157.503256
            ],
            [
              1860.4,
              144.503256
            ],
            [
              1838.4,
              144.503256
            ],
            [
              1838.4,
              157.503256
            ]
          ]
        ]
      }
    },
    {
      "type": "Feature",
      "properties": {
        "id": "PLN-convexo-CX73",
        "tipo": "nicho",
        "zonaId": "PLN",
        "cara": "convexo",
        "fila": "CX",
        "numero": 73,
        "codigo": "CX73",
        "estatus_venta": "disponible",
        "estatus_ocupacion": "",
        "referencia_procap": "",
        "observaciones": "",
        "geometryType": "niches",
        "gridRow": 2,
        "gridColumn": 72
      },
      "geometry": {
        "type": "Polygon",
        "coordinates": [
          [
            [
              1863.85,
              157.503256
            ],
            [
              1885.85,
              157.503256
            ],
            [
              1885.85,
              144.503256
            ],
            [
              1863.85,
              144.503256
            ],
            [
              1863.85,
              157.503256
            ]
          ]
        ]
      }
    },
    {
      "type": "Feature",
      "properties": {
        "id": "PLN-convexo-CX74",
        "tipo": "nicho",
        "zonaId": "PLN",
        "cara": "convexo",
        "fila": "CX",
        "numero": 74,
        "codigo": "CX74",
        "estatus_venta": "disponible",
        "estatus_ocupacion": "",
        "referencia_procap": "",
        "observaciones": "",
        "geometryType": "niches",
        "gridRow": 2,
        "gridColumn": 73
      },
      "geometry": {
        "type": "Polygon",
        "coordinates": [
          [
            [
              1889.3,
              157.503256
            ],
            [
              1911.3,
              157.503256
            ],
            [
              1911.3,
              144.503256
            ],
            [
              1889.3,
              144.503256
            ],
            [
              1889.3,
              157.503256
            ]
          ]
        ]
      }
    },
    {
      "type": "Feature",
      "properties": {
        "id": "PLN-convexo-CX75",
        "tipo": "nicho",
        "zonaId": "PLN",
        "cara": "convexo",
        "fila": "CX",
        "numero": 75,
        "codigo": "CX75",
        "estatus_venta": "disponible",
        "estatus_ocupacion": "",
        "referencia_procap": "",
        "observaciones": "",
        "geometryType": "niches",
        "gridRow": 2,
        "gridColumn": 74
      },
      "geometry": {
        "type": "Polygon",
        "coordinates": [
          [
            [
              1914.75,
              157.503256
            ],
            [
              1936.75,
              157.503256
            ],
            [
              1936.75,
              144.503256
            ],
            [
              1914.75,
              144.503256
            ],
            [
              1914.75,
              157.503256
            ]
          ]
        ]
      }
    },
    {
      "type": "Feature",
      "properties": {
        "id": "PLN-convexo-CX76",
        "tipo": "nicho",
        "zonaId": "PLN",
        "cara": "convexo",
        "fila": "CX",
        "numero": 76,
        "codigo": "CX76",
        "estatus_venta": "disponible",
        "estatus_ocupacion": "",
        "referencia_procap": "",
        "observaciones": "",
        "geometryType": "niches",
        "gridRow": 2,
        "gridColumn": 75
      },
      "geometry": {
        "type": "Polygon",
        "coordinates": [
          [
            [
              1940.2,
              157.503256
            ],
            [
              1962.2,
              157.503256
            ],
            [
              1962.2,
              144.503256
            ],
            [
              1940.2,
              144.503256
            ],
            [
              1940.2,
              157.503256
            ]
          ]
        ]
      }
    },
    {
      "type": "Feature",
      "properties": {
        "id": "PLN-convexo-CX77",
        "tipo": "nicho",
        "zonaId": "PLN",
        "cara": "convexo",
        "fila": "CX",
        "numero": 77,
        "codigo": "CX77",
        "estatus_venta": "disponible",
        "estatus_ocupacion": "",
        "referencia_procap": "",
        "observaciones": "",
        "geometryType": "niches",
        "gridRow": 2,
        "gridColumn": 76
      },
      "geometry": {
        "type": "Polygon",
        "coordinates": [
          [
            [
              1965.65,
              157.503256
            ],
            [
              1987.65,
              157.503256
            ],
            [
              1987.65,
              144.503256
            ],
            [
              1965.65,
              144.503256
            ],
            [
              1965.65,
              157.503256
            ]
          ]
        ]
      }
    },
    {
      "type": "Feature",
      "properties": {
        "id": "PLN-convexo-CX78",
        "tipo": "nicho",
        "zonaId": "PLN",
        "cara": "convexo",
        "fila": "CX",
        "numero": 78,
        "codigo": "CX78",
        "estatus_venta": "disponible",
        "estatus_ocupacion": "",
        "referencia_procap": "",
        "observaciones": "",
        "geometryType": "niches",
        "gridRow": 2,
        "gridColumn": 77
      },
      "geometry": {
        "type": "Polygon",
        "coordinates": [
          [
            [
              1991.1,
              157.503256
            ],
            [
              2013.1,
              157.503256
            ],
            [
              2013.1,
              144.503256
            ],
            [
              1991.1,
              144.503256
            ],
            [
              1991.1,
              157.503256
            ]
          ]
        ]
      }
    },
    {
      "type": "Feature",
      "properties": {
        "id": "PLN-convexo-CX79",
        "tipo": "nicho",
        "zonaId": "PLN",
        "cara": "convexo",
        "fila": "CX",
        "numero": 79,
        "codigo": "CX79",
        "estatus_venta": "disponible",
        "estatus_ocupacion": "",
        "referencia_procap": "",
        "observaciones": "",
        "geometryType": "niches",
        "gridRow": 2,
        "gridColumn": 78
      },
      "geometry": {
        "type": "Polygon",
        "coordinates": [
          [
            [
              2016.55,
              157.503256
            ],
            [
              2038.55,
              157.503256
            ],
            [
              2038.55,
              144.503256
            ],
            [
              2016.55,
              144.503256
            ],
            [
              2016.55,
              157.503256
            ]
          ]
        ]
      }
    },
    {
      "type": "Feature",
      "properties": {
        "id": "PLN-convexo-DX1",
        "tipo": "nicho",
        "zonaId": "PLN",
        "cara": "convexo",
        "fila": "DX",
        "numero": 1,
        "codigo": "DX1",
        "estatus_venta": "disponible",
        "estatus_ocupacion": "",
        "referencia_procap": "",
        "observaciones": "",
        "geometryType": "niches",
        "gridRow": 3,
        "gridColumn": 0
      },
      "geometry": {
        "type": "Polygon",
        "coordinates": [
          [
            [
              31.45,
              142.503256
            ],
            [
              53.45,
              142.503256
            ],
            [
              53.45,
              129.503256
            ],
            [
              31.45,
              129.503256
            ],
            [
              31.45,
              142.503256
            ]
          ]
        ]
      }
    },
    {
      "type": "Feature",
      "properties": {
        "id": "PLN-convexo-DX2",
        "tipo": "nicho",
        "zonaId": "PLN",
        "cara": "convexo",
        "fila": "DX",
        "numero": 2,
        "codigo": "DX2",
        "estatus_venta": "disponible",
        "estatus_ocupacion": "",
        "referencia_procap": "",
        "observaciones": "",
        "geometryType": "niches",
        "gridRow": 3,
        "gridColumn": 1
      },
      "geometry": {
        "type": "Polygon",
        "coordinates": [
          [
            [
              56.9,
              142.503256
            ],
            [
              78.9,
              142.503256
            ],
            [
              78.9,
              129.503256
            ],
            [
              56.9,
              129.503256
            ],
            [
              56.9,
              142.503256
            ]
          ]
        ]
      }
    },
    {
      "type": "Feature",
      "properties": {
        "id": "PLN-convexo-DX3",
        "tipo": "nicho",
        "zonaId": "PLN",
        "cara": "convexo",
        "fila": "DX",
        "numero": 3,
        "codigo": "DX3",
        "estatus_venta": "disponible",
        "estatus_ocupacion": "",
        "referencia_procap": "",
        "observaciones": "",
        "geometryType": "niches",
        "gridRow": 3,
        "gridColumn": 2
      },
      "geometry": {
        "type": "Polygon",
        "coordinates": [
          [
            [
              82.35,
              142.503256
            ],
            [
              104.35,
              142.503256
            ],
            [
              104.35,
              129.503256
            ],
            [
              82.35,
              129.503256
            ],
            [
              82.35,
              142.503256
            ]
          ]
        ]
      }
    },
    {
      "type": "Feature",
      "properties": {
        "id": "PLN-convexo-DX4",
        "tipo": "nicho",
        "zonaId": "PLN",
        "cara": "convexo",
        "fila": "DX",
        "numero": 4,
        "codigo": "DX4",
        "estatus_venta": "disponible",
        "estatus_ocupacion": "",
        "referencia_procap": "",
        "observaciones": "",
        "geometryType": "niches",
        "gridRow": 3,
        "gridColumn": 3
      },
      "geometry": {
        "type": "Polygon",
        "coordinates": [
          [
            [
              107.8,
              142.503256
            ],
            [
              129.8,
              142.503256
            ],
            [
              129.8,
              129.503256
            ],
            [
              107.8,
              129.503256
            ],
            [
              107.8,
              142.503256
            ]
          ]
        ]
      }
    },
    {
      "type": "Feature",
      "properties": {
        "id": "PLN-convexo-DX5",
        "tipo": "nicho",
        "zonaId": "PLN",
        "cara": "convexo",
        "fila": "DX",
        "numero": 5,
        "codigo": "DX5",
        "estatus_venta": "disponible",
        "estatus_ocupacion": "",
        "referencia_procap": "",
        "observaciones": "",
        "geometryType": "niches",
        "gridRow": 3,
        "gridColumn": 4
      },
      "geometry": {
        "type": "Polygon",
        "coordinates": [
          [
            [
              133.25,
              142.503256
            ],
            [
              155.25,
              142.503256
            ],
            [
              155.25,
              129.503256
            ],
            [
              133.25,
              129.503256
            ],
            [
              133.25,
              142.503256
            ]
          ]
        ]
      }
    },
    {
      "type": "Feature",
      "properties": {
        "id": "PLN-convexo-DX6",
        "tipo": "nicho",
        "zonaId": "PLN",
        "cara": "convexo",
        "fila": "DX",
        "numero": 6,
        "codigo": "DX6",
        "estatus_venta": "disponible",
        "estatus_ocupacion": "",
        "referencia_procap": "",
        "observaciones": "",
        "geometryType": "niches",
        "gridRow": 3,
        "gridColumn": 5
      },
      "geometry": {
        "type": "Polygon",
        "coordinates": [
          [
            [
              158.7,
              142.503256
            ],
            [
              180.7,
              142.503256
            ],
            [
              180.7,
              129.503256
            ],
            [
              158.7,
              129.503256
            ],
            [
              158.7,
              142.503256
            ]
          ]
        ]
      }
    },
    {
      "type": "Feature",
      "properties": {
        "id": "PLN-convexo-DX7",
        "tipo": "nicho",
        "zonaId": "PLN",
        "cara": "convexo",
        "fila": "DX",
        "numero": 7,
        "codigo": "DX7",
        "estatus_venta": "disponible",
        "estatus_ocupacion": "",
        "referencia_procap": "",
        "observaciones": "",
        "geometryType": "niches",
        "gridRow": 3,
        "gridColumn": 6
      },
      "geometry": {
        "type": "Polygon",
        "coordinates": [
          [
            [
              184.15,
              142.503256
            ],
            [
              206.15,
              142.503256
            ],
            [
              206.15,
              129.503256
            ],
            [
              184.15,
              129.503256
            ],
            [
              184.15,
              142.503256
            ]
          ]
        ]
      }
    },
    {
      "type": "Feature",
      "properties": {
        "id": "PLN-convexo-DX8",
        "tipo": "nicho",
        "zonaId": "PLN",
        "cara": "convexo",
        "fila": "DX",
        "numero": 8,
        "codigo": "DX8",
        "estatus_venta": "disponible",
        "estatus_ocupacion": "",
        "referencia_procap": "",
        "observaciones": "",
        "geometryType": "niches",
        "gridRow": 3,
        "gridColumn": 7
      },
      "geometry": {
        "type": "Polygon",
        "coordinates": [
          [
            [
              209.6,
              142.503256
            ],
            [
              231.6,
              142.503256
            ],
            [
              231.6,
              129.503256
            ],
            [
              209.6,
              129.503256
            ],
            [
              209.6,
              142.503256
            ]
          ]
        ]
      }
    },
    {
      "type": "Feature",
      "properties": {
        "id": "PLN-convexo-DX9",
        "tipo": "nicho",
        "zonaId": "PLN",
        "cara": "convexo",
        "fila": "DX",
        "numero": 9,
        "codigo": "DX9",
        "estatus_venta": "disponible",
        "estatus_ocupacion": "",
        "referencia_procap": "",
        "observaciones": "",
        "geometryType": "niches",
        "gridRow": 3,
        "gridColumn": 8
      },
      "geometry": {
        "type": "Polygon",
        "coordinates": [
          [
            [
              235.05,
              142.503256
            ],
            [
              257.05,
              142.503256
            ],
            [
              257.05,
              129.503256
            ],
            [
              235.05,
              129.503256
            ],
            [
              235.05,
              142.503256
            ]
          ]
        ]
      }
    },
    {
      "type": "Feature",
      "properties": {
        "id": "PLN-convexo-DX10",
        "tipo": "nicho",
        "zonaId": "PLN",
        "cara": "convexo",
        "fila": "DX",
        "numero": 10,
        "codigo": "DX10",
        "estatus_venta": "disponible",
        "estatus_ocupacion": "",
        "referencia_procap": "",
        "observaciones": "",
        "geometryType": "niches",
        "gridRow": 3,
        "gridColumn": 9
      },
      "geometry": {
        "type": "Polygon",
        "coordinates": [
          [
            [
              260.5,
              142.503256
            ],
            [
              282.5,
              142.503256
            ],
            [
              282.5,
              129.503256
            ],
            [
              260.5,
              129.503256
            ],
            [
              260.5,
              142.503256
            ]
          ]
        ]
      }
    },
    {
      "type": "Feature",
      "properties": {
        "id": "PLN-convexo-DX11",
        "tipo": "nicho",
        "zonaId": "PLN",
        "cara": "convexo",
        "fila": "DX",
        "numero": 11,
        "codigo": "DX11",
        "estatus_venta": "disponible",
        "estatus_ocupacion": "",
        "referencia_procap": "",
        "observaciones": "",
        "geometryType": "niches",
        "gridRow": 3,
        "gridColumn": 10
      },
      "geometry": {
        "type": "Polygon",
        "coordinates": [
          [
            [
              285.95,
              142.503256
            ],
            [
              307.95,
              142.503256
            ],
            [
              307.95,
              129.503256
            ],
            [
              285.95,
              129.503256
            ],
            [
              285.95,
              142.503256
            ]
          ]
        ]
      }
    },
    {
      "type": "Feature",
      "properties": {
        "id": "PLN-convexo-DX12",
        "tipo": "nicho",
        "zonaId": "PLN",
        "cara": "convexo",
        "fila": "DX",
        "numero": 12,
        "codigo": "DX12",
        "estatus_venta": "disponible",
        "estatus_ocupacion": "",
        "referencia_procap": "",
        "observaciones": "",
        "geometryType": "niches",
        "gridRow": 3,
        "gridColumn": 11
      },
      "geometry": {
        "type": "Polygon",
        "coordinates": [
          [
            [
              311.4,
              142.503256
            ],
            [
              333.4,
              142.503256
            ],
            [
              333.4,
              129.503256
            ],
            [
              311.4,
              129.503256
            ],
            [
              311.4,
              142.503256
            ]
          ]
        ]
      }
    },
    {
      "type": "Feature",
      "properties": {
        "id": "PLN-convexo-DX13",
        "tipo": "nicho",
        "zonaId": "PLN",
        "cara": "convexo",
        "fila": "DX",
        "numero": 13,
        "codigo": "DX13",
        "estatus_venta": "disponible",
        "estatus_ocupacion": "",
        "referencia_procap": "",
        "observaciones": "",
        "geometryType": "niches",
        "gridRow": 3,
        "gridColumn": 12
      },
      "geometry": {
        "type": "Polygon",
        "coordinates": [
          [
            [
              336.85,
              142.503256
            ],
            [
              358.85,
              142.503256
            ],
            [
              358.85,
              129.503256
            ],
            [
              336.85,
              129.503256
            ],
            [
              336.85,
              142.503256
            ]
          ]
        ]
      }
    },
    {
      "type": "Feature",
      "properties": {
        "id": "PLN-convexo-DX14",
        "tipo": "nicho",
        "zonaId": "PLN",
        "cara": "convexo",
        "fila": "DX",
        "numero": 14,
        "codigo": "DX14",
        "estatus_venta": "disponible",
        "estatus_ocupacion": "",
        "referencia_procap": "",
        "observaciones": "",
        "geometryType": "niches",
        "gridRow": 3,
        "gridColumn": 13
      },
      "geometry": {
        "type": "Polygon",
        "coordinates": [
          [
            [
              362.3,
              142.503256
            ],
            [
              384.3,
              142.503256
            ],
            [
              384.3,
              129.503256
            ],
            [
              362.3,
              129.503256
            ],
            [
              362.3,
              142.503256
            ]
          ]
        ]
      }
    },
    {
      "type": "Feature",
      "properties": {
        "id": "PLN-convexo-DX15",
        "tipo": "nicho",
        "zonaId": "PLN",
        "cara": "convexo",
        "fila": "DX",
        "numero": 15,
        "codigo": "DX15",
        "estatus_venta": "disponible",
        "estatus_ocupacion": "",
        "referencia_procap": "",
        "observaciones": "",
        "geometryType": "niches",
        "gridRow": 3,
        "gridColumn": 14
      },
      "geometry": {
        "type": "Polygon",
        "coordinates": [
          [
            [
              387.75,
              142.503256
            ],
            [
              409.75,
              142.503256
            ],
            [
              409.75,
              129.503256
            ],
            [
              387.75,
              129.503256
            ],
            [
              387.75,
              142.503256
            ]
          ]
        ]
      }
    },
    {
      "type": "Feature",
      "properties": {
        "id": "PLN-convexo-DX16",
        "tipo": "nicho",
        "zonaId": "PLN",
        "cara": "convexo",
        "fila": "DX",
        "numero": 16,
        "codigo": "DX16",
        "estatus_venta": "disponible",
        "estatus_ocupacion": "",
        "referencia_procap": "",
        "observaciones": "",
        "geometryType": "niches",
        "gridRow": 3,
        "gridColumn": 15
      },
      "geometry": {
        "type": "Polygon",
        "coordinates": [
          [
            [
              413.2,
              142.503256
            ],
            [
              435.2,
              142.503256
            ],
            [
              435.2,
              129.503256
            ],
            [
              413.2,
              129.503256
            ],
            [
              413.2,
              142.503256
            ]
          ]
        ]
      }
    },
    {
      "type": "Feature",
      "properties": {
        "id": "PLN-convexo-DX17",
        "tipo": "nicho",
        "zonaId": "PLN",
        "cara": "convexo",
        "fila": "DX",
        "numero": 17,
        "codigo": "DX17",
        "estatus_venta": "disponible",
        "estatus_ocupacion": "",
        "referencia_procap": "",
        "observaciones": "",
        "geometryType": "niches",
        "gridRow": 3,
        "gridColumn": 16
      },
      "geometry": {
        "type": "Polygon",
        "coordinates": [
          [
            [
              438.65,
              142.503256
            ],
            [
              460.65,
              142.503256
            ],
            [
              460.65,
              129.503256
            ],
            [
              438.65,
              129.503256
            ],
            [
              438.65,
              142.503256
            ]
          ]
        ]
      }
    },
    {
      "type": "Feature",
      "properties": {
        "id": "PLN-convexo-DX18",
        "tipo": "nicho",
        "zonaId": "PLN",
        "cara": "convexo",
        "fila": "DX",
        "numero": 18,
        "codigo": "DX18",
        "estatus_venta": "disponible",
        "estatus_ocupacion": "",
        "referencia_procap": "",
        "observaciones": "",
        "geometryType": "niches",
        "gridRow": 3,
        "gridColumn": 17
      },
      "geometry": {
        "type": "Polygon",
        "coordinates": [
          [
            [
              464.1,
              142.503256
            ],
            [
              486.1,
              142.503256
            ],
            [
              486.1,
              129.503256
            ],
            [
              464.1,
              129.503256
            ],
            [
              464.1,
              142.503256
            ]
          ]
        ]
      }
    },
    {
      "type": "Feature",
      "properties": {
        "id": "PLN-convexo-DX19",
        "tipo": "nicho",
        "zonaId": "PLN",
        "cara": "convexo",
        "fila": "DX",
        "numero": 19,
        "codigo": "DX19",
        "estatus_venta": "disponible",
        "estatus_ocupacion": "",
        "referencia_procap": "",
        "observaciones": "",
        "geometryType": "niches",
        "gridRow": 3,
        "gridColumn": 18
      },
      "geometry": {
        "type": "Polygon",
        "coordinates": [
          [
            [
              489.55,
              142.503256
            ],
            [
              511.55,
              142.503256
            ],
            [
              511.55,
              129.503256
            ],
            [
              489.55,
              129.503256
            ],
            [
              489.55,
              142.503256
            ]
          ]
        ]
      }
    },
    {
      "type": "Feature",
      "properties": {
        "id": "PLN-convexo-DX20",
        "tipo": "nicho",
        "zonaId": "PLN",
        "cara": "convexo",
        "fila": "DX",
        "numero": 20,
        "codigo": "DX20",
        "estatus_venta": "disponible",
        "estatus_ocupacion": "",
        "referencia_procap": "",
        "observaciones": "",
        "geometryType": "niches",
        "gridRow": 3,
        "gridColumn": 19
      },
      "geometry": {
        "type": "Polygon",
        "coordinates": [
          [
            [
              515,
              142.503256
            ],
            [
              537,
              142.503256
            ],
            [
              537,
              129.503256
            ],
            [
              515,
              129.503256
            ],
            [
              515,
              142.503256
            ]
          ]
        ]
      }
    },
    {
      "type": "Feature",
      "properties": {
        "id": "PLN-convexo-DX21",
        "tipo": "nicho",
        "zonaId": "PLN",
        "cara": "convexo",
        "fila": "DX",
        "numero": 21,
        "codigo": "DX21",
        "estatus_venta": "disponible",
        "estatus_ocupacion": "",
        "referencia_procap": "",
        "observaciones": "",
        "geometryType": "niches",
        "gridRow": 3,
        "gridColumn": 20
      },
      "geometry": {
        "type": "Polygon",
        "coordinates": [
          [
            [
              540.45,
              142.503256
            ],
            [
              562.45,
              142.503256
            ],
            [
              562.45,
              129.503256
            ],
            [
              540.45,
              129.503256
            ],
            [
              540.45,
              142.503256
            ]
          ]
        ]
      }
    },
    {
      "type": "Feature",
      "properties": {
        "id": "PLN-convexo-DX22",
        "tipo": "nicho",
        "zonaId": "PLN",
        "cara": "convexo",
        "fila": "DX",
        "numero": 22,
        "codigo": "DX22",
        "estatus_venta": "disponible",
        "estatus_ocupacion": "",
        "referencia_procap": "",
        "observaciones": "",
        "geometryType": "niches",
        "gridRow": 3,
        "gridColumn": 21
      },
      "geometry": {
        "type": "Polygon",
        "coordinates": [
          [
            [
              565.9,
              142.503256
            ],
            [
              587.9,
              142.503256
            ],
            [
              587.9,
              129.503256
            ],
            [
              565.9,
              129.503256
            ],
            [
              565.9,
              142.503256
            ]
          ]
        ]
      }
    },
    {
      "type": "Feature",
      "properties": {
        "id": "PLN-convexo-DX23",
        "tipo": "nicho",
        "zonaId": "PLN",
        "cara": "convexo",
        "fila": "DX",
        "numero": 23,
        "codigo": "DX23",
        "estatus_venta": "disponible",
        "estatus_ocupacion": "",
        "referencia_procap": "",
        "observaciones": "",
        "geometryType": "niches",
        "gridRow": 3,
        "gridColumn": 22
      },
      "geometry": {
        "type": "Polygon",
        "coordinates": [
          [
            [
              591.35,
              142.503256
            ],
            [
              613.35,
              142.503256
            ],
            [
              613.35,
              129.503256
            ],
            [
              591.35,
              129.503256
            ],
            [
              591.35,
              142.503256
            ]
          ]
        ]
      }
    },
    {
      "type": "Feature",
      "properties": {
        "id": "PLN-convexo-DX24",
        "tipo": "nicho",
        "zonaId": "PLN",
        "cara": "convexo",
        "fila": "DX",
        "numero": 24,
        "codigo": "DX24",
        "estatus_venta": "disponible",
        "estatus_ocupacion": "",
        "referencia_procap": "",
        "observaciones": "",
        "geometryType": "niches",
        "gridRow": 3,
        "gridColumn": 23
      },
      "geometry": {
        "type": "Polygon",
        "coordinates": [
          [
            [
              616.8,
              142.503256
            ],
            [
              638.8,
              142.503256
            ],
            [
              638.8,
              129.503256
            ],
            [
              616.8,
              129.503256
            ],
            [
              616.8,
              142.503256
            ]
          ]
        ]
      }
    },
    {
      "type": "Feature",
      "properties": {
        "id": "PLN-convexo-DX25",
        "tipo": "nicho",
        "zonaId": "PLN",
        "cara": "convexo",
        "fila": "DX",
        "numero": 25,
        "codigo": "DX25",
        "estatus_venta": "disponible",
        "estatus_ocupacion": "",
        "referencia_procap": "",
        "observaciones": "",
        "geometryType": "niches",
        "gridRow": 3,
        "gridColumn": 24
      },
      "geometry": {
        "type": "Polygon",
        "coordinates": [
          [
            [
              642.25,
              142.503256
            ],
            [
              664.25,
              142.503256
            ],
            [
              664.25,
              129.503256
            ],
            [
              642.25,
              129.503256
            ],
            [
              642.25,
              142.503256
            ]
          ]
        ]
      }
    },
    {
      "type": "Feature",
      "properties": {
        "id": "PLN-convexo-DX26",
        "tipo": "nicho",
        "zonaId": "PLN",
        "cara": "convexo",
        "fila": "DX",
        "numero": 26,
        "codigo": "DX26",
        "estatus_venta": "disponible",
        "estatus_ocupacion": "",
        "referencia_procap": "",
        "observaciones": "",
        "geometryType": "niches",
        "gridRow": 3,
        "gridColumn": 25
      },
      "geometry": {
        "type": "Polygon",
        "coordinates": [
          [
            [
              667.7,
              142.503256
            ],
            [
              689.7,
              142.503256
            ],
            [
              689.7,
              129.503256
            ],
            [
              667.7,
              129.503256
            ],
            [
              667.7,
              142.503256
            ]
          ]
        ]
      }
    },
    {
      "type": "Feature",
      "properties": {
        "id": "PLN-convexo-DX27",
        "tipo": "nicho",
        "zonaId": "PLN",
        "cara": "convexo",
        "fila": "DX",
        "numero": 27,
        "codigo": "DX27",
        "estatus_venta": "disponible",
        "estatus_ocupacion": "",
        "referencia_procap": "",
        "observaciones": "",
        "geometryType": "niches",
        "gridRow": 3,
        "gridColumn": 26
      },
      "geometry": {
        "type": "Polygon",
        "coordinates": [
          [
            [
              693.15,
              142.503256
            ],
            [
              715.15,
              142.503256
            ],
            [
              715.15,
              129.503256
            ],
            [
              693.15,
              129.503256
            ],
            [
              693.15,
              142.503256
            ]
          ]
        ]
      }
    },
    {
      "type": "Feature",
      "properties": {
        "id": "PLN-convexo-DX28",
        "tipo": "nicho",
        "zonaId": "PLN",
        "cara": "convexo",
        "fila": "DX",
        "numero": 28,
        "codigo": "DX28",
        "estatus_venta": "disponible",
        "estatus_ocupacion": "",
        "referencia_procap": "",
        "observaciones": "",
        "geometryType": "niches",
        "gridRow": 3,
        "gridColumn": 27
      },
      "geometry": {
        "type": "Polygon",
        "coordinates": [
          [
            [
              718.6,
              142.503256
            ],
            [
              740.6,
              142.503256
            ],
            [
              740.6,
              129.503256
            ],
            [
              718.6,
              129.503256
            ],
            [
              718.6,
              142.503256
            ]
          ]
        ]
      }
    },
    {
      "type": "Feature",
      "properties": {
        "id": "PLN-convexo-DX29",
        "tipo": "nicho",
        "zonaId": "PLN",
        "cara": "convexo",
        "fila": "DX",
        "numero": 29,
        "codigo": "DX29",
        "estatus_venta": "disponible",
        "estatus_ocupacion": "",
        "referencia_procap": "",
        "observaciones": "",
        "geometryType": "niches",
        "gridRow": 3,
        "gridColumn": 28
      },
      "geometry": {
        "type": "Polygon",
        "coordinates": [
          [
            [
              744.05,
              142.503256
            ],
            [
              766.05,
              142.503256
            ],
            [
              766.05,
              129.503256
            ],
            [
              744.05,
              129.503256
            ],
            [
              744.05,
              142.503256
            ]
          ]
        ]
      }
    },
    {
      "type": "Feature",
      "properties": {
        "id": "PLN-convexo-DX30",
        "tipo": "nicho",
        "zonaId": "PLN",
        "cara": "convexo",
        "fila": "DX",
        "numero": 30,
        "codigo": "DX30",
        "estatus_venta": "disponible",
        "estatus_ocupacion": "",
        "referencia_procap": "",
        "observaciones": "",
        "geometryType": "niches",
        "gridRow": 3,
        "gridColumn": 29
      },
      "geometry": {
        "type": "Polygon",
        "coordinates": [
          [
            [
              769.5,
              142.503256
            ],
            [
              791.5,
              142.503256
            ],
            [
              791.5,
              129.503256
            ],
            [
              769.5,
              129.503256
            ],
            [
              769.5,
              142.503256
            ]
          ]
        ]
      }
    },
    {
      "type": "Feature",
      "properties": {
        "id": "PLN-convexo-DX31",
        "tipo": "nicho",
        "zonaId": "PLN",
        "cara": "convexo",
        "fila": "DX",
        "numero": 31,
        "codigo": "DX31",
        "estatus_venta": "disponible",
        "estatus_ocupacion": "",
        "referencia_procap": "",
        "observaciones": "",
        "geometryType": "niches",
        "gridRow": 3,
        "gridColumn": 30
      },
      "geometry": {
        "type": "Polygon",
        "coordinates": [
          [
            [
              794.95,
              142.503256
            ],
            [
              816.95,
              142.503256
            ],
            [
              816.95,
              129.503256
            ],
            [
              794.95,
              129.503256
            ],
            [
              794.95,
              142.503256
            ]
          ]
        ]
      }
    },
    {
      "type": "Feature",
      "properties": {
        "id": "PLN-convexo-DX32",
        "tipo": "nicho",
        "zonaId": "PLN",
        "cara": "convexo",
        "fila": "DX",
        "numero": 32,
        "codigo": "DX32",
        "estatus_venta": "disponible",
        "estatus_ocupacion": "",
        "referencia_procap": "",
        "observaciones": "",
        "geometryType": "niches",
        "gridRow": 3,
        "gridColumn": 31
      },
      "geometry": {
        "type": "Polygon",
        "coordinates": [
          [
            [
              820.4,
              142.503256
            ],
            [
              842.4,
              142.503256
            ],
            [
              842.4,
              129.503256
            ],
            [
              820.4,
              129.503256
            ],
            [
              820.4,
              142.503256
            ]
          ]
        ]
      }
    },
    {
      "type": "Feature",
      "properties": {
        "id": "PLN-convexo-DX33",
        "tipo": "nicho",
        "zonaId": "PLN",
        "cara": "convexo",
        "fila": "DX",
        "numero": 33,
        "codigo": "DX33",
        "estatus_venta": "disponible",
        "estatus_ocupacion": "",
        "referencia_procap": "",
        "observaciones": "",
        "geometryType": "niches",
        "gridRow": 3,
        "gridColumn": 32
      },
      "geometry": {
        "type": "Polygon",
        "coordinates": [
          [
            [
              845.85,
              142.503256
            ],
            [
              867.85,
              142.503256
            ],
            [
              867.85,
              129.503256
            ],
            [
              845.85,
              129.503256
            ],
            [
              845.85,
              142.503256
            ]
          ]
        ]
      }
    },
    {
      "type": "Feature",
      "properties": {
        "id": "PLN-convexo-DX34",
        "tipo": "nicho",
        "zonaId": "PLN",
        "cara": "convexo",
        "fila": "DX",
        "numero": 34,
        "codigo": "DX34",
        "estatus_venta": "disponible",
        "estatus_ocupacion": "",
        "referencia_procap": "",
        "observaciones": "",
        "geometryType": "niches",
        "gridRow": 3,
        "gridColumn": 33
      },
      "geometry": {
        "type": "Polygon",
        "coordinates": [
          [
            [
              871.3,
              142.503256
            ],
            [
              893.3,
              142.503256
            ],
            [
              893.3,
              129.503256
            ],
            [
              871.3,
              129.503256
            ],
            [
              871.3,
              142.503256
            ]
          ]
        ]
      }
    },
    {
      "type": "Feature",
      "properties": {
        "id": "PLN-convexo-DX35",
        "tipo": "nicho",
        "zonaId": "PLN",
        "cara": "convexo",
        "fila": "DX",
        "numero": 35,
        "codigo": "DX35",
        "estatus_venta": "disponible",
        "estatus_ocupacion": "",
        "referencia_procap": "",
        "observaciones": "",
        "geometryType": "niches",
        "gridRow": 3,
        "gridColumn": 34
      },
      "geometry": {
        "type": "Polygon",
        "coordinates": [
          [
            [
              896.75,
              142.503256
            ],
            [
              918.75,
              142.503256
            ],
            [
              918.75,
              129.503256
            ],
            [
              896.75,
              129.503256
            ],
            [
              896.75,
              142.503256
            ]
          ]
        ]
      }
    },
    {
      "type": "Feature",
      "properties": {
        "id": "PLN-convexo-DX36",
        "tipo": "nicho",
        "zonaId": "PLN",
        "cara": "convexo",
        "fila": "DX",
        "numero": 36,
        "codigo": "DX36",
        "estatus_venta": "disponible",
        "estatus_ocupacion": "",
        "referencia_procap": "",
        "observaciones": "",
        "geometryType": "niches",
        "gridRow": 3,
        "gridColumn": 35
      },
      "geometry": {
        "type": "Polygon",
        "coordinates": [
          [
            [
              922.2,
              142.503256
            ],
            [
              944.2,
              142.503256
            ],
            [
              944.2,
              129.503256
            ],
            [
              922.2,
              129.503256
            ],
            [
              922.2,
              142.503256
            ]
          ]
        ]
      }
    },
    {
      "type": "Feature",
      "properties": {
        "id": "PLN-convexo-DX37",
        "tipo": "nicho",
        "zonaId": "PLN",
        "cara": "convexo",
        "fila": "DX",
        "numero": 37,
        "codigo": "DX37",
        "estatus_venta": "disponible",
        "estatus_ocupacion": "",
        "referencia_procap": "",
        "observaciones": "",
        "geometryType": "niches",
        "gridRow": 3,
        "gridColumn": 36
      },
      "geometry": {
        "type": "Polygon",
        "coordinates": [
          [
            [
              947.65,
              142.503256
            ],
            [
              969.65,
              142.503256
            ],
            [
              969.65,
              129.503256
            ],
            [
              947.65,
              129.503256
            ],
            [
              947.65,
              142.503256
            ]
          ]
        ]
      }
    },
    {
      "type": "Feature",
      "properties": {
        "id": "PLN-convexo-DX38",
        "tipo": "nicho",
        "zonaId": "PLN",
        "cara": "convexo",
        "fila": "DX",
        "numero": 38,
        "codigo": "DX38",
        "estatus_venta": "disponible",
        "estatus_ocupacion": "",
        "referencia_procap": "",
        "observaciones": "",
        "geometryType": "niches",
        "gridRow": 3,
        "gridColumn": 37
      },
      "geometry": {
        "type": "Polygon",
        "coordinates": [
          [
            [
              973.1,
              142.503256
            ],
            [
              995.1,
              142.503256
            ],
            [
              995.1,
              129.503256
            ],
            [
              973.1,
              129.503256
            ],
            [
              973.1,
              142.503256
            ]
          ]
        ]
      }
    },
    {
      "type": "Feature",
      "properties": {
        "id": "PLN-convexo-DX39",
        "tipo": "nicho",
        "zonaId": "PLN",
        "cara": "convexo",
        "fila": "DX",
        "numero": 39,
        "codigo": "DX39",
        "estatus_venta": "disponible",
        "estatus_ocupacion": "",
        "referencia_procap": "",
        "observaciones": "",
        "geometryType": "niches",
        "gridRow": 3,
        "gridColumn": 38
      },
      "geometry": {
        "type": "Polygon",
        "coordinates": [
          [
            [
              998.55,
              142.503256
            ],
            [
              1020.55,
              142.503256
            ],
            [
              1020.55,
              129.503256
            ],
            [
              998.55,
              129.503256
            ],
            [
              998.55,
              142.503256
            ]
          ]
        ]
      }
    },
    {
      "type": "Feature",
      "properties": {
        "id": "PLN-convexo-DX40",
        "tipo": "nicho",
        "zonaId": "PLN",
        "cara": "convexo",
        "fila": "DX",
        "numero": 40,
        "codigo": "DX40",
        "estatus_venta": "disponible",
        "estatus_ocupacion": "",
        "referencia_procap": "",
        "observaciones": "",
        "geometryType": "niches",
        "gridRow": 3,
        "gridColumn": 39
      },
      "geometry": {
        "type": "Polygon",
        "coordinates": [
          [
            [
              1024,
              142.503256
            ],
            [
              1046,
              142.503256
            ],
            [
              1046,
              129.503256
            ],
            [
              1024,
              129.503256
            ],
            [
              1024,
              142.503256
            ]
          ]
        ]
      }
    },
    {
      "type": "Feature",
      "properties": {
        "id": "PLN-convexo-DX41",
        "tipo": "nicho",
        "zonaId": "PLN",
        "cara": "convexo",
        "fila": "DX",
        "numero": 41,
        "codigo": "DX41",
        "estatus_venta": "disponible",
        "estatus_ocupacion": "",
        "referencia_procap": "",
        "observaciones": "",
        "geometryType": "niches",
        "gridRow": 3,
        "gridColumn": 40
      },
      "geometry": {
        "type": "Polygon",
        "coordinates": [
          [
            [
              1049.45,
              142.503256
            ],
            [
              1071.45,
              142.503256
            ],
            [
              1071.45,
              129.503256
            ],
            [
              1049.45,
              129.503256
            ],
            [
              1049.45,
              142.503256
            ]
          ]
        ]
      }
    },
    {
      "type": "Feature",
      "properties": {
        "id": "PLN-convexo-DX42",
        "tipo": "nicho",
        "zonaId": "PLN",
        "cara": "convexo",
        "fila": "DX",
        "numero": 42,
        "codigo": "DX42",
        "estatus_venta": "disponible",
        "estatus_ocupacion": "",
        "referencia_procap": "",
        "observaciones": "",
        "geometryType": "niches",
        "gridRow": 3,
        "gridColumn": 41
      },
      "geometry": {
        "type": "Polygon",
        "coordinates": [
          [
            [
              1074.9,
              142.503256
            ],
            [
              1096.9,
              142.503256
            ],
            [
              1096.9,
              129.503256
            ],
            [
              1074.9,
              129.503256
            ],
            [
              1074.9,
              142.503256
            ]
          ]
        ]
      }
    },
    {
      "type": "Feature",
      "properties": {
        "id": "PLN-convexo-DX43",
        "tipo": "nicho",
        "zonaId": "PLN",
        "cara": "convexo",
        "fila": "DX",
        "numero": 43,
        "codigo": "DX43",
        "estatus_venta": "disponible",
        "estatus_ocupacion": "",
        "referencia_procap": "",
        "observaciones": "",
        "geometryType": "niches",
        "gridRow": 3,
        "gridColumn": 42
      },
      "geometry": {
        "type": "Polygon",
        "coordinates": [
          [
            [
              1100.35,
              142.503256
            ],
            [
              1122.35,
              142.503256
            ],
            [
              1122.35,
              129.503256
            ],
            [
              1100.35,
              129.503256
            ],
            [
              1100.35,
              142.503256
            ]
          ]
        ]
      }
    },
    {
      "type": "Feature",
      "properties": {
        "id": "PLN-convexo-DX44",
        "tipo": "nicho",
        "zonaId": "PLN",
        "cara": "convexo",
        "fila": "DX",
        "numero": 44,
        "codigo": "DX44",
        "estatus_venta": "disponible",
        "estatus_ocupacion": "",
        "referencia_procap": "",
        "observaciones": "",
        "geometryType": "niches",
        "gridRow": 3,
        "gridColumn": 43
      },
      "geometry": {
        "type": "Polygon",
        "coordinates": [
          [
            [
              1125.8,
              142.503256
            ],
            [
              1147.8,
              142.503256
            ],
            [
              1147.8,
              129.503256
            ],
            [
              1125.8,
              129.503256
            ],
            [
              1125.8,
              142.503256
            ]
          ]
        ]
      }
    },
    {
      "type": "Feature",
      "properties": {
        "id": "PLN-convexo-DX45",
        "tipo": "nicho",
        "zonaId": "PLN",
        "cara": "convexo",
        "fila": "DX",
        "numero": 45,
        "codigo": "DX45",
        "estatus_venta": "disponible",
        "estatus_ocupacion": "",
        "referencia_procap": "",
        "observaciones": "",
        "geometryType": "niches",
        "gridRow": 3,
        "gridColumn": 44
      },
      "geometry": {
        "type": "Polygon",
        "coordinates": [
          [
            [
              1151.25,
              142.503256
            ],
            [
              1173.25,
              142.503256
            ],
            [
              1173.25,
              129.503256
            ],
            [
              1151.25,
              129.503256
            ],
            [
              1151.25,
              142.503256
            ]
          ]
        ]
      }
    },
    {
      "type": "Feature",
      "properties": {
        "id": "PLN-convexo-DX46",
        "tipo": "nicho",
        "zonaId": "PLN",
        "cara": "convexo",
        "fila": "DX",
        "numero": 46,
        "codigo": "DX46",
        "estatus_venta": "disponible",
        "estatus_ocupacion": "",
        "referencia_procap": "",
        "observaciones": "",
        "geometryType": "niches",
        "gridRow": 3,
        "gridColumn": 45
      },
      "geometry": {
        "type": "Polygon",
        "coordinates": [
          [
            [
              1176.7,
              142.503256
            ],
            [
              1198.7,
              142.503256
            ],
            [
              1198.7,
              129.503256
            ],
            [
              1176.7,
              129.503256
            ],
            [
              1176.7,
              142.503256
            ]
          ]
        ]
      }
    },
    {
      "type": "Feature",
      "properties": {
        "id": "PLN-convexo-DX47",
        "tipo": "nicho",
        "zonaId": "PLN",
        "cara": "convexo",
        "fila": "DX",
        "numero": 47,
        "codigo": "DX47",
        "estatus_venta": "disponible",
        "estatus_ocupacion": "",
        "referencia_procap": "",
        "observaciones": "",
        "geometryType": "niches",
        "gridRow": 3,
        "gridColumn": 46
      },
      "geometry": {
        "type": "Polygon",
        "coordinates": [
          [
            [
              1202.15,
              142.503256
            ],
            [
              1224.15,
              142.503256
            ],
            [
              1224.15,
              129.503256
            ],
            [
              1202.15,
              129.503256
            ],
            [
              1202.15,
              142.503256
            ]
          ]
        ]
      }
    },
    {
      "type": "Feature",
      "properties": {
        "id": "PLN-convexo-DX48",
        "tipo": "nicho",
        "zonaId": "PLN",
        "cara": "convexo",
        "fila": "DX",
        "numero": 48,
        "codigo": "DX48",
        "estatus_venta": "disponible",
        "estatus_ocupacion": "",
        "referencia_procap": "",
        "observaciones": "",
        "geometryType": "niches",
        "gridRow": 3,
        "gridColumn": 47
      },
      "geometry": {
        "type": "Polygon",
        "coordinates": [
          [
            [
              1227.6,
              142.503256
            ],
            [
              1249.6,
              142.503256
            ],
            [
              1249.6,
              129.503256
            ],
            [
              1227.6,
              129.503256
            ],
            [
              1227.6,
              142.503256
            ]
          ]
        ]
      }
    },
    {
      "type": "Feature",
      "properties": {
        "id": "PLN-convexo-DX49",
        "tipo": "nicho",
        "zonaId": "PLN",
        "cara": "convexo",
        "fila": "DX",
        "numero": 49,
        "codigo": "DX49",
        "estatus_venta": "disponible",
        "estatus_ocupacion": "",
        "referencia_procap": "",
        "observaciones": "",
        "geometryType": "niches",
        "gridRow": 3,
        "gridColumn": 48
      },
      "geometry": {
        "type": "Polygon",
        "coordinates": [
          [
            [
              1253.05,
              142.503256
            ],
            [
              1275.05,
              142.503256
            ],
            [
              1275.05,
              129.503256
            ],
            [
              1253.05,
              129.503256
            ],
            [
              1253.05,
              142.503256
            ]
          ]
        ]
      }
    },
    {
      "type": "Feature",
      "properties": {
        "id": "PLN-convexo-DX50",
        "tipo": "nicho",
        "zonaId": "PLN",
        "cara": "convexo",
        "fila": "DX",
        "numero": 50,
        "codigo": "DX50",
        "estatus_venta": "disponible",
        "estatus_ocupacion": "",
        "referencia_procap": "",
        "observaciones": "",
        "geometryType": "niches",
        "gridRow": 3,
        "gridColumn": 49
      },
      "geometry": {
        "type": "Polygon",
        "coordinates": [
          [
            [
              1278.5,
              142.503256
            ],
            [
              1300.5,
              142.503256
            ],
            [
              1300.5,
              129.503256
            ],
            [
              1278.5,
              129.503256
            ],
            [
              1278.5,
              142.503256
            ]
          ]
        ]
      }
    },
    {
      "type": "Feature",
      "properties": {
        "id": "PLN-convexo-DX51",
        "tipo": "nicho",
        "zonaId": "PLN",
        "cara": "convexo",
        "fila": "DX",
        "numero": 51,
        "codigo": "DX51",
        "estatus_venta": "disponible",
        "estatus_ocupacion": "",
        "referencia_procap": "",
        "observaciones": "",
        "geometryType": "niches",
        "gridRow": 3,
        "gridColumn": 50
      },
      "geometry": {
        "type": "Polygon",
        "coordinates": [
          [
            [
              1303.95,
              142.503256
            ],
            [
              1325.95,
              142.503256
            ],
            [
              1325.95,
              129.503256
            ],
            [
              1303.95,
              129.503256
            ],
            [
              1303.95,
              142.503256
            ]
          ]
        ]
      }
    },
    {
      "type": "Feature",
      "properties": {
        "id": "PLN-convexo-DX52",
        "tipo": "nicho",
        "zonaId": "PLN",
        "cara": "convexo",
        "fila": "DX",
        "numero": 52,
        "codigo": "DX52",
        "estatus_venta": "disponible",
        "estatus_ocupacion": "",
        "referencia_procap": "",
        "observaciones": "",
        "geometryType": "niches",
        "gridRow": 3,
        "gridColumn": 51
      },
      "geometry": {
        "type": "Polygon",
        "coordinates": [
          [
            [
              1329.4,
              142.503256
            ],
            [
              1351.4,
              142.503256
            ],
            [
              1351.4,
              129.503256
            ],
            [
              1329.4,
              129.503256
            ],
            [
              1329.4,
              142.503256
            ]
          ]
        ]
      }
    },
    {
      "type": "Feature",
      "properties": {
        "id": "PLN-convexo-DX53",
        "tipo": "nicho",
        "zonaId": "PLN",
        "cara": "convexo",
        "fila": "DX",
        "numero": 53,
        "codigo": "DX53",
        "estatus_venta": "disponible",
        "estatus_ocupacion": "",
        "referencia_procap": "",
        "observaciones": "",
        "geometryType": "niches",
        "gridRow": 3,
        "gridColumn": 52
      },
      "geometry": {
        "type": "Polygon",
        "coordinates": [
          [
            [
              1354.85,
              142.503256
            ],
            [
              1376.85,
              142.503256
            ],
            [
              1376.85,
              129.503256
            ],
            [
              1354.85,
              129.503256
            ],
            [
              1354.85,
              142.503256
            ]
          ]
        ]
      }
    },
    {
      "type": "Feature",
      "properties": {
        "id": "PLN-convexo-DX54",
        "tipo": "nicho",
        "zonaId": "PLN",
        "cara": "convexo",
        "fila": "DX",
        "numero": 54,
        "codigo": "DX54",
        "estatus_venta": "disponible",
        "estatus_ocupacion": "",
        "referencia_procap": "",
        "observaciones": "",
        "geometryType": "niches",
        "gridRow": 3,
        "gridColumn": 53
      },
      "geometry": {
        "type": "Polygon",
        "coordinates": [
          [
            [
              1380.3,
              142.503256
            ],
            [
              1402.3,
              142.503256
            ],
            [
              1402.3,
              129.503256
            ],
            [
              1380.3,
              129.503256
            ],
            [
              1380.3,
              142.503256
            ]
          ]
        ]
      }
    },
    {
      "type": "Feature",
      "properties": {
        "id": "PLN-convexo-DX55",
        "tipo": "nicho",
        "zonaId": "PLN",
        "cara": "convexo",
        "fila": "DX",
        "numero": 55,
        "codigo": "DX55",
        "estatus_venta": "disponible",
        "estatus_ocupacion": "",
        "referencia_procap": "",
        "observaciones": "",
        "geometryType": "niches",
        "gridRow": 3,
        "gridColumn": 54
      },
      "geometry": {
        "type": "Polygon",
        "coordinates": [
          [
            [
              1405.75,
              142.503256
            ],
            [
              1427.75,
              142.503256
            ],
            [
              1427.75,
              129.503256
            ],
            [
              1405.75,
              129.503256
            ],
            [
              1405.75,
              142.503256
            ]
          ]
        ]
      }
    },
    {
      "type": "Feature",
      "properties": {
        "id": "PLN-convexo-DX56",
        "tipo": "nicho",
        "zonaId": "PLN",
        "cara": "convexo",
        "fila": "DX",
        "numero": 56,
        "codigo": "DX56",
        "estatus_venta": "disponible",
        "estatus_ocupacion": "",
        "referencia_procap": "",
        "observaciones": "",
        "geometryType": "niches",
        "gridRow": 3,
        "gridColumn": 55
      },
      "geometry": {
        "type": "Polygon",
        "coordinates": [
          [
            [
              1431.2,
              142.503256
            ],
            [
              1453.2,
              142.503256
            ],
            [
              1453.2,
              129.503256
            ],
            [
              1431.2,
              129.503256
            ],
            [
              1431.2,
              142.503256
            ]
          ]
        ]
      }
    },
    {
      "type": "Feature",
      "properties": {
        "id": "PLN-convexo-DX57",
        "tipo": "nicho",
        "zonaId": "PLN",
        "cara": "convexo",
        "fila": "DX",
        "numero": 57,
        "codigo": "DX57",
        "estatus_venta": "disponible",
        "estatus_ocupacion": "",
        "referencia_procap": "",
        "observaciones": "",
        "geometryType": "niches",
        "gridRow": 3,
        "gridColumn": 56
      },
      "geometry": {
        "type": "Polygon",
        "coordinates": [
          [
            [
              1456.65,
              142.503256
            ],
            [
              1478.65,
              142.503256
            ],
            [
              1478.65,
              129.503256
            ],
            [
              1456.65,
              129.503256
            ],
            [
              1456.65,
              142.503256
            ]
          ]
        ]
      }
    },
    {
      "type": "Feature",
      "properties": {
        "id": "PLN-convexo-DX58",
        "tipo": "nicho",
        "zonaId": "PLN",
        "cara": "convexo",
        "fila": "DX",
        "numero": 58,
        "codigo": "DX58",
        "estatus_venta": "disponible",
        "estatus_ocupacion": "",
        "referencia_procap": "",
        "observaciones": "",
        "geometryType": "niches",
        "gridRow": 3,
        "gridColumn": 57
      },
      "geometry": {
        "type": "Polygon",
        "coordinates": [
          [
            [
              1482.1,
              142.503256
            ],
            [
              1504.1,
              142.503256
            ],
            [
              1504.1,
              129.503256
            ],
            [
              1482.1,
              129.503256
            ],
            [
              1482.1,
              142.503256
            ]
          ]
        ]
      }
    },
    {
      "type": "Feature",
      "properties": {
        "id": "PLN-convexo-DX59",
        "tipo": "nicho",
        "zonaId": "PLN",
        "cara": "convexo",
        "fila": "DX",
        "numero": 59,
        "codigo": "DX59",
        "estatus_venta": "disponible",
        "estatus_ocupacion": "",
        "referencia_procap": "",
        "observaciones": "",
        "geometryType": "niches",
        "gridRow": 3,
        "gridColumn": 58
      },
      "geometry": {
        "type": "Polygon",
        "coordinates": [
          [
            [
              1507.55,
              142.503256
            ],
            [
              1529.55,
              142.503256
            ],
            [
              1529.55,
              129.503256
            ],
            [
              1507.55,
              129.503256
            ],
            [
              1507.55,
              142.503256
            ]
          ]
        ]
      }
    },
    {
      "type": "Feature",
      "properties": {
        "id": "PLN-convexo-DX60",
        "tipo": "nicho",
        "zonaId": "PLN",
        "cara": "convexo",
        "fila": "DX",
        "numero": 60,
        "codigo": "DX60",
        "estatus_venta": "disponible",
        "estatus_ocupacion": "",
        "referencia_procap": "",
        "observaciones": "",
        "geometryType": "niches",
        "gridRow": 3,
        "gridColumn": 59
      },
      "geometry": {
        "type": "Polygon",
        "coordinates": [
          [
            [
              1533,
              142.503256
            ],
            [
              1555,
              142.503256
            ],
            [
              1555,
              129.503256
            ],
            [
              1533,
              129.503256
            ],
            [
              1533,
              142.503256
            ]
          ]
        ]
      }
    },
    {
      "type": "Feature",
      "properties": {
        "id": "PLN-convexo-DX61",
        "tipo": "nicho",
        "zonaId": "PLN",
        "cara": "convexo",
        "fila": "DX",
        "numero": 61,
        "codigo": "DX61",
        "estatus_venta": "disponible",
        "estatus_ocupacion": "",
        "referencia_procap": "",
        "observaciones": "",
        "geometryType": "niches",
        "gridRow": 3,
        "gridColumn": 60
      },
      "geometry": {
        "type": "Polygon",
        "coordinates": [
          [
            [
              1558.45,
              142.503256
            ],
            [
              1580.45,
              142.503256
            ],
            [
              1580.45,
              129.503256
            ],
            [
              1558.45,
              129.503256
            ],
            [
              1558.45,
              142.503256
            ]
          ]
        ]
      }
    },
    {
      "type": "Feature",
      "properties": {
        "id": "PLN-convexo-DX62",
        "tipo": "nicho",
        "zonaId": "PLN",
        "cara": "convexo",
        "fila": "DX",
        "numero": 62,
        "codigo": "DX62",
        "estatus_venta": "disponible",
        "estatus_ocupacion": "",
        "referencia_procap": "",
        "observaciones": "",
        "geometryType": "niches",
        "gridRow": 3,
        "gridColumn": 61
      },
      "geometry": {
        "type": "Polygon",
        "coordinates": [
          [
            [
              1583.9,
              142.503256
            ],
            [
              1605.9,
              142.503256
            ],
            [
              1605.9,
              129.503256
            ],
            [
              1583.9,
              129.503256
            ],
            [
              1583.9,
              142.503256
            ]
          ]
        ]
      }
    },
    {
      "type": "Feature",
      "properties": {
        "id": "PLN-convexo-DX63",
        "tipo": "nicho",
        "zonaId": "PLN",
        "cara": "convexo",
        "fila": "DX",
        "numero": 63,
        "codigo": "DX63",
        "estatus_venta": "disponible",
        "estatus_ocupacion": "",
        "referencia_procap": "",
        "observaciones": "",
        "geometryType": "niches",
        "gridRow": 3,
        "gridColumn": 62
      },
      "geometry": {
        "type": "Polygon",
        "coordinates": [
          [
            [
              1609.35,
              142.503256
            ],
            [
              1631.35,
              142.503256
            ],
            [
              1631.35,
              129.503256
            ],
            [
              1609.35,
              129.503256
            ],
            [
              1609.35,
              142.503256
            ]
          ]
        ]
      }
    },
    {
      "type": "Feature",
      "properties": {
        "id": "PLN-convexo-DX64",
        "tipo": "nicho",
        "zonaId": "PLN",
        "cara": "convexo",
        "fila": "DX",
        "numero": 64,
        "codigo": "DX64",
        "estatus_venta": "disponible",
        "estatus_ocupacion": "",
        "referencia_procap": "",
        "observaciones": "",
        "geometryType": "niches",
        "gridRow": 3,
        "gridColumn": 63
      },
      "geometry": {
        "type": "Polygon",
        "coordinates": [
          [
            [
              1634.8,
              142.503256
            ],
            [
              1656.8,
              142.503256
            ],
            [
              1656.8,
              129.503256
            ],
            [
              1634.8,
              129.503256
            ],
            [
              1634.8,
              142.503256
            ]
          ]
        ]
      }
    },
    {
      "type": "Feature",
      "properties": {
        "id": "PLN-convexo-DX65",
        "tipo": "nicho",
        "zonaId": "PLN",
        "cara": "convexo",
        "fila": "DX",
        "numero": 65,
        "codigo": "DX65",
        "estatus_venta": "disponible",
        "estatus_ocupacion": "",
        "referencia_procap": "",
        "observaciones": "",
        "geometryType": "niches",
        "gridRow": 3,
        "gridColumn": 64
      },
      "geometry": {
        "type": "Polygon",
        "coordinates": [
          [
            [
              1660.25,
              142.503256
            ],
            [
              1682.25,
              142.503256
            ],
            [
              1682.25,
              129.503256
            ],
            [
              1660.25,
              129.503256
            ],
            [
              1660.25,
              142.503256
            ]
          ]
        ]
      }
    },
    {
      "type": "Feature",
      "properties": {
        "id": "PLN-convexo-DX66",
        "tipo": "nicho",
        "zonaId": "PLN",
        "cara": "convexo",
        "fila": "DX",
        "numero": 66,
        "codigo": "DX66",
        "estatus_venta": "disponible",
        "estatus_ocupacion": "",
        "referencia_procap": "",
        "observaciones": "",
        "geometryType": "niches",
        "gridRow": 3,
        "gridColumn": 65
      },
      "geometry": {
        "type": "Polygon",
        "coordinates": [
          [
            [
              1685.7,
              142.503256
            ],
            [
              1707.7,
              142.503256
            ],
            [
              1707.7,
              129.503256
            ],
            [
              1685.7,
              129.503256
            ],
            [
              1685.7,
              142.503256
            ]
          ]
        ]
      }
    },
    {
      "type": "Feature",
      "properties": {
        "id": "PLN-convexo-DX67",
        "tipo": "nicho",
        "zonaId": "PLN",
        "cara": "convexo",
        "fila": "DX",
        "numero": 67,
        "codigo": "DX67",
        "estatus_venta": "disponible",
        "estatus_ocupacion": "",
        "referencia_procap": "",
        "observaciones": "",
        "geometryType": "niches",
        "gridRow": 3,
        "gridColumn": 66
      },
      "geometry": {
        "type": "Polygon",
        "coordinates": [
          [
            [
              1711.15,
              142.503256
            ],
            [
              1733.15,
              142.503256
            ],
            [
              1733.15,
              129.503256
            ],
            [
              1711.15,
              129.503256
            ],
            [
              1711.15,
              142.503256
            ]
          ]
        ]
      }
    },
    {
      "type": "Feature",
      "properties": {
        "id": "PLN-convexo-DX68",
        "tipo": "nicho",
        "zonaId": "PLN",
        "cara": "convexo",
        "fila": "DX",
        "numero": 68,
        "codigo": "DX68",
        "estatus_venta": "disponible",
        "estatus_ocupacion": "",
        "referencia_procap": "",
        "observaciones": "",
        "geometryType": "niches",
        "gridRow": 3,
        "gridColumn": 67
      },
      "geometry": {
        "type": "Polygon",
        "coordinates": [
          [
            [
              1736.6,
              142.503256
            ],
            [
              1758.6,
              142.503256
            ],
            [
              1758.6,
              129.503256
            ],
            [
              1736.6,
              129.503256
            ],
            [
              1736.6,
              142.503256
            ]
          ]
        ]
      }
    },
    {
      "type": "Feature",
      "properties": {
        "id": "PLN-convexo-DX69",
        "tipo": "nicho",
        "zonaId": "PLN",
        "cara": "convexo",
        "fila": "DX",
        "numero": 69,
        "codigo": "DX69",
        "estatus_venta": "disponible",
        "estatus_ocupacion": "",
        "referencia_procap": "",
        "observaciones": "",
        "geometryType": "niches",
        "gridRow": 3,
        "gridColumn": 68
      },
      "geometry": {
        "type": "Polygon",
        "coordinates": [
          [
            [
              1762.05,
              142.503256
            ],
            [
              1784.05,
              142.503256
            ],
            [
              1784.05,
              129.503256
            ],
            [
              1762.05,
              129.503256
            ],
            [
              1762.05,
              142.503256
            ]
          ]
        ]
      }
    },
    {
      "type": "Feature",
      "properties": {
        "id": "PLN-convexo-DX70",
        "tipo": "nicho",
        "zonaId": "PLN",
        "cara": "convexo",
        "fila": "DX",
        "numero": 70,
        "codigo": "DX70",
        "estatus_venta": "disponible",
        "estatus_ocupacion": "",
        "referencia_procap": "",
        "observaciones": "",
        "geometryType": "niches",
        "gridRow": 3,
        "gridColumn": 69
      },
      "geometry": {
        "type": "Polygon",
        "coordinates": [
          [
            [
              1787.5,
              142.503256
            ],
            [
              1809.5,
              142.503256
            ],
            [
              1809.5,
              129.503256
            ],
            [
              1787.5,
              129.503256
            ],
            [
              1787.5,
              142.503256
            ]
          ]
        ]
      }
    },
    {
      "type": "Feature",
      "properties": {
        "id": "PLN-convexo-DX71",
        "tipo": "nicho",
        "zonaId": "PLN",
        "cara": "convexo",
        "fila": "DX",
        "numero": 71,
        "codigo": "DX71",
        "estatus_venta": "disponible",
        "estatus_ocupacion": "",
        "referencia_procap": "",
        "observaciones": "",
        "geometryType": "niches",
        "gridRow": 3,
        "gridColumn": 70
      },
      "geometry": {
        "type": "Polygon",
        "coordinates": [
          [
            [
              1812.95,
              142.503256
            ],
            [
              1834.95,
              142.503256
            ],
            [
              1834.95,
              129.503256
            ],
            [
              1812.95,
              129.503256
            ],
            [
              1812.95,
              142.503256
            ]
          ]
        ]
      }
    },
    {
      "type": "Feature",
      "properties": {
        "id": "PLN-convexo-DX72",
        "tipo": "nicho",
        "zonaId": "PLN",
        "cara": "convexo",
        "fila": "DX",
        "numero": 72,
        "codigo": "DX72",
        "estatus_venta": "disponible",
        "estatus_ocupacion": "",
        "referencia_procap": "",
        "observaciones": "",
        "geometryType": "niches",
        "gridRow": 3,
        "gridColumn": 71
      },
      "geometry": {
        "type": "Polygon",
        "coordinates": [
          [
            [
              1838.4,
              142.503256
            ],
            [
              1860.4,
              142.503256
            ],
            [
              1860.4,
              129.503256
            ],
            [
              1838.4,
              129.503256
            ],
            [
              1838.4,
              142.503256
            ]
          ]
        ]
      }
    },
    {
      "type": "Feature",
      "properties": {
        "id": "PLN-convexo-DX73",
        "tipo": "nicho",
        "zonaId": "PLN",
        "cara": "convexo",
        "fila": "DX",
        "numero": 73,
        "codigo": "DX73",
        "estatus_venta": "disponible",
        "estatus_ocupacion": "",
        "referencia_procap": "",
        "observaciones": "",
        "geometryType": "niches",
        "gridRow": 3,
        "gridColumn": 72
      },
      "geometry": {
        "type": "Polygon",
        "coordinates": [
          [
            [
              1863.85,
              142.503256
            ],
            [
              1885.85,
              142.503256
            ],
            [
              1885.85,
              129.503256
            ],
            [
              1863.85,
              129.503256
            ],
            [
              1863.85,
              142.503256
            ]
          ]
        ]
      }
    },
    {
      "type": "Feature",
      "properties": {
        "id": "PLN-convexo-DX74",
        "tipo": "nicho",
        "zonaId": "PLN",
        "cara": "convexo",
        "fila": "DX",
        "numero": 74,
        "codigo": "DX74",
        "estatus_venta": "disponible",
        "estatus_ocupacion": "",
        "referencia_procap": "",
        "observaciones": "",
        "geometryType": "niches",
        "gridRow": 3,
        "gridColumn": 73
      },
      "geometry": {
        "type": "Polygon",
        "coordinates": [
          [
            [
              1889.3,
              142.503256
            ],
            [
              1911.3,
              142.503256
            ],
            [
              1911.3,
              129.503256
            ],
            [
              1889.3,
              129.503256
            ],
            [
              1889.3,
              142.503256
            ]
          ]
        ]
      }
    },
    {
      "type": "Feature",
      "properties": {
        "id": "PLN-convexo-DX75",
        "tipo": "nicho",
        "zonaId": "PLN",
        "cara": "convexo",
        "fila": "DX",
        "numero": 75,
        "codigo": "DX75",
        "estatus_venta": "disponible",
        "estatus_ocupacion": "",
        "referencia_procap": "",
        "observaciones": "",
        "geometryType": "niches",
        "gridRow": 3,
        "gridColumn": 74
      },
      "geometry": {
        "type": "Polygon",
        "coordinates": [
          [
            [
              1914.75,
              142.503256
            ],
            [
              1936.75,
              142.503256
            ],
            [
              1936.75,
              129.503256
            ],
            [
              1914.75,
              129.503256
            ],
            [
              1914.75,
              142.503256
            ]
          ]
        ]
      }
    },
    {
      "type": "Feature",
      "properties": {
        "id": "PLN-convexo-DX76",
        "tipo": "nicho",
        "zonaId": "PLN",
        "cara": "convexo",
        "fila": "DX",
        "numero": 76,
        "codigo": "DX76",
        "estatus_venta": "disponible",
        "estatus_ocupacion": "",
        "referencia_procap": "",
        "observaciones": "",
        "geometryType": "niches",
        "gridRow": 3,
        "gridColumn": 75
      },
      "geometry": {
        "type": "Polygon",
        "coordinates": [
          [
            [
              1940.2,
              142.503256
            ],
            [
              1962.2,
              142.503256
            ],
            [
              1962.2,
              129.503256
            ],
            [
              1940.2,
              129.503256
            ],
            [
              1940.2,
              142.503256
            ]
          ]
        ]
      }
    },
    {
      "type": "Feature",
      "properties": {
        "id": "PLN-convexo-DX77",
        "tipo": "nicho",
        "zonaId": "PLN",
        "cara": "convexo",
        "fila": "DX",
        "numero": 77,
        "codigo": "DX77",
        "estatus_venta": "disponible",
        "estatus_ocupacion": "",
        "referencia_procap": "",
        "observaciones": "",
        "geometryType": "niches",
        "gridRow": 3,
        "gridColumn": 76
      },
      "geometry": {
        "type": "Polygon",
        "coordinates": [
          [
            [
              1965.65,
              142.503256
            ],
            [
              1987.65,
              142.503256
            ],
            [
              1987.65,
              129.503256
            ],
            [
              1965.65,
              129.503256
            ],
            [
              1965.65,
              142.503256
            ]
          ]
        ]
      }
    },
    {
      "type": "Feature",
      "properties": {
        "id": "PLN-convexo-DX78",
        "tipo": "nicho",
        "zonaId": "PLN",
        "cara": "convexo",
        "fila": "DX",
        "numero": 78,
        "codigo": "DX78",
        "estatus_venta": "disponible",
        "estatus_ocupacion": "",
        "referencia_procap": "",
        "observaciones": "",
        "geometryType": "niches",
        "gridRow": 3,
        "gridColumn": 77
      },
      "geometry": {
        "type": "Polygon",
        "coordinates": [
          [
            [
              1991.1,
              142.503256
            ],
            [
              2013.1,
              142.503256
            ],
            [
              2013.1,
              129.503256
            ],
            [
              1991.1,
              129.503256
            ],
            [
              1991.1,
              142.503256
            ]
          ]
        ]
      }
    },
    {
      "type": "Feature",
      "properties": {
        "id": "PLN-convexo-DX79",
        "tipo": "nicho",
        "zonaId": "PLN",
        "cara": "convexo",
        "fila": "DX",
        "numero": 79,
        "codigo": "DX79",
        "estatus_venta": "disponible",
        "estatus_ocupacion": "",
        "referencia_procap": "",
        "observaciones": "",
        "geometryType": "niches",
        "gridRow": 3,
        "gridColumn": 78
      },
      "geometry": {
        "type": "Polygon",
        "coordinates": [
          [
            [
              2016.55,
              142.503256
            ],
            [
              2038.55,
              142.503256
            ],
            [
              2038.55,
              129.503256
            ],
            [
              2016.55,
              129.503256
            ],
            [
              2016.55,
              142.503256
            ]
          ]
        ]
      }
    },
    {
      "type": "Feature",
      "properties": {
        "id": "PLN-convexo-EX1",
        "tipo": "nicho",
        "zonaId": "PLN",
        "cara": "convexo",
        "fila": "EX",
        "numero": 1,
        "codigo": "EX1",
        "estatus_venta": "disponible",
        "estatus_ocupacion": "",
        "referencia_procap": "",
        "observaciones": "",
        "geometryType": "niches",
        "gridRow": 4,
        "gridColumn": 0
      },
      "geometry": {
        "type": "Polygon",
        "coordinates": [
          [
            [
              31.45,
              127.503256
            ],
            [
              53.45,
              127.503256
            ],
            [
              53.45,
              114.503256
            ],
            [
              31.45,
              114.503256
            ],
            [
              31.45,
              127.503256
            ]
          ]
        ]
      }
    },
    {
      "type": "Feature",
      "properties": {
        "id": "PLN-convexo-EX2",
        "tipo": "nicho",
        "zonaId": "PLN",
        "cara": "convexo",
        "fila": "EX",
        "numero": 2,
        "codigo": "EX2",
        "estatus_venta": "disponible",
        "estatus_ocupacion": "",
        "referencia_procap": "",
        "observaciones": "",
        "geometryType": "niches",
        "gridRow": 4,
        "gridColumn": 1
      },
      "geometry": {
        "type": "Polygon",
        "coordinates": [
          [
            [
              56.9,
              127.503256
            ],
            [
              78.9,
              127.503256
            ],
            [
              78.9,
              114.503256
            ],
            [
              56.9,
              114.503256
            ],
            [
              56.9,
              127.503256
            ]
          ]
        ]
      }
    },
    {
      "type": "Feature",
      "properties": {
        "id": "PLN-convexo-EX3",
        "tipo": "nicho",
        "zonaId": "PLN",
        "cara": "convexo",
        "fila": "EX",
        "numero": 3,
        "codigo": "EX3",
        "estatus_venta": "disponible",
        "estatus_ocupacion": "",
        "referencia_procap": "",
        "observaciones": "",
        "geometryType": "niches",
        "gridRow": 4,
        "gridColumn": 2
      },
      "geometry": {
        "type": "Polygon",
        "coordinates": [
          [
            [
              82.35,
              127.503256
            ],
            [
              104.35,
              127.503256
            ],
            [
              104.35,
              114.503256
            ],
            [
              82.35,
              114.503256
            ],
            [
              82.35,
              127.503256
            ]
          ]
        ]
      }
    },
    {
      "type": "Feature",
      "properties": {
        "id": "PLN-convexo-EX4",
        "tipo": "nicho",
        "zonaId": "PLN",
        "cara": "convexo",
        "fila": "EX",
        "numero": 4,
        "codigo": "EX4",
        "estatus_venta": "disponible",
        "estatus_ocupacion": "",
        "referencia_procap": "",
        "observaciones": "",
        "geometryType": "niches",
        "gridRow": 4,
        "gridColumn": 3
      },
      "geometry": {
        "type": "Polygon",
        "coordinates": [
          [
            [
              107.8,
              127.503256
            ],
            [
              129.8,
              127.503256
            ],
            [
              129.8,
              114.503256
            ],
            [
              107.8,
              114.503256
            ],
            [
              107.8,
              127.503256
            ]
          ]
        ]
      }
    },
    {
      "type": "Feature",
      "properties": {
        "id": "PLN-convexo-EX5",
        "tipo": "nicho",
        "zonaId": "PLN",
        "cara": "convexo",
        "fila": "EX",
        "numero": 5,
        "codigo": "EX5",
        "estatus_venta": "disponible",
        "estatus_ocupacion": "",
        "referencia_procap": "",
        "observaciones": "",
        "geometryType": "niches",
        "gridRow": 4,
        "gridColumn": 4
      },
      "geometry": {
        "type": "Polygon",
        "coordinates": [
          [
            [
              133.25,
              127.503256
            ],
            [
              155.25,
              127.503256
            ],
            [
              155.25,
              114.503256
            ],
            [
              133.25,
              114.503256
            ],
            [
              133.25,
              127.503256
            ]
          ]
        ]
      }
    },
    {
      "type": "Feature",
      "properties": {
        "id": "PLN-convexo-EX6",
        "tipo": "nicho",
        "zonaId": "PLN",
        "cara": "convexo",
        "fila": "EX",
        "numero": 6,
        "codigo": "EX6",
        "estatus_venta": "disponible",
        "estatus_ocupacion": "",
        "referencia_procap": "",
        "observaciones": "",
        "geometryType": "niches",
        "gridRow": 4,
        "gridColumn": 5
      },
      "geometry": {
        "type": "Polygon",
        "coordinates": [
          [
            [
              158.7,
              127.503256
            ],
            [
              180.7,
              127.503256
            ],
            [
              180.7,
              114.503256
            ],
            [
              158.7,
              114.503256
            ],
            [
              158.7,
              127.503256
            ]
          ]
        ]
      }
    },
    {
      "type": "Feature",
      "properties": {
        "id": "PLN-convexo-EX7",
        "tipo": "nicho",
        "zonaId": "PLN",
        "cara": "convexo",
        "fila": "EX",
        "numero": 7,
        "codigo": "EX7",
        "estatus_venta": "disponible",
        "estatus_ocupacion": "",
        "referencia_procap": "",
        "observaciones": "",
        "geometryType": "niches",
        "gridRow": 4,
        "gridColumn": 6
      },
      "geometry": {
        "type": "Polygon",
        "coordinates": [
          [
            [
              184.15,
              127.503256
            ],
            [
              206.15,
              127.503256
            ],
            [
              206.15,
              114.503256
            ],
            [
              184.15,
              114.503256
            ],
            [
              184.15,
              127.503256
            ]
          ]
        ]
      }
    },
    {
      "type": "Feature",
      "properties": {
        "id": "PLN-convexo-EX8",
        "tipo": "nicho",
        "zonaId": "PLN",
        "cara": "convexo",
        "fila": "EX",
        "numero": 8,
        "codigo": "EX8",
        "estatus_venta": "disponible",
        "estatus_ocupacion": "",
        "referencia_procap": "",
        "observaciones": "",
        "geometryType": "niches",
        "gridRow": 4,
        "gridColumn": 7
      },
      "geometry": {
        "type": "Polygon",
        "coordinates": [
          [
            [
              209.6,
              127.503256
            ],
            [
              231.6,
              127.503256
            ],
            [
              231.6,
              114.503256
            ],
            [
              209.6,
              114.503256
            ],
            [
              209.6,
              127.503256
            ]
          ]
        ]
      }
    },
    {
      "type": "Feature",
      "properties": {
        "id": "PLN-convexo-EX9",
        "tipo": "nicho",
        "zonaId": "PLN",
        "cara": "convexo",
        "fila": "EX",
        "numero": 9,
        "codigo": "EX9",
        "estatus_venta": "disponible",
        "estatus_ocupacion": "",
        "referencia_procap": "",
        "observaciones": "",
        "geometryType": "niches",
        "gridRow": 4,
        "gridColumn": 8
      },
      "geometry": {
        "type": "Polygon",
        "coordinates": [
          [
            [
              235.05,
              127.503256
            ],
            [
              257.05,
              127.503256
            ],
            [
              257.05,
              114.503256
            ],
            [
              235.05,
              114.503256
            ],
            [
              235.05,
              127.503256
            ]
          ]
        ]
      }
    },
    {
      "type": "Feature",
      "properties": {
        "id": "PLN-convexo-EX10",
        "tipo": "nicho",
        "zonaId": "PLN",
        "cara": "convexo",
        "fila": "EX",
        "numero": 10,
        "codigo": "EX10",
        "estatus_venta": "disponible",
        "estatus_ocupacion": "",
        "referencia_procap": "",
        "observaciones": "",
        "geometryType": "niches",
        "gridRow": 4,
        "gridColumn": 9
      },
      "geometry": {
        "type": "Polygon",
        "coordinates": [
          [
            [
              260.5,
              127.503256
            ],
            [
              282.5,
              127.503256
            ],
            [
              282.5,
              114.503256
            ],
            [
              260.5,
              114.503256
            ],
            [
              260.5,
              127.503256
            ]
          ]
        ]
      }
    },
    {
      "type": "Feature",
      "properties": {
        "id": "PLN-convexo-EX11",
        "tipo": "nicho",
        "zonaId": "PLN",
        "cara": "convexo",
        "fila": "EX",
        "numero": 11,
        "codigo": "EX11",
        "estatus_venta": "disponible",
        "estatus_ocupacion": "",
        "referencia_procap": "",
        "observaciones": "",
        "geometryType": "niches",
        "gridRow": 4,
        "gridColumn": 10
      },
      "geometry": {
        "type": "Polygon",
        "coordinates": [
          [
            [
              285.95,
              127.503256
            ],
            [
              307.95,
              127.503256
            ],
            [
              307.95,
              114.503256
            ],
            [
              285.95,
              114.503256
            ],
            [
              285.95,
              127.503256
            ]
          ]
        ]
      }
    },
    {
      "type": "Feature",
      "properties": {
        "id": "PLN-convexo-EX12",
        "tipo": "nicho",
        "zonaId": "PLN",
        "cara": "convexo",
        "fila": "EX",
        "numero": 12,
        "codigo": "EX12",
        "estatus_venta": "disponible",
        "estatus_ocupacion": "",
        "referencia_procap": "",
        "observaciones": "",
        "geometryType": "niches",
        "gridRow": 4,
        "gridColumn": 11
      },
      "geometry": {
        "type": "Polygon",
        "coordinates": [
          [
            [
              311.4,
              127.503256
            ],
            [
              333.4,
              127.503256
            ],
            [
              333.4,
              114.503256
            ],
            [
              311.4,
              114.503256
            ],
            [
              311.4,
              127.503256
            ]
          ]
        ]
      }
    },
    {
      "type": "Feature",
      "properties": {
        "id": "PLN-convexo-EX13",
        "tipo": "nicho",
        "zonaId": "PLN",
        "cara": "convexo",
        "fila": "EX",
        "numero": 13,
        "codigo": "EX13",
        "estatus_venta": "disponible",
        "estatus_ocupacion": "",
        "referencia_procap": "",
        "observaciones": "",
        "geometryType": "niches",
        "gridRow": 4,
        "gridColumn": 12
      },
      "geometry": {
        "type": "Polygon",
        "coordinates": [
          [
            [
              336.85,
              127.503256
            ],
            [
              358.85,
              127.503256
            ],
            [
              358.85,
              114.503256
            ],
            [
              336.85,
              114.503256
            ],
            [
              336.85,
              127.503256
            ]
          ]
        ]
      }
    },
    {
      "type": "Feature",
      "properties": {
        "id": "PLN-convexo-EX14",
        "tipo": "nicho",
        "zonaId": "PLN",
        "cara": "convexo",
        "fila": "EX",
        "numero": 14,
        "codigo": "EX14",
        "estatus_venta": "disponible",
        "estatus_ocupacion": "",
        "referencia_procap": "",
        "observaciones": "",
        "geometryType": "niches",
        "gridRow": 4,
        "gridColumn": 13
      },
      "geometry": {
        "type": "Polygon",
        "coordinates": [
          [
            [
              362.3,
              127.503256
            ],
            [
              384.3,
              127.503256
            ],
            [
              384.3,
              114.503256
            ],
            [
              362.3,
              114.503256
            ],
            [
              362.3,
              127.503256
            ]
          ]
        ]
      }
    },
    {
      "type": "Feature",
      "properties": {
        "id": "PLN-convexo-EX15",
        "tipo": "nicho",
        "zonaId": "PLN",
        "cara": "convexo",
        "fila": "EX",
        "numero": 15,
        "codigo": "EX15",
        "estatus_venta": "disponible",
        "estatus_ocupacion": "",
        "referencia_procap": "",
        "observaciones": "",
        "geometryType": "niches",
        "gridRow": 4,
        "gridColumn": 14
      },
      "geometry": {
        "type": "Polygon",
        "coordinates": [
          [
            [
              387.75,
              127.503256
            ],
            [
              409.75,
              127.503256
            ],
            [
              409.75,
              114.503256
            ],
            [
              387.75,
              114.503256
            ],
            [
              387.75,
              127.503256
            ]
          ]
        ]
      }
    },
    {
      "type": "Feature",
      "properties": {
        "id": "PLN-convexo-EX16",
        "tipo": "nicho",
        "zonaId": "PLN",
        "cara": "convexo",
        "fila": "EX",
        "numero": 16,
        "codigo": "EX16",
        "estatus_venta": "disponible",
        "estatus_ocupacion": "",
        "referencia_procap": "",
        "observaciones": "",
        "geometryType": "niches",
        "gridRow": 4,
        "gridColumn": 15
      },
      "geometry": {
        "type": "Polygon",
        "coordinates": [
          [
            [
              413.2,
              127.503256
            ],
            [
              435.2,
              127.503256
            ],
            [
              435.2,
              114.503256
            ],
            [
              413.2,
              114.503256
            ],
            [
              413.2,
              127.503256
            ]
          ]
        ]
      }
    },
    {
      "type": "Feature",
      "properties": {
        "id": "PLN-convexo-EX17",
        "tipo": "nicho",
        "zonaId": "PLN",
        "cara": "convexo",
        "fila": "EX",
        "numero": 17,
        "codigo": "EX17",
        "estatus_venta": "disponible",
        "estatus_ocupacion": "",
        "referencia_procap": "",
        "observaciones": "",
        "geometryType": "niches",
        "gridRow": 4,
        "gridColumn": 16
      },
      "geometry": {
        "type": "Polygon",
        "coordinates": [
          [
            [
              438.65,
              127.503256
            ],
            [
              460.65,
              127.503256
            ],
            [
              460.65,
              114.503256
            ],
            [
              438.65,
              114.503256
            ],
            [
              438.65,
              127.503256
            ]
          ]
        ]
      }
    },
    {
      "type": "Feature",
      "properties": {
        "id": "PLN-convexo-EX18",
        "tipo": "nicho",
        "zonaId": "PLN",
        "cara": "convexo",
        "fila": "EX",
        "numero": 18,
        "codigo": "EX18",
        "estatus_venta": "disponible",
        "estatus_ocupacion": "",
        "referencia_procap": "",
        "observaciones": "",
        "geometryType": "niches",
        "gridRow": 4,
        "gridColumn": 17
      },
      "geometry": {
        "type": "Polygon",
        "coordinates": [
          [
            [
              464.1,
              127.503256
            ],
            [
              486.1,
              127.503256
            ],
            [
              486.1,
              114.503256
            ],
            [
              464.1,
              114.503256
            ],
            [
              464.1,
              127.503256
            ]
          ]
        ]
      }
    },
    {
      "type": "Feature",
      "properties": {
        "id": "PLN-convexo-EX19",
        "tipo": "nicho",
        "zonaId": "PLN",
        "cara": "convexo",
        "fila": "EX",
        "numero": 19,
        "codigo": "EX19",
        "estatus_venta": "disponible",
        "estatus_ocupacion": "",
        "referencia_procap": "",
        "observaciones": "",
        "geometryType": "niches",
        "gridRow": 4,
        "gridColumn": 18
      },
      "geometry": {
        "type": "Polygon",
        "coordinates": [
          [
            [
              489.55,
              127.503256
            ],
            [
              511.55,
              127.503256
            ],
            [
              511.55,
              114.503256
            ],
            [
              489.55,
              114.503256
            ],
            [
              489.55,
              127.503256
            ]
          ]
        ]
      }
    },
    {
      "type": "Feature",
      "properties": {
        "id": "PLN-convexo-EX20",
        "tipo": "nicho",
        "zonaId": "PLN",
        "cara": "convexo",
        "fila": "EX",
        "numero": 20,
        "codigo": "EX20",
        "estatus_venta": "disponible",
        "estatus_ocupacion": "",
        "referencia_procap": "",
        "observaciones": "",
        "geometryType": "niches",
        "gridRow": 4,
        "gridColumn": 19
      },
      "geometry": {
        "type": "Polygon",
        "coordinates": [
          [
            [
              515,
              127.503256
            ],
            [
              537,
              127.503256
            ],
            [
              537,
              114.503256
            ],
            [
              515,
              114.503256
            ],
            [
              515,
              127.503256
            ]
          ]
        ]
      }
    },
    {
      "type": "Feature",
      "properties": {
        "id": "PLN-convexo-EX21",
        "tipo": "nicho",
        "zonaId": "PLN",
        "cara": "convexo",
        "fila": "EX",
        "numero": 21,
        "codigo": "EX21",
        "estatus_venta": "disponible",
        "estatus_ocupacion": "",
        "referencia_procap": "",
        "observaciones": "",
        "geometryType": "niches",
        "gridRow": 4,
        "gridColumn": 20
      },
      "geometry": {
        "type": "Polygon",
        "coordinates": [
          [
            [
              540.45,
              127.503256
            ],
            [
              562.45,
              127.503256
            ],
            [
              562.45,
              114.503256
            ],
            [
              540.45,
              114.503256
            ],
            [
              540.45,
              127.503256
            ]
          ]
        ]
      }
    },
    {
      "type": "Feature",
      "properties": {
        "id": "PLN-convexo-EX22",
        "tipo": "nicho",
        "zonaId": "PLN",
        "cara": "convexo",
        "fila": "EX",
        "numero": 22,
        "codigo": "EX22",
        "estatus_venta": "disponible",
        "estatus_ocupacion": "",
        "referencia_procap": "",
        "observaciones": "",
        "geometryType": "niches",
        "gridRow": 4,
        "gridColumn": 21
      },
      "geometry": {
        "type": "Polygon",
        "coordinates": [
          [
            [
              565.9,
              127.503256
            ],
            [
              587.9,
              127.503256
            ],
            [
              587.9,
              114.503256
            ],
            [
              565.9,
              114.503256
            ],
            [
              565.9,
              127.503256
            ]
          ]
        ]
      }
    },
    {
      "type": "Feature",
      "properties": {
        "id": "PLN-convexo-EX23",
        "tipo": "nicho",
        "zonaId": "PLN",
        "cara": "convexo",
        "fila": "EX",
        "numero": 23,
        "codigo": "EX23",
        "estatus_venta": "disponible",
        "estatus_ocupacion": "",
        "referencia_procap": "",
        "observaciones": "",
        "geometryType": "niches",
        "gridRow": 4,
        "gridColumn": 22
      },
      "geometry": {
        "type": "Polygon",
        "coordinates": [
          [
            [
              591.35,
              127.503256
            ],
            [
              613.35,
              127.503256
            ],
            [
              613.35,
              114.503256
            ],
            [
              591.35,
              114.503256
            ],
            [
              591.35,
              127.503256
            ]
          ]
        ]
      }
    },
    {
      "type": "Feature",
      "properties": {
        "id": "PLN-convexo-EX24",
        "tipo": "nicho",
        "zonaId": "PLN",
        "cara": "convexo",
        "fila": "EX",
        "numero": 24,
        "codigo": "EX24",
        "estatus_venta": "disponible",
        "estatus_ocupacion": "",
        "referencia_procap": "",
        "observaciones": "",
        "geometryType": "niches",
        "gridRow": 4,
        "gridColumn": 23
      },
      "geometry": {
        "type": "Polygon",
        "coordinates": [
          [
            [
              616.8,
              127.503256
            ],
            [
              638.8,
              127.503256
            ],
            [
              638.8,
              114.503256
            ],
            [
              616.8,
              114.503256
            ],
            [
              616.8,
              127.503256
            ]
          ]
        ]
      }
    },
    {
      "type": "Feature",
      "properties": {
        "id": "PLN-convexo-EX25",
        "tipo": "nicho",
        "zonaId": "PLN",
        "cara": "convexo",
        "fila": "EX",
        "numero": 25,
        "codigo": "EX25",
        "estatus_venta": "disponible",
        "estatus_ocupacion": "",
        "referencia_procap": "",
        "observaciones": "",
        "geometryType": "niches",
        "gridRow": 4,
        "gridColumn": 24
      },
      "geometry": {
        "type": "Polygon",
        "coordinates": [
          [
            [
              642.25,
              127.503256
            ],
            [
              664.25,
              127.503256
            ],
            [
              664.25,
              114.503256
            ],
            [
              642.25,
              114.503256
            ],
            [
              642.25,
              127.503256
            ]
          ]
        ]
      }
    },
    {
      "type": "Feature",
      "properties": {
        "id": "PLN-convexo-EX26",
        "tipo": "nicho",
        "zonaId": "PLN",
        "cara": "convexo",
        "fila": "EX",
        "numero": 26,
        "codigo": "EX26",
        "estatus_venta": "disponible",
        "estatus_ocupacion": "",
        "referencia_procap": "",
        "observaciones": "",
        "geometryType": "niches",
        "gridRow": 4,
        "gridColumn": 25
      },
      "geometry": {
        "type": "Polygon",
        "coordinates": [
          [
            [
              667.7,
              127.503256
            ],
            [
              689.7,
              127.503256
            ],
            [
              689.7,
              114.503256
            ],
            [
              667.7,
              114.503256
            ],
            [
              667.7,
              127.503256
            ]
          ]
        ]
      }
    },
    {
      "type": "Feature",
      "properties": {
        "id": "PLN-convexo-EX27",
        "tipo": "nicho",
        "zonaId": "PLN",
        "cara": "convexo",
        "fila": "EX",
        "numero": 27,
        "codigo": "EX27",
        "estatus_venta": "disponible",
        "estatus_ocupacion": "",
        "referencia_procap": "",
        "observaciones": "",
        "geometryType": "niches",
        "gridRow": 4,
        "gridColumn": 26
      },
      "geometry": {
        "type": "Polygon",
        "coordinates": [
          [
            [
              693.15,
              127.503256
            ],
            [
              715.15,
              127.503256
            ],
            [
              715.15,
              114.503256
            ],
            [
              693.15,
              114.503256
            ],
            [
              693.15,
              127.503256
            ]
          ]
        ]
      }
    },
    {
      "type": "Feature",
      "properties": {
        "id": "PLN-convexo-EX28",
        "tipo": "nicho",
        "zonaId": "PLN",
        "cara": "convexo",
        "fila": "EX",
        "numero": 28,
        "codigo": "EX28",
        "estatus_venta": "disponible",
        "estatus_ocupacion": "",
        "referencia_procap": "",
        "observaciones": "",
        "geometryType": "niches",
        "gridRow": 4,
        "gridColumn": 27
      },
      "geometry": {
        "type": "Polygon",
        "coordinates": [
          [
            [
              718.6,
              127.503256
            ],
            [
              740.6,
              127.503256
            ],
            [
              740.6,
              114.503256
            ],
            [
              718.6,
              114.503256
            ],
            [
              718.6,
              127.503256
            ]
          ]
        ]
      }
    },
    {
      "type": "Feature",
      "properties": {
        "id": "PLN-convexo-EX29",
        "tipo": "nicho",
        "zonaId": "PLN",
        "cara": "convexo",
        "fila": "EX",
        "numero": 29,
        "codigo": "EX29",
        "estatus_venta": "disponible",
        "estatus_ocupacion": "",
        "referencia_procap": "",
        "observaciones": "",
        "geometryType": "niches",
        "gridRow": 4,
        "gridColumn": 28
      },
      "geometry": {
        "type": "Polygon",
        "coordinates": [
          [
            [
              744.05,
              127.503256
            ],
            [
              766.05,
              127.503256
            ],
            [
              766.05,
              114.503256
            ],
            [
              744.05,
              114.503256
            ],
            [
              744.05,
              127.503256
            ]
          ]
        ]
      }
    },
    {
      "type": "Feature",
      "properties": {
        "id": "PLN-convexo-EX30",
        "tipo": "nicho",
        "zonaId": "PLN",
        "cara": "convexo",
        "fila": "EX",
        "numero": 30,
        "codigo": "EX30",
        "estatus_venta": "disponible",
        "estatus_ocupacion": "",
        "referencia_procap": "",
        "observaciones": "",
        "geometryType": "niches",
        "gridRow": 4,
        "gridColumn": 29
      },
      "geometry": {
        "type": "Polygon",
        "coordinates": [
          [
            [
              769.5,
              127.503256
            ],
            [
              791.5,
              127.503256
            ],
            [
              791.5,
              114.503256
            ],
            [
              769.5,
              114.503256
            ],
            [
              769.5,
              127.503256
            ]
          ]
        ]
      }
    },
    {
      "type": "Feature",
      "properties": {
        "id": "PLN-convexo-EX31",
        "tipo": "nicho",
        "zonaId": "PLN",
        "cara": "convexo",
        "fila": "EX",
        "numero": 31,
        "codigo": "EX31",
        "estatus_venta": "disponible",
        "estatus_ocupacion": "",
        "referencia_procap": "",
        "observaciones": "",
        "geometryType": "niches",
        "gridRow": 4,
        "gridColumn": 30
      },
      "geometry": {
        "type": "Polygon",
        "coordinates": [
          [
            [
              794.95,
              127.503256
            ],
            [
              816.95,
              127.503256
            ],
            [
              816.95,
              114.503256
            ],
            [
              794.95,
              114.503256
            ],
            [
              794.95,
              127.503256
            ]
          ]
        ]
      }
    },
    {
      "type": "Feature",
      "properties": {
        "id": "PLN-convexo-EX32",
        "tipo": "nicho",
        "zonaId": "PLN",
        "cara": "convexo",
        "fila": "EX",
        "numero": 32,
        "codigo": "EX32",
        "estatus_venta": "disponible",
        "estatus_ocupacion": "",
        "referencia_procap": "",
        "observaciones": "",
        "geometryType": "niches",
        "gridRow": 4,
        "gridColumn": 31
      },
      "geometry": {
        "type": "Polygon",
        "coordinates": [
          [
            [
              820.4,
              127.503256
            ],
            [
              842.4,
              127.503256
            ],
            [
              842.4,
              114.503256
            ],
            [
              820.4,
              114.503256
            ],
            [
              820.4,
              127.503256
            ]
          ]
        ]
      }
    },
    {
      "type": "Feature",
      "properties": {
        "id": "PLN-convexo-EX33",
        "tipo": "nicho",
        "zonaId": "PLN",
        "cara": "convexo",
        "fila": "EX",
        "numero": 33,
        "codigo": "EX33",
        "estatus_venta": "disponible",
        "estatus_ocupacion": "",
        "referencia_procap": "",
        "observaciones": "",
        "geometryType": "niches",
        "gridRow": 4,
        "gridColumn": 32
      },
      "geometry": {
        "type": "Polygon",
        "coordinates": [
          [
            [
              845.85,
              127.503256
            ],
            [
              867.85,
              127.503256
            ],
            [
              867.85,
              114.503256
            ],
            [
              845.85,
              114.503256
            ],
            [
              845.85,
              127.503256
            ]
          ]
        ]
      }
    },
    {
      "type": "Feature",
      "properties": {
        "id": "PLN-convexo-EX34",
        "tipo": "nicho",
        "zonaId": "PLN",
        "cara": "convexo",
        "fila": "EX",
        "numero": 34,
        "codigo": "EX34",
        "estatus_venta": "disponible",
        "estatus_ocupacion": "",
        "referencia_procap": "",
        "observaciones": "",
        "geometryType": "niches",
        "gridRow": 4,
        "gridColumn": 33
      },
      "geometry": {
        "type": "Polygon",
        "coordinates": [
          [
            [
              871.3,
              127.503256
            ],
            [
              893.3,
              127.503256
            ],
            [
              893.3,
              114.503256
            ],
            [
              871.3,
              114.503256
            ],
            [
              871.3,
              127.503256
            ]
          ]
        ]
      }
    },
    {
      "type": "Feature",
      "properties": {
        "id": "PLN-convexo-EX35",
        "tipo": "nicho",
        "zonaId": "PLN",
        "cara": "convexo",
        "fila": "EX",
        "numero": 35,
        "codigo": "EX35",
        "estatus_venta": "disponible",
        "estatus_ocupacion": "",
        "referencia_procap": "",
        "observaciones": "",
        "geometryType": "niches",
        "gridRow": 4,
        "gridColumn": 34
      },
      "geometry": {
        "type": "Polygon",
        "coordinates": [
          [
            [
              896.75,
              127.503256
            ],
            [
              918.75,
              127.503256
            ],
            [
              918.75,
              114.503256
            ],
            [
              896.75,
              114.503256
            ],
            [
              896.75,
              127.503256
            ]
          ]
        ]
      }
    },
    {
      "type": "Feature",
      "properties": {
        "id": "PLN-convexo-EX36",
        "tipo": "nicho",
        "zonaId": "PLN",
        "cara": "convexo",
        "fila": "EX",
        "numero": 36,
        "codigo": "EX36",
        "estatus_venta": "disponible",
        "estatus_ocupacion": "",
        "referencia_procap": "",
        "observaciones": "",
        "geometryType": "niches",
        "gridRow": 4,
        "gridColumn": 35
      },
      "geometry": {
        "type": "Polygon",
        "coordinates": [
          [
            [
              922.2,
              127.503256
            ],
            [
              944.2,
              127.503256
            ],
            [
              944.2,
              114.503256
            ],
            [
              922.2,
              114.503256
            ],
            [
              922.2,
              127.503256
            ]
          ]
        ]
      }
    },
    {
      "type": "Feature",
      "properties": {
        "id": "PLN-convexo-EX37",
        "tipo": "nicho",
        "zonaId": "PLN",
        "cara": "convexo",
        "fila": "EX",
        "numero": 37,
        "codigo": "EX37",
        "estatus_venta": "disponible",
        "estatus_ocupacion": "",
        "referencia_procap": "",
        "observaciones": "",
        "geometryType": "niches",
        "gridRow": 4,
        "gridColumn": 36
      },
      "geometry": {
        "type": "Polygon",
        "coordinates": [
          [
            [
              947.65,
              127.503256
            ],
            [
              969.65,
              127.503256
            ],
            [
              969.65,
              114.503256
            ],
            [
              947.65,
              114.503256
            ],
            [
              947.65,
              127.503256
            ]
          ]
        ]
      }
    },
    {
      "type": "Feature",
      "properties": {
        "id": "PLN-convexo-EX38",
        "tipo": "nicho",
        "zonaId": "PLN",
        "cara": "convexo",
        "fila": "EX",
        "numero": 38,
        "codigo": "EX38",
        "estatus_venta": "disponible",
        "estatus_ocupacion": "",
        "referencia_procap": "",
        "observaciones": "",
        "geometryType": "niches",
        "gridRow": 4,
        "gridColumn": 37
      },
      "geometry": {
        "type": "Polygon",
        "coordinates": [
          [
            [
              973.1,
              127.503256
            ],
            [
              995.1,
              127.503256
            ],
            [
              995.1,
              114.503256
            ],
            [
              973.1,
              114.503256
            ],
            [
              973.1,
              127.503256
            ]
          ]
        ]
      }
    },
    {
      "type": "Feature",
      "properties": {
        "id": "PLN-convexo-EX39",
        "tipo": "nicho",
        "zonaId": "PLN",
        "cara": "convexo",
        "fila": "EX",
        "numero": 39,
        "codigo": "EX39",
        "estatus_venta": "disponible",
        "estatus_ocupacion": "",
        "referencia_procap": "",
        "observaciones": "",
        "geometryType": "niches",
        "gridRow": 4,
        "gridColumn": 38
      },
      "geometry": {
        "type": "Polygon",
        "coordinates": [
          [
            [
              998.55,
              127.503256
            ],
            [
              1020.55,
              127.503256
            ],
            [
              1020.55,
              114.503256
            ],
            [
              998.55,
              114.503256
            ],
            [
              998.55,
              127.503256
            ]
          ]
        ]
      }
    },
    {
      "type": "Feature",
      "properties": {
        "id": "PLN-convexo-EX40",
        "tipo": "nicho",
        "zonaId": "PLN",
        "cara": "convexo",
        "fila": "EX",
        "numero": 40,
        "codigo": "EX40",
        "estatus_venta": "disponible",
        "estatus_ocupacion": "",
        "referencia_procap": "",
        "observaciones": "",
        "geometryType": "niches",
        "gridRow": 4,
        "gridColumn": 39
      },
      "geometry": {
        "type": "Polygon",
        "coordinates": [
          [
            [
              1024,
              127.503256
            ],
            [
              1046,
              127.503256
            ],
            [
              1046,
              114.503256
            ],
            [
              1024,
              114.503256
            ],
            [
              1024,
              127.503256
            ]
          ]
        ]
      }
    },
    {
      "type": "Feature",
      "properties": {
        "id": "PLN-convexo-EX41",
        "tipo": "nicho",
        "zonaId": "PLN",
        "cara": "convexo",
        "fila": "EX",
        "numero": 41,
        "codigo": "EX41",
        "estatus_venta": "disponible",
        "estatus_ocupacion": "",
        "referencia_procap": "",
        "observaciones": "",
        "geometryType": "niches",
        "gridRow": 4,
        "gridColumn": 40
      },
      "geometry": {
        "type": "Polygon",
        "coordinates": [
          [
            [
              1049.45,
              127.503256
            ],
            [
              1071.45,
              127.503256
            ],
            [
              1071.45,
              114.503256
            ],
            [
              1049.45,
              114.503256
            ],
            [
              1049.45,
              127.503256
            ]
          ]
        ]
      }
    },
    {
      "type": "Feature",
      "properties": {
        "id": "PLN-convexo-EX42",
        "tipo": "nicho",
        "zonaId": "PLN",
        "cara": "convexo",
        "fila": "EX",
        "numero": 42,
        "codigo": "EX42",
        "estatus_venta": "disponible",
        "estatus_ocupacion": "",
        "referencia_procap": "",
        "observaciones": "",
        "geometryType": "niches",
        "gridRow": 4,
        "gridColumn": 41
      },
      "geometry": {
        "type": "Polygon",
        "coordinates": [
          [
            [
              1074.9,
              127.503256
            ],
            [
              1096.9,
              127.503256
            ],
            [
              1096.9,
              114.503256
            ],
            [
              1074.9,
              114.503256
            ],
            [
              1074.9,
              127.503256
            ]
          ]
        ]
      }
    },
    {
      "type": "Feature",
      "properties": {
        "id": "PLN-convexo-EX43",
        "tipo": "nicho",
        "zonaId": "PLN",
        "cara": "convexo",
        "fila": "EX",
        "numero": 43,
        "codigo": "EX43",
        "estatus_venta": "disponible",
        "estatus_ocupacion": "",
        "referencia_procap": "",
        "observaciones": "",
        "geometryType": "niches",
        "gridRow": 4,
        "gridColumn": 42
      },
      "geometry": {
        "type": "Polygon",
        "coordinates": [
          [
            [
              1100.35,
              127.503256
            ],
            [
              1122.35,
              127.503256
            ],
            [
              1122.35,
              114.503256
            ],
            [
              1100.35,
              114.503256
            ],
            [
              1100.35,
              127.503256
            ]
          ]
        ]
      }
    },
    {
      "type": "Feature",
      "properties": {
        "id": "PLN-convexo-EX44",
        "tipo": "nicho",
        "zonaId": "PLN",
        "cara": "convexo",
        "fila": "EX",
        "numero": 44,
        "codigo": "EX44",
        "estatus_venta": "disponible",
        "estatus_ocupacion": "",
        "referencia_procap": "",
        "observaciones": "",
        "geometryType": "niches",
        "gridRow": 4,
        "gridColumn": 43
      },
      "geometry": {
        "type": "Polygon",
        "coordinates": [
          [
            [
              1125.8,
              127.503256
            ],
            [
              1147.8,
              127.503256
            ],
            [
              1147.8,
              114.503256
            ],
            [
              1125.8,
              114.503256
            ],
            [
              1125.8,
              127.503256
            ]
          ]
        ]
      }
    },
    {
      "type": "Feature",
      "properties": {
        "id": "PLN-convexo-EX45",
        "tipo": "nicho",
        "zonaId": "PLN",
        "cara": "convexo",
        "fila": "EX",
        "numero": 45,
        "codigo": "EX45",
        "estatus_venta": "disponible",
        "estatus_ocupacion": "",
        "referencia_procap": "",
        "observaciones": "",
        "geometryType": "niches",
        "gridRow": 4,
        "gridColumn": 44
      },
      "geometry": {
        "type": "Polygon",
        "coordinates": [
          [
            [
              1151.25,
              127.503256
            ],
            [
              1173.25,
              127.503256
            ],
            [
              1173.25,
              114.503256
            ],
            [
              1151.25,
              114.503256
            ],
            [
              1151.25,
              127.503256
            ]
          ]
        ]
      }
    },
    {
      "type": "Feature",
      "properties": {
        "id": "PLN-convexo-EX46",
        "tipo": "nicho",
        "zonaId": "PLN",
        "cara": "convexo",
        "fila": "EX",
        "numero": 46,
        "codigo": "EX46",
        "estatus_venta": "disponible",
        "estatus_ocupacion": "",
        "referencia_procap": "",
        "observaciones": "",
        "geometryType": "niches",
        "gridRow": 4,
        "gridColumn": 45
      },
      "geometry": {
        "type": "Polygon",
        "coordinates": [
          [
            [
              1176.7,
              127.503256
            ],
            [
              1198.7,
              127.503256
            ],
            [
              1198.7,
              114.503256
            ],
            [
              1176.7,
              114.503256
            ],
            [
              1176.7,
              127.503256
            ]
          ]
        ]
      }
    },
    {
      "type": "Feature",
      "properties": {
        "id": "PLN-convexo-EX47",
        "tipo": "nicho",
        "zonaId": "PLN",
        "cara": "convexo",
        "fila": "EX",
        "numero": 47,
        "codigo": "EX47",
        "estatus_venta": "disponible",
        "estatus_ocupacion": "",
        "referencia_procap": "",
        "observaciones": "",
        "geometryType": "niches",
        "gridRow": 4,
        "gridColumn": 46
      },
      "geometry": {
        "type": "Polygon",
        "coordinates": [
          [
            [
              1202.15,
              127.503256
            ],
            [
              1224.15,
              127.503256
            ],
            [
              1224.15,
              114.503256
            ],
            [
              1202.15,
              114.503256
            ],
            [
              1202.15,
              127.503256
            ]
          ]
        ]
      }
    },
    {
      "type": "Feature",
      "properties": {
        "id": "PLN-convexo-EX48",
        "tipo": "nicho",
        "zonaId": "PLN",
        "cara": "convexo",
        "fila": "EX",
        "numero": 48,
        "codigo": "EX48",
        "estatus_venta": "disponible",
        "estatus_ocupacion": "",
        "referencia_procap": "",
        "observaciones": "",
        "geometryType": "niches",
        "gridRow": 4,
        "gridColumn": 47
      },
      "geometry": {
        "type": "Polygon",
        "coordinates": [
          [
            [
              1227.6,
              127.503256
            ],
            [
              1249.6,
              127.503256
            ],
            [
              1249.6,
              114.503256
            ],
            [
              1227.6,
              114.503256
            ],
            [
              1227.6,
              127.503256
            ]
          ]
        ]
      }
    },
    {
      "type": "Feature",
      "properties": {
        "id": "PLN-convexo-EX49",
        "tipo": "nicho",
        "zonaId": "PLN",
        "cara": "convexo",
        "fila": "EX",
        "numero": 49,
        "codigo": "EX49",
        "estatus_venta": "disponible",
        "estatus_ocupacion": "",
        "referencia_procap": "",
        "observaciones": "",
        "geometryType": "niches",
        "gridRow": 4,
        "gridColumn": 48
      },
      "geometry": {
        "type": "Polygon",
        "coordinates": [
          [
            [
              1253.05,
              127.503256
            ],
            [
              1275.05,
              127.503256
            ],
            [
              1275.05,
              114.503256
            ],
            [
              1253.05,
              114.503256
            ],
            [
              1253.05,
              127.503256
            ]
          ]
        ]
      }
    },
    {
      "type": "Feature",
      "properties": {
        "id": "PLN-convexo-EX50",
        "tipo": "nicho",
        "zonaId": "PLN",
        "cara": "convexo",
        "fila": "EX",
        "numero": 50,
        "codigo": "EX50",
        "estatus_venta": "disponible",
        "estatus_ocupacion": "",
        "referencia_procap": "",
        "observaciones": "",
        "geometryType": "niches",
        "gridRow": 4,
        "gridColumn": 49
      },
      "geometry": {
        "type": "Polygon",
        "coordinates": [
          [
            [
              1278.5,
              127.503256
            ],
            [
              1300.5,
              127.503256
            ],
            [
              1300.5,
              114.503256
            ],
            [
              1278.5,
              114.503256
            ],
            [
              1278.5,
              127.503256
            ]
          ]
        ]
      }
    },
    {
      "type": "Feature",
      "properties": {
        "id": "PLN-convexo-EX51",
        "tipo": "nicho",
        "zonaId": "PLN",
        "cara": "convexo",
        "fila": "EX",
        "numero": 51,
        "codigo": "EX51",
        "estatus_venta": "disponible",
        "estatus_ocupacion": "",
        "referencia_procap": "",
        "observaciones": "",
        "geometryType": "niches",
        "gridRow": 4,
        "gridColumn": 50
      },
      "geometry": {
        "type": "Polygon",
        "coordinates": [
          [
            [
              1303.95,
              127.503256
            ],
            [
              1325.95,
              127.503256
            ],
            [
              1325.95,
              114.503256
            ],
            [
              1303.95,
              114.503256
            ],
            [
              1303.95,
              127.503256
            ]
          ]
        ]
      }
    },
    {
      "type": "Feature",
      "properties": {
        "id": "PLN-convexo-EX52",
        "tipo": "nicho",
        "zonaId": "PLN",
        "cara": "convexo",
        "fila": "EX",
        "numero": 52,
        "codigo": "EX52",
        "estatus_venta": "disponible",
        "estatus_ocupacion": "",
        "referencia_procap": "",
        "observaciones": "",
        "geometryType": "niches",
        "gridRow": 4,
        "gridColumn": 51
      },
      "geometry": {
        "type": "Polygon",
        "coordinates": [
          [
            [
              1329.4,
              127.503256
            ],
            [
              1351.4,
              127.503256
            ],
            [
              1351.4,
              114.503256
            ],
            [
              1329.4,
              114.503256
            ],
            [
              1329.4,
              127.503256
            ]
          ]
        ]
      }
    },
    {
      "type": "Feature",
      "properties": {
        "id": "PLN-convexo-EX53",
        "tipo": "nicho",
        "zonaId": "PLN",
        "cara": "convexo",
        "fila": "EX",
        "numero": 53,
        "codigo": "EX53",
        "estatus_venta": "disponible",
        "estatus_ocupacion": "",
        "referencia_procap": "",
        "observaciones": "",
        "geometryType": "niches",
        "gridRow": 4,
        "gridColumn": 52
      },
      "geometry": {
        "type": "Polygon",
        "coordinates": [
          [
            [
              1354.85,
              127.503256
            ],
            [
              1376.85,
              127.503256
            ],
            [
              1376.85,
              114.503256
            ],
            [
              1354.85,
              114.503256
            ],
            [
              1354.85,
              127.503256
            ]
          ]
        ]
      }
    },
    {
      "type": "Feature",
      "properties": {
        "id": "PLN-convexo-EX54",
        "tipo": "nicho",
        "zonaId": "PLN",
        "cara": "convexo",
        "fila": "EX",
        "numero": 54,
        "codigo": "EX54",
        "estatus_venta": "disponible",
        "estatus_ocupacion": "",
        "referencia_procap": "",
        "observaciones": "",
        "geometryType": "niches",
        "gridRow": 4,
        "gridColumn": 53
      },
      "geometry": {
        "type": "Polygon",
        "coordinates": [
          [
            [
              1380.3,
              127.503256
            ],
            [
              1402.3,
              127.503256
            ],
            [
              1402.3,
              114.503256
            ],
            [
              1380.3,
              114.503256
            ],
            [
              1380.3,
              127.503256
            ]
          ]
        ]
      }
    },
    {
      "type": "Feature",
      "properties": {
        "id": "PLN-convexo-EX55",
        "tipo": "nicho",
        "zonaId": "PLN",
        "cara": "convexo",
        "fila": "EX",
        "numero": 55,
        "codigo": "EX55",
        "estatus_venta": "disponible",
        "estatus_ocupacion": "",
        "referencia_procap": "",
        "observaciones": "",
        "geometryType": "niches",
        "gridRow": 4,
        "gridColumn": 54
      },
      "geometry": {
        "type": "Polygon",
        "coordinates": [
          [
            [
              1405.75,
              127.503256
            ],
            [
              1427.75,
              127.503256
            ],
            [
              1427.75,
              114.503256
            ],
            [
              1405.75,
              114.503256
            ],
            [
              1405.75,
              127.503256
            ]
          ]
        ]
      }
    },
    {
      "type": "Feature",
      "properties": {
        "id": "PLN-convexo-EX56",
        "tipo": "nicho",
        "zonaId": "PLN",
        "cara": "convexo",
        "fila": "EX",
        "numero": 56,
        "codigo": "EX56",
        "estatus_venta": "disponible",
        "estatus_ocupacion": "",
        "referencia_procap": "",
        "observaciones": "",
        "geometryType": "niches",
        "gridRow": 4,
        "gridColumn": 55
      },
      "geometry": {
        "type": "Polygon",
        "coordinates": [
          [
            [
              1431.2,
              127.503256
            ],
            [
              1453.2,
              127.503256
            ],
            [
              1453.2,
              114.503256
            ],
            [
              1431.2,
              114.503256
            ],
            [
              1431.2,
              127.503256
            ]
          ]
        ]
      }
    },
    {
      "type": "Feature",
      "properties": {
        "id": "PLN-convexo-EX57",
        "tipo": "nicho",
        "zonaId": "PLN",
        "cara": "convexo",
        "fila": "EX",
        "numero": 57,
        "codigo": "EX57",
        "estatus_venta": "disponible",
        "estatus_ocupacion": "",
        "referencia_procap": "",
        "observaciones": "",
        "geometryType": "niches",
        "gridRow": 4,
        "gridColumn": 56
      },
      "geometry": {
        "type": "Polygon",
        "coordinates": [
          [
            [
              1456.65,
              127.503256
            ],
            [
              1478.65,
              127.503256
            ],
            [
              1478.65,
              114.503256
            ],
            [
              1456.65,
              114.503256
            ],
            [
              1456.65,
              127.503256
            ]
          ]
        ]
      }
    },
    {
      "type": "Feature",
      "properties": {
        "id": "PLN-convexo-EX58",
        "tipo": "nicho",
        "zonaId": "PLN",
        "cara": "convexo",
        "fila": "EX",
        "numero": 58,
        "codigo": "EX58",
        "estatus_venta": "disponible",
        "estatus_ocupacion": "",
        "referencia_procap": "",
        "observaciones": "",
        "geometryType": "niches",
        "gridRow": 4,
        "gridColumn": 57
      },
      "geometry": {
        "type": "Polygon",
        "coordinates": [
          [
            [
              1482.1,
              127.503256
            ],
            [
              1504.1,
              127.503256
            ],
            [
              1504.1,
              114.503256
            ],
            [
              1482.1,
              114.503256
            ],
            [
              1482.1,
              127.503256
            ]
          ]
        ]
      }
    },
    {
      "type": "Feature",
      "properties": {
        "id": "PLN-convexo-EX59",
        "tipo": "nicho",
        "zonaId": "PLN",
        "cara": "convexo",
        "fila": "EX",
        "numero": 59,
        "codigo": "EX59",
        "estatus_venta": "disponible",
        "estatus_ocupacion": "",
        "referencia_procap": "",
        "observaciones": "",
        "geometryType": "niches",
        "gridRow": 4,
        "gridColumn": 58
      },
      "geometry": {
        "type": "Polygon",
        "coordinates": [
          [
            [
              1507.55,
              127.503256
            ],
            [
              1529.55,
              127.503256
            ],
            [
              1529.55,
              114.503256
            ],
            [
              1507.55,
              114.503256
            ],
            [
              1507.55,
              127.503256
            ]
          ]
        ]
      }
    },
    {
      "type": "Feature",
      "properties": {
        "id": "PLN-convexo-EX60",
        "tipo": "nicho",
        "zonaId": "PLN",
        "cara": "convexo",
        "fila": "EX",
        "numero": 60,
        "codigo": "EX60",
        "estatus_venta": "disponible",
        "estatus_ocupacion": "",
        "referencia_procap": "",
        "observaciones": "",
        "geometryType": "niches",
        "gridRow": 4,
        "gridColumn": 59
      },
      "geometry": {
        "type": "Polygon",
        "coordinates": [
          [
            [
              1533,
              127.503256
            ],
            [
              1555,
              127.503256
            ],
            [
              1555,
              114.503256
            ],
            [
              1533,
              114.503256
            ],
            [
              1533,
              127.503256
            ]
          ]
        ]
      }
    },
    {
      "type": "Feature",
      "properties": {
        "id": "PLN-convexo-EX61",
        "tipo": "nicho",
        "zonaId": "PLN",
        "cara": "convexo",
        "fila": "EX",
        "numero": 61,
        "codigo": "EX61",
        "estatus_venta": "disponible",
        "estatus_ocupacion": "",
        "referencia_procap": "",
        "observaciones": "",
        "geometryType": "niches",
        "gridRow": 4,
        "gridColumn": 60
      },
      "geometry": {
        "type": "Polygon",
        "coordinates": [
          [
            [
              1558.45,
              127.503256
            ],
            [
              1580.45,
              127.503256
            ],
            [
              1580.45,
              114.503256
            ],
            [
              1558.45,
              114.503256
            ],
            [
              1558.45,
              127.503256
            ]
          ]
        ]
      }
    },
    {
      "type": "Feature",
      "properties": {
        "id": "PLN-convexo-EX62",
        "tipo": "nicho",
        "zonaId": "PLN",
        "cara": "convexo",
        "fila": "EX",
        "numero": 62,
        "codigo": "EX62",
        "estatus_venta": "disponible",
        "estatus_ocupacion": "",
        "referencia_procap": "",
        "observaciones": "",
        "geometryType": "niches",
        "gridRow": 4,
        "gridColumn": 61
      },
      "geometry": {
        "type": "Polygon",
        "coordinates": [
          [
            [
              1583.9,
              127.503256
            ],
            [
              1605.9,
              127.503256
            ],
            [
              1605.9,
              114.503256
            ],
            [
              1583.9,
              114.503256
            ],
            [
              1583.9,
              127.503256
            ]
          ]
        ]
      }
    },
    {
      "type": "Feature",
      "properties": {
        "id": "PLN-convexo-EX63",
        "tipo": "nicho",
        "zonaId": "PLN",
        "cara": "convexo",
        "fila": "EX",
        "numero": 63,
        "codigo": "EX63",
        "estatus_venta": "disponible",
        "estatus_ocupacion": "",
        "referencia_procap": "",
        "observaciones": "",
        "geometryType": "niches",
        "gridRow": 4,
        "gridColumn": 62
      },
      "geometry": {
        "type": "Polygon",
        "coordinates": [
          [
            [
              1609.35,
              127.503256
            ],
            [
              1631.35,
              127.503256
            ],
            [
              1631.35,
              114.503256
            ],
            [
              1609.35,
              114.503256
            ],
            [
              1609.35,
              127.503256
            ]
          ]
        ]
      }
    },
    {
      "type": "Feature",
      "properties": {
        "id": "PLN-convexo-EX64",
        "tipo": "nicho",
        "zonaId": "PLN",
        "cara": "convexo",
        "fila": "EX",
        "numero": 64,
        "codigo": "EX64",
        "estatus_venta": "disponible",
        "estatus_ocupacion": "",
        "referencia_procap": "",
        "observaciones": "",
        "geometryType": "niches",
        "gridRow": 4,
        "gridColumn": 63
      },
      "geometry": {
        "type": "Polygon",
        "coordinates": [
          [
            [
              1634.8,
              127.503256
            ],
            [
              1656.8,
              127.503256
            ],
            [
              1656.8,
              114.503256
            ],
            [
              1634.8,
              114.503256
            ],
            [
              1634.8,
              127.503256
            ]
          ]
        ]
      }
    },
    {
      "type": "Feature",
      "properties": {
        "id": "PLN-convexo-EX65",
        "tipo": "nicho",
        "zonaId": "PLN",
        "cara": "convexo",
        "fila": "EX",
        "numero": 65,
        "codigo": "EX65",
        "estatus_venta": "disponible",
        "estatus_ocupacion": "",
        "referencia_procap": "",
        "observaciones": "",
        "geometryType": "niches",
        "gridRow": 4,
        "gridColumn": 64
      },
      "geometry": {
        "type": "Polygon",
        "coordinates": [
          [
            [
              1660.25,
              127.503256
            ],
            [
              1682.25,
              127.503256
            ],
            [
              1682.25,
              114.503256
            ],
            [
              1660.25,
              114.503256
            ],
            [
              1660.25,
              127.503256
            ]
          ]
        ]
      }
    },
    {
      "type": "Feature",
      "properties": {
        "id": "PLN-convexo-EX66",
        "tipo": "nicho",
        "zonaId": "PLN",
        "cara": "convexo",
        "fila": "EX",
        "numero": 66,
        "codigo": "EX66",
        "estatus_venta": "disponible",
        "estatus_ocupacion": "",
        "referencia_procap": "",
        "observaciones": "",
        "geometryType": "niches",
        "gridRow": 4,
        "gridColumn": 65
      },
      "geometry": {
        "type": "Polygon",
        "coordinates": [
          [
            [
              1685.7,
              127.503256
            ],
            [
              1707.7,
              127.503256
            ],
            [
              1707.7,
              114.503256
            ],
            [
              1685.7,
              114.503256
            ],
            [
              1685.7,
              127.503256
            ]
          ]
        ]
      }
    },
    {
      "type": "Feature",
      "properties": {
        "id": "PLN-convexo-EX67",
        "tipo": "nicho",
        "zonaId": "PLN",
        "cara": "convexo",
        "fila": "EX",
        "numero": 67,
        "codigo": "EX67",
        "estatus_venta": "disponible",
        "estatus_ocupacion": "",
        "referencia_procap": "",
        "observaciones": "",
        "geometryType": "niches",
        "gridRow": 4,
        "gridColumn": 66
      },
      "geometry": {
        "type": "Polygon",
        "coordinates": [
          [
            [
              1711.15,
              127.503256
            ],
            [
              1733.15,
              127.503256
            ],
            [
              1733.15,
              114.503256
            ],
            [
              1711.15,
              114.503256
            ],
            [
              1711.15,
              127.503256
            ]
          ]
        ]
      }
    },
    {
      "type": "Feature",
      "properties": {
        "id": "PLN-convexo-EX68",
        "tipo": "nicho",
        "zonaId": "PLN",
        "cara": "convexo",
        "fila": "EX",
        "numero": 68,
        "codigo": "EX68",
        "estatus_venta": "disponible",
        "estatus_ocupacion": "",
        "referencia_procap": "",
        "observaciones": "",
        "geometryType": "niches",
        "gridRow": 4,
        "gridColumn": 67
      },
      "geometry": {
        "type": "Polygon",
        "coordinates": [
          [
            [
              1736.6,
              127.503256
            ],
            [
              1758.6,
              127.503256
            ],
            [
              1758.6,
              114.503256
            ],
            [
              1736.6,
              114.503256
            ],
            [
              1736.6,
              127.503256
            ]
          ]
        ]
      }
    },
    {
      "type": "Feature",
      "properties": {
        "id": "PLN-convexo-EX69",
        "tipo": "nicho",
        "zonaId": "PLN",
        "cara": "convexo",
        "fila": "EX",
        "numero": 69,
        "codigo": "EX69",
        "estatus_venta": "disponible",
        "estatus_ocupacion": "",
        "referencia_procap": "",
        "observaciones": "",
        "geometryType": "niches",
        "gridRow": 4,
        "gridColumn": 68
      },
      "geometry": {
        "type": "Polygon",
        "coordinates": [
          [
            [
              1762.05,
              127.503256
            ],
            [
              1784.05,
              127.503256
            ],
            [
              1784.05,
              114.503256
            ],
            [
              1762.05,
              114.503256
            ],
            [
              1762.05,
              127.503256
            ]
          ]
        ]
      }
    },
    {
      "type": "Feature",
      "properties": {
        "id": "PLN-convexo-EX70",
        "tipo": "nicho",
        "zonaId": "PLN",
        "cara": "convexo",
        "fila": "EX",
        "numero": 70,
        "codigo": "EX70",
        "estatus_venta": "disponible",
        "estatus_ocupacion": "",
        "referencia_procap": "",
        "observaciones": "",
        "geometryType": "niches",
        "gridRow": 4,
        "gridColumn": 69
      },
      "geometry": {
        "type": "Polygon",
        "coordinates": [
          [
            [
              1787.5,
              127.503256
            ],
            [
              1809.5,
              127.503256
            ],
            [
              1809.5,
              114.503256
            ],
            [
              1787.5,
              114.503256
            ],
            [
              1787.5,
              127.503256
            ]
          ]
        ]
      }
    },
    {
      "type": "Feature",
      "properties": {
        "id": "PLN-convexo-EX71",
        "tipo": "nicho",
        "zonaId": "PLN",
        "cara": "convexo",
        "fila": "EX",
        "numero": 71,
        "codigo": "EX71",
        "estatus_venta": "disponible",
        "estatus_ocupacion": "",
        "referencia_procap": "",
        "observaciones": "",
        "geometryType": "niches",
        "gridRow": 4,
        "gridColumn": 70
      },
      "geometry": {
        "type": "Polygon",
        "coordinates": [
          [
            [
              1812.95,
              127.503256
            ],
            [
              1834.95,
              127.503256
            ],
            [
              1834.95,
              114.503256
            ],
            [
              1812.95,
              114.503256
            ],
            [
              1812.95,
              127.503256
            ]
          ]
        ]
      }
    },
    {
      "type": "Feature",
      "properties": {
        "id": "PLN-convexo-EX72",
        "tipo": "nicho",
        "zonaId": "PLN",
        "cara": "convexo",
        "fila": "EX",
        "numero": 72,
        "codigo": "EX72",
        "estatus_venta": "disponible",
        "estatus_ocupacion": "",
        "referencia_procap": "",
        "observaciones": "",
        "geometryType": "niches",
        "gridRow": 4,
        "gridColumn": 71
      },
      "geometry": {
        "type": "Polygon",
        "coordinates": [
          [
            [
              1838.4,
              127.503256
            ],
            [
              1860.4,
              127.503256
            ],
            [
              1860.4,
              114.503256
            ],
            [
              1838.4,
              114.503256
            ],
            [
              1838.4,
              127.503256
            ]
          ]
        ]
      }
    },
    {
      "type": "Feature",
      "properties": {
        "id": "PLN-convexo-EX73",
        "tipo": "nicho",
        "zonaId": "PLN",
        "cara": "convexo",
        "fila": "EX",
        "numero": 73,
        "codigo": "EX73",
        "estatus_venta": "disponible",
        "estatus_ocupacion": "",
        "referencia_procap": "",
        "observaciones": "",
        "geometryType": "niches",
        "gridRow": 4,
        "gridColumn": 72
      },
      "geometry": {
        "type": "Polygon",
        "coordinates": [
          [
            [
              1863.85,
              127.503256
            ],
            [
              1885.85,
              127.503256
            ],
            [
              1885.85,
              114.503256
            ],
            [
              1863.85,
              114.503256
            ],
            [
              1863.85,
              127.503256
            ]
          ]
        ]
      }
    },
    {
      "type": "Feature",
      "properties": {
        "id": "PLN-convexo-EX74",
        "tipo": "nicho",
        "zonaId": "PLN",
        "cara": "convexo",
        "fila": "EX",
        "numero": 74,
        "codigo": "EX74",
        "estatus_venta": "disponible",
        "estatus_ocupacion": "",
        "referencia_procap": "",
        "observaciones": "",
        "geometryType": "niches",
        "gridRow": 4,
        "gridColumn": 73
      },
      "geometry": {
        "type": "Polygon",
        "coordinates": [
          [
            [
              1889.3,
              127.503256
            ],
            [
              1911.3,
              127.503256
            ],
            [
              1911.3,
              114.503256
            ],
            [
              1889.3,
              114.503256
            ],
            [
              1889.3,
              127.503256
            ]
          ]
        ]
      }
    },
    {
      "type": "Feature",
      "properties": {
        "id": "PLN-convexo-EX75",
        "tipo": "nicho",
        "zonaId": "PLN",
        "cara": "convexo",
        "fila": "EX",
        "numero": 75,
        "codigo": "EX75",
        "estatus_venta": "disponible",
        "estatus_ocupacion": "",
        "referencia_procap": "",
        "observaciones": "",
        "geometryType": "niches",
        "gridRow": 4,
        "gridColumn": 74
      },
      "geometry": {
        "type": "Polygon",
        "coordinates": [
          [
            [
              1914.75,
              127.503256
            ],
            [
              1936.75,
              127.503256
            ],
            [
              1936.75,
              114.503256
            ],
            [
              1914.75,
              114.503256
            ],
            [
              1914.75,
              127.503256
            ]
          ]
        ]
      }
    },
    {
      "type": "Feature",
      "properties": {
        "id": "PLN-convexo-EX76",
        "tipo": "nicho",
        "zonaId": "PLN",
        "cara": "convexo",
        "fila": "EX",
        "numero": 76,
        "codigo": "EX76",
        "estatus_venta": "disponible",
        "estatus_ocupacion": "",
        "referencia_procap": "",
        "observaciones": "",
        "geometryType": "niches",
        "gridRow": 4,
        "gridColumn": 75
      },
      "geometry": {
        "type": "Polygon",
        "coordinates": [
          [
            [
              1940.2,
              127.503256
            ],
            [
              1962.2,
              127.503256
            ],
            [
              1962.2,
              114.503256
            ],
            [
              1940.2,
              114.503256
            ],
            [
              1940.2,
              127.503256
            ]
          ]
        ]
      }
    },
    {
      "type": "Feature",
      "properties": {
        "id": "PLN-convexo-EX77",
        "tipo": "nicho",
        "zonaId": "PLN",
        "cara": "convexo",
        "fila": "EX",
        "numero": 77,
        "codigo": "EX77",
        "estatus_venta": "disponible",
        "estatus_ocupacion": "",
        "referencia_procap": "",
        "observaciones": "",
        "geometryType": "niches",
        "gridRow": 4,
        "gridColumn": 76
      },
      "geometry": {
        "type": "Polygon",
        "coordinates": [
          [
            [
              1965.65,
              127.503256
            ],
            [
              1987.65,
              127.503256
            ],
            [
              1987.65,
              114.503256
            ],
            [
              1965.65,
              114.503256
            ],
            [
              1965.65,
              127.503256
            ]
          ]
        ]
      }
    },
    {
      "type": "Feature",
      "properties": {
        "id": "PLN-convexo-EX78",
        "tipo": "nicho",
        "zonaId": "PLN",
        "cara": "convexo",
        "fila": "EX",
        "numero": 78,
        "codigo": "EX78",
        "estatus_venta": "disponible",
        "estatus_ocupacion": "",
        "referencia_procap": "",
        "observaciones": "",
        "geometryType": "niches",
        "gridRow": 4,
        "gridColumn": 77
      },
      "geometry": {
        "type": "Polygon",
        "coordinates": [
          [
            [
              1991.1,
              127.503256
            ],
            [
              2013.1,
              127.503256
            ],
            [
              2013.1,
              114.503256
            ],
            [
              1991.1,
              114.503256
            ],
            [
              1991.1,
              127.503256
            ]
          ]
        ]
      }
    },
    {
      "type": "Feature",
      "properties": {
        "id": "PLN-convexo-EX79",
        "tipo": "nicho",
        "zonaId": "PLN",
        "cara": "convexo",
        "fila": "EX",
        "numero": 79,
        "codigo": "EX79",
        "estatus_venta": "disponible",
        "estatus_ocupacion": "",
        "referencia_procap": "",
        "observaciones": "",
        "geometryType": "niches",
        "gridRow": 4,
        "gridColumn": 78
      },
      "geometry": {
        "type": "Polygon",
        "coordinates": [
          [
            [
              2016.55,
              127.503256
            ],
            [
              2038.55,
              127.503256
            ],
            [
              2038.55,
              114.503256
            ],
            [
              2016.55,
              114.503256
            ],
            [
              2016.55,
              127.503256
            ]
          ]
        ]
      }
    },
    {
      "type": "Feature",
      "properties": {
        "id": "PLN-convexo-FX1",
        "tipo": "nicho",
        "zonaId": "PLN",
        "cara": "convexo",
        "fila": "FX",
        "numero": 1,
        "codigo": "FX1",
        "estatus_venta": "disponible",
        "estatus_ocupacion": "",
        "referencia_procap": "",
        "observaciones": "",
        "geometryType": "niches",
        "gridRow": 5,
        "gridColumn": 0
      },
      "geometry": {
        "type": "Polygon",
        "coordinates": [
          [
            [
              31.45,
              112.503256
            ],
            [
              53.45,
              112.503256
            ],
            [
              53.45,
              99.503256
            ],
            [
              31.45,
              99.503256
            ],
            [
              31.45,
              112.503256
            ]
          ]
        ]
      }
    },
    {
      "type": "Feature",
      "properties": {
        "id": "PLN-convexo-FX2",
        "tipo": "nicho",
        "zonaId": "PLN",
        "cara": "convexo",
        "fila": "FX",
        "numero": 2,
        "codigo": "FX2",
        "estatus_venta": "disponible",
        "estatus_ocupacion": "",
        "referencia_procap": "",
        "observaciones": "",
        "geometryType": "niches",
        "gridRow": 5,
        "gridColumn": 1
      },
      "geometry": {
        "type": "Polygon",
        "coordinates": [
          [
            [
              56.9,
              112.503256
            ],
            [
              78.9,
              112.503256
            ],
            [
              78.9,
              99.503256
            ],
            [
              56.9,
              99.503256
            ],
            [
              56.9,
              112.503256
            ]
          ]
        ]
      }
    },
    {
      "type": "Feature",
      "properties": {
        "id": "PLN-convexo-FX3",
        "tipo": "nicho",
        "zonaId": "PLN",
        "cara": "convexo",
        "fila": "FX",
        "numero": 3,
        "codigo": "FX3",
        "estatus_venta": "disponible",
        "estatus_ocupacion": "",
        "referencia_procap": "",
        "observaciones": "",
        "geometryType": "niches",
        "gridRow": 5,
        "gridColumn": 2
      },
      "geometry": {
        "type": "Polygon",
        "coordinates": [
          [
            [
              82.35,
              112.503256
            ],
            [
              104.35,
              112.503256
            ],
            [
              104.35,
              99.503256
            ],
            [
              82.35,
              99.503256
            ],
            [
              82.35,
              112.503256
            ]
          ]
        ]
      }
    },
    {
      "type": "Feature",
      "properties": {
        "id": "PLN-convexo-FX4",
        "tipo": "nicho",
        "zonaId": "PLN",
        "cara": "convexo",
        "fila": "FX",
        "numero": 4,
        "codigo": "FX4",
        "estatus_venta": "disponible",
        "estatus_ocupacion": "",
        "referencia_procap": "",
        "observaciones": "",
        "geometryType": "niches",
        "gridRow": 5,
        "gridColumn": 3
      },
      "geometry": {
        "type": "Polygon",
        "coordinates": [
          [
            [
              107.8,
              112.503256
            ],
            [
              129.8,
              112.503256
            ],
            [
              129.8,
              99.503256
            ],
            [
              107.8,
              99.503256
            ],
            [
              107.8,
              112.503256
            ]
          ]
        ]
      }
    },
    {
      "type": "Feature",
      "properties": {
        "id": "PLN-convexo-FX5",
        "tipo": "nicho",
        "zonaId": "PLN",
        "cara": "convexo",
        "fila": "FX",
        "numero": 5,
        "codigo": "FX5",
        "estatus_venta": "disponible",
        "estatus_ocupacion": "",
        "referencia_procap": "",
        "observaciones": "",
        "geometryType": "niches",
        "gridRow": 5,
        "gridColumn": 4
      },
      "geometry": {
        "type": "Polygon",
        "coordinates": [
          [
            [
              133.25,
              112.503256
            ],
            [
              155.25,
              112.503256
            ],
            [
              155.25,
              99.503256
            ],
            [
              133.25,
              99.503256
            ],
            [
              133.25,
              112.503256
            ]
          ]
        ]
      }
    },
    {
      "type": "Feature",
      "properties": {
        "id": "PLN-convexo-FX6",
        "tipo": "nicho",
        "zonaId": "PLN",
        "cara": "convexo",
        "fila": "FX",
        "numero": 6,
        "codigo": "FX6",
        "estatus_venta": "disponible",
        "estatus_ocupacion": "",
        "referencia_procap": "",
        "observaciones": "",
        "geometryType": "niches",
        "gridRow": 5,
        "gridColumn": 5
      },
      "geometry": {
        "type": "Polygon",
        "coordinates": [
          [
            [
              158.7,
              112.503256
            ],
            [
              180.7,
              112.503256
            ],
            [
              180.7,
              99.503256
            ],
            [
              158.7,
              99.503256
            ],
            [
              158.7,
              112.503256
            ]
          ]
        ]
      }
    },
    {
      "type": "Feature",
      "properties": {
        "id": "PLN-convexo-FX7",
        "tipo": "nicho",
        "zonaId": "PLN",
        "cara": "convexo",
        "fila": "FX",
        "numero": 7,
        "codigo": "FX7",
        "estatus_venta": "disponible",
        "estatus_ocupacion": "",
        "referencia_procap": "",
        "observaciones": "",
        "geometryType": "niches",
        "gridRow": 5,
        "gridColumn": 6
      },
      "geometry": {
        "type": "Polygon",
        "coordinates": [
          [
            [
              184.15,
              112.503256
            ],
            [
              206.15,
              112.503256
            ],
            [
              206.15,
              99.503256
            ],
            [
              184.15,
              99.503256
            ],
            [
              184.15,
              112.503256
            ]
          ]
        ]
      }
    },
    {
      "type": "Feature",
      "properties": {
        "id": "PLN-convexo-FX8",
        "tipo": "nicho",
        "zonaId": "PLN",
        "cara": "convexo",
        "fila": "FX",
        "numero": 8,
        "codigo": "FX8",
        "estatus_venta": "disponible",
        "estatus_ocupacion": "",
        "referencia_procap": "",
        "observaciones": "",
        "geometryType": "niches",
        "gridRow": 5,
        "gridColumn": 7
      },
      "geometry": {
        "type": "Polygon",
        "coordinates": [
          [
            [
              209.6,
              112.503256
            ],
            [
              231.6,
              112.503256
            ],
            [
              231.6,
              99.503256
            ],
            [
              209.6,
              99.503256
            ],
            [
              209.6,
              112.503256
            ]
          ]
        ]
      }
    },
    {
      "type": "Feature",
      "properties": {
        "id": "PLN-convexo-FX9",
        "tipo": "nicho",
        "zonaId": "PLN",
        "cara": "convexo",
        "fila": "FX",
        "numero": 9,
        "codigo": "FX9",
        "estatus_venta": "disponible",
        "estatus_ocupacion": "",
        "referencia_procap": "",
        "observaciones": "",
        "geometryType": "niches",
        "gridRow": 5,
        "gridColumn": 8
      },
      "geometry": {
        "type": "Polygon",
        "coordinates": [
          [
            [
              235.05,
              112.503256
            ],
            [
              257.05,
              112.503256
            ],
            [
              257.05,
              99.503256
            ],
            [
              235.05,
              99.503256
            ],
            [
              235.05,
              112.503256
            ]
          ]
        ]
      }
    },
    {
      "type": "Feature",
      "properties": {
        "id": "PLN-convexo-FX10",
        "tipo": "nicho",
        "zonaId": "PLN",
        "cara": "convexo",
        "fila": "FX",
        "numero": 10,
        "codigo": "FX10",
        "estatus_venta": "disponible",
        "estatus_ocupacion": "",
        "referencia_procap": "",
        "observaciones": "",
        "geometryType": "niches",
        "gridRow": 5,
        "gridColumn": 9
      },
      "geometry": {
        "type": "Polygon",
        "coordinates": [
          [
            [
              260.5,
              112.503256
            ],
            [
              282.5,
              112.503256
            ],
            [
              282.5,
              99.503256
            ],
            [
              260.5,
              99.503256
            ],
            [
              260.5,
              112.503256
            ]
          ]
        ]
      }
    },
    {
      "type": "Feature",
      "properties": {
        "id": "PLN-convexo-FX11",
        "tipo": "nicho",
        "zonaId": "PLN",
        "cara": "convexo",
        "fila": "FX",
        "numero": 11,
        "codigo": "FX11",
        "estatus_venta": "disponible",
        "estatus_ocupacion": "",
        "referencia_procap": "",
        "observaciones": "",
        "geometryType": "niches",
        "gridRow": 5,
        "gridColumn": 10
      },
      "geometry": {
        "type": "Polygon",
        "coordinates": [
          [
            [
              285.95,
              112.503256
            ],
            [
              307.95,
              112.503256
            ],
            [
              307.95,
              99.503256
            ],
            [
              285.95,
              99.503256
            ],
            [
              285.95,
              112.503256
            ]
          ]
        ]
      }
    },
    {
      "type": "Feature",
      "properties": {
        "id": "PLN-convexo-FX12",
        "tipo": "nicho",
        "zonaId": "PLN",
        "cara": "convexo",
        "fila": "FX",
        "numero": 12,
        "codigo": "FX12",
        "estatus_venta": "disponible",
        "estatus_ocupacion": "",
        "referencia_procap": "",
        "observaciones": "",
        "geometryType": "niches",
        "gridRow": 5,
        "gridColumn": 11
      },
      "geometry": {
        "type": "Polygon",
        "coordinates": [
          [
            [
              311.4,
              112.503256
            ],
            [
              333.4,
              112.503256
            ],
            [
              333.4,
              99.503256
            ],
            [
              311.4,
              99.503256
            ],
            [
              311.4,
              112.503256
            ]
          ]
        ]
      }
    },
    {
      "type": "Feature",
      "properties": {
        "id": "PLN-convexo-FX13",
        "tipo": "nicho",
        "zonaId": "PLN",
        "cara": "convexo",
        "fila": "FX",
        "numero": 13,
        "codigo": "FX13",
        "estatus_venta": "disponible",
        "estatus_ocupacion": "",
        "referencia_procap": "",
        "observaciones": "",
        "geometryType": "niches",
        "gridRow": 5,
        "gridColumn": 12
      },
      "geometry": {
        "type": "Polygon",
        "coordinates": [
          [
            [
              336.85,
              112.503256
            ],
            [
              358.85,
              112.503256
            ],
            [
              358.85,
              99.503256
            ],
            [
              336.85,
              99.503256
            ],
            [
              336.85,
              112.503256
            ]
          ]
        ]
      }
    },
    {
      "type": "Feature",
      "properties": {
        "id": "PLN-convexo-FX14",
        "tipo": "nicho",
        "zonaId": "PLN",
        "cara": "convexo",
        "fila": "FX",
        "numero": 14,
        "codigo": "FX14",
        "estatus_venta": "disponible",
        "estatus_ocupacion": "",
        "referencia_procap": "",
        "observaciones": "",
        "geometryType": "niches",
        "gridRow": 5,
        "gridColumn": 13
      },
      "geometry": {
        "type": "Polygon",
        "coordinates": [
          [
            [
              362.3,
              112.503256
            ],
            [
              384.3,
              112.503256
            ],
            [
              384.3,
              99.503256
            ],
            [
              362.3,
              99.503256
            ],
            [
              362.3,
              112.503256
            ]
          ]
        ]
      }
    },
    {
      "type": "Feature",
      "properties": {
        "id": "PLN-convexo-FX15",
        "tipo": "nicho",
        "zonaId": "PLN",
        "cara": "convexo",
        "fila": "FX",
        "numero": 15,
        "codigo": "FX15",
        "estatus_venta": "disponible",
        "estatus_ocupacion": "",
        "referencia_procap": "",
        "observaciones": "",
        "geometryType": "niches",
        "gridRow": 5,
        "gridColumn": 14
      },
      "geometry": {
        "type": "Polygon",
        "coordinates": [
          [
            [
              387.75,
              112.503256
            ],
            [
              409.75,
              112.503256
            ],
            [
              409.75,
              99.503256
            ],
            [
              387.75,
              99.503256
            ],
            [
              387.75,
              112.503256
            ]
          ]
        ]
      }
    },
    {
      "type": "Feature",
      "properties": {
        "id": "PLN-convexo-FX16",
        "tipo": "nicho",
        "zonaId": "PLN",
        "cara": "convexo",
        "fila": "FX",
        "numero": 16,
        "codigo": "FX16",
        "estatus_venta": "disponible",
        "estatus_ocupacion": "",
        "referencia_procap": "",
        "observaciones": "",
        "geometryType": "niches",
        "gridRow": 5,
        "gridColumn": 15
      },
      "geometry": {
        "type": "Polygon",
        "coordinates": [
          [
            [
              413.2,
              112.503256
            ],
            [
              435.2,
              112.503256
            ],
            [
              435.2,
              99.503256
            ],
            [
              413.2,
              99.503256
            ],
            [
              413.2,
              112.503256
            ]
          ]
        ]
      }
    },
    {
      "type": "Feature",
      "properties": {
        "id": "PLN-convexo-FX17",
        "tipo": "nicho",
        "zonaId": "PLN",
        "cara": "convexo",
        "fila": "FX",
        "numero": 17,
        "codigo": "FX17",
        "estatus_venta": "disponible",
        "estatus_ocupacion": "",
        "referencia_procap": "",
        "observaciones": "",
        "geometryType": "niches",
        "gridRow": 5,
        "gridColumn": 16
      },
      "geometry": {
        "type": "Polygon",
        "coordinates": [
          [
            [
              438.65,
              112.503256
            ],
            [
              460.65,
              112.503256
            ],
            [
              460.65,
              99.503256
            ],
            [
              438.65,
              99.503256
            ],
            [
              438.65,
              112.503256
            ]
          ]
        ]
      }
    },
    {
      "type": "Feature",
      "properties": {
        "id": "PLN-convexo-FX18",
        "tipo": "nicho",
        "zonaId": "PLN",
        "cara": "convexo",
        "fila": "FX",
        "numero": 18,
        "codigo": "FX18",
        "estatus_venta": "disponible",
        "estatus_ocupacion": "",
        "referencia_procap": "",
        "observaciones": "",
        "geometryType": "niches",
        "gridRow": 5,
        "gridColumn": 17
      },
      "geometry": {
        "type": "Polygon",
        "coordinates": [
          [
            [
              464.1,
              112.503256
            ],
            [
              486.1,
              112.503256
            ],
            [
              486.1,
              99.503256
            ],
            [
              464.1,
              99.503256
            ],
            [
              464.1,
              112.503256
            ]
          ]
        ]
      }
    },
    {
      "type": "Feature",
      "properties": {
        "id": "PLN-convexo-FX19",
        "tipo": "nicho",
        "zonaId": "PLN",
        "cara": "convexo",
        "fila": "FX",
        "numero": 19,
        "codigo": "FX19",
        "estatus_venta": "disponible",
        "estatus_ocupacion": "",
        "referencia_procap": "",
        "observaciones": "",
        "geometryType": "niches",
        "gridRow": 5,
        "gridColumn": 18
      },
      "geometry": {
        "type": "Polygon",
        "coordinates": [
          [
            [
              489.55,
              112.503256
            ],
            [
              511.55,
              112.503256
            ],
            [
              511.55,
              99.503256
            ],
            [
              489.55,
              99.503256
            ],
            [
              489.55,
              112.503256
            ]
          ]
        ]
      }
    },
    {
      "type": "Feature",
      "properties": {
        "id": "PLN-convexo-FX20",
        "tipo": "nicho",
        "zonaId": "PLN",
        "cara": "convexo",
        "fila": "FX",
        "numero": 20,
        "codigo": "FX20",
        "estatus_venta": "disponible",
        "estatus_ocupacion": "",
        "referencia_procap": "",
        "observaciones": "",
        "geometryType": "niches",
        "gridRow": 5,
        "gridColumn": 19
      },
      "geometry": {
        "type": "Polygon",
        "coordinates": [
          [
            [
              515,
              112.503256
            ],
            [
              537,
              112.503256
            ],
            [
              537,
              99.503256
            ],
            [
              515,
              99.503256
            ],
            [
              515,
              112.503256
            ]
          ]
        ]
      }
    },
    {
      "type": "Feature",
      "properties": {
        "id": "PLN-convexo-FX21",
        "tipo": "nicho",
        "zonaId": "PLN",
        "cara": "convexo",
        "fila": "FX",
        "numero": 21,
        "codigo": "FX21",
        "estatus_venta": "disponible",
        "estatus_ocupacion": "",
        "referencia_procap": "",
        "observaciones": "",
        "geometryType": "niches",
        "gridRow": 5,
        "gridColumn": 20
      },
      "geometry": {
        "type": "Polygon",
        "coordinates": [
          [
            [
              540.45,
              112.503256
            ],
            [
              562.45,
              112.503256
            ],
            [
              562.45,
              99.503256
            ],
            [
              540.45,
              99.503256
            ],
            [
              540.45,
              112.503256
            ]
          ]
        ]
      }
    },
    {
      "type": "Feature",
      "properties": {
        "id": "PLN-convexo-FX22",
        "tipo": "nicho",
        "zonaId": "PLN",
        "cara": "convexo",
        "fila": "FX",
        "numero": 22,
        "codigo": "FX22",
        "estatus_venta": "disponible",
        "estatus_ocupacion": "",
        "referencia_procap": "",
        "observaciones": "",
        "geometryType": "niches",
        "gridRow": 5,
        "gridColumn": 21
      },
      "geometry": {
        "type": "Polygon",
        "coordinates": [
          [
            [
              565.9,
              112.503256
            ],
            [
              587.9,
              112.503256
            ],
            [
              587.9,
              99.503256
            ],
            [
              565.9,
              99.503256
            ],
            [
              565.9,
              112.503256
            ]
          ]
        ]
      }
    },
    {
      "type": "Feature",
      "properties": {
        "id": "PLN-convexo-FX23",
        "tipo": "nicho",
        "zonaId": "PLN",
        "cara": "convexo",
        "fila": "FX",
        "numero": 23,
        "codigo": "FX23",
        "estatus_venta": "disponible",
        "estatus_ocupacion": "",
        "referencia_procap": "",
        "observaciones": "",
        "geometryType": "niches",
        "gridRow": 5,
        "gridColumn": 22
      },
      "geometry": {
        "type": "Polygon",
        "coordinates": [
          [
            [
              591.35,
              112.503256
            ],
            [
              613.35,
              112.503256
            ],
            [
              613.35,
              99.503256
            ],
            [
              591.35,
              99.503256
            ],
            [
              591.35,
              112.503256
            ]
          ]
        ]
      }
    },
    {
      "type": "Feature",
      "properties": {
        "id": "PLN-convexo-FX24",
        "tipo": "nicho",
        "zonaId": "PLN",
        "cara": "convexo",
        "fila": "FX",
        "numero": 24,
        "codigo": "FX24",
        "estatus_venta": "disponible",
        "estatus_ocupacion": "",
        "referencia_procap": "",
        "observaciones": "",
        "geometryType": "niches",
        "gridRow": 5,
        "gridColumn": 23
      },
      "geometry": {
        "type": "Polygon",
        "coordinates": [
          [
            [
              616.8,
              112.503256
            ],
            [
              638.8,
              112.503256
            ],
            [
              638.8,
              99.503256
            ],
            [
              616.8,
              99.503256
            ],
            [
              616.8,
              112.503256
            ]
          ]
        ]
      }
    },
    {
      "type": "Feature",
      "properties": {
        "id": "PLN-convexo-FX25",
        "tipo": "nicho",
        "zonaId": "PLN",
        "cara": "convexo",
        "fila": "FX",
        "numero": 25,
        "codigo": "FX25",
        "estatus_venta": "disponible",
        "estatus_ocupacion": "",
        "referencia_procap": "",
        "observaciones": "",
        "geometryType": "niches",
        "gridRow": 5,
        "gridColumn": 24
      },
      "geometry": {
        "type": "Polygon",
        "coordinates": [
          [
            [
              642.25,
              112.503256
            ],
            [
              664.25,
              112.503256
            ],
            [
              664.25,
              99.503256
            ],
            [
              642.25,
              99.503256
            ],
            [
              642.25,
              112.503256
            ]
          ]
        ]
      }
    },
    {
      "type": "Feature",
      "properties": {
        "id": "PLN-convexo-FX26",
        "tipo": "nicho",
        "zonaId": "PLN",
        "cara": "convexo",
        "fila": "FX",
        "numero": 26,
        "codigo": "FX26",
        "estatus_venta": "disponible",
        "estatus_ocupacion": "",
        "referencia_procap": "",
        "observaciones": "",
        "geometryType": "niches",
        "gridRow": 5,
        "gridColumn": 25
      },
      "geometry": {
        "type": "Polygon",
        "coordinates": [
          [
            [
              667.7,
              112.503256
            ],
            [
              689.7,
              112.503256
            ],
            [
              689.7,
              99.503256
            ],
            [
              667.7,
              99.503256
            ],
            [
              667.7,
              112.503256
            ]
          ]
        ]
      }
    },
    {
      "type": "Feature",
      "properties": {
        "id": "PLN-convexo-FX27",
        "tipo": "nicho",
        "zonaId": "PLN",
        "cara": "convexo",
        "fila": "FX",
        "numero": 27,
        "codigo": "FX27",
        "estatus_venta": "disponible",
        "estatus_ocupacion": "",
        "referencia_procap": "",
        "observaciones": "",
        "geometryType": "niches",
        "gridRow": 5,
        "gridColumn": 26
      },
      "geometry": {
        "type": "Polygon",
        "coordinates": [
          [
            [
              693.15,
              112.503256
            ],
            [
              715.15,
              112.503256
            ],
            [
              715.15,
              99.503256
            ],
            [
              693.15,
              99.503256
            ],
            [
              693.15,
              112.503256
            ]
          ]
        ]
      }
    },
    {
      "type": "Feature",
      "properties": {
        "id": "PLN-convexo-FX28",
        "tipo": "nicho",
        "zonaId": "PLN",
        "cara": "convexo",
        "fila": "FX",
        "numero": 28,
        "codigo": "FX28",
        "estatus_venta": "disponible",
        "estatus_ocupacion": "",
        "referencia_procap": "",
        "observaciones": "",
        "geometryType": "niches",
        "gridRow": 5,
        "gridColumn": 27
      },
      "geometry": {
        "type": "Polygon",
        "coordinates": [
          [
            [
              718.6,
              112.503256
            ],
            [
              740.6,
              112.503256
            ],
            [
              740.6,
              99.503256
            ],
            [
              718.6,
              99.503256
            ],
            [
              718.6,
              112.503256
            ]
          ]
        ]
      }
    },
    {
      "type": "Feature",
      "properties": {
        "id": "PLN-convexo-FX29",
        "tipo": "nicho",
        "zonaId": "PLN",
        "cara": "convexo",
        "fila": "FX",
        "numero": 29,
        "codigo": "FX29",
        "estatus_venta": "disponible",
        "estatus_ocupacion": "",
        "referencia_procap": "",
        "observaciones": "",
        "geometryType": "niches",
        "gridRow": 5,
        "gridColumn": 28
      },
      "geometry": {
        "type": "Polygon",
        "coordinates": [
          [
            [
              744.05,
              112.503256
            ],
            [
              766.05,
              112.503256
            ],
            [
              766.05,
              99.503256
            ],
            [
              744.05,
              99.503256
            ],
            [
              744.05,
              112.503256
            ]
          ]
        ]
      }
    },
    {
      "type": "Feature",
      "properties": {
        "id": "PLN-convexo-FX30",
        "tipo": "nicho",
        "zonaId": "PLN",
        "cara": "convexo",
        "fila": "FX",
        "numero": 30,
        "codigo": "FX30",
        "estatus_venta": "disponible",
        "estatus_ocupacion": "",
        "referencia_procap": "",
        "observaciones": "",
        "geometryType": "niches",
        "gridRow": 5,
        "gridColumn": 29
      },
      "geometry": {
        "type": "Polygon",
        "coordinates": [
          [
            [
              769.5,
              112.503256
            ],
            [
              791.5,
              112.503256
            ],
            [
              791.5,
              99.503256
            ],
            [
              769.5,
              99.503256
            ],
            [
              769.5,
              112.503256
            ]
          ]
        ]
      }
    },
    {
      "type": "Feature",
      "properties": {
        "id": "PLN-convexo-FX31",
        "tipo": "nicho",
        "zonaId": "PLN",
        "cara": "convexo",
        "fila": "FX",
        "numero": 31,
        "codigo": "FX31",
        "estatus_venta": "disponible",
        "estatus_ocupacion": "",
        "referencia_procap": "",
        "observaciones": "",
        "geometryType": "niches",
        "gridRow": 5,
        "gridColumn": 30
      },
      "geometry": {
        "type": "Polygon",
        "coordinates": [
          [
            [
              794.95,
              112.503256
            ],
            [
              816.95,
              112.503256
            ],
            [
              816.95,
              99.503256
            ],
            [
              794.95,
              99.503256
            ],
            [
              794.95,
              112.503256
            ]
          ]
        ]
      }
    },
    {
      "type": "Feature",
      "properties": {
        "id": "PLN-convexo-FX32",
        "tipo": "nicho",
        "zonaId": "PLN",
        "cara": "convexo",
        "fila": "FX",
        "numero": 32,
        "codigo": "FX32",
        "estatus_venta": "disponible",
        "estatus_ocupacion": "",
        "referencia_procap": "",
        "observaciones": "",
        "geometryType": "niches",
        "gridRow": 5,
        "gridColumn": 31
      },
      "geometry": {
        "type": "Polygon",
        "coordinates": [
          [
            [
              820.4,
              112.503256
            ],
            [
              842.4,
              112.503256
            ],
            [
              842.4,
              99.503256
            ],
            [
              820.4,
              99.503256
            ],
            [
              820.4,
              112.503256
            ]
          ]
        ]
      }
    },
    {
      "type": "Feature",
      "properties": {
        "id": "PLN-convexo-FX33",
        "tipo": "nicho",
        "zonaId": "PLN",
        "cara": "convexo",
        "fila": "FX",
        "numero": 33,
        "codigo": "FX33",
        "estatus_venta": "disponible",
        "estatus_ocupacion": "",
        "referencia_procap": "",
        "observaciones": "",
        "geometryType": "niches",
        "gridRow": 5,
        "gridColumn": 32
      },
      "geometry": {
        "type": "Polygon",
        "coordinates": [
          [
            [
              845.85,
              112.503256
            ],
            [
              867.85,
              112.503256
            ],
            [
              867.85,
              99.503256
            ],
            [
              845.85,
              99.503256
            ],
            [
              845.85,
              112.503256
            ]
          ]
        ]
      }
    },
    {
      "type": "Feature",
      "properties": {
        "id": "PLN-convexo-FX34",
        "tipo": "nicho",
        "zonaId": "PLN",
        "cara": "convexo",
        "fila": "FX",
        "numero": 34,
        "codigo": "FX34",
        "estatus_venta": "disponible",
        "estatus_ocupacion": "",
        "referencia_procap": "",
        "observaciones": "",
        "geometryType": "niches",
        "gridRow": 5,
        "gridColumn": 33
      },
      "geometry": {
        "type": "Polygon",
        "coordinates": [
          [
            [
              871.3,
              112.503256
            ],
            [
              893.3,
              112.503256
            ],
            [
              893.3,
              99.503256
            ],
            [
              871.3,
              99.503256
            ],
            [
              871.3,
              112.503256
            ]
          ]
        ]
      }
    },
    {
      "type": "Feature",
      "properties": {
        "id": "PLN-convexo-FX35",
        "tipo": "nicho",
        "zonaId": "PLN",
        "cara": "convexo",
        "fila": "FX",
        "numero": 35,
        "codigo": "FX35",
        "estatus_venta": "disponible",
        "estatus_ocupacion": "",
        "referencia_procap": "",
        "observaciones": "",
        "geometryType": "niches",
        "gridRow": 5,
        "gridColumn": 34
      },
      "geometry": {
        "type": "Polygon",
        "coordinates": [
          [
            [
              896.75,
              112.503256
            ],
            [
              918.75,
              112.503256
            ],
            [
              918.75,
              99.503256
            ],
            [
              896.75,
              99.503256
            ],
            [
              896.75,
              112.503256
            ]
          ]
        ]
      }
    },
    {
      "type": "Feature",
      "properties": {
        "id": "PLN-convexo-FX36",
        "tipo": "nicho",
        "zonaId": "PLN",
        "cara": "convexo",
        "fila": "FX",
        "numero": 36,
        "codigo": "FX36",
        "estatus_venta": "disponible",
        "estatus_ocupacion": "",
        "referencia_procap": "",
        "observaciones": "",
        "geometryType": "niches",
        "gridRow": 5,
        "gridColumn": 35
      },
      "geometry": {
        "type": "Polygon",
        "coordinates": [
          [
            [
              922.2,
              112.503256
            ],
            [
              944.2,
              112.503256
            ],
            [
              944.2,
              99.503256
            ],
            [
              922.2,
              99.503256
            ],
            [
              922.2,
              112.503256
            ]
          ]
        ]
      }
    },
    {
      "type": "Feature",
      "properties": {
        "id": "PLN-convexo-FX37",
        "tipo": "nicho",
        "zonaId": "PLN",
        "cara": "convexo",
        "fila": "FX",
        "numero": 37,
        "codigo": "FX37",
        "estatus_venta": "disponible",
        "estatus_ocupacion": "",
        "referencia_procap": "",
        "observaciones": "",
        "geometryType": "niches",
        "gridRow": 5,
        "gridColumn": 36
      },
      "geometry": {
        "type": "Polygon",
        "coordinates": [
          [
            [
              947.65,
              112.503256
            ],
            [
              969.65,
              112.503256
            ],
            [
              969.65,
              99.503256
            ],
            [
              947.65,
              99.503256
            ],
            [
              947.65,
              112.503256
            ]
          ]
        ]
      }
    },
    {
      "type": "Feature",
      "properties": {
        "id": "PLN-convexo-FX38",
        "tipo": "nicho",
        "zonaId": "PLN",
        "cara": "convexo",
        "fila": "FX",
        "numero": 38,
        "codigo": "FX38",
        "estatus_venta": "disponible",
        "estatus_ocupacion": "",
        "referencia_procap": "",
        "observaciones": "",
        "geometryType": "niches",
        "gridRow": 5,
        "gridColumn": 37
      },
      "geometry": {
        "type": "Polygon",
        "coordinates": [
          [
            [
              973.1,
              112.503256
            ],
            [
              995.1,
              112.503256
            ],
            [
              995.1,
              99.503256
            ],
            [
              973.1,
              99.503256
            ],
            [
              973.1,
              112.503256
            ]
          ]
        ]
      }
    },
    {
      "type": "Feature",
      "properties": {
        "id": "PLN-convexo-FX39",
        "tipo": "nicho",
        "zonaId": "PLN",
        "cara": "convexo",
        "fila": "FX",
        "numero": 39,
        "codigo": "FX39",
        "estatus_venta": "disponible",
        "estatus_ocupacion": "",
        "referencia_procap": "",
        "observaciones": "",
        "geometryType": "niches",
        "gridRow": 5,
        "gridColumn": 38
      },
      "geometry": {
        "type": "Polygon",
        "coordinates": [
          [
            [
              998.55,
              112.503256
            ],
            [
              1020.55,
              112.503256
            ],
            [
              1020.55,
              99.503256
            ],
            [
              998.55,
              99.503256
            ],
            [
              998.55,
              112.503256
            ]
          ]
        ]
      }
    },
    {
      "type": "Feature",
      "properties": {
        "id": "PLN-convexo-FX40",
        "tipo": "nicho",
        "zonaId": "PLN",
        "cara": "convexo",
        "fila": "FX",
        "numero": 40,
        "codigo": "FX40",
        "estatus_venta": "disponible",
        "estatus_ocupacion": "",
        "referencia_procap": "",
        "observaciones": "",
        "geometryType": "niches",
        "gridRow": 5,
        "gridColumn": 39
      },
      "geometry": {
        "type": "Polygon",
        "coordinates": [
          [
            [
              1024,
              112.503256
            ],
            [
              1046,
              112.503256
            ],
            [
              1046,
              99.503256
            ],
            [
              1024,
              99.503256
            ],
            [
              1024,
              112.503256
            ]
          ]
        ]
      }
    },
    {
      "type": "Feature",
      "properties": {
        "id": "PLN-convexo-FX41",
        "tipo": "nicho",
        "zonaId": "PLN",
        "cara": "convexo",
        "fila": "FX",
        "numero": 41,
        "codigo": "FX41",
        "estatus_venta": "disponible",
        "estatus_ocupacion": "",
        "referencia_procap": "",
        "observaciones": "",
        "geometryType": "niches",
        "gridRow": 5,
        "gridColumn": 40
      },
      "geometry": {
        "type": "Polygon",
        "coordinates": [
          [
            [
              1049.45,
              112.503256
            ],
            [
              1071.45,
              112.503256
            ],
            [
              1071.45,
              99.503256
            ],
            [
              1049.45,
              99.503256
            ],
            [
              1049.45,
              112.503256
            ]
          ]
        ]
      }
    },
    {
      "type": "Feature",
      "properties": {
        "id": "PLN-convexo-FX42",
        "tipo": "nicho",
        "zonaId": "PLN",
        "cara": "convexo",
        "fila": "FX",
        "numero": 42,
        "codigo": "FX42",
        "estatus_venta": "disponible",
        "estatus_ocupacion": "",
        "referencia_procap": "",
        "observaciones": "",
        "geometryType": "niches",
        "gridRow": 5,
        "gridColumn": 41
      },
      "geometry": {
        "type": "Polygon",
        "coordinates": [
          [
            [
              1074.9,
              112.503256
            ],
            [
              1096.9,
              112.503256
            ],
            [
              1096.9,
              99.503256
            ],
            [
              1074.9,
              99.503256
            ],
            [
              1074.9,
              112.503256
            ]
          ]
        ]
      }
    },
    {
      "type": "Feature",
      "properties": {
        "id": "PLN-convexo-FX43",
        "tipo": "nicho",
        "zonaId": "PLN",
        "cara": "convexo",
        "fila": "FX",
        "numero": 43,
        "codigo": "FX43",
        "estatus_venta": "disponible",
        "estatus_ocupacion": "",
        "referencia_procap": "",
        "observaciones": "",
        "geometryType": "niches",
        "gridRow": 5,
        "gridColumn": 42
      },
      "geometry": {
        "type": "Polygon",
        "coordinates": [
          [
            [
              1100.35,
              112.503256
            ],
            [
              1122.35,
              112.503256
            ],
            [
              1122.35,
              99.503256
            ],
            [
              1100.35,
              99.503256
            ],
            [
              1100.35,
              112.503256
            ]
          ]
        ]
      }
    },
    {
      "type": "Feature",
      "properties": {
        "id": "PLN-convexo-FX44",
        "tipo": "nicho",
        "zonaId": "PLN",
        "cara": "convexo",
        "fila": "FX",
        "numero": 44,
        "codigo": "FX44",
        "estatus_venta": "disponible",
        "estatus_ocupacion": "",
        "referencia_procap": "",
        "observaciones": "",
        "geometryType": "niches",
        "gridRow": 5,
        "gridColumn": 43
      },
      "geometry": {
        "type": "Polygon",
        "coordinates": [
          [
            [
              1125.8,
              112.503256
            ],
            [
              1147.8,
              112.503256
            ],
            [
              1147.8,
              99.503256
            ],
            [
              1125.8,
              99.503256
            ],
            [
              1125.8,
              112.503256
            ]
          ]
        ]
      }
    },
    {
      "type": "Feature",
      "properties": {
        "id": "PLN-convexo-FX45",
        "tipo": "nicho",
        "zonaId": "PLN",
        "cara": "convexo",
        "fila": "FX",
        "numero": 45,
        "codigo": "FX45",
        "estatus_venta": "disponible",
        "estatus_ocupacion": "",
        "referencia_procap": "",
        "observaciones": "",
        "geometryType": "niches",
        "gridRow": 5,
        "gridColumn": 44
      },
      "geometry": {
        "type": "Polygon",
        "coordinates": [
          [
            [
              1151.25,
              112.503256
            ],
            [
              1173.25,
              112.503256
            ],
            [
              1173.25,
              99.503256
            ],
            [
              1151.25,
              99.503256
            ],
            [
              1151.25,
              112.503256
            ]
          ]
        ]
      }
    },
    {
      "type": "Feature",
      "properties": {
        "id": "PLN-convexo-FX46",
        "tipo": "nicho",
        "zonaId": "PLN",
        "cara": "convexo",
        "fila": "FX",
        "numero": 46,
        "codigo": "FX46",
        "estatus_venta": "disponible",
        "estatus_ocupacion": "",
        "referencia_procap": "",
        "observaciones": "",
        "geometryType": "niches",
        "gridRow": 5,
        "gridColumn": 45
      },
      "geometry": {
        "type": "Polygon",
        "coordinates": [
          [
            [
              1176.7,
              112.503256
            ],
            [
              1198.7,
              112.503256
            ],
            [
              1198.7,
              99.503256
            ],
            [
              1176.7,
              99.503256
            ],
            [
              1176.7,
              112.503256
            ]
          ]
        ]
      }
    },
    {
      "type": "Feature",
      "properties": {
        "id": "PLN-convexo-FX47",
        "tipo": "nicho",
        "zonaId": "PLN",
        "cara": "convexo",
        "fila": "FX",
        "numero": 47,
        "codigo": "FX47",
        "estatus_venta": "disponible",
        "estatus_ocupacion": "",
        "referencia_procap": "",
        "observaciones": "",
        "geometryType": "niches",
        "gridRow": 5,
        "gridColumn": 46
      },
      "geometry": {
        "type": "Polygon",
        "coordinates": [
          [
            [
              1202.15,
              112.503256
            ],
            [
              1224.15,
              112.503256
            ],
            [
              1224.15,
              99.503256
            ],
            [
              1202.15,
              99.503256
            ],
            [
              1202.15,
              112.503256
            ]
          ]
        ]
      }
    },
    {
      "type": "Feature",
      "properties": {
        "id": "PLN-convexo-FX48",
        "tipo": "nicho",
        "zonaId": "PLN",
        "cara": "convexo",
        "fila": "FX",
        "numero": 48,
        "codigo": "FX48",
        "estatus_venta": "disponible",
        "estatus_ocupacion": "",
        "referencia_procap": "",
        "observaciones": "",
        "geometryType": "niches",
        "gridRow": 5,
        "gridColumn": 47
      },
      "geometry": {
        "type": "Polygon",
        "coordinates": [
          [
            [
              1227.6,
              112.503256
            ],
            [
              1249.6,
              112.503256
            ],
            [
              1249.6,
              99.503256
            ],
            [
              1227.6,
              99.503256
            ],
            [
              1227.6,
              112.503256
            ]
          ]
        ]
      }
    },
    {
      "type": "Feature",
      "properties": {
        "id": "PLN-convexo-FX49",
        "tipo": "nicho",
        "zonaId": "PLN",
        "cara": "convexo",
        "fila": "FX",
        "numero": 49,
        "codigo": "FX49",
        "estatus_venta": "disponible",
        "estatus_ocupacion": "",
        "referencia_procap": "",
        "observaciones": "",
        "geometryType": "niches",
        "gridRow": 5,
        "gridColumn": 48
      },
      "geometry": {
        "type": "Polygon",
        "coordinates": [
          [
            [
              1253.05,
              112.503256
            ],
            [
              1275.05,
              112.503256
            ],
            [
              1275.05,
              99.503256
            ],
            [
              1253.05,
              99.503256
            ],
            [
              1253.05,
              112.503256
            ]
          ]
        ]
      }
    },
    {
      "type": "Feature",
      "properties": {
        "id": "PLN-convexo-FX50",
        "tipo": "nicho",
        "zonaId": "PLN",
        "cara": "convexo",
        "fila": "FX",
        "numero": 50,
        "codigo": "FX50",
        "estatus_venta": "disponible",
        "estatus_ocupacion": "",
        "referencia_procap": "",
        "observaciones": "",
        "geometryType": "niches",
        "gridRow": 5,
        "gridColumn": 49
      },
      "geometry": {
        "type": "Polygon",
        "coordinates": [
          [
            [
              1278.5,
              112.503256
            ],
            [
              1300.5,
              112.503256
            ],
            [
              1300.5,
              99.503256
            ],
            [
              1278.5,
              99.503256
            ],
            [
              1278.5,
              112.503256
            ]
          ]
        ]
      }
    },
    {
      "type": "Feature",
      "properties": {
        "id": "PLN-convexo-FX51",
        "tipo": "nicho",
        "zonaId": "PLN",
        "cara": "convexo",
        "fila": "FX",
        "numero": 51,
        "codigo": "FX51",
        "estatus_venta": "disponible",
        "estatus_ocupacion": "",
        "referencia_procap": "",
        "observaciones": "",
        "geometryType": "niches",
        "gridRow": 5,
        "gridColumn": 50
      },
      "geometry": {
        "type": "Polygon",
        "coordinates": [
          [
            [
              1303.95,
              112.503256
            ],
            [
              1325.95,
              112.503256
            ],
            [
              1325.95,
              99.503256
            ],
            [
              1303.95,
              99.503256
            ],
            [
              1303.95,
              112.503256
            ]
          ]
        ]
      }
    },
    {
      "type": "Feature",
      "properties": {
        "id": "PLN-convexo-FX52",
        "tipo": "nicho",
        "zonaId": "PLN",
        "cara": "convexo",
        "fila": "FX",
        "numero": 52,
        "codigo": "FX52",
        "estatus_venta": "disponible",
        "estatus_ocupacion": "",
        "referencia_procap": "",
        "observaciones": "",
        "geometryType": "niches",
        "gridRow": 5,
        "gridColumn": 51
      },
      "geometry": {
        "type": "Polygon",
        "coordinates": [
          [
            [
              1329.4,
              112.503256
            ],
            [
              1351.4,
              112.503256
            ],
            [
              1351.4,
              99.503256
            ],
            [
              1329.4,
              99.503256
            ],
            [
              1329.4,
              112.503256
            ]
          ]
        ]
      }
    },
    {
      "type": "Feature",
      "properties": {
        "id": "PLN-convexo-FX53",
        "tipo": "nicho",
        "zonaId": "PLN",
        "cara": "convexo",
        "fila": "FX",
        "numero": 53,
        "codigo": "FX53",
        "estatus_venta": "disponible",
        "estatus_ocupacion": "",
        "referencia_procap": "",
        "observaciones": "",
        "geometryType": "niches",
        "gridRow": 5,
        "gridColumn": 52
      },
      "geometry": {
        "type": "Polygon",
        "coordinates": [
          [
            [
              1354.85,
              112.503256
            ],
            [
              1376.85,
              112.503256
            ],
            [
              1376.85,
              99.503256
            ],
            [
              1354.85,
              99.503256
            ],
            [
              1354.85,
              112.503256
            ]
          ]
        ]
      }
    },
    {
      "type": "Feature",
      "properties": {
        "id": "PLN-convexo-FX54",
        "tipo": "nicho",
        "zonaId": "PLN",
        "cara": "convexo",
        "fila": "FX",
        "numero": 54,
        "codigo": "FX54",
        "estatus_venta": "disponible",
        "estatus_ocupacion": "",
        "referencia_procap": "",
        "observaciones": "",
        "geometryType": "niches",
        "gridRow": 5,
        "gridColumn": 53
      },
      "geometry": {
        "type": "Polygon",
        "coordinates": [
          [
            [
              1380.3,
              112.503256
            ],
            [
              1402.3,
              112.503256
            ],
            [
              1402.3,
              99.503256
            ],
            [
              1380.3,
              99.503256
            ],
            [
              1380.3,
              112.503256
            ]
          ]
        ]
      }
    },
    {
      "type": "Feature",
      "properties": {
        "id": "PLN-convexo-FX55",
        "tipo": "nicho",
        "zonaId": "PLN",
        "cara": "convexo",
        "fila": "FX",
        "numero": 55,
        "codigo": "FX55",
        "estatus_venta": "disponible",
        "estatus_ocupacion": "",
        "referencia_procap": "",
        "observaciones": "",
        "geometryType": "niches",
        "gridRow": 5,
        "gridColumn": 54
      },
      "geometry": {
        "type": "Polygon",
        "coordinates": [
          [
            [
              1405.75,
              112.503256
            ],
            [
              1427.75,
              112.503256
            ],
            [
              1427.75,
              99.503256
            ],
            [
              1405.75,
              99.503256
            ],
            [
              1405.75,
              112.503256
            ]
          ]
        ]
      }
    },
    {
      "type": "Feature",
      "properties": {
        "id": "PLN-convexo-FX56",
        "tipo": "nicho",
        "zonaId": "PLN",
        "cara": "convexo",
        "fila": "FX",
        "numero": 56,
        "codigo": "FX56",
        "estatus_venta": "disponible",
        "estatus_ocupacion": "",
        "referencia_procap": "",
        "observaciones": "",
        "geometryType": "niches",
        "gridRow": 5,
        "gridColumn": 55
      },
      "geometry": {
        "type": "Polygon",
        "coordinates": [
          [
            [
              1431.2,
              112.503256
            ],
            [
              1453.2,
              112.503256
            ],
            [
              1453.2,
              99.503256
            ],
            [
              1431.2,
              99.503256
            ],
            [
              1431.2,
              112.503256
            ]
          ]
        ]
      }
    },
    {
      "type": "Feature",
      "properties": {
        "id": "PLN-convexo-FX57",
        "tipo": "nicho",
        "zonaId": "PLN",
        "cara": "convexo",
        "fila": "FX",
        "numero": 57,
        "codigo": "FX57",
        "estatus_venta": "disponible",
        "estatus_ocupacion": "",
        "referencia_procap": "",
        "observaciones": "",
        "geometryType": "niches",
        "gridRow": 5,
        "gridColumn": 56
      },
      "geometry": {
        "type": "Polygon",
        "coordinates": [
          [
            [
              1456.65,
              112.503256
            ],
            [
              1478.65,
              112.503256
            ],
            [
              1478.65,
              99.503256
            ],
            [
              1456.65,
              99.503256
            ],
            [
              1456.65,
              112.503256
            ]
          ]
        ]
      }
    },
    {
      "type": "Feature",
      "properties": {
        "id": "PLN-convexo-FX58",
        "tipo": "nicho",
        "zonaId": "PLN",
        "cara": "convexo",
        "fila": "FX",
        "numero": 58,
        "codigo": "FX58",
        "estatus_venta": "disponible",
        "estatus_ocupacion": "",
        "referencia_procap": "",
        "observaciones": "",
        "geometryType": "niches",
        "gridRow": 5,
        "gridColumn": 57
      },
      "geometry": {
        "type": "Polygon",
        "coordinates": [
          [
            [
              1482.1,
              112.503256
            ],
            [
              1504.1,
              112.503256
            ],
            [
              1504.1,
              99.503256
            ],
            [
              1482.1,
              99.503256
            ],
            [
              1482.1,
              112.503256
            ]
          ]
        ]
      }
    },
    {
      "type": "Feature",
      "properties": {
        "id": "PLN-convexo-FX59",
        "tipo": "nicho",
        "zonaId": "PLN",
        "cara": "convexo",
        "fila": "FX",
        "numero": 59,
        "codigo": "FX59",
        "estatus_venta": "disponible",
        "estatus_ocupacion": "",
        "referencia_procap": "",
        "observaciones": "",
        "geometryType": "niches",
        "gridRow": 5,
        "gridColumn": 58
      },
      "geometry": {
        "type": "Polygon",
        "coordinates": [
          [
            [
              1507.55,
              112.503256
            ],
            [
              1529.55,
              112.503256
            ],
            [
              1529.55,
              99.503256
            ],
            [
              1507.55,
              99.503256
            ],
            [
              1507.55,
              112.503256
            ]
          ]
        ]
      }
    },
    {
      "type": "Feature",
      "properties": {
        "id": "PLN-convexo-FX60",
        "tipo": "nicho",
        "zonaId": "PLN",
        "cara": "convexo",
        "fila": "FX",
        "numero": 60,
        "codigo": "FX60",
        "estatus_venta": "disponible",
        "estatus_ocupacion": "",
        "referencia_procap": "",
        "observaciones": "",
        "geometryType": "niches",
        "gridRow": 5,
        "gridColumn": 59
      },
      "geometry": {
        "type": "Polygon",
        "coordinates": [
          [
            [
              1533,
              112.503256
            ],
            [
              1555,
              112.503256
            ],
            [
              1555,
              99.503256
            ],
            [
              1533,
              99.503256
            ],
            [
              1533,
              112.503256
            ]
          ]
        ]
      }
    },
    {
      "type": "Feature",
      "properties": {
        "id": "PLN-convexo-FX61",
        "tipo": "nicho",
        "zonaId": "PLN",
        "cara": "convexo",
        "fila": "FX",
        "numero": 61,
        "codigo": "FX61",
        "estatus_venta": "disponible",
        "estatus_ocupacion": "",
        "referencia_procap": "",
        "observaciones": "",
        "geometryType": "niches",
        "gridRow": 5,
        "gridColumn": 60
      },
      "geometry": {
        "type": "Polygon",
        "coordinates": [
          [
            [
              1558.45,
              112.503256
            ],
            [
              1580.45,
              112.503256
            ],
            [
              1580.45,
              99.503256
            ],
            [
              1558.45,
              99.503256
            ],
            [
              1558.45,
              112.503256
            ]
          ]
        ]
      }
    },
    {
      "type": "Feature",
      "properties": {
        "id": "PLN-convexo-FX62",
        "tipo": "nicho",
        "zonaId": "PLN",
        "cara": "convexo",
        "fila": "FX",
        "numero": 62,
        "codigo": "FX62",
        "estatus_venta": "disponible",
        "estatus_ocupacion": "",
        "referencia_procap": "",
        "observaciones": "",
        "geometryType": "niches",
        "gridRow": 5,
        "gridColumn": 61
      },
      "geometry": {
        "type": "Polygon",
        "coordinates": [
          [
            [
              1583.9,
              112.503256
            ],
            [
              1605.9,
              112.503256
            ],
            [
              1605.9,
              99.503256
            ],
            [
              1583.9,
              99.503256
            ],
            [
              1583.9,
              112.503256
            ]
          ]
        ]
      }
    },
    {
      "type": "Feature",
      "properties": {
        "id": "PLN-convexo-FX63",
        "tipo": "nicho",
        "zonaId": "PLN",
        "cara": "convexo",
        "fila": "FX",
        "numero": 63,
        "codigo": "FX63",
        "estatus_venta": "disponible",
        "estatus_ocupacion": "",
        "referencia_procap": "",
        "observaciones": "",
        "geometryType": "niches",
        "gridRow": 5,
        "gridColumn": 62
      },
      "geometry": {
        "type": "Polygon",
        "coordinates": [
          [
            [
              1609.35,
              112.503256
            ],
            [
              1631.35,
              112.503256
            ],
            [
              1631.35,
              99.503256
            ],
            [
              1609.35,
              99.503256
            ],
            [
              1609.35,
              112.503256
            ]
          ]
        ]
      }
    },
    {
      "type": "Feature",
      "properties": {
        "id": "PLN-convexo-FX64",
        "tipo": "nicho",
        "zonaId": "PLN",
        "cara": "convexo",
        "fila": "FX",
        "numero": 64,
        "codigo": "FX64",
        "estatus_venta": "disponible",
        "estatus_ocupacion": "",
        "referencia_procap": "",
        "observaciones": "",
        "geometryType": "niches",
        "gridRow": 5,
        "gridColumn": 63
      },
      "geometry": {
        "type": "Polygon",
        "coordinates": [
          [
            [
              1634.8,
              112.503256
            ],
            [
              1656.8,
              112.503256
            ],
            [
              1656.8,
              99.503256
            ],
            [
              1634.8,
              99.503256
            ],
            [
              1634.8,
              112.503256
            ]
          ]
        ]
      }
    },
    {
      "type": "Feature",
      "properties": {
        "id": "PLN-convexo-FX65",
        "tipo": "nicho",
        "zonaId": "PLN",
        "cara": "convexo",
        "fila": "FX",
        "numero": 65,
        "codigo": "FX65",
        "estatus_venta": "disponible",
        "estatus_ocupacion": "",
        "referencia_procap": "",
        "observaciones": "",
        "geometryType": "niches",
        "gridRow": 5,
        "gridColumn": 64
      },
      "geometry": {
        "type": "Polygon",
        "coordinates": [
          [
            [
              1660.25,
              112.503256
            ],
            [
              1682.25,
              112.503256
            ],
            [
              1682.25,
              99.503256
            ],
            [
              1660.25,
              99.503256
            ],
            [
              1660.25,
              112.503256
            ]
          ]
        ]
      }
    },
    {
      "type": "Feature",
      "properties": {
        "id": "PLN-convexo-FX66",
        "tipo": "nicho",
        "zonaId": "PLN",
        "cara": "convexo",
        "fila": "FX",
        "numero": 66,
        "codigo": "FX66",
        "estatus_venta": "disponible",
        "estatus_ocupacion": "",
        "referencia_procap": "",
        "observaciones": "",
        "geometryType": "niches",
        "gridRow": 5,
        "gridColumn": 65
      },
      "geometry": {
        "type": "Polygon",
        "coordinates": [
          [
            [
              1685.7,
              112.503256
            ],
            [
              1707.7,
              112.503256
            ],
            [
              1707.7,
              99.503256
            ],
            [
              1685.7,
              99.503256
            ],
            [
              1685.7,
              112.503256
            ]
          ]
        ]
      }
    },
    {
      "type": "Feature",
      "properties": {
        "id": "PLN-convexo-FX67",
        "tipo": "nicho",
        "zonaId": "PLN",
        "cara": "convexo",
        "fila": "FX",
        "numero": 67,
        "codigo": "FX67",
        "estatus_venta": "disponible",
        "estatus_ocupacion": "",
        "referencia_procap": "",
        "observaciones": "",
        "geometryType": "niches",
        "gridRow": 5,
        "gridColumn": 66
      },
      "geometry": {
        "type": "Polygon",
        "coordinates": [
          [
            [
              1711.15,
              112.503256
            ],
            [
              1733.15,
              112.503256
            ],
            [
              1733.15,
              99.503256
            ],
            [
              1711.15,
              99.503256
            ],
            [
              1711.15,
              112.503256
            ]
          ]
        ]
      }
    },
    {
      "type": "Feature",
      "properties": {
        "id": "PLN-convexo-FX68",
        "tipo": "nicho",
        "zonaId": "PLN",
        "cara": "convexo",
        "fila": "FX",
        "numero": 68,
        "codigo": "FX68",
        "estatus_venta": "disponible",
        "estatus_ocupacion": "",
        "referencia_procap": "",
        "observaciones": "",
        "geometryType": "niches",
        "gridRow": 5,
        "gridColumn": 67
      },
      "geometry": {
        "type": "Polygon",
        "coordinates": [
          [
            [
              1736.6,
              112.503256
            ],
            [
              1758.6,
              112.503256
            ],
            [
              1758.6,
              99.503256
            ],
            [
              1736.6,
              99.503256
            ],
            [
              1736.6,
              112.503256
            ]
          ]
        ]
      }
    },
    {
      "type": "Feature",
      "properties": {
        "id": "PLN-convexo-FX69",
        "tipo": "nicho",
        "zonaId": "PLN",
        "cara": "convexo",
        "fila": "FX",
        "numero": 69,
        "codigo": "FX69",
        "estatus_venta": "disponible",
        "estatus_ocupacion": "",
        "referencia_procap": "",
        "observaciones": "",
        "geometryType": "niches",
        "gridRow": 5,
        "gridColumn": 68
      },
      "geometry": {
        "type": "Polygon",
        "coordinates": [
          [
            [
              1762.05,
              112.503256
            ],
            [
              1784.05,
              112.503256
            ],
            [
              1784.05,
              99.503256
            ],
            [
              1762.05,
              99.503256
            ],
            [
              1762.05,
              112.503256
            ]
          ]
        ]
      }
    },
    {
      "type": "Feature",
      "properties": {
        "id": "PLN-convexo-FX70",
        "tipo": "nicho",
        "zonaId": "PLN",
        "cara": "convexo",
        "fila": "FX",
        "numero": 70,
        "codigo": "FX70",
        "estatus_venta": "disponible",
        "estatus_ocupacion": "",
        "referencia_procap": "",
        "observaciones": "",
        "geometryType": "niches",
        "gridRow": 5,
        "gridColumn": 69
      },
      "geometry": {
        "type": "Polygon",
        "coordinates": [
          [
            [
              1787.5,
              112.503256
            ],
            [
              1809.5,
              112.503256
            ],
            [
              1809.5,
              99.503256
            ],
            [
              1787.5,
              99.503256
            ],
            [
              1787.5,
              112.503256
            ]
          ]
        ]
      }
    },
    {
      "type": "Feature",
      "properties": {
        "id": "PLN-convexo-FX71",
        "tipo": "nicho",
        "zonaId": "PLN",
        "cara": "convexo",
        "fila": "FX",
        "numero": 71,
        "codigo": "FX71",
        "estatus_venta": "disponible",
        "estatus_ocupacion": "",
        "referencia_procap": "",
        "observaciones": "",
        "geometryType": "niches",
        "gridRow": 5,
        "gridColumn": 70
      },
      "geometry": {
        "type": "Polygon",
        "coordinates": [
          [
            [
              1812.95,
              112.503256
            ],
            [
              1834.95,
              112.503256
            ],
            [
              1834.95,
              99.503256
            ],
            [
              1812.95,
              99.503256
            ],
            [
              1812.95,
              112.503256
            ]
          ]
        ]
      }
    },
    {
      "type": "Feature",
      "properties": {
        "id": "PLN-convexo-FX72",
        "tipo": "nicho",
        "zonaId": "PLN",
        "cara": "convexo",
        "fila": "FX",
        "numero": 72,
        "codigo": "FX72",
        "estatus_venta": "disponible",
        "estatus_ocupacion": "",
        "referencia_procap": "",
        "observaciones": "",
        "geometryType": "niches",
        "gridRow": 5,
        "gridColumn": 71
      },
      "geometry": {
        "type": "Polygon",
        "coordinates": [
          [
            [
              1838.4,
              112.503256
            ],
            [
              1860.4,
              112.503256
            ],
            [
              1860.4,
              99.503256
            ],
            [
              1838.4,
              99.503256
            ],
            [
              1838.4,
              112.503256
            ]
          ]
        ]
      }
    },
    {
      "type": "Feature",
      "properties": {
        "id": "PLN-convexo-FX73",
        "tipo": "nicho",
        "zonaId": "PLN",
        "cara": "convexo",
        "fila": "FX",
        "numero": 73,
        "codigo": "FX73",
        "estatus_venta": "disponible",
        "estatus_ocupacion": "",
        "referencia_procap": "",
        "observaciones": "",
        "geometryType": "niches",
        "gridRow": 5,
        "gridColumn": 72
      },
      "geometry": {
        "type": "Polygon",
        "coordinates": [
          [
            [
              1863.85,
              112.503256
            ],
            [
              1885.85,
              112.503256
            ],
            [
              1885.85,
              99.503256
            ],
            [
              1863.85,
              99.503256
            ],
            [
              1863.85,
              112.503256
            ]
          ]
        ]
      }
    },
    {
      "type": "Feature",
      "properties": {
        "id": "PLN-convexo-FX74",
        "tipo": "nicho",
        "zonaId": "PLN",
        "cara": "convexo",
        "fila": "FX",
        "numero": 74,
        "codigo": "FX74",
        "estatus_venta": "disponible",
        "estatus_ocupacion": "",
        "referencia_procap": "",
        "observaciones": "",
        "geometryType": "niches",
        "gridRow": 5,
        "gridColumn": 73
      },
      "geometry": {
        "type": "Polygon",
        "coordinates": [
          [
            [
              1889.3,
              112.503256
            ],
            [
              1911.3,
              112.503256
            ],
            [
              1911.3,
              99.503256
            ],
            [
              1889.3,
              99.503256
            ],
            [
              1889.3,
              112.503256
            ]
          ]
        ]
      }
    },
    {
      "type": "Feature",
      "properties": {
        "id": "PLN-convexo-FX75",
        "tipo": "nicho",
        "zonaId": "PLN",
        "cara": "convexo",
        "fila": "FX",
        "numero": 75,
        "codigo": "FX75",
        "estatus_venta": "disponible",
        "estatus_ocupacion": "",
        "referencia_procap": "",
        "observaciones": "",
        "geometryType": "niches",
        "gridRow": 5,
        "gridColumn": 74
      },
      "geometry": {
        "type": "Polygon",
        "coordinates": [
          [
            [
              1914.75,
              112.503256
            ],
            [
              1936.75,
              112.503256
            ],
            [
              1936.75,
              99.503256
            ],
            [
              1914.75,
              99.503256
            ],
            [
              1914.75,
              112.503256
            ]
          ]
        ]
      }
    },
    {
      "type": "Feature",
      "properties": {
        "id": "PLN-convexo-FX76",
        "tipo": "nicho",
        "zonaId": "PLN",
        "cara": "convexo",
        "fila": "FX",
        "numero": 76,
        "codigo": "FX76",
        "estatus_venta": "disponible",
        "estatus_ocupacion": "",
        "referencia_procap": "",
        "observaciones": "",
        "geometryType": "niches",
        "gridRow": 5,
        "gridColumn": 75
      },
      "geometry": {
        "type": "Polygon",
        "coordinates": [
          [
            [
              1940.2,
              112.503256
            ],
            [
              1962.2,
              112.503256
            ],
            [
              1962.2,
              99.503256
            ],
            [
              1940.2,
              99.503256
            ],
            [
              1940.2,
              112.503256
            ]
          ]
        ]
      }
    },
    {
      "type": "Feature",
      "properties": {
        "id": "PLN-convexo-FX77",
        "tipo": "nicho",
        "zonaId": "PLN",
        "cara": "convexo",
        "fila": "FX",
        "numero": 77,
        "codigo": "FX77",
        "estatus_venta": "disponible",
        "estatus_ocupacion": "",
        "referencia_procap": "",
        "observaciones": "",
        "geometryType": "niches",
        "gridRow": 5,
        "gridColumn": 76
      },
      "geometry": {
        "type": "Polygon",
        "coordinates": [
          [
            [
              1965.65,
              112.503256
            ],
            [
              1987.65,
              112.503256
            ],
            [
              1987.65,
              99.503256
            ],
            [
              1965.65,
              99.503256
            ],
            [
              1965.65,
              112.503256
            ]
          ]
        ]
      }
    },
    {
      "type": "Feature",
      "properties": {
        "id": "PLN-convexo-FX78",
        "tipo": "nicho",
        "zonaId": "PLN",
        "cara": "convexo",
        "fila": "FX",
        "numero": 78,
        "codigo": "FX78",
        "estatus_venta": "disponible",
        "estatus_ocupacion": "",
        "referencia_procap": "",
        "observaciones": "",
        "geometryType": "niches",
        "gridRow": 5,
        "gridColumn": 77
      },
      "geometry": {
        "type": "Polygon",
        "coordinates": [
          [
            [
              1991.1,
              112.503256
            ],
            [
              2013.1,
              112.503256
            ],
            [
              2013.1,
              99.503256
            ],
            [
              1991.1,
              99.503256
            ],
            [
              1991.1,
              112.503256
            ]
          ]
        ]
      }
    },
    {
      "type": "Feature",
      "properties": {
        "id": "PLN-convexo-FX79",
        "tipo": "nicho",
        "zonaId": "PLN",
        "cara": "convexo",
        "fila": "FX",
        "numero": 79,
        "codigo": "FX79",
        "estatus_venta": "disponible",
        "estatus_ocupacion": "",
        "referencia_procap": "",
        "observaciones": "",
        "geometryType": "niches",
        "gridRow": 5,
        "gridColumn": 78
      },
      "geometry": {
        "type": "Polygon",
        "coordinates": [
          [
            [
              2016.55,
              112.503256
            ],
            [
              2038.55,
              112.503256
            ],
            [
              2038.55,
              99.503256
            ],
            [
              2016.55,
              99.503256
            ],
            [
              2016.55,
              112.503256
            ]
          ]
        ]
      }
    }
  ]
}