{
  "type": "FeatureCollection",
  "features": [
    {
      "type": "Feature",
      "properties": {
        "id": "PLN-concavo-A1",
        "tipo": "nicho",
        "zonaId": "PLN",
        "cara": "concavo",
        "fila": "A",
        "numero": 1,
        "codigo": "A1",
        "estatus_venta": "disponible",
        "estatus_ocupacion": "",
        "referencia_procap": "",
        "observaciones": "",
        "geometryType": "niches",
        "gridRow": 0,
        "gridColumn": 0
      },
      "geometry": {
        "type": "Polygon",
        "coordinates": [
          [
            [
              25.185,
              237.504721
            ],
            [
              52.185,
              237.504721
            ],
            [
              52.185,
              210.504721
            ],
            [
              25.185,
              210.504721
            ],
            [
              25.185,
              237.504721
            ]
          ]
        ]
      }
    },
    {
      "type": "Feature",
      "properties": {
        "id": "PLN-concavo-A2",
        "tipo": "nicho",
        "zonaId": "PLN",
        "cara": "concavo",
        "fila": "A",
        "numero": 2,
        "codigo": "A2",
        "estatus_venta": "disponible",
        "estatus_ocupacion": "",
        "referencia_procap": "",
        "observaciones": "",
        "geometryType": "niches",
        "gridRow": 0,
        "gridColumn": 1
      },
      "geometry": {
        "type": "Polygon",
        "coordinates": [
          [
            [
              55.24,
              237.504721
            ],
            [
              82.24,
              237.504721
            ],
            [
              82.24,
              210.504721
            ],
            [
              55.24,
              210.504721
            ],
            [
              55.24,
              237.504721
            ]
          ]
        ]
      }
    },
    {
      "type": "Feature",
      "properties": {
        "id": "PLN-concavo-A3",
        "tipo": "nicho",
        "zonaId": "PLN",
        "cara": "concavo",
        "fila": "A",
        "numero": 3,
        "codigo": "A3",
        "estatus_venta": "disponible",
        "estatus_ocupacion": "",
        "referencia_procap": "",
        "observaciones": "",
        "geometryType": "niches",
        "gridRow": 0,
        "gridColumn": 2
      },
      "geometry": {
        "type": "Polygon",
        "coordinates": [
          [
            [
              85.295,
              237.504721
            ],
            [
              112.295,
              237.504721
            ],
            [
              112.295,
              210.504721
            ],
            [
              85.295,
              210.504721
            ],
            [
              85.295,
              237.504721
            ]
          ]
        ]
      }
    },
    {
      "type": "Feature",
      "properties": {
        "id": "PLN-concavo-A4",
        "tipo": "nicho",
        "zonaId": "PLN",
        "cara": "concavo",
        "fila": "A",
        "numero": 4,
        "codigo": "A4",
        "estatus_venta": "disponible",
        "estatus_ocupacion": "",
        "referencia_procap": "",
        "observaciones": "",
        "geometryType": "niches",
        "gridRow": 0,
        "gridColumn": 3
      },
      "geometry": {
        "type": "Polygon",
        "coordinates": [
          [
            [
              115.35,
              237.504721
            ],
            [
              142.35,
              237.504721
            ],
            [
              142.35,
              210.504721
            ],
            [
              115.35,
              210.504721
            ],
            [
              115.35,
              237.504721
            ]
          ]
        ]
      }
    },
    {
      "type": "Feature",
      "properties": {
        "id": "PLN-concavo-A5",
        "tipo": "nicho",
        "zonaId": "PLN",
        "cara": "concavo",
        "fila": "A",
        "numero": 5,
        "codigo": "A5",
        "estatus_venta": "disponible",
        "estatus_ocupacion": "",
        "referencia_procap": "",
        "observaciones": "",
        "geometryType": "niches",
        "gridRow": 0,
        "gridColumn": 4
      },
      "geometry": {
        "type": "Polygon",
        "coordinates": [
          [
            [
              145.405,
              237.504721
            ],
            [
              172.405,
              237.504721
            ],
            [
              172.405,
              210.504721
            ],
            [
              145.405,
              210.504721
            ],
            [
              145.405,
              237.504721
            ]
          ]
        ]
      }
    },
    {
      "type": "Feature",
      "properties": {
        "id": "PLN-concavo-A6",
        "tipo": "nicho",
        "zonaId": "PLN",
        "cara": "concavo",
        "fila": "A",
        "numero": 6,
        "codigo": "A6",
        "estatus_venta": "disponible",
        "estatus_ocupacion": "",
        "referencia_procap": "",
        "observaciones": "",
        "geometryType": "niches",
        "gridRow": 0,
        "gridColumn": 5
      },
      "geometry": {
        "type": "Polygon",
        "coordinates": [
          [
            [
              175.46,
              237.504721
            ],
            [
              202.46,
              237.504721
            ],
            [
              202.46,
              210.504721
            ],
            [
              175.46,
              210.504721
            ],
            [
              175.46,
              237.504721
            ]
          ]
        ]
      }
    },
    {
      "type": "Feature",
      "properties": {
        "id": "PLN-concavo-A7",
        "tipo": "nicho",
        "zonaId": "PLN",
        "cara": "concavo",
        "fila": "A",
        "numero": 7,
        "codigo": "A7",
        "estatus_venta": "disponible",
        "estatus_ocupacion": "",
        "referencia_procap": "",
        "observaciones": "",
        "geometryType": "niches",
        "gridRow": 0,
        "gridColumn": 6
      },
      "geometry": {
        "type": "Polygon",
        "coordinates": [
          [
            [
              205.515,
              237.504721
            ],
            [
              232.515,
              237.504721
            ],
            [
              232.515,
              210.504721
            ],
            [
              205.515,
              210.504721
            ],
            [
              205.515,
              237.504721
            ]
          ]
        ]
      }
    },
    {
      "type": "Feature",
      "properties": {
        "id": "PLN-concavo-A8",
        "tipo": "nicho",
        "zonaId": "PLN",
        "cara": "concavo",
        "fila": "A",
        "numero": 8,
        "codigo": "A8",
        "estatus_venta": "disponible",
        "estatus_ocupacion": "",
        "referencia_procap": "",
        "observaciones": "",
        "geometryType": "niches",
        "gridRow": 0,
        "gridColumn": 7
      },
      "geometry": {
        "type": "Polygon",
        "coordinates": [
          [
            [
              235.57,
              237.504721
            ],
            [
              262.57,
              237.504721
            ],
            [
              262.57,
              210.504721
            ],
            [
              235.57,
              210.504721
            ],
            [
              235.57,
              237.504721
            ]
          ]
        ]
      }
    },
    {
      "type": "Feature",
      "properties": {
        "id": "PLN-concavo-A9",
        "tipo": "nicho",
        "zonaId": "PLN",
        "cara": "concavo",
        "fila": "A",
        "numero": 9,
        "codigo": "A9",
        "estatus_venta": "disponible",
        "estatus_ocupacion": "",
        "referencia_procap": "",
        "observaciones": "",
        "geometryType": "niches",
        "gridRow": 0,
        "gridColumn": 8
      },
      "geometry": {
        "type": "Polygon",
        "coordinates": [
          [
            [
              265.625,
              237.504721
            ],
            [
              292.625,
              237.504721
            ],
            [
              292.625,
              210.504721
            ],
            [
              265.625,
              210.504721
            ],
            [
              265.625,
              237.504721
            ]
          ]
        ]
      }
    },
    {
      "type": "Feature",
      "properties": {
        "id": "PLN-concavo-A10",
        "tipo": "nicho",
        "zonaId": "PLN",
        "cara": "concavo",
        "fila": "A",
        "numero": 10,
        "codigo": "A10",
        "estatus_venta": "disponible",
        "estatus_ocupacion": "",
        "referencia_procap": "",
        "observaciones": "",
        "geometryType": "niches",
        "gridRow": 0,
        "gridColumn": 9
      },
      "geometry": {
        "type": "Polygon",
        "coordinates": [
          [
            [
              295.68,
              237.504721
            ],
            [
              322.68,
              237.504721
            ],
            [
              322.68,
              210.504721
            ],
            [
              295.68,
              210.504721
            ],
            [
              295.68,
              237.504721
            ]
          ]
        ]
      }
    },
    {
      "type": "Feature",
      "properties": {
        "id": "PLN-concavo-A11",
        "tipo": "nicho",
        "zonaId": "PLN",
        "cara": "concavo",
        "fila": "A",
        "numero": 11,
        "codigo": "A11",
        "estatus_venta": "disponible",
        "estatus_ocupacion": "",
        "referencia_procap": "",
        "observaciones": "",
        "geometryType": "niches",
        "gridRow": 0,
        "gridColumn": 10
      },
      "geometry": {
        "type": "Polygon",
        "coordinates": [
          [
            [
              325.735,
              237.504721
            ],
            [
              352.735,
              237.504721
            ],
            [
              352.735,
              210.504721
            ],
            [
              325.735,
              210.504721
            ],
            [
              325.735,
              237.504721
            ]
          ]
        ]
      }
    },
    {
      "type": "Feature",
      "properties": {
        "id": "PLN-concavo-A12",
        "tipo": "nicho",
        "zonaId": "PLN",
        "cara": "concavo",
        "fila": "A",
        "numero": 12,
        "codigo": "A12",
        "estatus_venta": "disponible",
        "estatus_ocupacion": "",
        "referencia_procap": "",
        "observaciones": "",
        "geometryType": "niches",
        "gridRow": 0,
        "gridColumn": 11
      },
      "geometry": {
        "type": "Polygon",
        "coordinates": [
          [
            [
              355.79,
              237.504721
            ],
            [
              382.79,
              237.504721
            ],
            [
              382.79,
              210.504721
            ],
            [
              355.79,
              210.504721
            ],
            [
              355.79,
              237.504721
            ]
          ]
        ]
      }
    },
    {
      "type": "Feature",
      "properties": {
        "id": "PLN-concavo-A13",
        "tipo": "nicho",
        "zonaId": "PLN",
        "cara": "concavo",
        "fila": "A",
        "numero": 13,
        "codigo": "A13",
        "estatus_venta": "disponible",
        "estatus_ocupacion": "",
        "referencia_procap": "",
        "observaciones": "",
        "geometryType": "niches",
        "gridRow": 0,
        "gridColumn": 12
      },
      "geometry": {
        "type": "Polygon",
        "coordinates": [
          [
            [
              385.845,
              237.504721
            ],
            [
              412.845,
              237.504721
            ],
            [
              412.845,
              210.504721
            ],
            [
              385.845,
              210.504721
            ],
            [
              385.845,
              237.504721
            ]
          ]
        ]
      }
    },
    {
      "type": "Feature",
      "properties": {
        "id": "PLN-concavo-A14",
        "tipo": "nicho",
        "zonaId": "PLN",
        "cara": "concavo",
        "fila": "A",
        "numero": 14,
        "codigo": "A14",
        "estatus_venta": "disponible",
        "estatus_ocupacion": "",
        "referencia_procap": "",
        "observaciones": "",
        "geometryType": "niches",
        "gridRow": 0,
        "gridColumn": 13
      },
      "geometry": {
        "type": "Polygon",
        "coordinates": [
          [
            [
              415.9,
              237.504721
            ],
            [
              442.9,
              237.504721
            ],
            [
              442.9,
              210.504721
            ],
            [
              415.9,
              210.504721
            ],
            [
              415.9,
              237.504721
            ]
          ]
        ]
      }
    },
    {
      "type": "Feature",
      "properties": {
        "id": "PLN-concavo-A15",
        "tipo": "nicho",
        "zonaId": "PLN",
        "cara": "concavo",
        "fila": "A",
        "numero": 15,
        "codigo": "A15",
        "estatus_venta": "disponible",
        "estatus_ocupacion": "",
        "referencia_procap": "",
        "observaciones": "",
        "geometryType": "niches",
        "gridRow": 0,
        "gridColumn": 14
      },
      "geometry": {
        "type": "Polygon",
        "coordinates": [
          [
            [
              445.955,
              237.504721
            ],
            [
              472.955,
              237.504721
            ],
            [
              472.955,
              210.504721
            ],
            [
              445.955,
              210.504721
            ],
            [
              445.955,
              237.504721
            ]
          ]
        ]
      }
    },
    {
      "type": "Feature",
      "properties": {
        "id": "PLN-concavo-A16",
        "tipo": "nicho",
        "zonaId": "PLN",
        "cara": "concavo",
        "fila": "A",
        "numero": 16,
        "codigo": "A16",
        "estatus_venta": "disponible",
        "estatus_ocupacion": "",
        "referencia_procap": "",
        "observaciones": "",
        "geometryType": "niches",
        "gridRow": 0,
        "gridColumn": 15
      },
      "geometry": {
        "type": "Polygon",
        "coordinates": [
          [
            [
              476.01,
              237.504721
            ],
            [
              503.01,
              237.504721
            ],
            [
              503.01,
              210.504721
            ],
            [
              476.01,
              210.504721
            ],
            [
              476.01,
              237.504721
            ]
          ]
        ]
      }
    },
    {
      "type": "Feature",
      "properties": {
        "id": "PLN-concavo-A17",
        "tipo": "nicho",
        "zonaId": "PLN",
        "cara": "concavo",
        "fila": "A",
        "numero": 17,
        "codigo": "A17",
        "estatus_venta": "disponible",
        "estatus_ocupacion": "",
        "referencia_procap": "",
        "observaciones": "",
        "geometryType": "niches",
        "gridRow": 0,
        "gridColumn": 16
      },
      "geometry": {
        "type": "Polygon",
        "coordinates": [
          [
            [
              506.065,
              237.504721
            ],
            [
              533.065,
              237.504721
            ],
            [
              533.065,
              210.504721
            ],
            [
              506.065,
              210.504721
            ],
            [
              506.065,
              237.504721
            ]
          ]
        ]
      }
    },
    {
      "type": "Feature",
      "properties": {
        "id": "PLN-concavo-A18",
        "tipo": "nicho",
        "zonaId": "PLN",
        "cara": "concavo",
        "fila": "A",
        "numero": 18,
        "codigo": "A18",
        "estatus_venta": "disponible",
        "estatus_ocupacion": "",
        "referencia_procap": "",
        "observaciones": "",
        "geometryType": "niches",
        "gridRow": 0,
        "gridColumn": 17
      },
      "geometry": {
        "type": "Polygon",
        "coordinates": [
          [
            [
              536.12,
              237.504721
            ],
            [
              563.12,
              237.504721
            ],
            [
              563.12,
              210.504721
            ],
            [
              536.12,
              210.504721
            ],
            [
              536.12,
              237.504721
            ]
          ]
        ]
      }
    },
    {
      "type": "Feature",
      "properties": {
        "id": "PLN-concavo-A19",
        "tipo": "nicho",
        "zonaId": "PLN",
        "cara": "concavo",
        "fila": "A",
        "numero": 19,
        "codigo": "A19",
        "estatus_venta": "disponible",
        "estatus_ocupacion": "",
        "referencia_procap": "",
        "observaciones": "",
        "geometryType": "niches",
        "gridRow": 0,
        "gridColumn": 18
      },
      "geometry": {
        "type": "Polygon",
        "coordinates": [
          [
            [
              566.175,
              237.504721
            ],
            [
              593.175,
              237.504721
            ],
            [
              593.175,
              210.504721
            ],
            [
              566.175,
              210.504721
            ],
            [
              566.175,
              237.504721
            ]
          ]
        ]
      }
    },
    {
      "type": "Feature",
      "properties": {
        "id": "PLN-concavo-A20",
        "tipo": "nicho",
        "zonaId": "PLN",
        "cara": "concavo",
        "fila": "A",
        "numero": 20,
        "codigo": "A20",
        "estatus_venta": "disponible",
        "estatus_ocupacion": "",
        "referencia_procap": "",
        "observaciones": "",
        "geometryType": "niches",
        "gridRow": 0,
        "gridColumn": 19
      },
      "geometry": {
        "type": "Polygon",
        "coordinates": [
          [
            [
              596.23,
              237.504721
            ],
            [
              623.23,
              237.504721
            ],
            [
              623.23,
              210.504721
            ],
            [
              596.23,
              210.504721
            ],
            [
              596.23,
              237.504721
            ]
          ]
        ]
      }
    },
    {
      "type": "Feature",
      "properties": {
        "id": "PLN-concavo-A21",
        "tipo": "nicho",
        "zonaId": "PLN",
        "cara": "concavo",
        "fila": "A",
        "numero": 21,
        "codigo": "A21",
        "estatus_venta": "disponible",
        "estatus_ocupacion": "",
        "referencia_procap": "",
        "observaciones": "",
        "geometryType": "niches",
        "gridRow": 0,
        "gridColumn": 20
      },
      "geometry": {
        "type": "Polygon",
        "coordinates": [
          [
            [
              626.285,
              237.504721
            ],
            [
              653.285,
              237.504721
            ],
            [
              653.285,
              210.504721
            ],
            [
              626.285,
              210.504721
            ],
            [
              626.285,
              237.504721
            ]
          ]
        ]
      }
    },
    {
      "type": "Feature",
      "properties": {
        "id": "PLN-concavo-A22",
        "tipo": "nicho",
        "zonaId": "PLN",
        "cara": "concavo",
        "fila": "A",
        "numero": 22,
        "codigo": "A22",
        "estatus_venta": "disponible",
        "estatus_ocupacion": "",
        "referencia_procap": "",
        "observaciones": "",
        "geometryType": "niches",
        "gridRow": 0,
        "gridColumn": 21
      },
      "geometry": {
        "type": "Polygon",
        "coordinates": [
          [
            [
              656.34,
              237.504721
            ],
            [
              683.34,
              237.504721
            ],
            [
              683.34,
              210.504721
            ],
            [
              656.34,
              210.504721
            ],
            [
              656.34,
              237.504721
            ]
          ]
        ]
      }
    },
    {
      "type": "Feature",
      "properties": {
        "id": "PLN-concavo-A23",
        "tipo": "nicho",
        "zonaId": "PLN",
        "cara": "concavo",
        "fila": "A",
        "numero": 23,
        "codigo": "A23",
        "estatus_venta": "disponible",
        "estatus_ocupacion": "",
        "referencia_procap": "",
        "observaciones": "",
        "geometryType": "niches",
        "gridRow": 0,
        "gridColumn": 22
      },
      "geometry": {
        "type": "Polygon",
        "coordinates": [
          [
            [
              686.395,
              237.504721
            ],
            [
              713.395,
              237.504721
            ],
            [
              713.395,
              210.504721
            ],
            [
              686.395,
              210.504721
            ],
            [
              686.395,
              237.504721
            ]
          ]
        ]
      }
    },
    {
      "type": "Feature",
      "properties": {
        "id": "PLN-concavo-A24",
        "tipo": "nicho",
        "zonaId": "PLN",
        "cara": "concavo",
        "fila": "A",
        "numero": 24,
        "codigo": "A24",
        "estatus_venta": "disponible",
        "estatus_ocupacion": "",
        "referencia_procap": "",
        "observaciones": "",
        "geometryType": "niches",
        "gridRow": 0,
        "gridColumn": 23
      },
      "geometry": {
        "type": "Polygon",
        "coordinates": [
          [
            [
              716.45,
              237.504721
            ],
            [
              743.45,
              237.504721
            ],
            [
              743.45,
              210.504721
            ],
            [
              716.45,
              210.504721
            ],
            [
              716.45,
              237.504721
            ]
          ]
        ]
      }
    },
    {
      "type": "Feature",
      "properties": {
        "id": "PLN-concavo-A25",
        "tipo": "nicho",
        "zonaId": "PLN",
        "cara": "concavo",
        "fila": "A",
        "numero": 25,
        "codigo": "A25",
        "estatus_venta": "disponible",
        "estatus_ocupacion": "",
        "referencia_procap": "",
        "observaciones": "",
        "geometryType": "niches",
        "gridRow": 0,
        "gridColumn": 24
      },
      "geometry": {
        "type": "Polygon",
        "coordinates": [
          [
            [
              746.505,
              237.504721
            ],
            [
              773.505,
              237.504721
            ],
            [
              773.505,
              210.504721
            ],
            [
              746.505,
              210.504721
            ],
            [
              746.505,
              237.504721
            ]
          ]
        ]
      }
    },
    {
      "type": "Feature",
      "properties": {
        "id": "PLN-concavo-A26",
        "tipo": "nicho",
        "zonaId": "PLN",
        "cara": "concavo",
        "fila": "A",
        "numero": 26,
        "codigo": "A26",
        "estatus_venta": "disponible",
        "estatus_ocupacion": "",
        "referencia_procap": "",
        "observaciones": "",
        "geometryType": "niches",
        "gridRow": 0,
        "gridColumn": 25
      },
      "geometry": {
        "type": "Polygon",
        "coordinates": [
          [
            [
              776.56,
              237.504721
            ],
            [
              803.56,
              237.504721
            ],
            [
              803.56,
              210.504721
            ],
            [
              776.56,
              210.504721
            ],
            [
              776.56,
              237.504721
            ]
          ]
        ]
      }
    },
    {
      "type": "Feature",
      "properties": {
        "id": "PLN-concavo-A27",
        "tipo": "nicho",
        "zonaId": "PLN",
        "cara": "concavo",
        "fila": "A",
        "numero": 27,
        "codigo": "A27",
        "estatus_venta": "disponible",
        "estatus_ocupacion": "",
        "referencia_procap": "",
        "observaciones": "",
        "geometryType": "niches",
        "gridRow": 0,
        "gridColumn": 26
      },
      "geometry": {
        "type": "Polygon",
        "coordinates": [
          [
            [
              806.615,
              237.504721
            ],
            [
              833.615,
              237.504721
            ],
            [
              833.615,
              210.504721
            ],
            [
              806.615,
              210.504721
            ],
            [
              806.615,
              237.504721
            ]
          ]
        ]
      }
    },
    {
      "type": "Feature",
      "properties": {
        "id": "PLN-concavo-A28",
        "tipo": "nicho",
        "zonaId": "PLN",
        "cara": "concavo",
        "fila": "A",
        "numero": 28,
        "codigo": "A28",
        "estatus_venta": "disponible",
        "estatus_ocupacion": "",
        "referencia_procap": "",
        "observaciones": "",
        "geometryType": "niches",
        "gridRow": 0,
        "gridColumn": 27
      },
      "geometry": {
        "type": "Polygon",
        "coordinates": [
          [
            [
              836.67,
              237.504721
            ],
            [
              863.67,
              237.504721
            ],
            [
              863.67,
              210.504721
            ],
            [
              836.67,
              210.504721
            ],
            [
              836.67,
              237.504721
            ]
          ]
        ]
      }
    },
    {
      "type": "Feature",
      "properties": {
        "id": "PLN-concavo-A29",
        "tipo": "nicho",
        "zonaId": "PLN",
        "cara": "concavo",
        "fila": "A",
        "numero": 29,
        "codigo": "A29",
        "estatus_venta": "disponible",
        "estatus_ocupacion": "",
        "referencia_procap": "",
        "observaciones": "",
        "geometryType": "niches",
        "gridRow": 0,
        "gridColumn": 28
      },
      "geometry": {
        "type": "Polygon",
        "coordinates": [
          [
            [
              866.725,
              237.504721
            ],
            [
              893.725,
              237.504721
            ],
            [
              893.725,
              210.504721
            ],
            [
              866.725,
              210.504721
            ],
            [
              866.725,
              237.504721
            ]
          ]
        ]
      }
    },
    {
      "type": "Feature",
      "properties": {
        "id": "PLN-concavo-A30",
        "tipo": "nicho",
        "zonaId": "PLN",
        "cara": "concavo",
        "fila": "A",
        "numero": 30,
        "codigo": "A30",
        "estatus_venta": "disponible",
        "estatus_ocupacion": "",
        "referencia_procap": "",
        "observaciones": "",
        "geometryType": "niches",
        "gridRow": 0,
        "gridColumn": 29
      },
      "geometry": {
        "type": "Polygon",
        "coordinates": [
          [
            [
              896.78,
              237.504721
            ],
            [
              923.78,
              237.504721
            ],
            [
              923.78,
              210.504721
            ],
            [
              896.78,
              210.504721
            ],
            [
              896.78,
              237.504721
            ]
          ]
        ]
      }
    },
    {
      "type": "Feature",
      "properties": {
        "id": "PLN-concavo-A31",
        "tipo": "nicho",
        "zonaId": "PLN",
        "cara": "concavo",
        "fila": "A",
        "numero": 31,
        "codigo": "A31",
        "estatus_venta": "disponible",
        "estatus_ocupacion": "",
        "referencia_procap": "",
        "observaciones": "",
        "geometryType": "niches",
        "gridRow": 0,
        "gridColumn": 30
      },
      "geometry": {
        "type": "Polygon",
        "coordinates": [
          [
            [
              926.835,
              237.504721
            ],
            [
              953.835,
              237.504721
            ],
            [
              953.835,
              210.504721
            ],
            [
              926.835,
              210.504721
            ],
            [
              926.835,
              237.504721
            ]
          ]
        ]
      }
    },
    {
      "type": "Feature",
      "properties": {
        "id": "PLN-concavo-A32",
        "tipo": "nicho",
        "zonaId": "PLN",
        "cara": "concavo",
        "fila": "A",
        "numero": 32,
        "codigo": "A32",
        "estatus_venta": "disponible",
        "estatus_ocupacion": "",
        "referencia_procap": "",
        "observaciones": "",
        "geometryType": "niches",
        "gridRow": 0,
        "gridColumn": 31
      },
      "geometry": {
        "type": "Polygon",
        "coordinates": [
          [
            [
              956.89,
              237.504721
            ],
            [
              983.89,
              237.504721
            ],
            [
              983.89,
              210.504721
            ],
            [
              956.89,
              210.504721
            ],
            [
              956.89,
              237.504721
            ]
          ]
        ]
      }
    },
    {
      "type": "Feature",
      "properties": {
        "id": "PLN-concavo-A33",
        "tipo": "nicho",
        "zonaId": "PLN",
        "cara": "concavo",
        "fila": "A",
        "numero": 33,
        "codigo": "A33",
        "estatus_venta": "disponible",
        "estatus_ocupacion": "",
        "referencia_procap": "",
        "observaciones": "",
        "geometryType": "niches",
        "gridRow": 0,
        "gridColumn": 32
      },
      "geometry": {
        "type": "Polygon",
        "coordinates": [
          [
            [
              986.945,
              237.504721
            ],
            [
              1013.945,
              237.504721
            ],
            [
              1013.945,
              210.504721
            ],
            [
              986.945,
              210.504721
            ],
            [
              986.945,
              237.504721
            ]
          ]
        ]
      }
    },
    {
      "type": "Feature",
      "properties": {
        "id": "PLN-concavo-A34",
        "tipo": "nicho",
        "zonaId": "PLN",
        "cara": "concavo",
        "fila": "A",
        "numero": 34,
        "codigo": "A34",
        "estatus_venta": "disponible",
        "estatus_ocupacion": "",
        "referencia_procap": "",
        "observaciones": "",
        "geometryType": "niches",
        "gridRow": 0,
        "gridColumn": 33
      },
      "geometry": {
        "type": "Polygon",
        "coordinates": [
          [
            [
              1017,
              237.504721
            ],
            [
              1044,
              237.504721
            ],
            [
              1044,
              210.504721
            ],
            [
              1017,
              210.504721
            ],
            [
              1017,
              237.504721
            ]
          ]
        ]
      }
    },
    {
      "type": "Feature",
      "properties": {
        "id": "PLN-concavo-A35",
        "tipo": "nicho",
        "zonaId": "PLN",
        "cara": "concavo",
        "fila": "A",
        "numero": 35,
        "codigo": "A35",
        "estatus_venta": "disponible",
        "estatus_ocupacion": "",
        "referencia_procap": "",
        "observaciones": "",
        "geometryType": "niches",
        "gridRow": 0,
        "gridColumn": 34
      },
      "geometry": {
        "type": "Polygon",
        "coordinates": [
          [
            [
              1047.055,
              237.504721
            ],
            [
              1074.055,
              237.504721
            ],
            [
              1074.055,
              210.504721
            ],
            [
              1047.055,
              210.504721
            ],
            [
              1047.055,
              237.504721
            ]
          ]
        ]
      }
    },
    {
      "type": "Feature",
      "properties": {
        "id": "PLN-concavo-A36",
        "tipo": "nicho",
        "zonaId": "PLN",
        "cara": "concavo",
        "fila": "A",
        "numero": 36,
        "codigo": "A36",
        "estatus_venta": "disponible",
        "estatus_ocupacion": "",
        "referencia_procap": "",
        "observaciones": "",
        "geometryType": "niches",
        "gridRow": 0,
        "gridColumn": 35
      },
      "geometry": {
        "type": "Polygon",
        "coordinates": [
          [
            [
              1077.11,
              237.504721
            ],
            [
              1104.11,
              237.504721
            ],
            [
              1104.11,
              210.504721
            ],
            [
              1077.11,
              210.504721
            ],
            [
              1077.11,
              237.504721
            ]
          ]
        ]
      }
    },
    {
      "type": "Feature",
      "properties": {
        "id": "PLN-concavo-A37",
        "tipo": "nicho",
        "zonaId": "PLN",
        "cara": "concavo",
        "fila": "A",
        "numero": 37,
        "codigo": "A37",
        "estatus_venta": "disponible",
        "estatus_ocupacion": "",
        "referencia_procap": "",
        "observaciones": "",
        "geometryType": "niches",
        "gridRow": 0,
        "gridColumn": 36
      },
      "geometry": {
        "type": "Polygon",
        "coordinates": [
          [
            [
              1107.165,
              237.504721
            ],
            [
              1134.165,
              237.504721
            ],
            [
              1134.165,
              210.504721
            ],
            [
              1107.165,
              210.504721
            ],
            [
              1107.165,
              237.504721
            ]
          ]
        ]
      }
    },
    {
      "type": "Feature",
      "properties": {
        "id": "PLN-concavo-A38",
        "tipo": "nicho",
        "zonaId": "PLN",
        "cara": "concavo",
        "fila": "A",
        "numero": 38,
        "codigo": "A38",
        "estatus_venta": "disponible",
        "estatus_ocupacion": "",
        "referencia_procap": "",
        "observaciones": "",
        "geometryType": "niches",
        "gridRow": 0,
        "gridColumn": 37
      },
      "geometry": {
        "type": "Polygon",
        "coordinates": [
          [
            [
              1137.22,
              237.504721
            ],
            [
              1164.22,
              237.504721
            ],
            [
              1164.22,
              210.504721
            ],
            [
              1137.22,
              210.504721
            ],
            [
              1137.22,
              237.504721
            ]
          ]
        ]
      }
    },
    {
      "type": "Feature",
      "properties": {
        "id": "PLN-concavo-A39",
        "tipo": "nicho",
        "zonaId": "PLN",
        "cara": "concavo",
        "fila": "A",
        "numero": 39,
        "codigo": "A39",
        "estatus_venta": "disponible",
        "estatus_ocupacion": "",
        "referencia_procap": "",
        "observaciones": "",
        "geometryType": "niches",
        "gridRow": 0,
        "gridColumn": 38
      },
      "geometry": {
        "type": "Polygon",
        "coordinates": [
          [
            [
              1167.275,
              237.504721
            ],
            [
              1194.275,
              237.504721
            ],
            [
              1194.275,
              210.504721
            ],
            [
              1167.275,
              210.504721
            ],
            [
              1167.275,
              237.504721
            ]
          ]
        ]
      }
    },
    {
      "type": "Feature",
      "properties": {
        "id": "PLN-concavo-A40",
        "tipo": "nicho",
        "zonaId": "PLN",
        "cara": "concavo",
        "fila": "A",
        "numero": 40,
        "codigo": "A40",
        "estatus_venta": "disponible",
        "estatus_ocupacion": "",
        "referencia_procap": "",
        "observaciones": "",
        "geometryType": "niches",
        "gridRow": 0,
        "gridColumn": 39
      },
      "geometry": {
        "type": "Polygon",
        "coordinates": [
          [
            [
              1197.33,
              237.504721
            ],
            [
              1224.33,
              237.504721
            ],
            [
              1224.33,
              210.504721
            ],
            [
              1197.33,
              210.504721
            ],
            [
              1197.33,
              237.504721
            ]
          ]
        ]
      }
    },
    {
      "type": "Feature",
      "properties": {
        "id": "PLN-concavo-A41",
        "tipo": "nicho",
        "zonaId": "PLN",
        "cara": "concavo",
        "fila": "A",
        "numero": 41,
        "codigo": "A41",
        "estatus_venta": "disponible",
        "estatus_ocupacion": "",
        "referencia_procap": "",
        "observaciones": "",
        "geometryType": "niches",
        "gridRow": 0,
        "gridColumn": 40
      },
      "geometry": {
        "type": "Polygon",
        "coordinates": [
          [
            [
              1227.385,
              237.504721
            ],
            [
              1254.385,
              237.504721
            ],
            [
              1254.385,
              210.504721
            ],
            [
              1227.385,
              210.504721
            ],
            [
              1227.385,
              237.504721
            ]
          ]
        ]
      }
    },
    {
      "type": "Feature",
      "properties": {
        "id": "PLN-concavo-A42",
        "tipo": "nicho",
        "zonaId": "PLN",
        "cara": "concavo",
        "fila": "A",
        "numero": 42,
        "codigo": "A42",
        "estatus_venta": "disponible",
        "estatus_ocupacion": "",
        "referencia_procap": "",
        "observaciones": "",
        "geometryType": "niches",
        "gridRow": 0,
        "gridColumn": 41
      },
      "geometry": {
        "type": "Polygon",
        "coordinates": [
          [
            [
              1257.44,
              237.504721
            ],
            [
              1284.44,
              237.504721
            ],
            [
              1284.44,
              210.504721
            ],
            [
              1257.44,
              210.504721
            ],
            [
              1257.44,
              237.504721
            ]
          ]
        ]
      }
    },
    {
      "type": "Feature",
      "properties": {
        "id": "PLN-concavo-A43",
        "tipo": "nicho",
        "zonaId": "PLN",
        "cara": "concavo",
        "fila": "A",
        "numero": 43,
        "codigo": "A43",
        "estatus_venta": "disponible",
        "estatus_ocupacion": "",
        "referencia_procap": "",
        "observaciones": "",
        "geometryType": "niches",
        "gridRow": 0,
        "gridColumn": 42
      },
      "geometry": {
        "type": "Polygon",
        "coordinates": [
          [
            [
              1287.495,
              237.504721
            ],
            [
              1314.495,
              237.504721
            ],
            [
              1314.495,
              210.504721
            ],
            [
              1287.495,
              210.504721
            ],
            [
              1287.495,
              237.504721
            ]
          ]
        ]
      }
    },
    {
      "type": "Feature",
      "properties": {
        "id": "PLN-concavo-A44",
        "tipo": "nicho",
        "zonaId": "PLN",
        "cara": "concavo",
        "fila": "A",
        "numero": 44,
        "codigo": "A44",
        "estatus_venta": "disponible",
        "estatus_ocupacion": "",
        "referencia_procap": "",
        "observaciones": "",
        "geometryType": "niches",
        "gridRow": 0,
        "gridColumn": 43
      },
      "geometry": {
        "type": "Polygon",
        "coordinates": [
          [
            [
              1317.55,
              237.504721
            ],
            [
              1344.55,
              237.504721
            ],
            [
              1344.55,
              210.504721
            ],
            [
              1317.55,
              210.504721
            ],
            [
              1317.55,
              237.504721
            ]
          ]
        ]
      }
    },
    {
      "type": "Feature",
      "properties": {
        "id": "PLN-concavo-A45",
        "tipo": "nicho",
        "zonaId": "PLN",
        "cara": "concavo",
        "fila": "A",
        "numero": 45,
        "codigo": "A45",
        "estatus_venta": "disponible",
        "estatus_ocupacion": "",
        "referencia_procap": "",
        "observaciones": "",
        "geometryType": "niches",
        "gridRow": 0,
        "gridColumn": 44
      },
      "geometry": {
        "type": "Polygon",
        "coordinates": [
          [
            [
              1347.605,
              237.504721
            ],
            [
              1374.605,
              237.504721
            ],
            [
              1374.605,
              210.504721
            ],
            [
              1347.605,
              210.504721
            ],
            [
              1347.605,
              237.504721
            ]
          ]
        ]
      }
    },
    {
      "type": "Feature",
      "properties": {
        "id": "PLN-concavo-A46",
        "tipo": "nicho",
        "zonaId": "PLN",
        "cara": "concavo",
        "fila": "A",
        "numero": 46,
        "codigo": "A46",
        "estatus_venta": "disponible",
        "estatus_ocupacion": "",
        "referencia_procap": "",
        "observaciones": "",
        "geometryType": "niches",
        "gridRow": 0,
        "gridColumn": 45
      },
      "geometry": {
        "type": "Polygon",
        "coordinates": [
          [
            [
              1377.66,
              237.504721
            ],
            [
              1404.66,
              237.504721
            ],
            [
              1404.66,
              210.504721
            ],
            [
              1377.66,
              210.504721
            ],
            [
              1377.66,
              237.504721
            ]
          ]
        ]
      }
    },
    {
      "type": "Feature",
      "properties": {
        "id": "PLN-concavo-A47",
        "tipo": "nicho",
        "zonaId": "PLN",
        "cara": "concavo",
        "fila": "A",
        "numero": 47,
        "codigo": "A47",
        "estatus_venta": "disponible",
        "estatus_ocupacion": "",
        "referencia_procap": "",
        "observaciones": "",
        "geometryType": "niches",
        "gridRow": 0,
        "gridColumn": 46
      },
      "geometry": {
        "type": "Polygon",
        "coordinates": [
          [
            [
              1407.715,
              237.504721
            ],
            [
              1434.715,
              237.504721
            ],
            [
              1434.715,
              210.504721
            ],
            [
              1407.715,
              210.504721
            ],
            [
              1407.715,
              237.504721
            ]
          ]
        ]
      }
    },
    {
      "type": "Feature",
      "properties": {
        "id": "PLN-concavo-A48",
        "tipo": "nicho",
        "zonaId": "PLN",
        "cara": "concavo",
        "fila": "A",
        "numero": 48,
        "codigo": "A48",
        "estatus_venta": "disponible",
        "estatus_ocupacion": "",
        "referencia_procap": "",
        "observaciones": "",
        "geometryType": "niches",
        "gridRow": 0,
        "gridColumn": 47
      },
      "geometry": {
        "type": "Polygon",
        "coordinates": [
          [
            [
              1437.77,
              237.504721
            ],
            [
              1464.77,
              237.504721
            ],
            [
              1464.77,
              210.504721
            ],
            [
              1437.77,
              210.504721
            ],
            [
              1437.77,
              237.504721
            ]
          ]
        ]
      }
    },
    {
      "type": "Feature",
      "properties": {
        "id": "PLN-concavo-A49",
        "tipo": "nicho",
        "zonaId": "PLN",
        "cara": "concavo",
        "fila": "A",
        "numero": 49,
        "codigo": "A49",
        "estatus_venta": "disponible",
        "estatus_ocupacion": "",
        "referencia_procap": "",
        "observaciones": "",
        "geometryType": "niches",
        "gridRow": 0,
        "gridColumn": 48
      },
      "geometry": {
        "type": "Polygon",
        "coordinates": [
          [
            [
              1467.825,
              237.504721
            ],
            [
              1494.825,
              237.504721
            ],
            [
              1494.825,
              210.504721
            ],
            [
              1467.825,
              210.504721
            ],
            [
              1467.825,
              237.504721
            ]
          ]
        ]
      }
    },
    {
      "type": "Feature",
      "properties": {
        "id": "PLN-concavo-A50",
        "tipo": "nicho",
        "zonaId": "PLN",
        "cara": "concavo",
        "fila": "A",
        "numero": 50,
        "codigo": "A50",
        "estatus_venta": "disponible",
        "estatus_ocupacion": "",
        "referencia_procap": "",
        "observaciones": "",
        "geometryType": "niches",
        "gridRow": 0,
        "gridColumn": 49
      },
      "geometry": {
        "type": "Polygon",
        "coordinates": [
          [
            [
              1497.88,
              237.504721
            ],
            [
              1524.88,
              237.504721
            ],
            [
              1524.88,
              210.504721
            ],
            [
              1497.88,
              210.504721
            ],
            [
              1497.88,
              237.504721
            ]
          ]
        ]
      }
    },
    {
      "type": "Feature",
      "properties": {
        "id": "PLN-concavo-A51",
        "tipo": "nicho",
        "zonaId": "PLN",
        "cara": "concavo",
        "fila": "A",
        "numero": 51,
        "codigo": "A51",
        "estatus_venta": "disponible",
        "estatus_ocupacion": "",
        "referencia_procap": "",
        "observaciones": "",
        "geometryType": "niches",
        "gridRow": 0,
        "gridColumn": 50
      },
      "geometry": {
        "type": "Polygon",
        "coordinates": [
          [
            [
              1527.935,
              237.504721
            ],
            [
              1554.935,
              237.504721
            ],
            [
              1554.935,
              210.504721
            ],
            [
              1527.935,
              210.504721
            ],
            [
              1527.935,
              237.504721
            ]
          ]
        ]
      }
    },
    {
      "type": "Feature",
      "properties": {
        "id": "PLN-concavo-A52",
        "tipo": "nicho",
        "zonaId": "PLN",
        "cara": "concavo",
        "fila": "A",
        "numero": 52,
        "codigo": "A52",
        "estatus_venta": "disponible",
        "estatus_ocupacion": "",
        "referencia_procap": "",
        "observaciones": "",
        "geometryType": "niches",
        "gridRow": 0,
        "gridColumn": 51
      },
      "geometry": {
        "type": "Polygon",
        "coordinates": [
          [
            [
              1557.99,
              237.504721
            ],
            [
              1584.99,
              237.504721
            ],
            [
              1584.99,
              210.504721
            ],
            [
              1557.99,
              210.504721
            ],
            [
              1557.99,
              237.504721
            ]
          ]
        ]
      }
    },
    {
      "type": "Feature",
      "properties": {
        "id": "PLN-concavo-A53",
        "tipo": "nicho",
        "zonaId": "PLN",
        "cara": "concavo",
        "fila": "A",
        "numero": 53,
        "codigo": "A53",
        "estatus_venta": "disponible",
        "estatus_ocupacion": "",
        "referencia_procap": "",
        "observaciones": "",
        "geometryType": "niches",
        "gridRow": 0,
        "gridColumn": 52
      },
      "geometry": {
        "type": "Polygon",
        "coordinates": [
          [
            [
              1588.045,
              237.504721
            ],
            [
              1615.045,
              237.504721
            ],
            [
              1615.045,
              210.504721
            ],
            [
              1588.045,
              210.504721
            ],
            [
              1588.045,
              237.504721
            ]
          ]
        ]
      }
    },
    {
      "type": "Feature",
      "properties": {
        "id": "PLN-concavo-A54",
        "tipo": "nicho",
        "zonaId": "PLN",
        "cara": "concavo",
        "fila": "A",
        "numero": 54,
        "codigo": "A54",
        "estatus_venta": "disponible",
        "estatus_ocupacion": "",
        "referencia_procap": "",
        "observaciones": "",
        "geometryType": "niches",
        "gridRow": 0,
        "gridColumn": 53
      },
      "geometry": {
        "type": "Polygon",
        "coordinates": [
          [
            [
              1618.1,
              237.504721
            ],
            [
              1645.1,
              237.504721
            ],
            [
              1645.1,
              210.504721
            ],
            [
              1618.1,
              210.504721
            ],
            [
              1618.1,
              237.504721
            ]
          ]
        ]
      }
    },
    {
      "type": "Feature",
      "properties": {
        "id": "PLN-concavo-A55",
        "tipo": "nicho",
        "zonaId": "PLN",
        "cara": "concavo",
        "fila": "A",
        "numero": 55,
        "codigo": "A55",
        "estatus_venta": "disponible",
        "estatus_ocupacion": "",
        "referencia_procap": "",
        "observaciones": "",
        "geometryType": "niches",
        "gridRow": 0,
        "gridColumn": 54
      },
      "geometry": {
        "type": "Polygon",
        "coordinates": [
          [
            [
              1648.155,
              237.504721
            ],
            [
              1675.155,
              237.504721
            ],
            [
              1675.155,
              210.504721
            ],
            [
              1648.155,
              210.504721
            ],
            [
              1648.155,
              237.504721
            ]
          ]
        ]
      }
    },
    {
      "type": "Feature",
      "properties": {
        "id": "PLN-concavo-A56",
        "tipo": "nicho",
        "zonaId": "PLN",
        "cara": "concavo",
        "fila": "A",
        "numero": 56,
        "codigo": "A56",
        "estatus_venta": "disponible",
        "estatus_ocupacion": "",
        "referencia_procap": "",
        "observaciones": "",
        "geometryType": "niches",
        "gridRow": 0,
        "gridColumn": 55
      },
      "geometry": {
        "type": "Polygon",
        "coordinates": [
          [
            [
              1678.21,
              237.504721
            ],
            [
              1705.21,
              237.504721
            ],
            [
              1705.21,
              210.504721
            ],
            [
              1678.21,
              210.504721
            ],
            [
              1678.21,
              237.504721
            ]
          ]
        ]
      }
    },
    {
      "type": "Feature",
      "properties": {
        "id": "PLN-concavo-A57",
        "tipo": "nicho",
        "zonaId": "PLN",
        "cara": "concavo",
        "fila": "A",
        "numero": 57,
        "codigo": "A57",
        "estatus_venta": "disponible",
        "estatus_ocupacion": "",
        "referencia_procap": "",
        "observaciones": "",
        "geometryType": "niches",
        "gridRow": 0,
        "gridColumn": 56
      },
      "geometry": {
        "type": "Polygon",
        "coordinates": [
          [
            [
              1708.265,
              237.504721
            ],
            [
              1735.265,
              237.504721
            ],
            [
              1735.265,
              210.504721
            ],
            [
              1708.265,
              210.504721
            ],
            [
              1708.265,
              237.504721
            ]
          ]
        ]
      }
    },
    {
      "type": "Feature",
      "properties": {
        "id": "PLN-concavo-A58",
        "tipo": "nicho",
        "zonaId": "PLN",
        "cara": "concavo",
        "fila": "A",
        "numero": 58,
        "codigo": "A58",
        "estatus_venta": "disponible",
        "estatus_ocupacion": "",
        "referencia_procap": "",
        "observaciones": "",
        "geometryType": "niches",
        "gridRow": 0,
        "gridColumn": 57
      },
      "geometry": {
        "type": "Polygon",
        "coordinates": [
          [
            [
              1738.32,
              237.504721
            ],
            [
              1765.32,
              237.504721
            ],
            [
              1765.32,
              210.504721
            ],
            [
              1738.32,
              210.504721
            ],
            [
              1738.32,
              237.504721
            ]
          ]
        ]
      }
    },
    {
      "type": "Feature",
      "properties": {
        "id": "PLN-concavo-A59",
        "tipo": "nicho",
        "zonaId": "PLN",
        "cara": "concavo",
        "fila": "A",
        "numero": 59,
        "codigo": "A59",
        "estatus_venta": "disponible",
        "estatus_ocupacion": "",
        "referencia_procap": "",
        "observaciones": "",
        "geometryType": "niches",
        "gridRow": 0,
        "gridColumn": 58
      },
      "geometry": {
        "type": "Polygon",
        "coordinates": [
          [
            [
              1768.375,
              237.504721
            ],
            [
              1795.375,
              237.504721
            ],
            [
              1795.375,
              210.504721
            ],
            [
              1768.375,
              210.504721
            ],
            [
              1768.375,
              237.504721
            ]
          ]
        ]
      }
    },
    {
      "type": "Feature",
      "properties": {
        "id": "PLN-concavo-A60",
        "tipo": "nicho",
        "zonaId": "PLN",
        "cara": "concavo",
        "fila": "A",
        "numero": 60,
        "codigo": "A60",
        "estatus_venta": "disponible",
        "estatus_ocupacion": "",
        "referencia_procap": "",
        "observaciones": "",
        "geometryType": "niches",
        "gridRow": 0,
        "gridColumn": 59
      },
      "geometry": {
        "type": "Polygon",
        "coordinates": [
          [
            [
              1798.43,
              237.504721
            ],
            [
              1825.43,
              237.504721
            ],
            [
              1825.43,
              210.504721
            ],
            [
              1798.43,
              210.504721
            ],
            [
              1798.43,
              237.504721
            ]
          ]
        ]
      }
    },
    {
      "type": "Feature",
      "properties": {
        "id": "PLN-concavo-A61",
        "tipo": "nicho",
        "zonaId": "PLN",
        "cara": "concavo",
        "fila": "A",
        "numero": 61,
        "codigo": "A61",
        "estatus_venta": "disponible",
        "estatus_ocupacion": "",
        "referencia_procap": "",
        "observaciones": "",
        "geometryType": "niches",
        "gridRow": 0,
        "gridColumn": 60
      },
      "geometry": {
        "type": "Polygon",
        "coordinates": [
          [
            [
              1828.485,
              237.504721
            ],
            [
              1855.485,
              237.504721
            ],
            [
              1855.485,
              210.504721
            ],
            [
              1828.485,
              210.504721
            ],
            [
              1828.485,
              237.504721
            ]
          ]
        ]
      }
    },
    {
      "type": "Feature",
      "properties": {
        "id": "PLN-concavo-A62",
        "tipo": "nicho",
        "zonaId": "PLN",
        "cara": "concavo",
        "fila": "A",
        "numero": 62,
        "codigo": "A62",
        "estatus_venta": "disponible",
        "estatus_ocupacion": "",
        "referencia_procap": "",
        "observaciones": "",
        "geometryType": "niches",
        "gridRow": 0,
        "gridColumn": 61
      },
      "geometry": {
        "type": "Polygon",
        "coordinates": [
          [
            [
              1858.54,
              237.504721
            ],
            [
              1885.54,
              237.504721
            ],
            [
              1885.54,
              210.504721
            ],
            [
              1858.54,
              210.504721
            ],
            [
              1858.54,
              237.504721
            ]
          ]
        ]
      }
    },
    {
      "type": "Feature",
      "properties": {
        "id": "PLN-concavo-A63",
        "tipo": "nicho",
        "zonaId": "PLN",
        "cara": "concavo",
        "fila": "A",
        "numero": 63,
        "codigo": "A63",
        "estatus_venta": "disponible",
        "estatus_ocupacion": "",
        "referencia_procap": "",
        "observaciones": "",
        "geometryType": "niches",
        "gridRow": 0,
        "gridColumn": 62
      },
      "geometry": {
        "type": "Polygon",
        "coordinates": [
          [
            [
              1888.595,
              237.504721
            ],
            [
              1915.595,
              237.504721
            ],
            [
              1915.595,
              210.504721
            ],
            [
              1888.595,
              210.504721
            ],
            [
              1888.595,
              237.504721
            ]
          ]
        ]
      }
    },
    {
      "type": "Feature",
      "properties": {
        "id": "PLN-concavo-A64",
        "tipo": "nicho",
        "zonaId": "PLN",
        "cara": "concavo",
        "fila": "A",
        "numero": 64,
        "codigo": "A64",
        "estatus_venta": "disponible",
        "estatus_ocupacion": "",
        "referencia_procap": "",
        "observaciones": "",
        "geometryType": "niches",
        "gridRow": 0,
        "gridColumn": 63
      },
      "geometry": {
        "type": "Polygon",
        "coordinates": [
          [
            [
              1918.65,
              237.504721
            ],
            [
              1945.65,
              237.504721
            ],
            [
              1945.65,
              210.504721
            ],
            [
              1918.65,
              210.504721
            ],
            [
              1918.65,
              237.504721
            ]
          ]
        ]
      }
    },
    {
      "type": "Feature",
      "properties": {
        "id": "PLN-concavo-A65",
        "tipo": "nicho",
        "zonaId": "PLN",
        "cara": "concavo",
        "fila": "A",
        "numero": 65,
        "codigo": "A65",
        "estatus_venta": "disponible",
        "estatus_ocupacion": "",
        "referencia_procap": "",
        "observaciones": "",
        "geometryType": "niches",
        "gridRow": 0,
        "gridColumn": 64
      },
      "geometry": {
        "type": "Polygon",
        "coordinates": [
          [
            [
              1948.705,
              237.504721
            ],
            [
              1975.705,
              237.504721
            ],
            [
              1975.705,
              210.504721
            ],
            [
              1948.705,
              210.504721
            ],
            [
              1948.705,
              237.504721
            ]
          ]
        ]
      }
    },
    {
      "type": "Feature",
      "properties": {
        "id": "PLN-concavo-A66",
        "tipo": "nicho",
        "zonaId": "PLN",
        "cara": "concavo",
        "fila": "A",
        "numero": 66,
        "codigo": "A66",
        "estatus_venta": "disponible",
        "estatus_ocupacion": "",
        "referencia_procap": "",
        "observaciones": "",
        "geometryType": "niches",
        "gridRow": 0,
        "gridColumn": 65
      },
      "geometry": {
        "type": "Polygon",
        "coordinates": [
          [
            [
              1978.76,
              237.504721
            ],
            [
              2005.76,
              237.504721
            ],
            [
              2005.76,
              210.504721
            ],
            [
              1978.76,
              210.504721
            ],
            [
              1978.76,
              237.504721
            ]
          ]
        ]
      }
    },
    {
      "type": "Feature",
      "properties": {
        "id": "PLN-concavo-A67",
        "tipo": "nicho",
        "zonaId": "PLN",
        "cara": "concavo",
        "fila": "A",
        "numero": 67,
        "codigo": "A67",
        "estatus_venta": "disponible",
        "estatus_ocupacion": "",
        "referencia_procap": "",
        "observaciones": "",
        "geometryType": "niches",
        "gridRow": 0,
        "gridColumn": 66
      },
      "geometry": {
        "type": "Polygon",
        "coordinates": [
          [
            [
              2008.815,
              237.504721
            ],
            [
              2035.815,
              237.504721
            ],
            [
              2035.815,
              210.504721
            ],
            [
              2008.815,
              210.504721
            ],
            [
              2008.815,
              237.504721
            ]
          ]
        ]
      }
    },
    {
      "type": "Feature",
      "properties": {
        "id": "PLN-concavo-B1",
        "tipo": "nicho",
        "zonaId": "PLN",
        "cara": "concavo",
        "fila": "B",
        "numero": 1,
        "codigo": "B1",
        "estatus_venta": "disponible",
        "estatus_ocupacion": "",
        "referencia_procap": "",
        "observaciones": "",
        "geometryType": "niches",
        "gridRow": 1,
        "gridColumn": 0
      },
      "geometry": {
        "type": "Polygon",
        "coordinates": [
          [
            [
              25.185,
              208.504721
            ],
            [
              52.185,
              208.504721
            ],
            [
              52.185,
              181.504721
            ],
            [
              25.185,
              181.504721
            ],
            [
              25.185,
              208.504721
            ]
          ]
        ]
      }
    },
    {
      "type": "Feature",
      "properties": {
        "id": "PLN-concavo-B2",
        "tipo": "nicho",
        "zonaId": "PLN",
        "cara": "concavo",
        "fila": "B",
        "numero": 2,
        "codigo": "B2",
        "estatus_venta": "disponible",
        "estatus_ocupacion": "",
        "referencia_procap": "",
        "observaciones": "",
        "geometryType": "niches",
        "gridRow": 1,
        "gridColumn": 1
      },
      "geometry": {
        "type": "Polygon",
        "coordinates": [
          [
            [
              55.24,
              208.504721
            ],
            [
              82.24,
              208.504721
            ],
            [
              82.24,
              181.504721
            ],
            [
              55.24,
              181.504721
            ],
            [
              55.24,
              208.504721
            ]
          ]
        ]
      }
    },
    {
      "type": "Feature",
      "properties": {
        "id": "PLN-concavo-B3",
        "tipo": "nicho",
        "zonaId": "PLN",
        "cara": "concavo",
        "fila": "B",
        "numero": 3,
        "codigo": "B3",
        "estatus_venta": "disponible",
        "estatus_ocupacion": "",
        "referencia_procap": "",
        "observaciones": "",
        "geometryType": "niches",
        "gridRow": 1,
        "gridColumn": 2
      },
      "geometry": {
        "type": "Polygon",
        "coordinates": [
          [
            [
              85.295,
              208.504721
            ],
            [
              112.295,
              208.504721
            ],
            [
              112.295,
              181.504721
            ],
            [
              85.295,
              181.504721
            ],
            [
              85.295,
              208.504721
            ]
          ]
        ]
      }
    },
    {
      "type": "Feature",
      "properties": {
        "id": "PLN-concavo-B4",
        "tipo": "nicho",
        "zonaId": "PLN",
        "cara": "concavo",
        "fila": "B",
        "numero": 4,
        "codigo": "B4",
        "estatus_venta": "disponible",
        "estatus_ocupacion": "",
        "referencia_procap": "",
        "observaciones": "",
        "geometryType": "niches",
        "gridRow": 1,
        "gridColumn": 3
      },
      "geometry": {
        "type": "Polygon",
        "coordinates": [
          [
            [
              115.35,
              208.504721
            ],
            [
              142.35,
              208.504721
            ],
            [
              142.35,
              181.504721
            ],
            [
              115.35,
              181.504721
            ],
            [
              115.35,
              208.504721
            ]
          ]
        ]
      }
    },
    {
      "type": "Feature",
      "properties": {
        "id": "PLN-concavo-B5",
        "tipo": "nicho",
        "zonaId": "PLN",
        "cara": "concavo",
        "fila": "B",
        "numero": 5,
        "codigo": "B5",
        "estatus_venta": "disponible",
        "estatus_ocupacion": "",
        "referencia_procap": "",
        "observaciones": "",
        "geometryType": "niches",
        "gridRow": 1,
        "gridColumn": 4
      },
      "geometry": {
        "type": "Polygon",
        "coordinates": [
          [
            [
              145.405,
              208.504721
            ],
            [
              172.405,
              208.504721
            ],
            [
              172.405,
              181.504721
            ],
            [
              145.405,
              181.504721
            ],
            [
              145.405,
              208.504721
            ]
          ]
        ]
      }
    },
    {
      "type": "Feature",
      "properties": {
        "id": "PLN-concavo-B6",
        "tipo": "nicho",
        "zonaId": "PLN",
        "cara": "concavo",
        "fila": "B",
        "numero": 6,
        "codigo": "B6",
        "estatus_venta": "disponible",
        "estatus_ocupacion": "",
        "referencia_procap": "",
        "observaciones": "",
        "geometryType": "niches",
        "gridRow": 1,
        "gridColumn": 5
      },
      "geometry": {
        "type": "Polygon",
        "coordinates": [
          [
            [
              175.46,
              208.504721
            ],
            [
              202.46,
              208.504721
            ],
            [
              202.46,
              181.504721
            ],
            [
              175.46,
              181.504721
            ],
            [
              175.46,
              208.504721
            ]
          ]
        ]
      }
    },
    {
      "type": "Feature",
      "properties": {
        "id": "PLN-concavo-B7",
        "tipo": "nicho",
        "zonaId": "PLN",
        "cara": "concavo",
        "fila": "B",
        "numero": 7,
        "codigo": "B7",
        "estatus_venta": "disponible",
        "estatus_ocupacion": "",
        "referencia_procap": "",
        "observaciones": "",
        "geometryType": "niches",
        "gridRow": 1,
        "gridColumn": 6
      },
      "geometry": {
        "type": "Polygon",
        "coordinates": [
          [
            [
              205.515,
              208.504721
            ],
            [
              232.515,
              208.504721
            ],
            [
              232.515,
              181.504721
            ],
            [
              205.515,
              181.504721
            ],
            [
              205.515,
              208.504721
            ]
          ]
        ]
      }
    },
    {
      "type": "Feature",
      "properties": {
        "id": "PLN-concavo-B8",
        "tipo": "nicho",
        "zonaId": "PLN",
        "cara": "concavo",
        "fila": "B",
        "numero": 8,
        "codigo": "B8",
        "estatus_venta": "disponible",
        "estatus_ocupacion": "",
        "referencia_procap": "",
        "observaciones": "",
        "geometryType": "niches",
        "gridRow": 1,
        "gridColumn": 7
      },
      "geometry": {
        "type": "Polygon",
        "coordinates": [
          [
            [
              235.57,
              208.504721
            ],
            [
              262.57,
              208.504721
            ],
            [
              262.57,
              181.504721
            ],
            [
              235.57,
              181.504721
            ],
            [
              235.57,
              208.504721
            ]
          ]
        ]
      }
    },
    {
      "type": "Feature",
      "properties": {
        "id": "PLN-concavo-B9",
        "tipo": "nicho",
        "zonaId": "PLN",
        "cara": "concavo",
        "fila": "B",
        "numero": 9,
        "codigo": "B9",
        "estatus_venta": "disponible",
        "estatus_ocupacion": "",
        "referencia_procap": "",
        "observaciones": "",
        "geometryType": "niches",
        "gridRow": 1,
        "gridColumn": 8
      },
      "geometry": {
        "type": "Polygon",
        "coordinates": [
          [
            [
              265.625,
              208.504721
            ],
            [
              292.625,
              208.504721
            ],
            [
              292.625,
              181.504721
            ],
            [
              265.625,
              181.504721
            ],
            [
              265.625,
              208.504721
            ]
          ]
        ]
      }
    },
    {
      "type": "Feature",
      "properties": {
        "id": "PLN-concavo-B10",
        "tipo": "nicho",
        "zonaId": "PLN",
        "cara": "concavo",
        "fila": "B",
        "numero": 10,
        "codigo": "B10",
        "estatus_venta": "disponible",
        "estatus_ocupacion": "",
        "referencia_procap": "",
        "observaciones": "",
        "geometryType": "niches",
        "gridRow": 1,
        "gridColumn": 9
      },
      "geometry": {
        "type": "Polygon",
        "coordinates": [
          [
            [
              295.68,
              208.504721
            ],
            [
              322.68,
              208.504721
            ],
            [
              322.68,
              181.504721
            ],
            [
              295.68,
              181.504721
            ],
            [
              295.68,
              208.504721
            ]
          ]
        ]
      }
    },
    {
      "type": "Feature",
      "properties": {
        "id": "PLN-concavo-B11",
        "tipo": "nicho",
        "zonaId": "PLN",
        "cara": "concavo",
        "fila": "B",
        "numero": 11,
        "codigo": "B11",
        "estatus_venta": "disponible",
        "estatus_ocupacion": "",
        "referencia_procap": "",
        "observaciones": "",
        "geometryType": "niches",
        "gridRow": 1,
        "gridColumn": 10
      },
      "geometry": {
        "type": "Polygon",
        "coordinates": [
          [
            [
              325.735,
              208.504721
            ],
            [
              352.735,
              208.504721
            ],
            [
              352.735,
              181.504721
            ],
            [
              325.735,
              181.504721
            ],
            [
              325.735,
              208.504721
            ]
          ]
        ]
      }
    },
    {
      "type": "Feature",
      "properties": {
        "id": "PLN-concavo-B12",
        "tipo": "nicho",
        "zonaId": "PLN",
        "cara": "concavo",
        "fila": "B",
        "numero": 12,
        "codigo": "B12",
        "estatus_venta": "disponible",
        "estatus_ocupacion": "",
        "referencia_procap": "",
        "observaciones": "",
        "geometryType": "niches",
        "gridRow": 1,
        "gridColumn": 11
      },
      "geometry": {
        "type": "Polygon",
        "coordinates": [
          [
            [
              355.79,
              208.504721
            ],
            [
              382.79,
              208.504721
            ],
            [
              382.79,
              181.504721
            ],
            [
              355.79,
              181.504721
            ],
            [
              355.79,
              208.504721
            ]
          ]
        ]
      }
    },
    {
      "type": "Feature",
      "properties": {
        "id": "PLN-concavo-B13",
        "tipo": "nicho",
        "zonaId": "PLN",
        "cara": "concavo",
        "fila": "B",
        "numero": 13,
        "codigo": "B13",
        "estatus_venta": "disponible",
        "estatus_ocupacion": "",
        "referencia_procap": "",
        "observaciones": "",
        "geometryType": "niches",
        "gridRow": 1,
        "gridColumn": 12
      },
      "geometry": {
        "type": "Polygon",
        "coordinates": [
          [
            [
              385.845,
              208.504721
            ],
            [
              412.845,
              208.504721
            ],
            [
              412.845,
              181.504721
            ],
            [
              385.845,
              181.504721
            ],
            [
              385.845,
              208.504721
            ]
          ]
        ]
      }
    },
    {
      "type": "Feature",
      "properties": {
        "id": "PLN-concavo-B14",
        "tipo": "nicho",
        "zonaId": "PLN",
        "cara": "concavo",
        "fila": "B",
        "numero": 14,
        "codigo": "B14",
        "estatus_venta": "disponible",
        "estatus_ocupacion": "",
        "referencia_procap": "",
        "observaciones": "",
        "geometryType": "niches",
        "gridRow": 1,
        "gridColumn": 13
      },
      "geometry": {
        "type": "Polygon",
        "coordinates": [
          [
            [
              415.9,
              208.504721
            ],
            [
              442.9,
              208.504721
            ],
            [
              442.9,
              181.504721
            ],
            [
              415.9,
              181.504721
            ],
            [
              415.9,
              208.504721
            ]
          ]
        ]
      }
    },
    {
      "type": "Feature",
      "properties": {
        "id": "PLN-concavo-B15",
        "tipo": "nicho",
        "zonaId": "PLN",
        "cara": "concavo",
        "fila": "B",
        "numero": 15,
        "codigo": "B15",
        "estatus_venta": "disponible",
        "estatus_ocupacion": "",
        "referencia_procap": "",
        "observaciones": "",
        "geometryType": "niches",
        "gridRow": 1,
        "gridColumn": 14
      },
      "geometry": {
        "type": "Polygon",
        "coordinates": [
          [
            [
              445.955,
              208.504721
            ],
            [
              472.955,
              208.504721
            ],
            [
              472.955,
              181.504721
            ],
            [
              445.955,
              181.504721
            ],
            [
              445.955,
              208.504721
            ]
          ]
        ]
      }
    },
    {
      "type": "Feature",
      "properties": {
        "id": "PLN-concavo-B16",
        "tipo": "nicho",
        "zonaId": "PLN",
        "cara": "concavo",
        "fila": "B",
        "numero": 16,
        "codigo": "B16",
        "estatus_venta": "disponible",
        "estatus_ocupacion": "",
        "referencia_procap": "",
        "observaciones": "",
        "geometryType": "niches",
        "gridRow": 1,
        "gridColumn": 15
      },
      "geometry": {
        "type": "Polygon",
        "coordinates": [
          [
            [
              476.01,
              208.504721
            ],
            [
              503.01,
              208.504721
            ],
            [
              503.01,
              181.504721
            ],
            [
              476.01,
              181.504721
            ],
            [
              476.01,
              208.504721
            ]
          ]
        ]
      }
    },
    {
      "type": "Feature",
      "properties": {
        "id": "PLN-concavo-B17",
        "tipo": "nicho",
        "zonaId": "PLN",
        "cara": "concavo",
        "fila": "B",
        "numero": 17,
        "codigo": "B17",
        "estatus_venta": "disponible",
        "estatus_ocupacion": "",
        "referencia_procap": "",
        "observaciones": "",
        "geometryType": "niches",
        "gridRow": 1,
        "gridColumn": 16
      },
      "geometry": {
        "type": "Polygon",
        "coordinates": [
          [
            [
              506.065,
              208.504721
            ],
            [
              533.065,
              208.504721
            ],
            [
              533.065,
              181.504721
            ],
            [
              506.065,
              181.504721
            ],
            [
              506.065,
              208.504721
            ]
          ]
        ]
      }
    },
    {
      "type": "Feature",
      "properties": {
        "id": "PLN-concavo-B18",
        "tipo": "nicho",
        "zonaId": "PLN",
        "cara": "concavo",
        "fila": "B",
        "numero": 18,
        "codigo": "B18",
        "estatus_venta": "disponible",
        "estatus_ocupacion": "",
        "referencia_procap": "",
        "observaciones": "",
        "geometryType": "niches",
        "gridRow": 1,
        "gridColumn": 17
      },
      "geometry": {
        "type": "Polygon",
        "coordinates": [
          [
            [
              536.12,
              208.504721
            ],
            [
              563.12,
              208.504721
            ],
            [
              563.12,
              181.504721
            ],
            [
              536.12,
              181.504721
            ],
            [
              536.12,
              208.504721
            ]
          ]
        ]
      }
    },
    {
      "type": "Feature",
      "properties": {
        "id": "PLN-concavo-B19",
        "tipo": "nicho",
        "zonaId": "PLN",
        "cara": "concavo",
        "fila": "B",
        "numero": 19,
        "codigo": "B19",
        "estatus_venta": "disponible",
        "estatus_ocupacion": "",
        "referencia_procap": "",
        "observaciones": "",
        "geometryType": "niches",
        "gridRow": 1,
        "gridColumn": 18
      },
      "geometry": {
        "type": "Polygon",
        "coordinates": [
          [
            [
              566.175,
              208.504721
            ],
            [
              593.175,
              208.504721
            ],
            [
              593.175,
              181.504721
            ],
            [
              566.175,
              181.504721
            ],
            [
              566.175,
              208.504721
            ]
          ]
        ]
      }
    },
    {
      "type": "Feature",
      "properties": {
        "id": "PLN-concavo-B20",
        "tipo": "nicho",
        "zonaId": "PLN",
        "cara": "concavo",
        "fila": "B",
        "numero": 20,
        "codigo": "B20",
        "estatus_venta": "disponible",
        "estatus_ocupacion": "",
        "referencia_procap": "",
        "observaciones": "",
        "geometryType": "niches",
        "gridRow": 1,
        "gridColumn": 19
      },
      "geometry": {
        "type": "Polygon",
        "coordinates": [
          [
            [
              596.23,
              208.504721
            ],
            [
              623.23,
              208.504721
            ],
            [
              623.23,
              181.504721
            ],
            [
              596.23,
              181.504721
            ],
            [
              596.23,
              208.504721
            ]
          ]
        ]
      }
    },
    {
      "type": "Feature",
      "properties": {
        "id": "PLN-concavo-B21",
        "tipo": "nicho",
        "zonaId": "PLN",
        "cara": "concavo",
        "fila": "B",
        "numero": 21,
        "codigo": "B21",
        "estatus_venta": "disponible",
        "estatus_ocupacion": "",
        "referencia_procap": "",
        "observaciones": "",
        "geometryType": "niches",
        "gridRow": 1,
        "gridColumn": 20
      },
      "geometry": {
        "type": "Polygon",
        "coordinates": [
          [
            [
              626.285,
              208.504721
            ],
            [
              653.285,
              208.504721
            ],
            [
              653.285,
              181.504721
            ],
            [
              626.285,
              181.504721
            ],
            [
              626.285,
              208.504721
            ]
          ]
        ]
      }
    },
    {
      "type": "Feature",
      "properties": {
        "id": "PLN-concavo-B22",
        "tipo": "nicho",
        "zonaId": "PLN",
        "cara": "concavo",
        "fila": "B",
        "numero": 22,
        "codigo": "B22",
        "estatus_venta": "disponible",
        "estatus_ocupacion": "",
        "referencia_procap": "",
        "observaciones": "",
        "geometryType": "niches",
        "gridRow": 1,
        "gridColumn": 21
      },
      "geometry": {
        "type": "Polygon",
        "coordinates": [
          [
            [
              656.34,
              208.504721
            ],
            [
              683.34,
              208.504721
            ],
            [
              683.34,
              181.504721
            ],
            [
              656.34,
              181.504721
            ],
            [
              656.34,
              208.504721
            ]
          ]
        ]
      }
    },
    {
      "type": "Feature",
      "properties": {
        "id": "PLN-concavo-B23",
        "tipo": "nicho",
        "zonaId": "PLN",
        "cara": "concavo",
        "fila": "B",
        "numero": 23,
        "codigo": "B23",
        "estatus_venta": "disponible",
        "estatus_ocupacion": "",
        "referencia_procap": "",
        "observaciones": "",
        "geometryType": "niches",
        "gridRow": 1,
        "gridColumn": 22
      },
      "geometry": {
        "type": "Polygon",
        "coordinates": [
          [
            [
              686.395,
              208.504721
            ],
            [
              713.395,
              208.504721
            ],
            [
              713.395,
              181.504721
            ],
            [
              686.395,
              181.504721
            ],
            [
              686.395,
              208.504721
            ]
          ]
        ]
      }
    },
    {
      "type": "Feature",
      "properties": {
        "id": "PLN-concavo-B24",
        "tipo": "nicho",
        "zonaId": "PLN",
        "cara": "concavo",
        "fila": "B",
        "numero": 24,
        "codigo": "B24",
        "estatus_venta": "disponible",
        "estatus_ocupacion": "",
        "referencia_procap": "",
        "observaciones": "",
        "geometryType": "niches",
        "gridRow": 1,
        "gridColumn": 23
      },
      "geometry": {
        "type": "Polygon",
        "coordinates": [
          [
            [
              716.45,
              208.504721
            ],
            [
              743.45,
              208.504721
            ],
            [
              743.45,
              181.504721
            ],
            [
              716.45,
              181.504721
            ],
            [
              716.45,
              208.504721
            ]
          ]
        ]
      }
    },
    {
      "type": "Feature",
      "properties": {
        "id": "PLN-concavo-B25",
        "tipo": "nicho",
        "zonaId": "PLN",
        "cara": "concavo",
        "fila": "B",
        "numero": 25,
        "codigo": "B25",
        "estatus_venta": "disponible",
        "estatus_ocupacion": "",
        "referencia_procap": "",
        "observaciones": "",
        "geometryType": "niches",
        "gridRow": 1,
        "gridColumn": 24
      },
      "geometry": {
        "type": "Polygon",
        "coordinates": [
          [
            [
              746.505,
              208.504721
            ],
            [
              773.505,
              208.504721
            ],
            [
              773.505,
              181.504721
            ],
            [
              746.505,
              181.504721
            ],
            [
              746.505,
              208.504721
            ]
          ]
        ]
      }
    },
    {
      "type": "Feature",
      "properties": {
        "id": "PLN-concavo-B26",
        "tipo": "nicho",
        "zonaId": "PLN",
        "cara": "concavo",
        "fila": "B",
        "numero": 26,
        "codigo": "B26",
        "estatus_venta": "disponible",
        "estatus_ocupacion": "",
        "referencia_procap": "",
        "observaciones": "",
        "geometryType": "niches",
        "gridRow": 1,
        "gridColumn": 25
      },
      "geometry": {
        "type": "Polygon",
        "coordinates": [
          [
            [
              776.56,
              208.504721
            ],
            [
              803.56,
              208.504721
            ],
            [
              803.56,
              181.504721
            ],
            [
              776.56,
              181.504721
            ],
            [
              776.56,
              208.504721
            ]
          ]
        ]
      }
    },
    {
      "type": "Feature",
      "properties": {
        "id": "PLN-concavo-B27",
        "tipo": "nicho",
        "zonaId": "PLN",
        "cara": "concavo",
        "fila": "B",
        "numero": 27,
        "codigo": "B27",
        "estatus_venta": "disponible",
        "estatus_ocupacion": "",
        "referencia_procap": "",
        "observaciones": "",
        "geometryType": "niches",
        "gridRow": 1,
        "gridColumn": 26
      },
      "geometry": {
        "type": "Polygon",
        "coordinates": [
          [
            [
              806.615,
              208.504721
            ],
            [
              833.615,
              208.504721
            ],
            [
              833.615,
              181.504721
            ],
            [
              806.615,
              181.504721
            ],
            [
              806.615,
              208.504721
            ]
          ]
        ]
      }
    },
    {
      "type": "Feature",
      "properties": {
        "id": "PLN-concavo-B28",
        "tipo": "nicho",
        "zonaId": "PLN",
        "cara": "concavo",
        "fila": "B",
        "numero": 28,
        "codigo": "B28",
        "estatus_venta": "disponible",
        "estatus_ocupacion": "",
        "referencia_procap": "",
        "observaciones": "",
        "geometryType": "niches",
        "gridRow": 1,
        "gridColumn": 27
      },
      "geometry": {
        "type": "Polygon",
        "coordinates": [
          [
            [
              836.67,
              208.504721
            ],
            [
              863.67,
              208.504721
            ],
            [
              863.67,
              181.504721
            ],
            [
              836.67,
              181.504721
            ],
            [
              836.67,
              208.504721
            ]
          ]
        ]
      }
    },
    {
      "type": "Feature",
      "properties": {
        "id": "PLN-concavo-B29",
        "tipo": "nicho",
        "zonaId": "PLN",
        "cara": "concavo",
        "fila": "B",
        "numero": 29,
        "codigo": "B29",
        "estatus_venta": "disponible",
        "estatus_ocupacion": "",
        "referencia_procap": "",
        "observaciones": "",
        "geometryType": "niches",
        "gridRow": 1,
        "gridColumn": 28
      },
      "geometry": {
        "type": "Polygon",
        "coordinates": [
          [
            [
              866.725,
              208.504721
            ],
            [
              893.725,
              208.504721
            ],
            [
              893.725,
              181.504721
            ],
            [
              866.725,
              181.504721
            ],
            [
              866.725,
              208.504721
            ]
          ]
        ]
      }
    },
    {
      "type": "Feature",
      "properties": {
        "id": "PLN-concavo-B30",
        "tipo": "nicho",
        "zonaId": "PLN",
        "cara": "concavo",
        "fila": "B",
        "numero": 30,
        "codigo": "B30",
        "estatus_venta": "disponible",
        "estatus_ocupacion": "",
        "referencia_procap": "",
        "observaciones": "",
        "geometryType": "niches",
        "gridRow": 1,
        "gridColumn": 29
      },
      "geometry": {
        "type": "Polygon",
        "coordinates": [
          [
            [
              896.78,
              208.504721
            ],
            [
              923.78,
              208.504721
            ],
            [
              923.78,
              181.504721
            ],
            [
              896.78,
              181.504721
            ],
            [
              896.78,
              208.504721
            ]
          ]
        ]
      }
    },
    {
      "type": "Feature",
      "properties": {
        "id": "PLN-concavo-B31",
        "tipo": "nicho",
        "zonaId": "PLN",
        "cara": "concavo",
        "fila": "B",
        "numero": 31,
        "codigo": "B31",
        "estatus_venta": "disponible",
        "estatus_ocupacion": "",
        "referencia_procap": "",
        "observaciones": "",
        "geometryType": "niches",
        "gridRow": 1,
        "gridColumn": 30
      },
      "geometry": {
        "type": "Polygon",
        "coordinates": [
          [
            [
              926.835,
              208.504721
            ],
            [
              953.835,
              208.504721
            ],
            [
              953.835,
              181.504721
            ],
            [
              926.835,
              181.504721
            ],
            [
              926.835,
              208.504721
            ]
          ]
        ]
      }
    },
    {
      "type": "Feature",
      "properties": {
        "id": "PLN-concavo-B32",
        "tipo": "nicho",
        "zonaId": "PLN",
        "cara": "concavo",
        "fila": "B",
        "numero": 32,
        "codigo": "B32",
        "estatus_venta": "disponible",
        "estatus_ocupacion": "",
        "referencia_procap": "",
        "observaciones": "",
        "geometryType": "niches",
        "gridRow": 1,
        "gridColumn": 31
      },
      "geometry": {
        "type": "Polygon",
        "coordinates": [
          [
            [
              956.89,
              208.504721
            ],
            [
              983.89,
              208.504721
            ],
            [
              983.89,
              181.504721
            ],
            [
              956.89,
              181.504721
            ],
            [
              956.89,
              208.504721
            ]
          ]
        ]
      }
    },
    {
      "type": "Feature",
      "properties": {
        "id": "PLN-concavo-B33",
        "tipo": "nicho",
        "zonaId": "PLN",
        "cara": "concavo",
        "fila": "B",
        "numero": 33,
        "codigo": "B33",
        "estatus_venta": "disponible",
        "estatus_ocupacion": "",
        "referencia_procap": "",
        "observaciones": "",
        "geometryType": "niches",
        "gridRow": 1,
        "gridColumn": 32
      },
      "geometry": {
        "type": "Polygon",
        "coordinates": [
          [
            [
              986.945,
              208.504721
            ],
            [
              1013.945,
              208.504721
            ],
            [
              1013.945,
              181.504721
            ],
            [
              986.945,
              181.504721
            ],
            [
              986.945,
              208.504721
            ]
          ]
        ]
      }
    },
    {
      "type": "Feature",
      "properties": {
        "id": "PLN-concavo-B34",
        "tipo": "nicho",
        "zonaId": "PLN",
        "cara": "concavo",
        "fila": "B",
        "numero": 34,
        "codigo": "B34",
        "estatus_venta": "disponible",
        "estatus_ocupacion": "",
        "referencia_procap": "",
        "observaciones": "",
        "geometryType": "niches",
        "gridRow": 1,
        "gridColumn": 33
      },
      "geometry": {
        "type": "Polygon",
        "coordinates": [
          [
            [
              1017,
              208.504721
            ],
            [
              1044,
              208.504721
            ],
            [
              1044,
              181.504721
            ],
            [
              1017,
              181.504721
            ],
            [
              1017,
              208.504721
            ]
          ]
        ]
      }
    },
    {
      "type": "Feature",
      "properties": {
        "id": "PLN-concavo-B35",
        "tipo": "nicho",
        "zonaId": "PLN",
        "cara": "concavo",
        "fila": "B",
        "numero": 35,
        "codigo": "B35",
        "estatus_venta": "disponible",
        "estatus_ocupacion": "",
        "referencia_procap": "",
        "observaciones": "",
        "geometryType": "niches",
        "gridRow": 1,
        "gridColumn": 34
      },
      "geometry": {
        "type": "Polygon",
        "coordinates": [
          [
            [
              1047.055,
              208.504721
            ],
            [
              1074.055,
              208.504721
            ],
            [
              1074.055,
              181.504721
            ],
            [
              1047.055,
              181.504721
            ],
            [
              1047.055,
              208.504721
            ]
          ]
        ]
      }
    },
    {
      "type": "Feature",
      "properties": {
        "id": "PLN-concavo-B36",
        "tipo": "nicho",
        "zonaId": "PLN",
        "cara": "concavo",
        "fila": "B",
        "numero": 36,
        "codigo": "B36",
        "estatus_venta": "disponible",
        "estatus_ocupacion": "",
        "referencia_procap": "",
        "observaciones": "",
        "geometryType": "niches",
        "gridRow": 1,
        "gridColumn": 35
      },
      "geometry": {
        "type": "Polygon",
        "coordinates": [
          [
            [
              1077.11,
              208.504721
            ],
            [
              1104.11,
              208.504721
            ],
            [
              1104.11,
              181.504721
            ],
            [
              1077.11,
              181.504721
            ],
            [
              1077.11,
              208.504721
            ]
          ]
        ]
      }
    },
    {
      "type": "Feature",
      "properties": {
        "id": "PLN-concavo-B37",
        "tipo": "nicho",
        "zonaId": "PLN",
        "cara": "concavo",
        "fila": "B",
        "numero": 37,
        "codigo": "B37",
        "estatus_venta": "disponible",
        "estatus_ocupacion": "",
        "referencia_procap": "",
        "observaciones": "",
        "geometryType": "niches",
        "gridRow": 1,
        "gridColumn": 36
      },
      "geometry": {
        "type": "Polygon",
        "coordinates": [
          [
            [
              1107.165,
              208.504721
            ],
            [
              1134.165,
              208.504721
            ],
            [
              1134.165,
              181.504721
            ],
            [
              1107.165,
              181.504721
            ],
            [
              1107.165,
              208.504721
            ]
          ]
        ]
      }
    },
    {
      "type": "Feature",
      "properties": {
        "id": "PLN-concavo-B38",
        "tipo": "nicho",
        "zonaId": "PLN",
        "cara": "concavo",
        "fila": "B",
        "numero": 38,
        "codigo": "B38",
        "estatus_venta": "disponible",
        "estatus_ocupacion": "",
        "referencia_procap": "",
        "observaciones": "",
        "geometryType": "niches",
        "gridRow": 1,
        "gridColumn": 37
      },
      "geometry": {
        "type": "Polygon",
        "coordinates": [
          [
            [
              1137.22,
              208.504721
            ],
            [
              1164.22,
              208.504721
            ],
            [
              1164.22,
              181.504721
            ],
            [
              1137.22,
              181.504721
            ],
            [
              1137.22,
              208.504721
            ]
          ]
        ]
      }
    },
    {
      "type": "Feature",
      "properties": {
        "id": "PLN-concavo-B39",
        "tipo": "nicho",
        "zonaId": "PLN",
        "cara": "concavo",
        "fila": "B",
        "numero": 39,
        "codigo": "B39",
        "estatus_venta": "disponible",
        "estatus_ocupacion": "",
        "referencia_procap": "",
        "observaciones": "",
        "geometryType": "niches",
        "gridRow": 1,
        "gridColumn": 38
      },
      "geometry": {
        "type": "Polygon",
        "coordinates": [
          [
            [
              1167.275,
              208.504721
            ],
            [
              1194.275,
              208.504721
            ],
            [
              1194.275,
              181.504721
            ],
            [
              1167.275,
              181.504721
            ],
            [
              1167.275,
              208.504721
            ]
          ]
        ]
      }
    },
    {
      "type": "Feature",
      "properties": {
        "id": "PLN-concavo-B40",
        "tipo": "nicho",
        "zonaId": "PLN",
        "cara": "concavo",
        "fila": "B",
        "numero": 40,
        "codigo": "B40",
        "estatus_venta": "disponible",
        "estatus_ocupacion": "",
        "referencia_procap": "",
        "observaciones": "",
        "geometryType": "niches",
        "gridRow": 1,
        "gridColumn": 39
      },
      "geometry": {
        "type": "Polygon",
        "coordinates": [
          [
            [
              1197.33,
              208.504721
            ],
            [
              1224.33,
              208.504721
            ],
            [
              1224.33,
              181.504721
            ],
            [
              1197.33,
              181.504721
            ],
            [
              1197.33,
              208.504721
            ]
          ]
        ]
      }
    },
    {
      "type": "Feature",
      "properties": {
        "id": "PLN-concavo-B41",
        "tipo": "nicho",
        "zonaId": "PLN",
        "cara": "concavo",
        "fila": "B",
        "numero": 41,
        "codigo": "B41",
        "estatus_venta": "disponible",
        "estatus_ocupacion": "",
        "referencia_procap": "",
        "observaciones": "",
        "geometryType": "niches",
        "gridRow": 1,
        "gridColumn": 40
      },
      "geometry": {
        "type": "Polygon",
        "coordinates": [
          [
            [
              1227.385,
              208.504721
            ],
            [
              1254.385,
              208.504721
            ],
            [
              1254.385,
              181.504721
            ],
            [
              1227.385,
              181.504721
            ],
            [
              1227.385,
              208.504721
            ]
          ]
        ]
      }
    },
    {
      "type": "Feature",
      "properties": {
        "id": "PLN-concavo-B42",
        "tipo": "nicho",
        "zonaId": "PLN",
        "cara": "concavo",
        "fila": "B",
        "numero": 42,
        "codigo": "B42",
        "estatus_venta": "disponible",
        "estatus_ocupacion": "",
        "referencia_procap": "",
        "observaciones": "",
        "geometryType": "niches",
        "gridRow": 1,
        "gridColumn": 41
      },
      "geometry": {
        "type": "Polygon",
        "coordinates": [
          [
            [
              1257.44,
              208.504721
            ],
            [
              1284.44,
              208.504721
            ],
            [
              1284.44,
              181.504721
            ],
            [
              1257.44,
              181.504721
            ],
            [
              1257.44,
              208.504721
            ]
          ]
        ]
      }
    },
    {
      "type": "Feature",
      "properties": {
        "id": "PLN-concavo-B43",
        "tipo": "nicho",
        "zonaId": "PLN",
        "cara": "concavo",
        "fila": "B",
        "numero": 43,
        "codigo": "B43",
        "estatus_venta": "disponible",
        "estatus_ocupacion": "",
        "referencia_procap": "",
        "observaciones": "",
        "geometryType": "niches",
        "gridRow": 1,
        "gridColumn": 42
      },
      "geometry": {
        "type": "Polygon",
        "coordinates": [
          [
            [
              1287.495,
              208.504721
            ],
            [
              1314.495,
              208.504721
            ],
            [
              1314.495,
              181.504721
            ],
            [
              1287.495,
              181.504721
            ],
            [
              1287.495,
              208.504721
            ]
          ]
        ]
      }
    },
    {
      "type": "Feature",
      "properties": {
        "id": "PLN-concavo-B44",
        "tipo": "nicho",
        "zonaId": "PLN",
        "cara": "concavo",
        "fila": "B",
        "numero": 44,
        "codigo": "B44",
        "estatus_venta": "disponible",
        "estatus_ocupacion": "",
        "referencia_procap": "",
        "observaciones": "",
        "geometryType": "niches",
        "gridRow": 1,
        "gridColumn": 43
      },
      "geometry": {
        "type": "Polygon",
        "coordinates": [
          [
            [
              1317.55,
              208.504721
            ],
            [
              1344.55,
              208.504721
            ],
            [
              1344.55,
              181.504721
            ],
            [
              1317.55,
              181.504721
            ],
            [
              1317.55,
              208.504721
            ]
          ]
        ]
      }
    },
    {
      "type": "Feature",
      "properties": {
        "id": "PLN-concavo-B45",
        "tipo": "nicho",
        "zonaId": "PLN",
        "cara": "concavo",
        "fila": "B",
        "numero": 45,
        "codigo": "B45",
        "estatus_venta": "disponible",
        "estatus_ocupacion": "",
        "referencia_procap": "",
        "observaciones": "",
        "geometryType": "niches",
        "gridRow": 1,
        "gridColumn": 44
      },
      "geometry": {
        "type": "Polygon",
        "coordinates": [
          [
            [
              1347.605,
              208.504721
            ],
            [
              1374.605,
              208.504721
            ],
            [
              1374.605,
              181.504721
            ],
            [
              1347.605,
              181.504721
            ],
            [
              1347.605,
              208.504721
            ]
          ]
        ]
      }
    },
    {
      "type": "Feature",
      "properties": {
        "id": "PLN-concavo-B46",
        "tipo": "nicho",
        "zonaId": "PLN",
        "cara": "concavo",
        "fila": "B",
        "numero": 46,
        "codigo": "B46",
        "estatus_venta": "disponible",
        "estatus_ocupacion": "",
        "referencia_procap": "",
        "observaciones": "",
        "geometryType": "niches",
        "gridRow": 1,
        "gridColumn": 45
      },
      "geometry": {
        "type": "Polygon",
        "coordinates": [
          [
            [
              1377.66,
              208.504721
            ],
            [
              1404.66,
              208.504721
            ],
            [
              1404.66,
              181.504721
            ],
            [
              1377.66,
              181.504721
            ],
            [
              1377.66,
              208.504721
            ]
          ]
        ]
      }
    },
    {
      "type": "Feature",
      "properties": {
        "id": "PLN-concavo-B47",
        "tipo": "nicho",
        "zonaId": "PLN",
        "cara": "concavo",
        "fila": "B",
        "numero": 47,
        "codigo": "B47",
        "estatus_venta": "disponible",
        "estatus_ocupacion": "",
        "referencia_procap": "",
        "observaciones": "",
        "geometryType": "niches",
        "gridRow": 1,
        "gridColumn": 46
      },
      "geometry": {
        "type": "Polygon",
        "coordinates": [
          [
            [
              1407.715,
              208.504721
            ],
            [
              1434.715,
              208.504721
            ],
            [
              1434.715,
              181.504721
            ],
            [
              1407.715,
              181.504721
            ],
            [
              1407.715,
              208.504721
            ]
          ]
        ]
      }
    },
    {
      "type": "Feature",
      "properties": {
        "id": "PLN-concavo-B48",
        "tipo": "nicho",
        "zonaId": "PLN",
        "cara": "concavo",
        "fila": "B",
        "numero": 48,
        "codigo": "B48",
        "estatus_venta": "disponible",
        "estatus_ocupacion": "",
        "referencia_procap": "",
        "observaciones": "",
        "geometryType": "niches",
        "gridRow": 1,
        "gridColumn": 47
      },
      "geometry": {
        "type": "Polygon",
        "coordinates": [
          [
            [
              1437.77,
              208.504721
            ],
            [
              1464.77,
              208.504721
            ],
            [
              1464.77,
              181.504721
            ],
            [
              1437.77,
              181.504721
            ],
            [
              1437.77,
              208.504721
            ]
          ]
        ]
      }
    },
    {
      "type": "Feature",
      "properties": {
        "id": "PLN-concavo-B49",
        "tipo": "nicho",
        "zonaId": "PLN",
        "cara": "concavo",
        "fila": "B",
        "numero": 49,
        "codigo": "B49",
        "estatus_venta": "disponible",
        "estatus_ocupacion": "",
        "referencia_procap": "",
        "observaciones": "",
        "geometryType": "niches",
        "gridRow": 1,
        "gridColumn": 48
      },
      "geometry": {
        "type": "Polygon",
        "coordinates": [
          [
            [
              1467.825,
              208.504721
            ],
            [
              1494.825,
              208.504721
            ],
            [
              1494.825,
              181.504721
            ],
            [
              1467.825,
              181.504721
            ],
            [
              1467.825,
              208.504721
            ]
          ]
        ]
      }
    },
    {
      "type": "Feature",
      "properties": {
        "id": "PLN-concavo-B50",
        "tipo": "nicho",
        "zonaId": "PLN",
        "cara": "concavo",
        "fila": "B",
        "numero": 50,
        "codigo": "B50",
        "estatus_venta": "disponible",
        "estatus_ocupacion": "",
        "referencia_procap": "",
        "observaciones": "",
        "geometryType": "niches",
        "gridRow": 1,
        "gridColumn": 49
      },
      "geometry": {
        "type": "Polygon",
        "coordinates": [
          [
            [
              1497.88,
              208.504721
            ],
            [
              1524.88,
              208.504721
            ],
            [
              1524.88,
              181.504721
            ],
            [
              1497.88,
              181.504721
            ],
            [
              1497.88,
              208.504721
            ]
          ]
        ]
      }
    },
    {
      "type": "Feature",
      "properties": {
        "id": "PLN-concavo-B51",
        "tipo": "nicho",
        "zonaId": "PLN",
        "cara": "concavo",
        "fila": "B",
        "numero": 51,
        "codigo": "B51",
        "estatus_venta": "disponible",
        "estatus_ocupacion": "",
        "referencia_procap": "",
        "observaciones": "",
        "geometryType": "niches",
        "gridRow": 1,
        "gridColumn": 50
      },
      "geometry": {
        "type": "Polygon",
        "coordinates": [
          [
            [
              1527.935,
              208.504721
            ],
            [
              1554.935,
              208.504721
            ],
            [
              1554.935,
              181.504721
            ],
            [
              1527.935,
              181.504721
            ],
            [
              1527.935,
              208.504721
            ]
          ]
        ]
      }
    },
    {
      "type": "Feature",
      "properties": {
        "id": "PLN-concavo-B52",
        "tipo": "nicho",
        "zonaId": "PLN",
        "cara": "concavo",
        "fila": "B",
        "numero": 52,
        "codigo": "B52",
        "estatus_venta": "disponible",
        "estatus_ocupacion": "",
        "referencia_procap": "",
        "observaciones": "",
        "geometryType": "niches",
        "gridRow": 1,
        "gridColumn": 51
      },
      "geometry": {
        "type": "Polygon",
        "coordinates": [
          [
            [
              1557.99,
              208.504721
            ],
            [
              1584.99,
              208.504721
            ],
            [
              1584.99,
              181.504721
            ],
            [
              1557.99,
              181.504721
            ],
            [
              1557.99,
              208.504721
            ]
          ]
        ]
      }
    },
    {
      "type": "Feature",
      "properties": {
        "id": "PLN-concavo-B53",
        "tipo": "nicho",
        "zonaId": "PLN",
        "cara": "concavo",
        "fila": "B",
        "numero": 53,
        "codigo": "B53",
        "estatus_venta": "disponible",
        "estatus_ocupacion": "",
        "referencia_procap": "",
        "observaciones": "",
        "geometryType": "niches",
        "gridRow": 1,
        "gridColumn": 52
      },
      "geometry": {
        "type": "Polygon",
        "coordinates": [
          [
            [
              1588.045,
              208.504721
            ],
            [
              1615.045,
              208.504721
            ],
            [
              1615.045,
              181.504721
            ],
            [
              1588.045,
              181.504721
            ],
            [
              1588.045,
              208.504721
            ]
          ]
        ]
      }
    },
    {
      "type": "Feature",
      "properties": {
        "id": "PLN-concavo-B54",
        "tipo": "nicho",
        "zonaId": "PLN",
        "cara": "concavo",
        "fila": "B",
        "numero": 54,
        "codigo": "B54",
        "estatus_venta": "disponible",
        "estatus_ocupacion": "",
        "referencia_procap": "",
        "observaciones": "",
        "geometryType": "niches",
        "gridRow": 1,
        "gridColumn": 53
      },
      "geometry": {
        "type": "Polygon",
        "coordinates": [
          [
            [
              1618.1,
              208.504721
            ],
            [
              1645.1,
              208.504721
            ],
            [
              1645.1,
              181.504721
            ],
            [
              1618.1,
              181.504721
            ],
            [
              1618.1,
              208.504721
            ]
          ]
        ]
      }
    },
    {
      "type": "Feature",
      "properties": {
        "id": "PLN-concavo-B55",
        "tipo": "nicho",
        "zonaId": "PLN",
        "cara": "concavo",
        "fila": "B",
        "numero": 55,
        "codigo": "B55",
        "estatus_venta": "disponible",
        "estatus_ocupacion": "",
        "referencia_procap": "",
        "observaciones": "",
        "geometryType": "niches",
        "gridRow": 1,
        "gridColumn": 54
      },
      "geometry": {
        "type": "Polygon",
        "coordinates": [
          [
            [
              1648.155,
              208.504721
            ],
            [
              1675.155,
              208.504721
            ],
            [
              1675.155,
              181.504721
            ],
            [
              1648.155,
              181.504721
            ],
            [
              1648.155,
              208.504721
            ]
          ]
        ]
      }
    },
    {
      "type": "Feature",
      "properties": {
        "id": "PLN-concavo-B56",
        "tipo": "nicho",
        "zonaId": "PLN",
        "cara": "concavo",
        "fila": "B",
        "numero": 56,
        "codigo": "B56",
        "estatus_venta": "disponible",
        "estatus_ocupacion": "",
        "referencia_procap": "",
        "observaciones": "",
        "geometryType": "niches",
        "gridRow": 1,
        "gridColumn": 55
      },
      "geometry": {
        "type": "Polygon",
        "coordinates": [
          [
            [
              1678.21,
              208.504721
            ],
            [
              1705.21,
              208.504721
            ],
            [
              1705.21,
              181.504721
            ],
            [
              1678.21,
              181.504721
            ],
            [
              1678.21,
              208.504721
            ]
          ]
        ]
      }
    },
    {
      "type": "Feature",
      "properties": {
        "id": "PLN-concavo-B57",
        "tipo": "nicho",
        "zonaId": "PLN",
        "cara": "concavo",
        "fila": "B",
        "numero": 57,
        "codigo": "B57",
        "estatus_venta": "disponible",
        "estatus_ocupacion": "",
        "referencia_procap": "",
        "observaciones": "",
        "geometryType": "niches",
        "gridRow": 1,
        "gridColumn": 56
      },
      "geometry": {
        "type": "Polygon",
        "coordinates": [
          [
            [
              1708.265,
              208.504721
            ],
            [
              1735.265,
              208.504721
            ],
            [
              1735.265,
              181.504721
            ],
            [
              1708.265,
              181.504721
            ],
            [
              1708.265,
              208.504721
            ]
          ]
        ]
      }
    },
    {
      "type": "Feature",
      "properties": {
        "id": "PLN-concavo-B58",
        "tipo": "nicho",
        "zonaId": "PLN",
        "cara": "concavo",
        "fila": "B",
        "numero": 58,
        "codigo": "B58",
        "estatus_venta": "disponible",
        "estatus_ocupacion": "",
        "referencia_procap": "",
        "observaciones": "",
        "geometryType": "niches",
        "gridRow": 1,
        "gridColumn": 57
      },
      "geometry": {
        "type": "Polygon",
        "coordinates": [
          [
            [
              1738.32,
              208.504721
            ],
            [
              1765.32,
              208.504721
            ],
            [
              1765.32,
              181.504721
            ],
            [
              1738.32,
              181.504721
            ],
            [
              1738.32,
              208.504721
            ]
          ]
        ]
      }
    },
    {
      "type": "Feature",
      "properties": {
        "id": "PLN-concavo-B59",
        "tipo": "nicho",
        "zonaId": "PLN",
        "cara": "concavo",
        "fila": "B",
        "numero": 59,
        "codigo": "B59",
        "estatus_venta": "disponible",
        "estatus_ocupacion": "",
        "referencia_procap": "",
        "observaciones": "",
        "geometryType": "niches",
        "gridRow": 1,
        "gridColumn": 58
      },
      "geometry": {
        "type": "Polygon",
        "coordinates": [
          [
            [
              1768.375,
              208.504721
            ],
            [
              1795.375,
              208.504721
            ],
            [
              1795.375,
              181.504721
            ],
            [
              1768.375,
              181.504721
            ],
            [
              1768.375,
              208.504721
            ]
          ]
        ]
      }
    },
    {
      "type": "Feature",
      "properties": {
        "id": "PLN-concavo-B60",
        "tipo": "nicho",
        "zonaId": "PLN",
        "cara": "concavo",
        "fila": "B",
        "numero": 60,
        "codigo": "B60",
        "estatus_venta": "disponible",
        "estatus_ocupacion": "",
        "referencia_procap": "",
        "observaciones": "",
        "geometryType": "niches",
        "gridRow": 1,
        "gridColumn": 59
      },
      "geometry": {
        "type": "Polygon",
        "coordinates": [
          [
            [
              1798.43,
              208.504721
            ],
            [
              1825.43,
              208.504721
            ],
            [
              1825.43,
              181.504721
            ],
            [
              1798.43,
              181.504721
            ],
            [
              1798.43,
              208.504721
            ]
          ]
        ]
      }
    },
    {
      "type": "Feature",
      "properties": {
        "id": "PLN-concavo-B61",
        "tipo": "nicho",
        "zonaId": "PLN",
        "cara": "concavo",
        "fila": "B",
        "numero": 61,
        "codigo": "B61",
        "estatus_venta": "disponible",
        "estatus_ocupacion": "",
        "referencia_procap": "",
        "observaciones": "",
        "geometryType": "niches",
        "gridRow": 1,
        "gridColumn": 60
      },
      "geometry": {
        "type": "Polygon",
        "coordinates": [
          [
            [
              1828.485,
              208.504721
            ],
            [
              1855.485,
              208.504721
            ],
            [
              1855.485,
              181.504721
            ],
            [
              1828.485,
              181.504721
            ],
            [
              1828.485,
              208.504721
            ]
          ]
        ]
      }
    },
    {
      "type": "Feature",
      "properties": {
        "id": "PLN-concavo-B62",
        "tipo": "nicho",
        "zonaId": "PLN",
        "cara": "concavo",
        "fila": "B",
        "numero": 62,
        "codigo": "B62",
        "estatus_venta": "disponible",
        "estatus_ocupacion": "",
        "referencia_procap": "",
        "observaciones": "",
        "geometryType": "niches",
        "gridRow": 1,
        "gridColumn": 61
      },
      "geometry": {
        "type": "Polygon",
        "coordinates": [
          [
            [
              1858.54,
              208.504721
            ],
            [
              1885.54,
              208.504721
            ],
            [
              1885.54,
              181.504721
            ],
            [
              1858.54,
              181.504721
            ],
            [
              1858.54,
              208.504721
            ]
          ]
        ]
      }
    },
    {
      "type": "Feature",
      "properties": {
        "id": "PLN-concavo-B63",
        "tipo": "nicho",
        "zonaId": "PLN",
        "cara": "concavo",
        "fila": "B",
        "numero": 63,
        "codigo": "B63",
        "estatus_venta": "disponible",
        "estatus_ocupacion": "",
        "referencia_procap": "",
        "observaciones": "",
        "geometryType": "niches",
        "gridRow": 1,
        "gridColumn": 62
      },
      "geometry": {
        "type": "Polygon",
        "coordinates": [
          [
            [
              1888.595,
              208.504721
            ],
            [
              1915.595,
              208.504721
            ],
            [
              1915.595,
              181.504721
            ],
            [
              1888.595,
              181.504721
            ],
            [
              1888.595,
              208.504721
            ]
          ]
        ]
      }
    },
    {
      "type": "Feature",
      "properties": {
        "id": "PLN-concavo-B64",
        "tipo": "nicho",
        "zonaId": "PLN",
        "cara": "concavo",
        "fila": "B",
        "numero": 64,
        "codigo": "B64",
        "estatus_venta": "disponible",
        "estatus_ocupacion": "",
        "referencia_procap": "",
        "observaciones": "",
        "geometryType": "niches",
        "gridRow": 1,
        "gridColumn": 63
      },
      "geometry": {
        "type": "Polygon",
        "coordinates": [
          [
            [
              1918.65,
              208.504721
            ],
            [
              1945.65,
              208.504721
            ],
            [
              1945.65,
              181.504721
            ],
            [
              1918.65,
              181.504721
            ],
            [
              1918.65,
              208.504721
            ]
          ]
        ]
      }
    },
    {
      "type": "Feature",
      "properties": {
        "id": "PLN-concavo-B65",
        "tipo": "nicho",
        "zonaId": "PLN",
        "cara": "concavo",
        "fila": "B",
        "numero": 65,
        "codigo": "B65",
        "estatus_venta": "disponible",
        "estatus_ocupacion": "",
        "referencia_procap": "",
        "observaciones": "",
        "geometryType": "niches",
        "gridRow": 1,
        "gridColumn": 64
      },
      "geometry": {
        "type": "Polygon",
        "coordinates": [
          [
            [
              1948.705,
              208.504721
            ],
            [
              1975.705,
              208.504721
            ],
            [
              1975.705,
              181.504721
            ],
            [
              1948.705,
              181.504721
            ],
            [
              1948.705,
              208.504721
            ]
          ]
        ]
      }
    },
    {
      "type": "Feature",
      "properties": {
        "id": "PLN-concavo-B66",
        "tipo": "nicho",
        "zonaId": "PLN",
        "cara": "concavo",
        "fila": "B",
        "numero": 66,
        "codigo": "B66",
        "estatus_venta": "disponible",
        "estatus_ocupacion": "",
        "referencia_procap": "",
        "observaciones": "",
        "geometryType": "niches",
        "gridRow": 1,
        "gridColumn": 65
      },
      "geometry": {
        "type": "Polygon",
        "coordinates": [
          [
            [
              1978.76,
              208.504721
            ],
            [
              2005.76,
              208.504721
            ],
            [
              2005.76,
              181.504721
            ],
            [
              1978.76,
              181.504721
            ],
            [
              1978.76,
              208.504721
            ]
          ]
        ]
      }
    },
    {
      "type": "Feature",
      "properties": {
        "id": "PLN-concavo-B67",
        "tipo": "nicho",
        "zonaId": "PLN",
        "cara": "concavo",
        "fila": "B",
        "numero": 67,
        "codigo": "B67",
        "estatus_venta": "disponible",
        "estatus_ocupacion": "",
        "referencia_procap": "",
        "observaciones": "",
        "geometryType": "niches",
        "gridRow": 1,
        "gridColumn": 66
      },
      "geometry": {
        "type": "Polygon",
        "coordinates": [
          [
            [
              2008.815,
              208.504721
            ],
            [
              2035.815,
              208.504721
            ],
            [
              2035.815,
              181.504721
            ],
            [
              2008.815,
              181.504721
            ],
            [
              2008.815,
              208.504721
            ]
          ]
        ]
      }
    },
    {
      "type": "Feature",
      "properties": {
        "id": "PLN-concavo-C1",
        "tipo": "nicho",
        "zonaId": "PLN",
        "cara": "concavo",
        "fila": "C",
        "numero": 1,
        "codigo": "C1",
        "estatus_venta": "disponible",
        "estatus_ocupacion": "",
        "referencia_procap": "",
        "observaciones": "",
        "geometryType": "niches",
        "gridRow": 2,
        "gridColumn": 0
      },
      "geometry": {
        "type": "Polygon",
        "coordinates": [
          [
            [
              25.185,
              179.504721
            ],
            [
              52.185,
              179.504721
            ],
            [
              52.185,
              152.504721
            ],
            [
              25.185,
              152.504721
            ],
            [
              25.185,
              179.504721
            ]
          ]
        ]
      }
    },
    {
      "type": "Feature",
      "properties": {
        "id": "PLN-concavo-C2",
        "tipo": "nicho",
        "zonaId": "PLN",
        "cara": "concavo",
        "fila": "C",
        "numero": 2,
        "codigo": "C2",
        "estatus_venta": "disponible",
        "estatus_ocupacion": "",
        "referencia_procap": "",
        "observaciones": "",
        "geometryType": "niches",
        "gridRow": 2,
        "gridColumn": 1
      },
      "geometry": {
        "type": "Polygon",
        "coordinates": [
          [
            [
              55.24,
              179.504721
            ],
            [
              82.24,
              179.504721
            ],
            [
              82.24,
              152.504721
            ],
            [
              55.24,
              152.504721
            ],
            [
              55.24,
              179.504721
            ]
          ]
        ]
      }
    },
    {
      "type": "Feature",
      "properties": {
        "id": "PLN-concavo-C3",
        "tipo": "nicho",
        "zonaId": "PLN",
        "cara": "concavo",
        "fila": "C",
        "numero": 3,
        "codigo": "C3",
        "estatus_venta": "disponible",
        "estatus_ocupacion": "",
        "referencia_procap": "",
        "observaciones": "",
        "geometryType": "niches",
        "gridRow": 2,
        "gridColumn": 2
      },
      "geometry": {
        "type": "Polygon",
        "coordinates": [
          [
            [
              85.295,
              179.504721
            ],
            [
              112.295,
              179.504721
            ],
            [
              112.295,
              152.504721
            ],
            [
              85.295,
              152.504721
            ],
            [
              85.295,
              179.504721
            ]
          ]
        ]
      }
    },
    {
      "type": "Feature",
      "properties": {
        "id": "PLN-concavo-C4",
        "tipo": "nicho",
        "zonaId": "PLN",
        "cara": "concavo",
        "fila": "C",
        "numero": 4,
        "codigo": "C4",
        "estatus_venta": "disponible",
        "estatus_ocupacion": "",
        "referencia_procap": "",
        "observaciones": "",
        "geometryType": "niches",
        "gridRow": 2,
        "gridColumn": 3
      },
      "geometry": {
        "type": "Polygon",
        "coordinates": [
          [
            [
              115.35,
              179.504721
            ],
            [
              142.35,
              179.504721
            ],
            [
              142.35,
              152.504721
            ],
            [
              115.35,
              152.504721
            ],
            [
              115.35,
              179.504721
            ]
          ]
        ]
      }
    },
    {
      "type": "Feature",
      "properties": {
        "id": "PLN-concavo-C5",
        "tipo": "nicho",
        "zonaId": "PLN",
        "cara": "concavo",
        "fila": "C",
        "numero": 5,
        "codigo": "C5",
        "estatus_venta": "disponible",
        "estatus_ocupacion": "",
        "referencia_procap": "",
        "observaciones": "",
        "geometryType": "niches",
        "gridRow": 2,
        "gridColumn": 4
      },
      "geometry": {
        "type": "Polygon",
        "coordinates": [
          [
            [
              145.405,
              179.504721
            ],
            [
              172.405,
              179.504721
            ],
            [
              172.405,
              152.504721
            ],
            [
              145.405,
              152.504721
            ],
            [
              145.405,
              179.504721
            ]
          ]
        ]
      }
    },
    {
      "type": "Feature",
      "properties": {
        "id": "PLN-concavo-C6",
        "tipo": "nicho",
        "zonaId": "PLN",
        "cara": "concavo",
        "fila": "C",
        "numero": 6,
        "codigo": "C6",
        "estatus_venta": "disponible",
        "estatus_ocupacion": "",
        "referencia_procap": "",
        "observaciones": "",
        "geometryType": "niches",
        "gridRow": 2,
        "gridColumn": 5
      },
      "geometry": {
        "type": "Polygon",
        "coordinates": [
          [
            [
              175.46,
              179.504721
            ],
            [
              202.46,
              179.504721
            ],
            [
              202.46,
              152.504721
            ],
            [
              175.46,
              152.504721
            ],
            [
              175.46,
              179.504721
            ]
          ]
        ]
      }
    },
    {
      "type": "Feature",
      "properties": {
        "id": "PLN-concavo-C7",
        "tipo": "nicho",
        "zonaId": "PLN",
        "cara": "concavo",
        "fila": "C",
        "numero": 7,
        "codigo": "C7",
        "estatus_venta": "disponible",
        "estatus_ocupacion": "",
        "referencia_procap": "",
        "observaciones": "",
        "geometryType": "niches",
        "gridRow": 2,
        "gridColumn": 6
      },
      "geometry": {
        "type": "Polygon",
        "coordinates": [
          [
            [
              205.515,
              179.504721
            ],
            [
              232.515,
              179.504721
            ],
            [
              232.515,
              152.504721
            ],
            [
              205.515,
              152.504721
            ],
            [
              205.515,
              179.504721
            ]
          ]
        ]
      }
    },
    {
      "type": "Feature",
      "properties": {
        "id": "PLN-concavo-C8",
        "tipo": "nicho",
        "zonaId": "PLN",
        "cara": "concavo",
        "fila": "C",
        "numero": 8,
        "codigo": "C8",
        "estatus_venta": "disponible",
        "estatus_ocupacion": "",
        "referencia_procap": "",
        "observaciones": "",
        "geometryType": "niches",
        "gridRow": 2,
        "gridColumn": 7
      },
      "geometry": {
        "type": "Polygon",
        "coordinates": [
          [
            [
              235.57,
              179.504721
            ],
            [
              262.57,
              179.504721
            ],
            [
              262.57,
              152.504721
            ],
            [
              235.57,
              152.504721
            ],
            [
              235.57,
              179.504721
            ]
          ]
        ]
      }
    },
    {
      "type": "Feature",
      "properties": {
        "id": "PLN-concavo-C9",
        "tipo": "nicho",
        "zonaId": "PLN",
        "cara": "concavo",
        "fila": "C",
        "numero": 9,
        "codigo": "C9",
        "estatus_venta": "disponible",
        "estatus_ocupacion": "",
        "referencia_procap": "",
        "observaciones": "",
        "geometryType": "niches",
        "gridRow": 2,
        "gridColumn": 8
      },
      "geometry": {
        "type": "Polygon",
        "coordinates": [
          [
            [
              265.625,
              179.504721
            ],
            [
              292.625,
              179.504721
            ],
            [
              292.625,
              152.504721
            ],
            [
              265.625,
              152.504721
            ],
            [
              265.625,
              179.504721
            ]
          ]
        ]
      }
    },
    {
      "type": "Feature",
      "properties": {
        "id": "PLN-concavo-C10",
        "tipo": "nicho",
        "zonaId": "PLN",
        "cara": "concavo",
        "fila": "C",
        "numero": 10,
        "codigo": "C10",
        "estatus_venta": "disponible",
        "estatus_ocupacion": "",
        "referencia_procap": "",
        "observaciones": "",
        "geometryType": "niches",
        "gridRow": 2,
        "gridColumn": 9
      },
      "geometry": {
        "type": "Polygon",
        "coordinates": [
          [
            [
              295.68,
              179.504721
            ],
            [
              322.68,
              179.504721
            ],
            [
              322.68,
              152.504721
            ],
            [
              295.68,
              152.504721
            ],
            [
              295.68,
              179.504721
            ]
          ]
        ]
      }
    },
    {
      "type": "Feature",
      "properties": {
        "id": "PLN-concavo-C11",
        "tipo": "nicho",
        "zonaId": "PLN",
        "cara": "concavo",
        "fila": "C",
        "numero": 11,
        "codigo": "C11",
        "estatus_venta": "disponible",
        "estatus_ocupacion": "",
        "referencia_procap": "",
        "observaciones": "",
        "geometryType": "niches",
        "gridRow": 2,
        "gridColumn": 10
      },
      "geometry": {
        "type": "Polygon",
        "coordinates": [
          [
            [
              325.735,
              179.504721
            ],
            [
              352.735,
              179.504721
            ],
            [
              352.735,
              152.504721
            ],
            [
              325.735,
              152.504721
            ],
            [
              325.735,
              179.504721
            ]
          ]
        ]
      }
    },
    {
      "type": "Feature",
      "properties": {
        "id": "PLN-concavo-C12",
        "tipo": "nicho",
        "zonaId": "PLN",
        "cara": "concavo",
        "fila": "C",
        "numero": 12,
        "codigo": "C12",
        "estatus_venta": "disponible",
        "estatus_ocupacion": "",
        "referencia_procap": "",
        "observaciones": "",
        "geometryType": "niches",
        "gridRow": 2,
        "gridColumn": 11
      },
      "geometry": {
        "type": "Polygon",
        "coordinates": [
          [
            [
              355.79,
              179.504721
            ],
            [
              382.79,
              179.504721
            ],
            [
              382.79,
              152.504721
            ],
            [
              355.79,
              152.504721
            ],
            [
              355.79,
              179.504721
            ]
          ]
        ]
      }
    },
    {
      "type": "Feature",
      "properties": {
        "id": "PLN-concavo-C13",
        "tipo": "nicho",
        "zonaId": "PLN",
        "cara": "concavo",
        "fila": "C",
        "numero": 13,
        "codigo": "C13",
        "estatus_venta": "disponible",
        "estatus_ocupacion": "",
        "referencia_procap": "",
        "observaciones": "",
        "geometryType": "niches",
        "gridRow": 2,
        "gridColumn": 12
      },
      "geometry": {
        "type": "Polygon",
        "coordinates": [
          [
            [
              385.845,
              179.504721
            ],
            [
              412.845,
              179.504721
            ],
            [
              412.845,
              152.504721
            ],
            [
              385.845,
              152.504721
            ],
            [
              385.845,
              179.504721
            ]
          ]
        ]
      }
    },
    {
      "type": "Feature",
      "properties": {
        "id": "PLN-concavo-C14",
        "tipo": "nicho",
        "zonaId": "PLN",
        "cara": "concavo",
        "fila": "C",
        "numero": 14,
        "codigo": "C14",
        "estatus_venta": "disponible",
        "estatus_ocupacion": "",
        "referencia_procap": "",
        "observaciones": "",
        "geometryType": "niches",
        "gridRow": 2,
        "gridColumn": 13
      },
      "geometry": {
        "type": "Polygon",
        "coordinates": [
          [
            [
              415.9,
              179.504721
            ],
            [
              442.9,
              179.504721
            ],
            [
              442.9,
              152.504721
            ],
            [
              415.9,
              152.504721
            ],
            [
              415.9,
              179.504721
            ]
          ]
        ]
      }
    },
    {
      "type": "Feature",
      "properties": {
        "id": "PLN-concavo-C15",
        "tipo": "nicho",
        "zonaId": "PLN",
        "cara": "concavo",
        "fila": "C",
        "numero": 15,
        "codigo": "C15",
        "estatus_venta": "disponible",
        "estatus_ocupacion": "",
        "referencia_procap": "",
        "observaciones": "",
        "geometryType": "niches",
        "gridRow": 2,
        "gridColumn": 14
      },
      "geometry": {
        "type": "Polygon",
        "coordinates": [
          [
            [
              445.955,
              179.504721
            ],
            [
              472.955,
              179.504721
            ],
            [
              472.955,
              152.504721
            ],
            [
              445.955,
              152.504721
            ],
            [
              445.955,
              179.504721
            ]
          ]
        ]
      }
    },
    {
      "type": "Feature",
      "properties": {
        "id": "PLN-concavo-C16",
        "tipo": "nicho",
        "zonaId": "PLN",
        "cara": "concavo",
        "fila": "C",
        "numero": 16,
        "codigo": "C16",
        "estatus_venta": "disponible",
        "estatus_ocupacion": "",
        "referencia_procap": "",
        "observaciones": "",
        "geometryType": "niches",
        "gridRow": 2,
        "gridColumn": 15
      },
      "geometry": {
        "type": "Polygon",
        "coordinates": [
          [
            [
              476.01,
              179.504721
            ],
            [
              503.01,
              179.504721
            ],
            [
              503.01,
              152.504721
            ],
            [
              476.01,
              152.504721
            ],
            [
              476.01,
              179.504721
            ]
          ]
        ]
      }
    },
    {
      "type": "Feature",
      "properties": {
        "id": "PLN-concavo-C17",
        "tipo": "nicho",
        "zonaId": "PLN",
        "cara": "concavo",
        "fila": "C",
        "numero": 17,
        "codigo": "C17",
        "estatus_venta": "disponible",
        "estatus_ocupacion": "",
        "referencia_procap": "",
        "observaciones": "",
        "geometryType": "niches",
        "gridRow": 2,
        "gridColumn": 16
      },
      "geometry": {
        "type": "Polygon",
        "coordinates": [
          [
            [
              506.065,
              179.504721
            ],
            [
              533.065,
              179.504721
            ],
            [
              533.065,
              152.504721
            ],
            [
              506.065,
              152.504721
            ],
            [
              506.065,
              179.504721
            ]
          ]
        ]
      }
    },
    {
      "type": "Feature",
      "properties": {
        "id": "PLN-concavo-C18",
        "tipo": "nicho",
        "zonaId": "PLN",
        "cara": "concavo",
        "fila": "C",
        "numero": 18,
        "codigo": "C18",
        "estatus_venta": "disponible",
        "estatus_ocupacion": "",
        "referencia_procap": "",
        "observaciones": "",
        "geometryType": "niches",
        "gridRow": 2,
        "gridColumn": 17
      },
      "geometry": {
        "type": "Polygon",
        "coordinates": [
          [
            [
              536.12,
              179.504721
            ],
            [
              563.12,
              179.504721
            ],
            [
              563.12,
              152.504721
            ],
            [
              536.12,
              152.504721
            ],
            [
              536.12,
              179.504721
            ]
          ]
        ]
      }
    },
    {
      "type": "Feature",
      "properties": {
        "id": "PLN-concavo-C19",
        "tipo": "nicho",
        "zonaId": "PLN",
        "cara": "concavo",
        "fila": "C",
        "numero": 19,
        "codigo": "C19",
        "estatus_venta": "disponible",
        "estatus_ocupacion": "",
        "referencia_procap": "",
        "observaciones": "",
        "geometryType": "niches",
        "gridRow": 2,
        "gridColumn": 18
      },
      "geometry": {
        "type": "Polygon",
        "coordinates": [
          [
            [
              566.175,
              179.504721
            ],
            [
              593.175,
              179.504721
            ],
            [
              593.175,
              152.504721
            ],
            [
              566.175,
              152.504721
            ],
            [
              566.175,
              179.504721
            ]
          ]
        ]
      }
    },
    {
      "type": "Feature",
      "properties": {
        "id": "PLN-concavo-C20",
        "tipo": "nicho",
        "zonaId": "PLN",
        "cara": "concavo",
        "fila": "C",
        "numero": 20,
        "codigo": "C20",
        "estatus_venta": "disponible",
        "estatus_ocupacion": "",
        "referencia_procap": "",
        "observaciones": "",
        "geometryType": "niches",
        "gridRow": 2,
        "gridColumn": 19
      },
      "geometry": {
        "type": "Polygon",
        "coordinates": [
          [
            [
              596.23,
              179.504721
            ],
            [
              623.23,
              179.504721
            ],
            [
              623.23,
              152.504721
            ],
            [
              596.23,
              152.504721
            ],
            [
              596.23,
              179.504721
            ]
          ]
        ]
      }
    },
    {
      "type": "Feature",
      "properties": {
        "id": "PLN-concavo-C21",
        "tipo": "nicho",
        "zonaId": "PLN",
        "cara": "concavo",
        "fila": "C",
        "numero": 21,
        "codigo": "C21",
        "estatus_venta": "disponible",
        "estatus_ocupacion": "",
        "referencia_procap": "",
        "observaciones": "",
        "geometryType": "niches",
        "gridRow": 2,
        "gridColumn": 20
      },
      "geometry": {
        "type": "Polygon",
        "coordinates": [
          [
            [
              626.285,
              179.504721
            ],
            [
              653.285,
              179.504721
            ],
            [
              653.285,
              152.504721
            ],
            [
              626.285,
              152.504721
            ],
            [
              626.285,
              179.504721
            ]
          ]
        ]
      }
    },
    {
      "type": "Feature",
      "properties": {
        "id": "PLN-concavo-C22",
        "tipo": "nicho",
        "zonaId": "PLN",
        "cara": "concavo",
        "fila": "C",
        "numero": 22,
        "codigo": "C22",
        "estatus_venta": "disponible",
        "estatus_ocupacion": "",
        "referencia_procap": "",
        "observaciones": "",
        "geometryType": "niches",
        "gridRow": 2,
        "gridColumn": 21
      },
      "geometry": {
        "type": "Polygon",
        "coordinates": [
          [
            [
              656.34,
              179.504721
            ],
            [
              683.34,
              179.504721
            ],
            [
              683.34,
              152.504721
            ],
            [
              656.34,
              152.504721
            ],
            [
              656.34,
              179.504721
            ]
          ]
        ]
      }
    },
    {
      "type": "Feature",
      "properties": {
        "id": "PLN-concavo-C23",
        "tipo": "nicho",
        "zonaId": "PLN",
        "cara": "concavo",
        "fila": "C",
        "numero": 23,
        "codigo": "C23",
        "estatus_venta": "disponible",
        "estatus_ocupacion": "",
        "referencia_procap": "",
        "observaciones": "",
        "geometryType": "niches",
        "gridRow": 2,
        "gridColumn": 22
      },
      "geometry": {
        "type": "Polygon",
        "coordinates": [
          [
            [
              686.395,
              179.504721
            ],
            [
              713.395,
              179.504721
            ],
            [
              713.395,
              152.504721
            ],
            [
              686.395,
              152.504721
            ],
            [
              686.395,
              179.504721
            ]
          ]
        ]
      }
    },
    {
      "type": "Feature",
      "properties": {
        "id": "PLN-concavo-C24",
        "tipo": "nicho",
        "zonaId": "PLN",
        "cara": "concavo",
        "fila": "C",
        "numero": 24,
        "codigo": "C24",
        "estatus_venta": "disponible",
        "estatus_ocupacion": "",
        "referencia_procap": "",
        "observaciones": "",
        "geometryType": "niches",
        "gridRow": 2,
        "gridColumn": 23
      },
      "geometry": {
        "type": "Polygon",
        "coordinates": [
          [
            [
              716.45,
              179.504721
            ],
            [
              743.45,
              179.504721
            ],
            [
              743.45,
              152.504721
            ],
            [
              716.45,
              152.504721
            ],
            [
              716.45,
              179.504721
            ]
          ]
        ]
      }
    },
    {
      "type": "Feature",
      "properties": {
        "id": "PLN-concavo-C25",
        "tipo": "nicho",
        "zonaId": "PLN",
        "cara": "concavo",
        "fila": "C",
        "numero": 25,
        "codigo": "C25",
        "estatus_venta": "disponible",
        "estatus_ocupacion": "",
        "referencia_procap": "",
        "observaciones": "",
        "geometryType": "niches",
        "gridRow": 2,
        "gridColumn": 24
      },
      "geometry": {
        "type": "Polygon",
        "coordinates": [
          [
            [
              746.505,
              179.504721
            ],
            [
              773.505,
              179.504721
            ],
            [
              773.505,
              152.504721
            ],
            [
              746.505,
              152.504721
            ],
            [
              746.505,
              179.504721
            ]
          ]
        ]
      }
    },
    {
      "type": "Feature",
      "properties": {
        "id": "PLN-concavo-C26",
        "tipo": "nicho",
        "zonaId": "PLN",
        "cara": "concavo",
        "fila": "C",
        "numero": 26,
        "codigo": "C26",
        "estatus_venta": "disponible",
        "estatus_ocupacion": "",
        "referencia_procap": "",
        "observaciones": "",
        "geometryType": "niches",
        "gridRow": 2,
        "gridColumn": 25
      },
      "geometry": {
        "type": "Polygon",
        "coordinates": [
          [
            [
              776.56,
              179.504721
            ],
            [
              803.56,
              179.504721
            ],
            [
              803.56,
              152.504721
            ],
            [
              776.56,
              152.504721
            ],
            [
              776.56,
              179.504721
            ]
          ]
        ]
      }
    },
    {
      "type": "Feature",
      "properties": {
        "id": "PLN-concavo-C27",
        "tipo": "nicho",
        "zonaId": "PLN",
        "cara": "concavo",
        "fila": "C",
        "numero": 27,
        "codigo": "C27",
        "estatus_venta": "disponible",
        "estatus_ocupacion": "",
        "referencia_procap": "",
        "observaciones": "",
        "geometryType": "niches",
        "gridRow": 2,
        "gridColumn": 26
      },
      "geometry": {
        "type": "Polygon",
        "coordinates": [
          [
            [
              806.615,
              179.504721
            ],
            [
              833.615,
              179.504721
            ],
            [
              833.615,
              152.504721
            ],
            [
              806.615,
              152.504721
            ],
            [
              806.615,
              179.504721
            ]
          ]
        ]
      }
    },
    {
      "type": "Feature",
      "properties": {
        "id": "PLN-concavo-C28",
        "tipo": "nicho",
        "zonaId": "PLN",
        "cara": "concavo",
        "fila": "C",
        "numero": 28,
        "codigo": "C28",
        "estatus_venta": "disponible",
        "estatus_ocupacion": "",
        "referencia_procap": "",
        "observaciones": "",
        "geometryType": "niches",
        "gridRow": 2,
        "gridColumn": 27
      },
      "geometry": {
        "type": "Polygon",
        "coordinates": [
          [
            [
              836.67,
              179.504721
            ],
            [
              863.67,
              179.504721
            ],
            [
              863.67,
              152.504721
            ],
            [
              836.67,
              152.504721
            ],
            [
              836.67,
              179.504721
            ]
          ]
        ]
      }
    },
    {
      "type": "Feature",
      "properties": {
        "id": "PLN-concavo-C29",
        "tipo": "nicho",
        "zonaId": "PLN",
        "cara": "concavo",
        "fila": "C",
        "numero": 29,
        "codigo": "C29",
        "estatus_venta": "disponible",
        "estatus_ocupacion": "",
        "referencia_procap": "",
        "observaciones": "",
        "geometryType": "niches",
        "gridRow": 2,
        "gridColumn": 28
      },
      "geometry": {
        "type": "Polygon",
        "coordinates": [
          [
            [
              866.725,
              179.504721
            ],
            [
              893.725,
              179.504721
            ],
            [
              893.725,
              152.504721
            ],
            [
              866.725,
              152.504721
            ],
            [
              866.725,
              179.504721
            ]
          ]
        ]
      }
    },
    {
      "type": "Feature",
      "properties": {
        "id": "PLN-concavo-C30",
        "tipo": "nicho",
        "zonaId": "PLN",
        "cara": "concavo",
        "fila": "C",
        "numero": 30,
        "codigo": "C30",
        "estatus_venta": "disponible",
        "estatus_ocupacion": "",
        "referencia_procap": "",
        "observaciones": "",
        "geometryType": "niches",
        "gridRow": 2,
        "gridColumn": 29
      },
      "geometry": {
        "type": "Polygon",
        "coordinates": [
          [
            [
              896.78,
              179.504721
            ],
            [
              923.78,
              179.504721
            ],
            [
              923.78,
              152.504721
            ],
            [
              896.78,
              152.504721
            ],
            [
              896.78,
              179.504721
            ]
          ]
        ]
      }
    },
    {
      "type": "Feature",
      "properties": {
        "id": "PLN-concavo-C31",
        "tipo": "nicho",
        "zonaId": "PLN",
        "cara": "concavo",
        "fila": "C",
        "numero": 31,
        "codigo": "C31",
        "estatus_venta": "disponible",
        "estatus_ocupacion": "",
        "referencia_procap": "",
        "observaciones": "",
        "geometryType": "niches",
        "gridRow": 2,
        "gridColumn": 30
      },
      "geometry": {
        "type": "Polygon",
        "coordinates": [
          [
            [
              926.835,
              179.504721
            ],
            [
              953.835,
              179.504721
            ],
            [
              953.835,
              152.504721
            ],
            [
              926.835,
              152.504721
            ],
            [
              926.835,
              179.504721
            ]
          ]
        ]
      }
    },
    {
      "type": "Feature",
      "properties": {
        "id": "PLN-concavo-C32",
        "tipo": "nicho",
        "zonaId": "PLN",
        "cara": "concavo",
        "fila": "C",
        "numero": 32,
        "codigo": "C32",
        "estatus_venta": "disponible",
        "estatus_ocupacion": "",
        "referencia_procap": "",
        "observaciones": "",
        "geometryType": "niches",
        "gridRow": 2,
        "gridColumn": 31
      },
      "geometry": {
        "type": "Polygon",
        "coordinates": [
          [
            [
              956.89,
              179.504721
            ],
            [
              983.89,
              179.504721
            ],
            [
              983.89,
              152.504721
            ],
            [
              956.89,
              152.504721
            ],
            [
              956.89,
              179.504721
            ]
          ]
        ]
      }
    },
    {
      "type": "Feature",
      "properties": {
        "id": "PLN-concavo-C33",
        "tipo": "nicho",
        "zonaId": "PLN",
        "cara": "concavo",
        "fila": "C",
        "numero": 33,
        "codigo": "C33",
        "estatus_venta": "disponible",
        "estatus_ocupacion": "",
        "referencia_procap": "",
        "observaciones": "",
        "geometryType": "niches",
        "gridRow": 2,
        "gridColumn": 32
      },
      "geometry": {
        "type": "Polygon",
        "coordinates": [
          [
            [
              986.945,
              179.504721
            ],
            [
              1013.945,
              179.504721
            ],
            [
              1013.945,
              152.504721
            ],
            [
              986.945,
              152.504721
            ],
            [
              986.945,
              179.504721
            ]
          ]
        ]
      }
    },
    {
      "type": "Feature",
      "properties": {
        "id": "PLN-concavo-C34",
        "tipo": "nicho",
        "zonaId": "PLN",
        "cara": "concavo",
        "fila": "C",
        "numero": 34,
        "codigo": "C34",
        "estatus_venta": "disponible",
        "estatus_ocupacion": "",
        "referencia_procap": "",
        "observaciones": "",
        "geometryType": "niches",
        "gridRow": 2,
        "gridColumn": 33
      },
      "geometry": {
        "type": "Polygon",
        "coordinates": [
          [
            [
              1017,
              179.504721
            ],
            [
              1044,
              179.504721
            ],
            [
              1044,
              152.504721
            ],
            [
              1017,
              152.504721
            ],
            [
              1017,
              179.504721
            ]
          ]
        ]
      }
    },
    {
      "type": "Feature",
      "properties": {
        "id": "PLN-concavo-C35",
        "tipo": "nicho",
        "zonaId": "PLN",
        "cara": "concavo",
        "fila": "C",
        "numero": 35,
        "codigo": "C35",
        "estatus_venta": "disponible",
        "estatus_ocupacion": "",
        "referencia_procap": "",
        "observaciones": "",
        "geometryType": "niches",
        "gridRow": 2,
        "gridColumn": 34
      },
      "geometry": {
        "type": "Polygon",
        "coordinates": [
          [
            [
              1047.055,
              179.504721
            ],
            [
              1074.055,
              179.504721
            ],
            [
              1074.055,
              152.504721
            ],
            [
              1047.055,
              152.504721
            ],
            [
              1047.055,
              179.504721
            ]
          ]
        ]
      }
    },
    {
      "type": "Feature",
      "properties": {
        "id": "PLN-concavo-C36",
        "tipo": "nicho",
        "zonaId": "PLN",
        "cara": "concavo",
        "fila": "C",
        "numero": 36,
        "codigo": "C36",
        "estatus_venta": "disponible",
        "estatus_ocupacion": "",
        "referencia_procap": "",
        "observaciones": "",
        "geometryType": "niches",
        "gridRow": 2,
        "gridColumn": 35
      },
      "geometry": {
        "type": "Polygon",
        "coordinates": [
          [
            [
              1077.11,
              179.504721
            ],
            [
              1104.11,
              179.504721
            ],
            [
              1104.11,
              152.504721
            ],
            [
              1077.11,
              152.504721
            ],
            [
              1077.11,
              179.504721
            ]
          ]
        ]
      }
    },
    {
      "type": "Feature",
      "properties": {
        "id": "PLN-concavo-C37",
        "tipo": "nicho",
        "zonaId": "PLN",
        "cara": "concavo",
        "fila": "C",
        "numero": 37,
        "codigo": "C37",
        "estatus_venta": "disponible",
        "estatus_ocupacion": "",
        "referencia_procap": "",
        "observaciones": "",
        "geometryType": "niches",
        "gridRow": 2,
        "gridColumn": 36
      },
      "geometry": {
        "type": "Polygon",
        "coordinates": [
          [
            [
              1107.165,
              179.504721
            ],
            [
              1134.165,
              179.504721
            ],
            [
              1134.165,
              152.504721
            ],
            [
              1107.165,
              152.504721
            ],
            [
              1107.165,
              179.504721
            ]
          ]
        ]
      }
    },
    {
      "type": "Feature",
      "properties": {
        "id": "PLN-concavo-C38",
        "tipo": "nicho",
        "zonaId": "PLN",
        "cara": "concavo",
        "fila": "C",
        "numero": 38,
        "codigo": "C38",
        "estatus_venta": "disponible",
        "estatus_ocupacion": "",
        "referencia_procap": "",
        "observaciones": "",
        "geometryType": "niches",
        "gridRow": 2,
        "gridColumn": 37
      },
      "geometry": {
        "type": "Polygon",
        "coordinates": [
          [
            [
              1137.22,
              179.504721
            ],
            [
              1164.22,
              179.504721
            ],
            [
              1164.22,
              152.504721
            ],
            [
              1137.22,
              152.504721
            ],
            [
              1137.22,
              179.504721
            ]
          ]
        ]
      }
    },
    {
      "type": "Feature",
      "properties": {
        "id": "PLN-concavo-C39",
        "tipo": "nicho",
        "zonaId": "PLN",
        "cara": "concavo",
        "fila": "C",
        "numero": 39,
        "codigo": "C39",
        "estatus_venta": "disponible",
        "estatus_ocupacion": "",
        "referencia_procap": "",
        "observaciones": "",
        "geometryType": "niches",
        "gridRow": 2,
        "gridColumn": 38
      },
      "geometry": {
        "type": "Polygon",
        "coordinates": [
          [
            [
              1167.275,
              179.504721
            ],
            [
              1194.275,
              179.504721
            ],
            [
              1194.275,
              152.504721
            ],
            [
              1167.275,
              152.504721
            ],
            [
              1167.275,
              179.504721
            ]
          ]
        ]
      }
    },
    {
      "type": "Feature",
      "properties": {
        "id": "PLN-concavo-C40",
        "tipo": "nicho",
        "zonaId": "PLN",
        "cara": "concavo",
        "fila": "C",
        "numero": 40,
        "codigo": "C40",
        "estatus_venta": "disponible",
        "estatus_ocupacion": "",
        "referencia_procap": "",
        "observaciones": "",
        "geometryType": "niches",
        "gridRow": 2,
        "gridColumn": 39
      },
      "geometry": {
        "type": "Polygon",
        "coordinates": [
          [
            [
              1197.33,
              179.504721
            ],
            [
              1224.33,
              179.504721
            ],
            [
              1224.33,
              152.504721
            ],
            [
              1197.33,
              152.504721
            ],
            [
              1197.33,
              179.504721
            ]
          ]
        ]
      }
    },
    {
      "type": "Feature",
      "properties": {
        "id": "PLN-concavo-C41",
        "tipo": "nicho",
        "zonaId": "PLN",
        "cara": "concavo",
        "fila": "C",
        "numero": 41,
        "codigo": "C41",
        "estatus_venta": "disponible",
        "estatus_ocupacion": "",
        "referencia_procap": "",
        "observaciones": "",
        "geometryType": "niches",
        "gridRow": 2,
        "gridColumn": 40
      },
      "geometry": {
        "type": "Polygon",
        "coordinates": [
          [
            [
              1227.385,
              179.504721
            ],
            [
              1254.385,
              179.504721
            ],
            [
              1254.385,
              152.504721
            ],
            [
              1227.385,
              152.504721
            ],
            [
              1227.385,
              179.504721
            ]
          ]
        ]
      }
    },
    {
      "type": "Feature",
      "properties": {
        "id": "PLN-concavo-C42",
        "tipo": "nicho",
        "zonaId": "PLN",
        "cara": "concavo",
        "fila": "C",
        "numero": 42,
        "codigo": "C42",
        "estatus_venta": "disponible",
        "estatus_ocupacion": "",
        "referencia_procap": "",
        "observaciones": "",
        "geometryType": "niches",
        "gridRow": 2,
        "gridColumn": 41
      },
      "geometry": {
        "type": "Polygon",
        "coordinates": [
          [
            [
              1257.44,
              179.504721
            ],
            [
              1284.44,
              179.504721
            ],
            [
              1284.44,
              152.504721
            ],
            [
              1257.44,
              152.504721
            ],
            [
              1257.44,
              179.504721
            ]
          ]
        ]
      }
    },
    {
      "type": "Feature",
      "properties": {
        "id": "PLN-concavo-C43",
        "tipo": "nicho",
        "zonaId": "PLN",
        "cara": "concavo",
        "fila": "C",
        "numero": 43,
        "codigo": "C43",
        "estatus_venta": "disponible",
        "estatus_ocupacion": "",
        "referencia_procap": "",
        "observaciones": "",
        "geometryType": "niches",
        "gridRow": 2,
        "gridColumn": 42
      },
      "geometry": {
        "type": "Polygon",
        "coordinates": [
          [
            [
              1287.495,
              179.504721
            ],
            [
              1314.495,
              179.504721
            ],
            [
              1314.495,
              152.504721
            ],
            [
              1287.495,
              152.504721
            ],
            [
              1287.495,
              179.504721
            ]
          ]
        ]
      }
    },
    {
      "type": "Feature",
      "properties": {
        "id": "PLN-concavo-C44",
        "tipo": "nicho",
        "zonaId": "PLN",
        "cara": "concavo",
        "fila": "C",
        "numero": 44,
        "codigo": "C44",
        "estatus_venta": "disponible",
        "estatus_ocupacion": "",
        "referencia_procap": "",
        "observaciones": "",
        "geometryType": "niches",
        "gridRow": 2,
        "gridColumn": 43
      },
      "geometry": {
        "type": "Polygon",
        "coordinates": [
          [
            [
              1317.55,
              179.504721
            ],
            [
              1344.55,
              179.504721
            ],
            [
              1344.55,
              152.504721
            ],
            [
              1317.55,
              152.504721
            ],
            [
              1317.55,
              179.504721
            ]
          ]
        ]
      }
    },
    {
      "type": "Feature",
      "properties": {
        "id": "PLN-concavo-C45",
        "tipo": "nicho",
        "zonaId": "PLN",
        "cara": "concavo",
        "fila": "C",
        "numero": 45,
        "codigo": "C45",
        "estatus_venta": "disponible",
        "estatus_ocupacion": "",
        "referencia_procap": "",
        "observaciones": "",
        "geometryType": "niches",
        "gridRow": 2,
        "gridColumn": 44
      },
      "geometry": {
        "type": "Polygon",
        "coordinates": [
          [
            [
              1347.605,
              179.504721
            ],
            [
              1374.605,
              179.504721
            ],
            [
              1374.605,
              152.504721
            ],
            [
              1347.605,
              152.504721
            ],
            [
              1347.605,
              179.504721
            ]
          ]
        ]
      }
    },
    {
      "type": "Feature",
      "properties": {
        "id": "PLN-concavo-C46",
        "tipo": "nicho",
        "zonaId": "PLN",
        "cara": "concavo",
        "fila": "C",
        "numero": 46,
        "codigo": "C46",
        "estatus_venta": "disponible",
        "estatus_ocupacion": "",
        "referencia_procap": "",
        "observaciones": "",
        "geometryType": "niches",
        "gridRow": 2,
        "gridColumn": 45
      },
      "geometry": {
        "type": "Polygon",
        "coordinates": [
          [
            [
              1377.66,
              179.504721
            ],
            [
              1404.66,
              179.504721
            ],
            [
              1404.66,
              152.504721
            ],
            [
              1377.66,
              152.504721
            ],
            [
              1377.66,
              179.504721
            ]
          ]
        ]
      }
    },
    {
      "type": "Feature",
      "properties": {
        "id": "PLN-concavo-C47",
        "tipo": "nicho",
        "zonaId": "PLN",
        "cara": "concavo",
        "fila": "C",
        "numero": 47,
        "codigo": "C47",
        "estatus_venta": "disponible",
        "estatus_ocupacion": "",
        "referencia_procap": "",
        "observaciones": "",
        "geometryType": "niches",
        "gridRow": 2,
        "gridColumn": 46
      },
      "geometry": {
        "type": "Polygon",
        "coordinates": [
          [
            [
              1407.715,
              179.504721
            ],
            [
              1434.715,
              179.504721
            ],
            [
              1434.715,
              152.504721
            ],
            [
              1407.715,
              152.504721
            ],
            [
              1407.715,
              179.504721
            ]
          ]
        ]
      }
    },
    {
      "type": "Feature",
      "properties": {
        "id": "PLN-concavo-C48",
        "tipo": "nicho",
        "zonaId": "PLN",
        "cara": "concavo",
        "fila": "C",
        "numero": 48,
        "codigo": "C48",
        "estatus_venta": "disponible",
        "estatus_ocupacion": "",
        "referencia_procap": "",
        "observaciones": "",
        "geometryType": "niches",
        "gridRow": 2,
        "gridColumn": 47
      },
      "geometry": {
        "type": "Polygon",
        "coordinates": [
          [
            [
              1437.77,
              179.504721
            ],
            [
              1464.77,
              179.504721
            ],
            [
              1464.77,
              152.504721
            ],
            [
              1437.77,
              152.504721
            ],
            [
              1437.77,
              179.504721
            ]
          ]
        ]
      }
    },
    {
      "type": "Feature",
      "properties": {
        "id": "PLN-concavo-C49",
        "tipo": "nicho",
        "zonaId": "PLN",
        "cara": "concavo",
        "fila": "C",
        "numero": 49,
        "codigo": "C49",
        "estatus_venta": "disponible",
        "estatus_ocupacion": "",
        "referencia_procap": "",
        "observaciones": "",
        "geometryType": "niches",
        "gridRow": 2,
        "gridColumn": 48
      },
      "geometry": {
        "type": "Polygon",
        "coordinates": [
          [
            [
              1467.825,
              179.504721
            ],
            [
              1494.825,
              179.504721
            ],
            [
              1494.825,
              152.504721
            ],
            [
              1467.825,
              152.504721
            ],
            [
              1467.825,
              179.504721
            ]
          ]
        ]
      }
    },
    {
      "type": "Feature",
      "properties": {
        "id": "PLN-concavo-C50",
        "tipo": "nicho",
        "zonaId": "PLN",
        "cara": "concavo",
        "fila": "C",
        "numero": 50,
        "codigo": "C50",
        "estatus_venta": "disponible",
        "estatus_ocupacion": "",
        "referencia_procap": "",
        "observaciones": "",
        "geometryType": "niches",
        "gridRow": 2,
        "gridColumn": 49
      },
      "geometry": {
        "type": "Polygon",
        "coordinates": [
          [
            [
              1497.88,
              179.504721
            ],
            [
              1524.88,
              179.504721
            ],
            [
              1524.88,
              152.504721
            ],
            [
              1497.88,
              152.504721
            ],
            [
              1497.88,
              179.504721
            ]
          ]
        ]
      }
    },
    {
      "type": "Feature",
      "properties": {
        "id": "PLN-concavo-C51",
        "tipo": "nicho",
        "zonaId": "PLN",
        "cara": "concavo",
        "fila": "C",
        "numero": 51,
        "codigo": "C51",
        "estatus_venta": "disponible",
        "estatus_ocupacion": "",
        "referencia_procap": "",
        "observaciones": "",
        "geometryType": "niches",
        "gridRow": 2,
        "gridColumn": 50
      },
      "geometry": {
        "type": "Polygon",
        "coordinates": [
          [
            [
              1527.935,
              179.504721
            ],
            [
              1554.935,
              179.504721
            ],
            [
              1554.935,
              152.504721
            ],
            [
              1527.935,
              152.504721
            ],
            [
              1527.935,
              179.504721
            ]
          ]
        ]
      }
    },
    {
      "type": "Feature",
      "properties": {
        "id": "PLN-concavo-C52",
        "tipo": "nicho",
        "zonaId": "PLN",
        "cara": "concavo",
        "fila": "C",
        "numero": 52,
        "codigo": "C52",
        "estatus_venta": "disponible",
        "estatus_ocupacion": "",
        "referencia_procap": "",
        "observaciones": "",
        "geometryType": "niches",
        "gridRow": 2,
        "gridColumn": 51
      },
      "geometry": {
        "type": "Polygon",
        "coordinates": [
          [
            [
              1557.99,
              179.504721
            ],
            [
              1584.99,
              179.504721
            ],
            [
              1584.99,
              152.504721
            ],
            [
              1557.99,
              152.504721
            ],
            [
              1557.99,
              179.504721
            ]
          ]
        ]
      }
    },
    {
      "type": "Feature",
      "properties": {
        "id": "PLN-concavo-C53",
        "tipo": "nicho",
        "zonaId": "PLN",
        "cara": "concavo",
        "fila": "C",
        "numero": 53,
        "codigo": "C53",
        "estatus_venta": "disponible",
        "estatus_ocupacion": "",
        "referencia_procap": "",
        "observaciones": "",
        "geometryType": "niches",
        "gridRow": 2,
        "gridColumn": 52
      },
      "geometry": {
        "type": "Polygon",
        "coordinates": [
          [
            [
              1588.045,
              179.504721
            ],
            [
              1615.045,
              179.504721
            ],
            [
              1615.045,
              152.504721
            ],
            [
              1588.045,
              152.504721
            ],
            [
              1588.045,
              179.504721
            ]
          ]
        ]
      }
    },
    {
      "type": "Feature",
      "properties": {
        "id": "PLN-concavo-C54",
        "tipo": "nicho",
        "zonaId": "PLN",
        "cara": "concavo",
        "fila": "C",
        "numero": 54,
        "codigo": "C54",
        "estatus_venta": "disponible",
        "estatus_ocupacion": "",
        "referencia_procap": "",
        "observaciones": "",
        "geometryType": "niches",
        "gridRow": 2,
        "gridColumn": 53
      },
      "geometry": {
        "type": "Polygon",
        "coordinates": [
          [
            [
              1618.1,
              179.504721
            ],
            [
              1645.1,
              179.504721
            ],
            [
              1645.1,
              152.504721
            ],
            [
              1618.1,
              152.504721
            ],
            [
              1618.1,
              179.504721
            ]
          ]
        ]
      }
    },
    {
      "type": "Feature",
      "properties": {
        "id": "PLN-concavo-C55",
        "tipo": "nicho",
        "zonaId": "PLN",
        "cara": "concavo",
        "fila": "C",
        "numero": 55,
        "codigo": "C55",
        "estatus_venta": "disponible",
        "estatus_ocupacion": "",
        "referencia_procap": "",
        "observaciones": "",
        "geometryType": "niches",
        "gridRow": 2,
        "gridColumn": 54
      },
      "geometry": {
        "type": "Polygon",
        "coordinates": [
          [
            [
              1648.155,
              179.504721
            ],
            [
              1675.155,
              179.504721
            ],
            [
              1675.155,
              152.504721
            ],
            [
              1648.155,
              152.504721
            ],
            [
              1648.155,
              179.504721
            ]
          ]
        ]
      }
    },
    {
      "type": "Feature",
      "properties": {
        "id": "PLN-concavo-C56",
        "tipo": "nicho",
        "zonaId": "PLN",
        "cara": "concavo",
        "fila": "C",
        "numero": 56,
        "codigo": "C56",
        "estatus_venta": "disponible",
        "estatus_ocupacion": "",
        "referencia_procap": "",
        "observaciones": "",
        "geometryType": "niches",
        "gridRow": 2,
        "gridColumn": 55
      },
      "geometry": {
        "type": "Polygon",
        "coordinates": [
          [
            [
              1678.21,
              179.504721
            ],
            [
              1705.21,
              179.504721
            ],
            [
              1705.21,
              152.504721
            ],
            [
              1678.21,
              152.504721
            ],
            [
              1678.21,
              179.504721
            ]
          ]
        ]
      }
    },
    {
      "type": "Feature",
      "properties": {
        "id": "PLN-concavo-C57",
        "tipo": "nicho",
        "zonaId": "PLN",
        "cara": "concavo",
        "fila": "C",
        "numero": 57,
        "codigo": "C57",
        "estatus_venta": "disponible",
        "estatus_ocupacion": "",
        "referencia_procap": "",
        "observaciones": "",
        "geometryType": "niches",
        "gridRow": 2,
        "gridColumn": 56
      },
      "geometry": {
        "type": "Polygon",
        "coordinates": [
          [
            [
              1708.265,
              179.504721
            ],
            [
              1735.265,
              179.504721
            ],
            [
              1735.265,
              152.504721
            ],
            [
              1708.265,
              152.504721
            ],
            [
              1708.265,
              179.504721
            ]
          ]
        ]
      }
    },
    {
      "type": "Feature",
      "properties": {
        "id": "PLN-concavo-C58",
        "tipo": "nicho",
        "zonaId": "PLN",
        "cara": "concavo",
        "fila": "C",
        "numero": 58,
        "codigo": "C58",
        "estatus_venta": "disponible",
        "estatus_ocupacion": "",
        "referencia_procap": "",
        "observaciones": "",
        "geometryType": "niches",
        "gridRow": 2,
        "gridColumn": 57
      },
      "geometry": {
        "type": "Polygon",
        "coordinates": [
          [
            [
              1738.32,
              179.504721
            ],
            [
              1765.32,
              179.504721
            ],
            [
              1765.32,
              152.504721
            ],
            [
              1738.32,
              152.504721
            ],
            [
              1738.32,
              179.504721
            ]
          ]
        ]
      }
    },
    {
      "type": "Feature",
      "properties": {
        "id": "PLN-concavo-C59",
        "tipo": "nicho",
        "zonaId": "PLN",
        "cara": "concavo",
        "fila": "C",
        "numero": 59,
        "codigo": "C59",
        "estatus_venta": "disponible",
        "estatus_ocupacion": "",
        "referencia_procap": "",
        "observaciones": "",
        "geometryType": "niches",
        "gridRow": 2,
        "gridColumn": 58
      },
      "geometry": {
        "type": "Polygon",
        "coordinates": [
          [
            [
              1768.375,
              179.504721
            ],
            [
              1795.375,
              179.504721
            ],
            [
              1795.375,
              152.504721
            ],
            [
              1768.375,
              152.504721
            ],
            [
              1768.375,
              179.504721
            ]
          ]
        ]
      }
    },
    {
      "type": "Feature",
      "properties": {
        "id": "PLN-concavo-C60",
        "tipo": "nicho",
        "zonaId": "PLN",
        "cara": "concavo",
        "fila": "C",
        "numero": 60,
        "codigo": "C60",
        "estatus_venta": "disponible",
        "estatus_ocupacion": "",
        "referencia_procap": "",
        "observaciones": "",
        "geometryType": "niches",
        "gridRow": 2,
        "gridColumn": 59
      },
      "geometry": {
        "type": "Polygon",
        "coordinates": [
          [
            [
              1798.43,
              179.504721
            ],
            [
              1825.43,
              179.504721
            ],
            [
              1825.43,
              152.504721
            ],
            [
              1798.43,
              152.504721
            ],
            [
              1798.43,
              179.504721
            ]
          ]
        ]
      }
    },
    {
      "type": "Feature",
      "properties": {
        "id": "PLN-concavo-C61",
        "tipo": "nicho",
        "zonaId": "PLN",
        "cara": "concavo",
        "fila": "C",
        "numero": 61,
        "codigo": "C61",
        "estatus_venta": "disponible",
        "estatus_ocupacion": "",
        "referencia_procap": "",
        "observaciones": "",
        "geometryType": "niches",
        "gridRow": 2,
        "gridColumn": 60
      },
      "geometry": {
        "type": "Polygon",
        "coordinates": [
          [
            [
              1828.485,
              179.504721
            ],
            [
              1855.485,
              179.504721
            ],
            [
              1855.485,
              152.504721
            ],
            [
              1828.485,
              152.504721
            ],
            [
              1828.485,
              179.504721
            ]
          ]
        ]
      }
    },
    {
      "type": "Feature",
      "properties": {
        "id": "PLN-concavo-C62",
        "tipo": "nicho",
        "zonaId": "PLN",
        "cara": "concavo",
        "fila": "C",
        "numero": 62,
        "codigo": "C62",
        "estatus_venta": "disponible",
        "estatus_ocupacion": "",
        "referencia_procap": "",
        "observaciones": "",
        "geometryType": "niches",
        "gridRow": 2,
        "gridColumn": 61
      },
      "geometry": {
        "type": "Polygon",
        "coordinates": [
          [
            [
              1858.54,
              179.504721
            ],
            [
              1885.54,
              179.504721
            ],
            [
              1885.54,
              152.504721
            ],
            [
              1858.54,
              152.504721
            ],
            [
              1858.54,
              179.504721
            ]
          ]
        ]
      }
    },
    {
      "type": "Feature",
      "properties": {
        "id": "PLN-concavo-C63",
        "tipo": "nicho",
        "zonaId": "PLN",
        "cara": "concavo",
        "fila": "C",
        "numero": 63,
        "codigo": "C63",
        "estatus_venta": "disponible",
        "estatus_ocupacion": "",
        "referencia_procap": "",
        "observaciones": "",
        "geometryType": "niches",
        "gridRow": 2,
        "gridColumn": 62
      },
      "geometry": {
        "type": "Polygon",
        "coordinates": [
          [
            [
              1888.595,
              179.504721
            ],
            [
              1915.595,
              179.504721
            ],
            [
              1915.595,
              152.504721
            ],
            [
              1888.595,
              152.504721
            ],
            [
              1888.595,
              179.504721
            ]
          ]
        ]
      }
    },
    {
      "type": "Feature",
      "properties": {
        "id": "PLN-concavo-C64",
        "tipo": "nicho",
        "zonaId": "PLN",
        "cara": "concavo",
        "fila": "C",
        "numero": 64,
        "codigo": "C64",
        "estatus_venta": "disponible",
        "estatus_ocupacion": "",
        "referencia_procap": "",
        "observaciones": "",
        "geometryType": "niches",
        "gridRow": 2,
        "gridColumn": 63
      },
      "geometry": {
        "type": "Polygon",
        "coordinates": [
          [
            [
              1918.65,
              179.504721
            ],
            [
              1945.65,
              179.504721
            ],
            [
              1945.65,
              152.504721
            ],
            [
              1918.65,
              152.504721
            ],
            [
              1918.65,
              179.504721
            ]
          ]
        ]
      }
    },
    {
      "type": "Feature",
      "properties": {
        "id": "PLN-concavo-C65",
        "tipo": "nicho",
        "zonaId": "PLN",
        "cara": "concavo",
        "fila": "C",
        "numero": 65,
        "codigo": "C65",
        "estatus_venta": "disponible",
        "estatus_ocupacion": "",
        "referencia_procap": "",
        "observaciones": "",
        "geometryType": "niches",
        "gridRow": 2,
        "gridColumn": 64
      },
      "geometry": {
        "type": "Polygon",
        "coordinates": [
          [
            [
              1948.705,
              179.504721
            ],
            [
              1975.705,
              179.504721
            ],
            [
              1975.705,
              152.504721
            ],
            [
              1948.705,
              152.504721
            ],
            [
              1948.705,
              179.504721
            ]
          ]
        ]
      }
    },
    {
      "type": "Feature",
      "properties": {
        "id": "PLN-concavo-C66",
        "tipo": "nicho",
        "zonaId": "PLN",
        "cara": "concavo",
        "fila": "C",
        "numero": 66,
        "codigo": "C66",
        "estatus_venta": "disponible",
        "estatus_ocupacion": "",
        "referencia_procap": "",
        "observaciones": "",
        "geometryType": "niches",
        "gridRow": 2,
        "gridColumn": 65
      },
      "geometry": {
        "type": "Polygon",
        "coordinates": [
          [
            [
              1978.76,
              179.504721
            ],
            [
              2005.76,
              179.504721
            ],
            [
              2005.76,
              152.504721
            ],
            [
              1978.76,
              152.504721
            ],
            [
              1978.76,
              179.504721
            ]
          ]
        ]
      }
    },
    {
      "type": "Feature",
      "properties": {
        "id": "PLN-concavo-C67",
        "tipo": "nicho",
        "zonaId": "PLN",
        "cara": "concavo",
        "fila": "C",
        "numero": 67,
        "codigo": "C67",
        "estatus_venta": "disponible",
        "estatus_ocupacion": "",
        "referencia_procap": "",
        "observaciones": "",
        "geometryType": "niches",
        "gridRow": 2,
        "gridColumn": 66
      },
      "geometry": {
        "type": "Polygon",
        "coordinates": [
          [
            [
              2008.815,
              179.504721
            ],
            [
              2035.815,
              179.504721
            ],
            [
              2035.815,
              152.504721
            ],
            [
              2008.815,
              152.504721
            ],
            [
              2008.815,
              179.504721
            ]
          ]
        ]
      }
    },
    {
      "type": "Feature",
      "properties": {
        "id": "PLN-concavo-D1",
        "tipo": "nicho",
        "zonaId": "PLN",
        "cara": "concavo",
        "fila": "D",
        "numero": 1,
        "codigo": "D1",
        "estatus_venta": "disponible",
        "estatus_ocupacion": "",
        "referencia_procap": "",
        "observaciones": "",
        "geometryType": "niches",
        "gridRow": 3,
        "gridColumn": 0
      },
      "geometry": {
        "type": "Polygon",
        "coordinates": [
          [
            [
              25.185,
              150.504721
            ],
            [
              52.185,
              150.504721
            ],
            [
              52.185,
              123.504721
            ],
            [
              25.185,
              123.504721
            ],
            [
              25.185,
              150.504721
            ]
          ]
        ]
      }
    },
    {
      "type": "Feature",
      "properties": {
        "id": "PLN-concavo-D2",
        "tipo": "nicho",
        "zonaId": "PLN",
        "cara": "concavo",
        "fila": "D",
        "numero": 2,
        "codigo": "D2",
        "estatus_venta": "disponible",
        "estatus_ocupacion": "",
        "referencia_procap": "",
        "observaciones": "",
        "geometryType": "niches",
        "gridRow": 3,
        "gridColumn": 1
      },
      "geometry": {
        "type": "Polygon",
        "coordinates": [
          [
            [
              55.24,
              150.504721
            ],
            [
              82.24,
              150.504721
            ],
            [
              82.24,
              123.504721
            ],
            [
              55.24,
              123.504721
            ],
            [
              55.24,
              150.504721
            ]
          ]
        ]
      }
    },
    {
      "type": "Feature",
      "properties": {
        "id": "PLN-concavo-D3",
        "tipo": "nicho",
        "zonaId": "PLN",
        "cara": "concavo",
        "fila": "D",
        "numero": 3,
        "codigo": "D3",
        "estatus_venta": "disponible",
        "estatus_ocupacion": "",
        "referencia_procap": "",
        "observaciones": "",
        "geometryType": "niches",
        "gridRow": 3,
        "gridColumn": 2
      },
      "geometry": {
        "type": "Polygon",
        "coordinates": [
          [
            [
              85.295,
              150.504721
            ],
            [
              112.295,
              150.504721
            ],
            [
              112.295,
              123.504721
            ],
            [
              85.295,
              123.504721
            ],
            [
              85.295,
              150.504721
            ]
          ]
        ]
      }
    },
    {
      "type": "Feature",
      "properties": {
        "id": "PLN-concavo-D4",
        "tipo": "nicho",
        "zonaId": "PLN",
        "cara": "concavo",
        "fila": "D",
        "numero": 4,
        "codigo": "D4",
        "estatus_venta": "disponible",
        "estatus_ocupacion": "",
        "referencia_procap": "",
        "observaciones": "",
        "geometryType": "niches",
        "gridRow": 3,
        "gridColumn": 3
      },
      "geometry": {
        "type": "Polygon",
        "coordinates": [
          [
            [
              115.35,
              150.504721
            ],
            [
              142.35,
              150.504721
            ],
            [
              142.35,
              123.504721
            ],
            [
              115.35,
              123.504721
            ],
            [
              115.35,
              150.504721
            ]
          ]
        ]
      }
    },
    {
      "type": "Feature",
      "properties": {
        "id": "PLN-concavo-D5",
        "tipo": "nicho",
        "zonaId": "PLN",
        "cara": "concavo",
        "fila": "D",
        "numero": 5,
        "codigo": "D5",
        "estatus_venta": "disponible",
        "estatus_ocupacion": "",
        "referencia_procap": "",
        "observaciones": "",
        "geometryType": "niches",
        "gridRow": 3,
        "gridColumn": 4
      },
      "geometry": {
        "type": "Polygon",
        "coordinates": [
          [
            [
              145.405,
              150.504721
            ],
            [
              172.405,
              150.504721
            ],
            [
              172.405,
              123.504721
            ],
            [
              145.405,
              123.504721
            ],
            [
              145.405,
              150.504721
            ]
          ]
        ]
      }
    },
    {
      "type": "Feature",
      "properties": {
        "id": "PLN-concavo-D6",
        "tipo": "nicho",
        "zonaId": "PLN",
        "cara": "concavo",
        "fila": "D",
        "numero": 6,
        "codigo": "D6",
        "estatus_venta": "disponible",
        "estatus_ocupacion": "",
        "referencia_procap": "",
        "observaciones": "",
        "geometryType": "niches",
        "gridRow": 3,
        "gridColumn": 5
      },
      "geometry": {
        "type": "Polygon",
        "coordinates": [
          [
            [
              175.46,
              150.504721
            ],
            [
              202.46,
              150.504721
            ],
            [
              202.46,
              123.504721
            ],
            [
              175.46,
              123.504721
            ],
            [
              175.46,
              150.504721
            ]
          ]
        ]
      }
    },
    {
      "type": "Feature",
      "properties": {
        "id": "PLN-concavo-D7",
        "tipo": "nicho",
        "zonaId": "PLN",
        "cara": "concavo",
        "fila": "D",
        "numero": 7,
        "codigo": "D7",
        "estatus_venta": "disponible",
        "estatus_ocupacion": "",
        "referencia_procap": "",
        "observaciones": "",
        "geometryType": "niches",
        "gridRow": 3,
        "gridColumn": 6
      },
      "geometry": {
        "type": "Polygon",
        "coordinates": [
          [
            [
              205.515,
              150.504721
            ],
            [
              232.515,
              150.504721
            ],
            [
              232.515,
              123.504721
            ],
            [
              205.515,
              123.504721
            ],
            [
              205.515,
              150.504721
            ]
          ]
        ]
      }
    },
    {
      "type": "Feature",
      "properties": {
        "id": "PLN-concavo-D8",
        "tipo": "nicho",
        "zonaId": "PLN",
        "cara": "concavo",
        "fila": "D",
        "numero": 8,
        "codigo": "D8",
        "estatus_venta": "disponible",
        "estatus_ocupacion": "",
        "referencia_procap": "",
        "observaciones": "",
        "geometryType": "niches",
        "gridRow": 3,
        "gridColumn": 7
      },
      "geometry": {
        "type": "Polygon",
        "coordinates": [
          [
            [
              235.57,
              150.504721
            ],
            [
              262.57,
              150.504721
            ],
            [
              262.57,
              123.504721
            ],
            [
              235.57,
              123.504721
            ],
            [
              235.57,
              150.504721
            ]
          ]
        ]
      }
    },
    {
      "type": "Feature",
      "properties": {
        "id": "PLN-concavo-D9",
        "tipo": "nicho",
        "zonaId": "PLN",
        "cara": "concavo",
        "fila": "D",
        "numero": 9,
        "codigo": "D9",
        "estatus_venta": "disponible",
        "estatus_ocupacion": "",
        "referencia_procap": "",
        "observaciones": "",
        "geometryType": "niches",
        "gridRow": 3,
        "gridColumn": 8
      },
      "geometry": {
        "type": "Polygon",
        "coordinates": [
          [
            [
              265.625,
              150.504721
            ],
            [
              292.625,
              150.504721
            ],
            [
              292.625,
              123.504721
            ],
            [
              265.625,
              123.504721
            ],
            [
              265.625,
              150.504721
            ]
          ]
        ]
      }
    },
    {
      "type": "Feature",
      "properties": {
        "id": "PLN-concavo-D10",
        "tipo": "nicho",
        "zonaId": "PLN",
        "cara": "concavo",
        "fila": "D",
        "numero": 10,
        "codigo": "D10",
        "estatus_venta": "disponible",
        "estatus_ocupacion": "",
        "referencia_procap": "",
        "observaciones": "",
        "geometryType": "niches",
        "gridRow": 3,
        "gridColumn": 9
      },
      "geometry": {
        "type": "Polygon",
        "coordinates": [
          [
            [
              295.68,
              150.504721
            ],
            [
              322.68,
              150.504721
            ],
            [
              322.68,
              123.504721
            ],
            [
              295.68,
              123.504721
            ],
            [
              295.68,
              150.504721
            ]
          ]
        ]
      }
    },
    {
      "type": "Feature",
      "properties": {
        "id": "PLN-concavo-D11",
        "tipo": "nicho",
        "zonaId": "PLN",
        "cara": "concavo",
        "fila": "D",
        "numero": 11,
        "codigo": "D11",
        "estatus_venta": "disponible",
        "estatus_ocupacion": "",
        "referencia_procap": "",
        "observaciones": "",
        "geometryType": "niches",
        "gridRow": 3,
        "gridColumn": 10
      },
      "geometry": {
        "type": "Polygon",
        "coordinates": [
          [
            [
              325.735,
              150.504721
            ],
            [
              352.735,
              150.504721
            ],
            [
              352.735,
              123.504721
            ],
            [
              325.735,
              123.504721
            ],
            [
              325.735,
              150.504721
            ]
          ]
        ]
      }
    },
    {
      "type": "Feature",
      "properties": {
        "id": "PLN-concavo-D12",
        "tipo": "nicho",
        "zonaId": "PLN",
        "cara": "concavo",
        "fila": "D",
        "numero": 12,
        "codigo": "D12",
        "estatus_venta": "disponible",
        "estatus_ocupacion": "",
        "referencia_procap": "",
        "observaciones": "",
        "geometryType": "niches",
        "gridRow": 3,
        "gridColumn": 11
      },
      "geometry": {
        "type": "Polygon",
        "coordinates": [
          [
            [
              355.79,
              150.504721
            ],
            [
              382.79,
              150.504721
            ],
            [
              382.79,
              123.504721
            ],
            [
              355.79,
              123.504721
            ],
            [
              355.79,
              150.504721
            ]
          ]
        ]
      }
    },
    {
      "type": "Feature",
      "properties": {
        "id": "PLN-concavo-D13",
        "tipo": "nicho",
        "zonaId": "PLN",
        "cara": "concavo",
        "fila": "D",
        "numero": 13,
        "codigo": "D13",
        "estatus_venta": "disponible",
        "estatus_ocupacion": "",
        "referencia_procap": "",
        "observaciones": "",
        "geometryType": "niches",
        "gridRow": 3,
        "gridColumn": 12
      },
      "geometry": {
        "type": "Polygon",
        "coordinates": [
          [
            [
              385.845,
              150.504721
            ],
            [
              412.845,
              150.504721
            ],
            [
              412.845,
              123.504721
            ],
            [
              385.845,
              123.504721
            ],
            [
              385.845,
              150.504721
            ]
          ]
        ]
      }
    },
    {
      "type": "Feature",
      "properties": {
        "id": "PLN-concavo-D14",
        "tipo": "nicho",
        "zonaId": "PLN",
        "cara": "concavo",
        "fila": "D",
        "numero": 14,
        "codigo": "D14",
        "estatus_venta": "disponible",
        "estatus_ocupacion": "",
        "referencia_procap": "",
        "observaciones": "",
        "geometryType": "niches",
        "gridRow": 3,
        "gridColumn": 13
      },
      "geometry": {
        "type": "Polygon",
        "coordinates": [
          [
            [
              415.9,
              150.504721
            ],
            [
              442.9,
              150.504721
            ],
            [
              442.9,
              123.504721
            ],
            [
              415.9,
              123.504721
            ],
            [
              415.9,
              150.504721
            ]
          ]
        ]
      }
    },
    {
      "type": "Feature",
      "properties": {
        "id": "PLN-concavo-D15",
        "tipo": "nicho",
        "zonaId": "PLN",
        "cara": "concavo",
        "fila": "D",
        "numero": 15,
        "codigo": "D15",
        "estatus_venta": "disponible",
        "estatus_ocupacion": "",
        "referencia_procap": "",
        "observaciones": "",
        "geometryType": "niches",
        "gridRow": 3,
        "gridColumn": 14
      },
      "geometry": {
        "type": "Polygon",
        "coordinates": [
          [
            [
              445.955,
              150.504721
            ],
            [
              472.955,
              150.504721
            ],
            [
              472.955,
              123.504721
            ],
            [
              445.955,
              123.504721
            ],
            [
              445.955,
              150.504721
            ]
          ]
        ]
      }
    },
    {
      "type": "Feature",
      "properties": {
        "id": "PLN-concavo-D16",
        "tipo": "nicho",
        "zonaId": "PLN",
        "cara": "concavo",
        "fila": "D",
        "numero": 16,
        "codigo": "D16",
        "estatus_venta": "disponible",
        "estatus_ocupacion": "",
        "referencia_procap": "",
        "observaciones": "",
        "geometryType": "niches",
        "gridRow": 3,
        "gridColumn": 15
      },
      "geometry": {
        "type": "Polygon",
        "coordinates": [
          [
            [
              476.01,
              150.504721
            ],
            [
              503.01,
              150.504721
            ],
            [
              503.01,
              123.504721
            ],
            [
              476.01,
              123.504721
            ],
            [
              476.01,
              150.504721
            ]
          ]
        ]
      }
    },
    {
      "type": "Feature",
      "properties": {
        "id": "PLN-concavo-D17",
        "tipo": "nicho",
        "zonaId": "PLN",
        "cara": "concavo",
        "fila": "D",
        "numero": 17,
        "codigo": "D17",
        "estatus_venta": "disponible",
        "estatus_ocupacion": "",
        "referencia_procap": "",
        "observaciones": "",
        "geometryType": "niches",
        "gridRow": 3,
        "gridColumn": 16
      },
      "geometry": {
        "type": "Polygon",
        "coordinates": [
          [
            [
              506.065,
              150.504721
            ],
            [
              533.065,
              150.504721
            ],
            [
              533.065,
              123.504721
            ],
            [
              506.065,
              123.504721
            ],
            [
              506.065,
              150.504721
            ]
          ]
        ]
      }
    },
    {
      "type": "Feature",
      "properties": {
        "id": "PLN-concavo-D18",
        "tipo": "nicho",
        "zonaId": "PLN",
        "cara": "concavo",
        "fila": "D",
        "numero": 18,
        "codigo": "D18",
        "estatus_venta": "disponible",
        "estatus_ocupacion": "",
        "referencia_procap": "",
        "observaciones": "",
        "geometryType": "niches",
        "gridRow": 3,
        "gridColumn": 17
      },
      "geometry": {
        "type": "Polygon",
        "coordinates": [
          [
            [
              536.12,
              150.504721
            ],
            [
              563.12,
              150.504721
            ],
            [
              563.12,
              123.504721
            ],
            [
              536.12,
              123.504721
            ],
            [
              536.12,
              150.504721
            ]
          ]
        ]
      }
    },
    {
      "type": "Feature",
      "properties": {
        "id": "PLN-concavo-D19",
        "tipo": "nicho",
        "zonaId": "PLN",
        "cara": "concavo",
        "fila": "D",
        "numero": 19,
        "codigo": "D19",
        "estatus_venta": "disponible",
        "estatus_ocupacion": "",
        "referencia_procap": "",
        "observaciones": "",
        "geometryType": "niches",
        "gridRow": 3,
        "gridColumn": 18
      },
      "geometry": {
        "type": "Polygon",
        "coordinates": [
          [
            [
              566.175,
              150.504721
            ],
            [
              593.175,
              150.504721
            ],
            [
              593.175,
              123.504721
            ],
            [
              566.175,
              123.504721
            ],
            [
              566.175,
              150.504721
            ]
          ]
        ]
      }
    },
    {
      "type": "Feature",
      "properties": {
        "id": "PLN-concavo-D20",
        "tipo": "nicho",
        "zonaId": "PLN",
        "cara": "concavo",
        "fila": "D",
        "numero": 20,
        "codigo": "D20",
        "estatus_venta": "disponible",
        "estatus_ocupacion": "",
        "referencia_procap": "",
        "observaciones": "",
        "geometryType": "niches",
        "gridRow": 3,
        "gridColumn": 19
      },
      "geometry": {
        "type": "Polygon",
        "coordinates": [
          [
            [
              596.23,
              150.504721
            ],
            [
              623.23,
              150.504721
            ],
            [
              623.23,
              123.504721
            ],
            [
              596.23,
              123.504721
            ],
            [
              596.23,
              150.504721
            ]
          ]
        ]
      }
    },
    {
      "type": "Feature",
      "properties": {
        "id": "PLN-concavo-D21",
        "tipo": "nicho",
        "zonaId": "PLN",
        "cara": "concavo",
        "fila": "D",
        "numero": 21,
        "codigo": "D21",
        "estatus_venta": "disponible",
        "estatus_ocupacion": "",
        "referencia_procap": "",
        "observaciones": "",
        "geometryType": "niches",
        "gridRow": 3,
        "gridColumn": 20
      },
      "geometry": {
        "type": "Polygon",
        "coordinates": [
          [
            [
              626.285,
              150.504721
            ],
            [
              653.285,
              150.504721
            ],
            [
              653.285,
              123.504721
            ],
            [
              626.285,
              123.504721
            ],
            [
              626.285,
              150.504721
            ]
          ]
        ]
      }
    },
    {
      "type": "Feature",
      "properties": {
        "id": "PLN-concavo-D22",
        "tipo": "nicho",
        "zonaId": "PLN",
        "cara": "concavo",
        "fila": "D",
        "numero": 22,
        "codigo": "D22",
        "estatus_venta": "disponible",
        "estatus_ocupacion": "",
        "referencia_procap": "",
        "observaciones": "",
        "geometryType": "niches",
        "gridRow": 3,
        "gridColumn": 21
      },
      "geometry": {
        "type": "Polygon",
        "coordinates": [
          [
            [
              656.34,
              150.504721
            ],
            [
              683.34,
              150.504721
            ],
            [
              683.34,
              123.504721
            ],
            [
              656.34,
              123.504721
            ],
            [
              656.34,
              150.504721
            ]
          ]
        ]
      }
    },
    {
      "type": "Feature",
      "properties": {
        "id": "PLN-concavo-D23",
        "tipo": "nicho",
        "zonaId": "PLN",
        "cara": "concavo",
        "fila": "D",
        "numero": 23,
        "codigo": "D23",
        "estatus_venta": "disponible",
        "estatus_ocupacion": "",
        "referencia_procap": "",
        "observaciones": "",
        "geometryType": "niches",
        "gridRow": 3,
        "gridColumn": 22
      },
      "geometry": {
        "type": "Polygon",
        "coordinates": [
          [
            [
              686.395,
              150.504721
            ],
            [
              713.395,
              150.504721
            ],
            [
              713.395,
              123.504721
            ],
            [
              686.395,
              123.504721
            ],
            [
              686.395,
              150.504721
            ]
          ]
        ]
      }
    },
    {
      "type": "Feature",
      "properties": {
        "id": "PLN-concavo-D24",
        "tipo": "nicho",
        "zonaId": "PLN",
        "cara": "concavo",
        "fila": "D",
        "numero": 24,
        "codigo": "D24",
        "estatus_venta": "disponible",
        "estatus_ocupacion": "",
        "referencia_procap": "",
        "observaciones": "",
        "geometryType": "niches",
        "gridRow": 3,
        "gridColumn": 23
      },
      "geometry": {
        "type": "Polygon",
        "coordinates": [
          [
            [
              716.45,
              150.504721
            ],
            [
              743.45,
              150.504721
            ],
            [
              743.45,
              123.504721
            ],
            [
              716.45,
              123.504721
            ],
            [
              716.45,
              150.504721
            ]
          ]
        ]
      }
    },
    {
      "type": "Feature",
      "properties": {
        "id": "PLN-concavo-D25",
        "tipo": "nicho",
        "zonaId": "PLN",
        "cara": "concavo",
        "fila": "D",
        "numero": 25,
        "codigo": "D25",
        "estatus_venta": "disponible",
        "estatus_ocupacion": "",
        "referencia_procap": "",
        "observaciones": "",
        "geometryType": "niches",
        "gridRow": 3,
        "gridColumn": 24
      },
      "geometry": {
        "type": "Polygon",
        "coordinates": [
          [
            [
              746.505,
              150.504721
            ],
            [
              773.505,
              150.504721
            ],
            [
              773.505,
              123.504721
            ],
            [
              746.505,
              123.504721
            ],
            [
              746.505,
              150.504721
            ]
          ]
        ]
      }
    },
    {
      "type": "Feature",
      "properties": {
        "id": "PLN-concavo-D26",
        "tipo": "nicho",
        "zonaId": "PLN",
        "cara": "concavo",
        "fila": "D",
        "numero": 26,
        "codigo": "D26",
        "estatus_venta": "disponible",
        "estatus_ocupacion": "",
        "referencia_procap": "",
        "observaciones": "",
        "geometryType": "niches",
        "gridRow": 3,
        "gridColumn": 25
      },
      "geometry": {
        "type": "Polygon",
        "coordinates": [
          [
            [
              776.56,
              150.504721
            ],
            [
              803.56,
              150.504721
            ],
            [
              803.56,
              123.504721
            ],
            [
              776.56,
              123.504721
            ],
            [
              776.56,
              150.504721
            ]
          ]
        ]
      }
    },
    {
      "type": "Feature",
      "properties": {
        "id": "PLN-concavo-D27",
        "tipo": "nicho",
        "zonaId": "PLN",
        "cara": "concavo",
        "fila": "D",
        "numero": 27,
        "codigo": "D27",
        "estatus_venta": "disponible",
        "estatus_ocupacion": "",
        "referencia_procap": "",
        "observaciones": "",
        "geometryType": "niches",
        "gridRow": 3,
        "gridColumn": 26
      },
      "geometry": {
        "type": "Polygon",
        "coordinates": [
          [
            [
              806.615,
              150.504721
            ],
            [
              833.615,
              150.504721
            ],
            [
              833.615,
              123.504721
            ],
            [
              806.615,
              123.504721
            ],
            [
              806.615,
              150.504721
            ]
          ]
        ]
      }
    },
    {
      "type": "Feature",
      "properties": {
        "id": "PLN-concavo-D28",
        "tipo": "nicho",
        "zonaId": "PLN",
        "cara": "concavo",
        "fila": "D",
        "numero": 28,
        "codigo": "D28",
        "estatus_venta": "disponible",
        "estatus_ocupacion": "",
        "referencia_procap": "",
        "observaciones": "",
        "geometryType": "niches",
        "gridRow": 3,
        "gridColumn": 27
      },
      "geometry": {
        "type": "Polygon",
        "coordinates": [
          [
            [
              836.67,
              150.504721
            ],
            [
              863.67,
              150.504721
            ],
            [
              863.67,
              123.504721
            ],
            [
              836.67,
              123.504721
            ],
            [
              836.67,
              150.504721
            ]
          ]
        ]
      }
    },
    {
      "type": "Feature",
      "properties": {
        "id": "PLN-concavo-D29",
        "tipo": "nicho",
        "zonaId": "PLN",
        "cara": "concavo",
        "fila": "D",
        "numero": 29,
        "codigo": "D29",
        "estatus_venta": "disponible",
        "estatus_ocupacion": "",
        "referencia_procap": "",
        "observaciones": "",
        "geometryType": "niches",
        "gridRow": 3,
        "gridColumn": 28
      },
      "geometry": {
        "type": "Polygon",
        "coordinates": [
          [
            [
              866.725,
              150.504721
            ],
            [
              893.725,
              150.504721
            ],
            [
              893.725,
              123.504721
            ],
            [
              866.725,
              123.504721
            ],
            [
              866.725,
              150.504721
            ]
          ]
        ]
      }
    },
    {
      "type": "Feature",
      "properties": {
        "id": "PLN-concavo-D30",
        "tipo": "nicho",
        "zonaId": "PLN",
        "cara": "concavo",
        "fila": "D",
        "numero": 30,
        "codigo": "D30",
        "estatus_venta": "disponible",
        "estatus_ocupacion": "",
        "referencia_procap": "",
        "observaciones": "",
        "geometryType": "niches",
        "gridRow": 3,
        "gridColumn": 29
      },
      "geometry": {
        "type": "Polygon",
        "coordinates": [
          [
            [
              896.78,
              150.504721
            ],
            [
              923.78,
              150.504721
            ],
            [
              923.78,
              123.504721
            ],
            [
              896.78,
              123.504721
            ],
            [
              896.78,
              150.504721
            ]
          ]
        ]
      }
    },
    {
      "type": "Feature",
      "properties": {
        "id": "PLN-concavo-D31",
        "tipo": "nicho",
        "zonaId": "PLN",
        "cara": "concavo",
        "fila": "D",
        "numero": 31,
        "codigo": "D31",
        "estatus_venta": "disponible",
        "estatus_ocupacion": "",
        "referencia_procap": "",
        "observaciones": "",
        "geometryType": "niches",
        "gridRow": 3,
        "gridColumn": 30
      },
      "geometry": {
        "type": "Polygon",
        "coordinates": [
          [
            [
              926.835,
              150.504721
            ],
            [
              953.835,
              150.504721
            ],
            [
              953.835,
              123.504721
            ],
            [
              926.835,
              123.504721
            ],
            [
              926.835,
              150.504721
            ]
          ]
        ]
      }
    },
    {
      "type": "Feature",
      "properties": {
        "id": "PLN-concavo-D32",
        "tipo": "nicho",
        "zonaId": "PLN",
        "cara": "concavo",
        "fila": "D",
        "numero": 32,
        "codigo": "D32",
        "estatus_venta": "disponible",
        "estatus_ocupacion": "",
        "referencia_procap": "",
        "observaciones": "",
        "geometryType": "niches",
        "gridRow": 3,
        "gridColumn": 31
      },
      "geometry": {
        "type": "Polygon",
        "coordinates": [
          [
            [
              956.89,
              150.504721
            ],
            [
              983.89,
              150.504721
            ],
            [
              983.89,
              123.504721
            ],
            [
              956.89,
              123.504721
            ],
            [
              956.89,
              150.504721
            ]
          ]
        ]
      }
    },
    {
      "type": "Feature",
      "properties": {
        "id": "PLN-concavo-D33",
        "tipo": "nicho",
        "zonaId": "PLN",
        "cara": "concavo",
        "fila": "D",
        "numero": 33,
        "codigo": "D33",
        "estatus_venta": "disponible",
        "estatus_ocupacion": "",
        "referencia_procap": "",
        "observaciones": "",
        "geometryType": "niches",
        "gridRow": 3,
        "gridColumn": 32
      },
      "geometry": {
        "type": "Polygon",
        "coordinates": [
          [
            [
              986.945,
              150.504721
            ],
            [
              1013.945,
              150.504721
            ],
            [
              1013.945,
              123.504721
            ],
            [
              986.945,
              123.504721
            ],
            [
              986.945,
              150.504721
            ]
          ]
        ]
      }
    },
    {
      "type": "Feature",
      "properties": {
        "id": "PLN-concavo-D34",
        "tipo": "nicho",
        "zonaId": "PLN",
        "cara": "concavo",
        "fila": "D",
        "numero": 34,
        "codigo": "D34",
        "estatus_venta": "disponible",
        "estatus_ocupacion": "",
        "referencia_procap": "",
        "observaciones": "",
        "geometryType": "niches",
        "gridRow": 3,
        "gridColumn": 33
      },
      "geometry": {
        "type": "Polygon",
        "coordinates": [
          [
            [
              1017,
              150.504721
            ],
            [
              1044,
              150.504721
            ],
            [
              1044,
              123.504721
            ],
            [
              1017,
              123.504721
            ],
            [
              1017,
              150.504721
            ]
          ]
        ]
      }
    },
    {
      "type": "Feature",
      "properties": {
        "id": "PLN-concavo-D35",
        "tipo": "nicho",
        "zonaId": "PLN",
        "cara": "concavo",
        "fila": "D",
        "numero": 35,
        "codigo": "D35",
        "estatus_venta": "disponible",
        "estatus_ocupacion": "",
        "referencia_procap": "",
        "observaciones": "",
        "geometryType": "niches",
        "gridRow": 3,
        "gridColumn": 34
      },
      "geometry": {
        "type": "Polygon",
        "coordinates": [
          [
            [
              1047.055,
              150.504721
            ],
            [
              1074.055,
              150.504721
            ],
            [
              1074.055,
              123.504721
            ],
            [
              1047.055,
              123.504721
            ],
            [
              1047.055,
              150.504721
            ]
          ]
        ]
      }
    },
    {
      "type": "Feature",
      "properties": {
        "id": "PLN-concavo-D36",
        "tipo": "nicho",
        "zonaId": "PLN",
        "cara": "concavo",
        "fila": "D",
        "numero": 36,
        "codigo": "D36",
        "estatus_venta": "disponible",
        "estatus_ocupacion": "",
        "referencia_procap": "",
        "observaciones": "",
        "geometryType": "niches",
        "gridRow": 3,
        "gridColumn": 35
      },
      "geometry": {
        "type": "Polygon",
        "coordinates": [
          [
            [
              1077.11,
              150.504721
            ],
            [
              1104.11,
              150.504721
            ],
            [
              1104.11,
              123.504721
            ],
            [
              1077.11,
              123.504721
            ],
            [
              1077.11,
              150.504721
            ]
          ]
        ]
      }
    },
    {
      "type": "Feature",
      "properties": {
        "id": "PLN-concavo-D37",
        "tipo": "nicho",
        "zonaId": "PLN",
        "cara": "concavo",
        "fila": "D",
        "numero": 37,
        "codigo": "D37",
        "estatus_venta": "disponible",
        "estatus_ocupacion": "",
        "referencia_procap": "",
        "observaciones": "",
        "geometryType": "niches",
        "gridRow": 3,
        "gridColumn": 36
      },
      "geometry": {
        "type": "Polygon",
        "coordinates": [
          [
            [
              1107.165,
              150.504721
            ],
            [
              1134.165,
              150.504721
            ],
            [
              1134.165,
              123.504721
            ],
            [
              1107.165,
              123.504721
            ],
            [
              1107.165,
              150.504721
            ]
          ]
        ]
      }
    },
    {
      "type": "Feature",
      "properties": {
        "id": "PLN-concavo-D38",
        "tipo": "nicho",
        "zonaId": "PLN",
        "cara": "concavo",
        "fila": "D",
        "numero": 38,
        "codigo": "D38",
        "estatus_venta": "disponible",
        "estatus_ocupacion": "",
        "referencia_procap": "",
        "observaciones": "",
        "geometryType": "niches",
        "gridRow": 3,
        "gridColumn": 37
      },
      "geometry": {
        "type": "Polygon",
        "coordinates": [
          [
            [
              1137.22,
              150.504721
            ],
            [
              1164.22,
              150.504721
            ],
            [
              1164.22,
              123.504721
            ],
            [
              1137.22,
              123.504721
            ],
            [
              1137.22,
              150.504721
            ]
          ]
        ]
      }
    },
    {
      "type": "Feature",
      "properties": {
        "id": "PLN-concavo-D39",
        "tipo": "nicho",
        "zonaId": "PLN",
        "cara": "concavo",
        "fila": "D",
        "numero": 39,
        "codigo": "D39",
        "estatus_venta": "disponible",
        "estatus_ocupacion": "",
        "referencia_procap": "",
        "observaciones": "",
        "geometryType": "niches",
        "gridRow": 3,
        "gridColumn": 38
      },
      "geometry": {
        "type": "Polygon",
        "coordinates": [
          [
            [
              1167.275,
              150.504721
            ],
            [
              1194.275,
              150.504721
            ],
            [
              1194.275,
              123.504721
            ],
            [
              1167.275,
              123.504721
            ],
            [
              1167.275,
              150.504721
            ]
          ]
        ]
      }
    },
    {
      "type": "Feature",
      "properties": {
        "id": "PLN-concavo-D40",
        "tipo": "nicho",
        "zonaId": "PLN",
        "cara": "concavo",
        "fila": "D",
        "numero": 40,
        "codigo": "D40",
        "estatus_venta": "disponible",
        "estatus_ocupacion": "",
        "referencia_procap": "",
        "observaciones": "",
        "geometryType": "niches",
        "gridRow": 3,
        "gridColumn": 39
      },
      "geometry": {
        "type": "Polygon",
        "coordinates": [
          [
            [
              1197.33,
              150.504721
            ],
            [
              1224.33,
              150.504721
            ],
            [
              1224.33,
              123.504721
            ],
            [
              1197.33,
              123.504721
            ],
            [
              1197.33,
              150.504721
            ]
          ]
        ]
      }
    },
    {
      "type": "Feature",
      "properties": {
        "id": "PLN-concavo-D41",
        "tipo": "nicho",
        "zonaId": "PLN",
        "cara": "concavo",
        "fila": "D",
        "numero": 41,
        "codigo": "D41",
        "estatus_venta": "disponible",
        "estatus_ocupacion": "",
        "referencia_procap": "",
        "observaciones": "",
        "geometryType": "niches",
        "gridRow": 3,
        "gridColumn": 40
      },
      "geometry": {
        "type": "Polygon",
        "coordinates": [
          [
            [
              1227.385,
              150.504721
            ],
            [
              1254.385,
              150.504721
            ],
            [
              1254.385,
              123.504721
            ],
            [
              1227.385,
              123.504721
            ],
            [
              1227.385,
              150.504721
            ]
          ]
        ]
      }
    },
    {
      "type": "Feature",
      "properties": {
        "id": "PLN-concavo-D42",
        "tipo": "nicho",
        "zonaId": "PLN",
        "cara": "concavo",
        "fila": "D",
        "numero": 42,
        "codigo": "D42",
        "estatus_venta": "disponible",
        "estatus_ocupacion": "",
        "referencia_procap": "",
        "observaciones": "",
        "geometryType": "niches",
        "gridRow": 3,
        "gridColumn": 41
      },
      "geometry": {
        "type": "Polygon",
        "coordinates": [
          [
            [
              1257.44,
              150.504721
            ],
            [
              1284.44,
              150.504721
            ],
            [
              1284.44,
              123.504721
            ],
            [
              1257.44,
              123.504721
            ],
            [
              1257.44,
              150.504721
            ]
          ]
        ]
      }
    },
    {
      "type": "Feature",
      "properties": {
        "id": "PLN-concavo-D43",
        "tipo": "nicho",
        "zonaId": "PLN",
        "cara": "concavo",
        "fila": "D",
        "numero": 43,
        "codigo": "D43",
        "estatus_venta": "disponible",
        "estatus_ocupacion": "",
        "referencia_procap": "",
        "observaciones": "",
        "geometryType": "niches",
        "gridRow": 3,
        "gridColumn": 42
      },
      "geometry": {
        "type": "Polygon",
        "coordinates": [
          [
            [
              1287.495,
              150.504721
            ],
            [
              1314.495,
              150.504721
            ],
            [
              1314.495,
              123.504721
            ],
            [
              1287.495,
              123.504721
            ],
            [
              1287.495,
              150.504721
            ]
          ]
        ]
      }
    },
    {
      "type": "Feature",
      "properties": {
        "id": "PLN-concavo-D44",
        "tipo": "nicho",
        "zonaId": "PLN",
        "cara": "concavo",
        "fila": "D",
        "numero": 44,
        "codigo": "D44",
        "estatus_venta": "disponible",
        "estatus_ocupacion": "",
        "referencia_procap": "",
        "observaciones": "",
        "geometryType": "niches",
        "gridRow": 3,
        "gridColumn": 43
      },
      "geometry": {
        "type": "Polygon",
        "coordinates": [
          [
            [
              1317.55,
              150.504721
            ],
            [
              1344.55,
              150.504721
            ],
            [
              1344.55,
              123.504721
            ],
            [
              1317.55,
              123.504721
            ],
            [
              1317.55,
              150.504721
            ]
          ]
        ]
      }
    },
    {
      "type": "Feature",
      "properties": {
        "id": "PLN-concavo-D45",
        "tipo": "nicho",
        "zonaId": "PLN",
        "cara": "concavo",
        "fila": "D",
        "numero": 45,
        "codigo": "D45",
        "estatus_venta": "disponible",
        "estatus_ocupacion": "",
        "referencia_procap": "",
        "observaciones": "",
        "geometryType": "niches",
        "gridRow": 3,
        "gridColumn": 44
      },
      "geometry": {
        "type": "Polygon",
        "coordinates": [
          [
            [
              1347.605,
              150.504721
            ],
            [
              1374.605,
              150.504721
            ],
            [
              1374.605,
              123.504721
            ],
            [
              1347.605,
              123.504721
            ],
            [
              1347.605,
              150.504721
            ]
          ]
        ]
      }
    },
    {
      "type": "Feature",
      "properties": {
        "id": "PLN-concavo-D46",
        "tipo": "nicho",
        "zonaId": "PLN",
        "cara": "concavo",
        "fila": "D",
        "numero": 46,
        "codigo": "D46",
        "estatus_venta": "disponible",
        "estatus_ocupacion": "",
        "referencia_procap": "",
        "observaciones": "",
        "geometryType": "niches",
        "gridRow": 3,
        "gridColumn": 45
      },
      "geometry": {
        "type": "Polygon",
        "coordinates": [
          [
            [
              1377.66,
              150.504721
            ],
            [
              1404.66,
              150.504721
            ],
            [
              1404.66,
              123.504721
            ],
            [
              1377.66,
              123.504721
            ],
            [
              1377.66,
              150.504721
            ]
          ]
        ]
      }
    },
    {
      "type": "Feature",
      "properties": {
        "id": "PLN-concavo-D47",
        "tipo": "nicho",
        "zonaId": "PLN",
        "cara": "concavo",
        "fila": "D",
        "numero": 47,
        "codigo": "D47",
        "estatus_venta": "disponible",
        "estatus_ocupacion": "",
        "referencia_procap": "",
        "observaciones": "",
        "geometryType": "niches",
        "gridRow": 3,
        "gridColumn": 46
      },
      "geometry": {
        "type": "Polygon",
        "coordinates": [
          [
            [
              1407.715,
              150.504721
            ],
            [
              1434.715,
              150.504721
            ],
            [
              1434.715,
              123.504721
            ],
            [
              1407.715,
              123.504721
            ],
            [
              1407.715,
              150.504721
            ]
          ]
        ]
      }
    },
    {
      "type": "Feature",
      "properties": {
        "id": "PLN-concavo-D48",
        "tipo": "nicho",
        "zonaId": "PLN",
        "cara": "concavo",
        "fila": "D",
        "numero": 48,
        "codigo": "D48",
        "estatus_venta": "disponible",
        "estatus_ocupacion": "",
        "referencia_procap": "",
        "observaciones": "",
        "geometryType": "niches",
        "gridRow": 3,
        "gridColumn": 47
      },
      "geometry": {
        "type": "Polygon",
        "coordinates": [
          [
            [
              1437.77,
              150.504721
            ],
            [
              1464.77,
              150.504721
            ],
            [
              1464.77,
              123.504721
            ],
            [
              1437.77,
              123.504721
            ],
            [
              1437.77,
              150.504721
            ]
          ]
        ]
      }
    },
    {
      "type": "Feature",
      "properties": {
        "id": "PLN-concavo-D49",
        "tipo": "nicho",
        "zonaId": "PLN",
        "cara": "concavo",
        "fila": "D",
        "numero": 49,
        "codigo": "D49",
        "estatus_venta": "disponible",
        "estatus_ocupacion": "",
        "referencia_procap": "",
        "observaciones": "",
        "geometryType": "niches",
        "gridRow": 3,
        "gridColumn": 48
      },
      "geometry": {
        "type": "Polygon",
        "coordinates": [
          [
            [
              1467.825,
              150.504721
            ],
            [
              1494.825,
              150.504721
            ],
            [
              1494.825,
              123.504721
            ],
            [
              1467.825,
              123.504721
            ],
            [
              1467.825,
              150.504721
            ]
          ]
        ]
      }
    },
    {
      "type": "Feature",
      "properties": {
        "id": "PLN-concavo-D50",
        "tipo": "nicho",
        "zonaId": "PLN",
        "cara": "concavo",
        "fila": "D",
        "numero": 50,
        "codigo": "D50",
        "estatus_venta": "disponible",
        "estatus_ocupacion": "",
        "referencia_procap": "",
        "observaciones": "",
        "geometryType": "niches",
        "gridRow": 3,
        "gridColumn": 49
      },
      "geometry": {
        "type": "Polygon",
        "coordinates": [
          [
            [
              1497.88,
              150.504721
            ],
            [
              1524.88,
              150.504721
            ],
            [
              1524.88,
              123.504721
            ],
            [
              1497.88,
              123.504721
            ],
            [
              1497.88,
              150.504721
            ]
          ]
        ]
      }
    },
    {
      "type": "Feature",
      "properties": {
        "id": "PLN-concavo-D51",
        "tipo": "nicho",
        "zonaId": "PLN",
        "cara": "concavo",
        "fila": "D",
        "numero": 51,
        "codigo": "D51",
        "estatus_venta": "disponible",
        "estatus_ocupacion": "",
        "referencia_procap": "",
        "observaciones": "",
        "geometryType": "niches",
        "gridRow": 3,
        "gridColumn": 50
      },
      "geometry": {
        "type": "Polygon",
        "coordinates": [
          [
            [
              1527.935,
              150.504721
            ],
            [
              1554.935,
              150.504721
            ],
            [
              1554.935,
              123.504721
            ],
            [
              1527.935,
              123.504721
            ],
            [
              1527.935,
              150.504721
            ]
          ]
        ]
      }
    },
    {
      "type": "Feature",
      "properties": {
        "id": "PLN-concavo-D52",
        "tipo": "nicho",
        "zonaId": "PLN",
        "cara": "concavo",
        "fila": "D",
        "numero": 52,
        "codigo": "D52",
        "estatus_venta": "disponible",
        "estatus_ocupacion": "",
        "referencia_procap": "",
        "observaciones": "",
        "geometryType": "niches",
        "gridRow": 3,
        "gridColumn": 51
      },
      "geometry": {
        "type": "Polygon",
        "coordinates": [
          [
            [
              1557.99,
              150.504721
            ],
            [
              1584.99,
              150.504721
            ],
            [
              1584.99,
              123.504721
            ],
            [
              1557.99,
              123.504721
            ],
            [
              1557.99,
              150.504721
            ]
          ]
        ]
      }
    },
    {
      "type": "Feature",
      "properties": {
        "id": "PLN-concavo-D53",
        "tipo": "nicho",
        "zonaId": "PLN",
        "cara": "concavo",
        "fila": "D",
        "numero": 53,
        "codigo": "D53",
        "estatus_venta": "disponible",
        "estatus_ocupacion": "",
        "referencia_procap": "",
        "observaciones": "",
        "geometryType": "niches",
        "gridRow": 3,
        "gridColumn": 52
      },
      "geometry": {
        "type": "Polygon",
        "coordinates": [
          [
            [
              1588.045,
              150.504721
            ],
            [
              1615.045,
              150.504721
            ],
            [
              1615.045,
              123.504721
            ],
            [
              1588.045,
              123.504721
            ],
            [
              1588.045,
              150.504721
            ]
          ]
        ]
      }
    },
    {
      "type": "Feature",
      "properties": {
        "id": "PLN-concavo-D54",
        "tipo": "nicho",
        "zonaId": "PLN",
        "cara": "concavo",
        "fila": "D",
        "numero": 54,
        "codigo": "D54",
        "estatus_venta": "disponible",
        "estatus_ocupacion": "",
        "referencia_procap": "",
        "observaciones": "",
        "geometryType": "niches",
        "gridRow": 3,
        "gridColumn": 53
      },
      "geometry": {
        "type": "Polygon",
        "coordinates": [
          [
            [
              1618.1,
              150.504721
            ],
            [
              1645.1,
              150.504721
            ],
            [
              1645.1,
              123.504721
            ],
            [
              1618.1,
              123.504721
            ],
            [
              1618.1,
              150.504721
            ]
          ]
        ]
      }
    },
    {
      "type": "Feature",
      "properties": {
        "id": "PLN-concavo-D55",
        "tipo": "nicho",
        "zonaId": "PLN",
        "cara": "concavo",
        "fila": "D",
        "numero": 55,
        "codigo": "D55",
        "estatus_venta": "disponible",
        "estatus_ocupacion": "",
        "referencia_procap": "",
        "observaciones": "",
        "geometryType": "niches",
        "gridRow": 3,
        "gridColumn": 54
      },
      "geometry": {
        "type": "Polygon",
        "coordinates": [
          [
            [
              1648.155,
              150.504721
            ],
            [
              1675.155,
              150.504721
            ],
            [
              1675.155,
              123.504721
            ],
            [
              1648.155,
              123.504721
            ],
            [
              1648.155,
              150.504721
            ]
          ]
        ]
      }
    },
    {
      "type": "Feature",
      "properties": {
        "id": "PLN-concavo-D56",
        "tipo": "nicho",
        "zonaId": "PLN",
        "cara": "concavo",
        "fila": "D",
        "numero": 56,
        "codigo": "D56",
        "estatus_venta": "disponible",
        "estatus_ocupacion": "",
        "referencia_procap": "",
        "observaciones": "",
        "geometryType": "niches",
        "gridRow": 3,
        "gridColumn": 55
      },
      "geometry": {
        "type": "Polygon",
        "coordinates": [
          [
            [
              1678.21,
              150.504721
            ],
            [
              1705.21,
              150.504721
            ],
            [
              1705.21,
              123.504721
            ],
            [
              1678.21,
              123.504721
            ],
            [
              1678.21,
              150.504721
            ]
          ]
        ]
      }
    },
    {
      "type": "Feature",
      "properties": {
        "id": "PLN-concavo-D57",
        "tipo": "nicho",
        "zonaId": "PLN",
        "cara": "concavo",
        "fila": "D",
        "numero": 57,
        "codigo": "D57",
        "estatus_venta": "disponible",
        "estatus_ocupacion": "",
        "referencia_procap": "",
        "observaciones": "",
        "geometryType": "niches",
        "gridRow": 3,
        "gridColumn": 56
      },
      "geometry": {
        "type": "Polygon",
        "coordinates": [
          [
            [
              1708.265,
              150.504721
            ],
            [
              1735.265,
              150.504721
            ],
            [
              1735.265,
              123.504721
            ],
            [
              1708.265,
              123.504721
            ],
            [
              1708.265,
              150.504721
            ]
          ]
        ]
      }
    },
    {
      "type": "Feature",
      "properties": {
        "id": "PLN-concavo-D58",
        "tipo": "nicho",
        "zonaId": "PLN",
        "cara": "concavo",
        "fila": "D",
        "numero": 58,
        "codigo": "D58",
        "estatus_venta": "disponible",
        "estatus_ocupacion": "",
        "referencia_procap": "",
        "observaciones": "",
        "geometryType": "niches",
        "gridRow": 3,
        "gridColumn": 57
      },
      "geometry": {
        "type": "Polygon",
        "coordinates": [
          [
            [
              1738.32,
              150.504721
            ],
            [
              1765.32,
              150.504721
            ],
            [
              1765.32,
              123.504721
            ],
            [
              1738.32,
              123.504721
            ],
            [
              1738.32,
              150.504721
            ]
          ]
        ]
      }
    },
    {
      "type": "Feature",
      "properties": {
        "id": "PLN-concavo-D59",
        "tipo": "nicho",
        "zonaId": "PLN",
        "cara": "concavo",
        "fila": "D",
        "numero": 59,
        "codigo": "D59",
        "estatus_venta": "disponible",
        "estatus_ocupacion": "",
        "referencia_procap": "",
        "observaciones": "",
        "geometryType": "niches",
        "gridRow": 3,
        "gridColumn": 58
      },
      "geometry": {
        "type": "Polygon",
        "coordinates": [
          [
            [
              1768.375,
              150.504721
            ],
            [
              1795.375,
              150.504721
            ],
            [
              1795.375,
              123.504721
            ],
            [
              1768.375,
              123.504721
            ],
            [
              1768.375,
              150.504721
            ]
          ]
        ]
      }
    },
    {
      "type": "Feature",
      "properties": {
        "id": "PLN-concavo-D60",
        "tipo": "nicho",
        "zonaId": "PLN",
        "cara": "concavo",
        "fila": "D",
        "numero": 60,
        "codigo": "D60",
        "estatus_venta": "disponible",
        "estatus_ocupacion": "",
        "referencia_procap": "",
        "observaciones": "",
        "geometryType": "niches",
        "gridRow": 3,
        "gridColumn": 59
      },
      "geometry": {
        "type": "Polygon",
        "coordinates": [
          [
            [
              1798.43,
              150.504721
            ],
            [
              1825.43,
              150.504721
            ],
            [
              1825.43,
              123.504721
            ],
            [
              1798.43,
              123.504721
            ],
            [
              1798.43,
              150.504721
            ]
          ]
        ]
      }
    },
    {
      "type": "Feature",
      "properties": {
        "id": "PLN-concavo-D61",
        "tipo": "nicho",
        "zonaId": "PLN",
        "cara": "concavo",
        "fila": "D",
        "numero": 61,
        "codigo": "D61",
        "estatus_venta": "disponible",
        "estatus_ocupacion": "",
        "referencia_procap": "",
        "observaciones": "",
        "geometryType": "niches",
        "gridRow": 3,
        "gridColumn": 60
      },
      "geometry": {
        "type": "Polygon",
        "coordinates": [
          [
            [
              1828.485,
              150.504721
            ],
            [
              1855.485,
              150.504721
            ],
            [
              1855.485,
              123.504721
            ],
            [
              1828.485,
              123.504721
            ],
            [
              1828.485,
              150.504721
            ]
          ]
        ]
      }
    },
    {
      "type": "Feature",
      "properties": {
        "id": "PLN-concavo-D62",
        "tipo": "nicho",
        "zonaId": "PLN",
        "cara": "concavo",
        "fila": "D",
        "numero": 62,
        "codigo": "D62",
        "estatus_venta": "disponible",
        "estatus_ocupacion": "",
        "referencia_procap": "",
        "observaciones": "",
        "geometryType": "niches",
        "gridRow": 3,
        "gridColumn": 61
      },
      "geometry": {
        "type": "Polygon",
        "coordinates": [
          [
            [
              1858.54,
              150.504721
            ],
            [
              1885.54,
              150.504721
            ],
            [
              1885.54,
              123.504721
            ],
            [
              1858.54,
              123.504721
            ],
            [
              1858.54,
              150.504721
            ]
          ]
        ]
      }
    },
    {
      "type": "Feature",
      "properties": {
        "id": "PLN-concavo-D63",
        "tipo": "nicho",
        "zonaId": "PLN",
        "cara": "concavo",
        "fila": "D",
        "numero": 63,
        "codigo": "D63",
        "estatus_venta": "disponible",
        "estatus_ocupacion": "",
        "referencia_procap": "",
        "observaciones": "",
        "geometryType": "niches",
        "gridRow": 3,
        "gridColumn": 62
      },
      "geometry": {
        "type": "Polygon",
        "coordinates": [
          [
            [
              1888.595,
              150.504721
            ],
            [
              1915.595,
              150.504721
            ],
            [
              1915.595,
              123.504721
            ],
            [
              1888.595,
              123.504721
            ],
            [
              1888.595,
              150.504721
            ]
          ]
        ]
      }
    },
    {
      "type": "Feature",
      "properties": {
        "id": "PLN-concavo-D64",
        "tipo": "nicho",
        "zonaId": "PLN",
        "cara": "concavo",
        "fila": "D",
        "numero": 64,
        "codigo": "D64",
        "estatus_venta": "disponible",
        "estatus_ocupacion": "",
        "referencia_procap": "",
        "observaciones": "",
        "geometryType": "niches",
        "gridRow": 3,
        "gridColumn": 63
      },
      "geometry": {
        "type": "Polygon",
        "coordinates": [
          [
            [
              1918.65,
              150.504721
            ],
            [
              1945.65,
              150.504721
            ],
            [
              1945.65,
              123.504721
            ],
            [
              1918.65,
              123.504721
            ],
            [
              1918.65,
              150.504721
            ]
          ]
        ]
      }
    },
    {
      "type": "Feature",
      "properties": {
        "id": "PLN-concavo-D65",
        "tipo": "nicho",
        "zonaId": "PLN",
        "cara": "concavo",
        "fila": "D",
        "numero": 65,
        "codigo": "D65",
        "estatus_venta": "disponible",
        "estatus_ocupacion": "",
        "referencia_procap": "",
        "observaciones": "",
        "geometryType": "niches",
        "gridRow": 3,
        "gridColumn": 64
      },
      "geometry": {
        "type": "Polygon",
        "coordinates": [
          [
            [
              1948.705,
              150.504721
            ],
            [
              1975.705,
              150.504721
            ],
            [
              1975.705,
              123.504721
            ],
            [
              1948.705,
              123.504721
            ],
            [
              1948.705,
              150.504721
            ]
          ]
        ]
      }
    },
    {
      "type": "Feature",
      "properties": {
        "id": "PLN-concavo-D66",
        "tipo": "nicho",
        "zonaId": "PLN",
        "cara": "concavo",
        "fila": "D",
        "numero": 66,
        "codigo": "D66",
        "estatus_venta": "disponible",
        "estatus_ocupacion": "",
        "referencia_procap": "",
        "observaciones": "",
        "geometryType": "niches",
        "gridRow": 3,
        "gridColumn": 65
      },
      "geometry": {
        "type": "Polygon",
        "coordinates": [
          [
            [
              1978.76,
              150.504721
            ],
            [
              2005.76,
              150.504721
            ],
            [
              2005.76,
              123.504721
            ],
            [
              1978.76,
              123.504721
            ],
            [
              1978.76,
              150.504721
            ]
          ]
        ]
      }
    },
    {
      "type": "Feature",
      "properties": {
        "id": "PLN-concavo-D67",
        "tipo": "nicho",
        "zonaId": "PLN",
        "cara": "concavo",
        "fila": "D",
        "numero": 67,
        "codigo": "D67",
        "estatus_venta": "disponible",
        "estatus_ocupacion": "",
        "referencia_procap": "",
        "observaciones": "",
        "geometryType": "niches",
        "gridRow": 3,
        "gridColumn": 66
      },
      "geometry": {
        "type": "Polygon",
        "coordinates": [
          [
            [
              2008.815,
              150.504721
            ],
            [
              2035.815,
              150.504721
            ],
            [
              2035.815,
              123.504721
            ],
            [
              2008.815,
              123.504721
            ],
            [
              2008.815,
              150.504721
            ]
          ]
        ]
      }
    },
    {
      "type": "Feature",
      "properties": {
        "id": "PLN-concavo-E1",
        "tipo": "nicho",
        "zonaId": "PLN",
        "cara": "concavo",
        "fila": "E",
        "numero": 1,
        "codigo": "E1",
        "estatus_venta": "disponible",
        "estatus_ocupacion": "",
        "referencia_procap": "",
        "observaciones": "",
        "geometryType": "niches",
        "gridRow": 4,
        "gridColumn": 0
      },
      "geometry": {
        "type": "Polygon",
        "coordinates": [
          [
            [
              25.185,
              121.504721
            ],
            [
              52.185,
              121.504721
            ],
            [
              52.185,
              94.504721
            ],
            [
              25.185,
              94.504721
            ],
            [
              25.185,
              121.504721
            ]
          ]
        ]
      }
    },
    {
      "type": "Feature",
      "properties": {
        "id": "PLN-concavo-E2",
        "tipo": "nicho",
        "zonaId": "PLN",
        "cara": "concavo",
        "fila": "E",
        "numero": 2,
        "codigo": "E2",
        "estatus_venta": "disponible",
        "estatus_ocupacion": "",
        "referencia_procap": "",
        "observaciones": "",
        "geometryType": "niches",
        "gridRow": 4,
        "gridColumn": 1
      },
      "geometry": {
        "type": "Polygon",
        "coordinates": [
          [
            [
              55.24,
              121.504721
            ],
            [
              82.24,
              121.504721
            ],
            [
              82.24,
              94.504721
            ],
            [
              55.24,
              94.504721
            ],
            [
              55.24,
              121.504721
            ]
          ]
        ]
      }
    },
    {
      "type": "Feature",
      "properties": {
        "id": "PLN-concavo-E3",
        "tipo": "nicho",
        "zonaId": "PLN",
        "cara": "concavo",
        "fila": "E",
        "numero": 3,
        "codigo": "E3",
        "estatus_venta": "disponible",
        "estatus_ocupacion": "",
        "referencia_procap": "",
        "observaciones": "",
        "geometryType": "niches",
        "gridRow": 4,
        "gridColumn": 2
      },
      "geometry": {
        "type": "Polygon",
        "coordinates": [
          [
            [
              85.295,
              121.504721
            ],
            [
              112.295,
              121.504721
            ],
            [
              112.295,
              94.504721
            ],
            [
              85.295,
              94.504721
            ],
            [
              85.295,
              121.504721
            ]
          ]
        ]
      }
    },
    {
      "type": "Feature",
      "properties": {
        "id": "PLN-concavo-E4",
        "tipo": "nicho",
        "zonaId": "PLN",
        "cara": "concavo",
        "fila": "E",
        "numero": 4,
        "codigo": "E4",
        "estatus_venta": "disponible",
        "estatus_ocupacion": "",
        "referencia_procap": "",
        "observaciones": "",
        "geometryType": "niches",
        "gridRow": 4,
        "gridColumn": 3
      },
      "geometry": {
        "type": "Polygon",
        "coordinates": [
          [
            [
              115.35,
              121.504721
            ],
            [
              142.35,
              121.504721
            ],
            [
              142.35,
              94.504721
            ],
            [
              115.35,
              94.504721
            ],
            [
              115.35,
              121.504721
            ]
          ]
        ]
      }
    },
    {
      "type": "Feature",
      "properties": {
        "id": "PLN-concavo-E5",
        "tipo": "nicho",
        "zonaId": "PLN",
        "cara": "concavo",
        "fila": "E",
        "numero": 5,
        "codigo": "E5",
        "estatus_venta": "disponible",
        "estatus_ocupacion": "",
        "referencia_procap": "",
        "observaciones": "",
        "geometryType": "niches",
        "gridRow": 4,
        "gridColumn": 4
      },
      "geometry": {
        "type": "Polygon",
        "coordinates": [
          [
            [
              145.405,
              121.504721
            ],
            [
              172.405,
              121.504721
            ],
            [
              172.405,
              94.504721
            ],
            [
              145.405,
              94.504721
            ],
            [
              145.405,
              121.504721
            ]
          ]
        ]
      }
    },
    {
      "type": "Feature",
      "properties": {
        "id": "PLN-concavo-E6",
        "tipo": "nicho",
        "zonaId": "PLN",
        "cara": "concavo",
        "fila": "E",
        "numero": 6,
        "codigo": "E6",
        "estatus_venta": "disponible",
        "estatus_ocupacion": "",
        "referencia_procap": "",
        "observaciones": "",
        "geometryType": "niches",
        "gridRow": 4,
        "gridColumn": 5
      },
      "geometry": {
        "type": "Polygon",
        "coordinates": [
          [
            [
              175.46,
              121.504721
            ],
            [
              202.46,
              121.504721
            ],
            [
              202.46,
              94.504721
            ],
            [
              175.46,
              94.504721
            ],
            [
              175.46,
              121.504721
            ]
          ]
        ]
      }
    },
    {
      "type": "Feature",
      "properties": {
        "id": "PLN-concavo-E7",
        "tipo": "nicho",
        "zonaId": "PLN",
        "cara": "concavo",
        "fila": "E",
        "numero": 7,
        "codigo": "E7",
        "estatus_venta": "disponible",
        "estatus_ocupacion": "",
        "referencia_procap": "",
        "observaciones": "",
        "geometryType": "niches",
        "gridRow": 4,
        "gridColumn": 6
      },
      "geometry": {
        "type": "Polygon",
        "coordinates": [
          [
            [
              205.515,
              121.504721
            ],
            [
              232.515,
              121.504721
            ],
            [
              232.515,
              94.504721
            ],
            [
              205.515,
              94.504721
            ],
            [
              205.515,
              121.504721
            ]
          ]
        ]
      }
    },
    {
      "type": "Feature",
      "properties": {
        "id": "PLN-concavo-E8",
        "tipo": "nicho",
        "zonaId": "PLN",
        "cara": "concavo",
        "fila": "E",
        "numero": 8,
        "codigo": "E8",
        "estatus_venta": "disponible",
        "estatus_ocupacion": "",
        "referencia_procap": "",
        "observaciones": "",
        "geometryType": "niches",
        "gridRow": 4,
        "gridColumn": 7
      },
      "geometry": {
        "type": "Polygon",
        "coordinates": [
          [
            [
              235.57,
              121.504721
            ],
            [
              262.57,
              121.504721
            ],
            [
              262.57,
              94.504721
            ],
            [
              235.57,
              94.504721
            ],
            [
              235.57,
              121.504721
            ]
          ]
        ]
      }
    },
    {
      "type": "Feature",
      "properties": {
        "id": "PLN-concavo-E9",
        "tipo": "nicho",
        "zonaId": "PLN",
        "cara": "concavo",
        "fila": "E",
        "numero": 9,
        "codigo": "E9",
        "estatus_venta": "disponible",
        "estatus_ocupacion": "",
        "referencia_procap": "",
        "observaciones": "",
        "geometryType": "niches",
        "gridRow": 4,
        "gridColumn": 8
      },
      "geometry": {
        "type": "Polygon",
        "coordinates": [
          [
            [
              265.625,
              121.504721
            ],
            [
              292.625,
              121.504721
            ],
            [
              292.625,
              94.504721
            ],
            [
              265.625,
              94.504721
            ],
            [
              265.625,
              121.504721
            ]
          ]
        ]
      }
    },
    {
      "type": "Feature",
      "properties": {
        "id": "PLN-concavo-E10",
        "tipo": "nicho",
        "zonaId": "PLN",
        "cara": "concavo",
        "fila": "E",
        "numero": 10,
        "codigo": "E10",
        "estatus_venta": "disponible",
        "estatus_ocupacion": "",
        "referencia_procap": "",
        "observaciones": "",
        "geometryType": "niches",
        "gridRow": 4,
        "gridColumn": 9
      },
      "geometry": {
        "type": "Polygon",
        "coordinates": [
          [
            [
              295.68,
              121.504721
            ],
            [
              322.68,
              121.504721
            ],
            [
              322.68,
              94.504721
            ],
            [
              295.68,
              94.504721
            ],
            [
              295.68,
              121.504721
            ]
          ]
        ]
      }
    },
    {
      "type": "Feature",
      "properties": {
        "id": "PLN-concavo-E11",
        "tipo": "nicho",
        "zonaId": "PLN",
        "cara": "concavo",
        "fila": "E",
        "numero": 11,
        "codigo": "E11",
        "estatus_venta": "disponible",
        "estatus_ocupacion": "",
        "referencia_procap": "",
        "observaciones": "",
        "geometryType": "niches",
        "gridRow": 4,
        "gridColumn": 10
      },
      "geometry": {
        "type": "Polygon",
        "coordinates": [
          [
            [
              325.735,
              121.504721
            ],
            [
              352.735,
              121.504721
            ],
            [
              352.735,
              94.504721
            ],
            [
              325.735,
              94.504721
            ],
            [
              325.735,
              121.504721
            ]
          ]
        ]
      }
    },
    {
      "type": "Feature",
      "properties": {
        "id": "PLN-concavo-E12",
        "tipo": "nicho",
        "zonaId": "PLN",
        "cara": "concavo",
        "fila": "E",
        "numero": 12,
        "codigo": "E12",
        "estatus_venta": "disponible",
        "estatus_ocupacion": "",
        "referencia_procap": "",
        "observaciones": "",
        "geometryType": "niches",
        "gridRow": 4,
        "gridColumn": 11
      },
      "geometry": {
        "type": "Polygon",
        "coordinates": [
          [
            [
              355.79,
              121.504721
            ],
            [
              382.79,
              121.504721
            ],
            [
              382.79,
              94.504721
            ],
            [
              355.79,
              94.504721
            ],
            [
              355.79,
              121.504721
            ]
          ]
        ]
      }
    },
    {
      "type": "Feature",
      "properties": {
        "id": "PLN-concavo-E13",
        "tipo": "nicho",
        "zonaId": "PLN",
        "cara": "concavo",
        "fila": "E",
        "numero": 13,
        "codigo": "E13",
        "estatus_venta": "disponible",
        "estatus_ocupacion": "",
        "referencia_procap": "",
        "observaciones": "",
        "geometryType": "niches",
        "gridRow": 4,
        "gridColumn": 12
      },
      "geometry": {
        "type": "Polygon",
        "coordinates": [
          [
            [
              385.845,
              121.504721
            ],
            [
              412.845,
              121.504721
            ],
            [
              412.845,
              94.504721
            ],
            [
              385.845,
              94.504721
            ],
            [
              385.845,
              121.504721
            ]
          ]
        ]
      }
    },
    {
      "type": "Feature",
      "properties": {
        "id": "PLN-concavo-E14",
        "tipo": "nicho",
        "zonaId": "PLN",
        "cara": "concavo",
        "fila": "E",
        "numero": 14,
        "codigo": "E14",
        "estatus_venta": "disponible",
        "estatus_ocupacion": "",
        "referencia_procap": "",
        "observaciones": "",
        "geometryType": "niches",
        "gridRow": 4,
        "gridColumn": 13
      },
      "geometry": {
        "type": "Polygon",
        "coordinates": [
          [
            [
              415.9,
              121.504721
            ],
            [
              442.9,
              121.504721
            ],
            [
              442.9,
              94.504721
            ],
            [
              415.9,
              94.504721
            ],
            [
              415.9,
              121.504721
            ]
          ]
        ]
      }
    },
    {
      "type": "Feature",
      "properties": {
        "id": "PLN-concavo-E15",
        "tipo": "nicho",
        "zonaId": "PLN",
        "cara": "concavo",
        "fila": "E",
        "numero": 15,
        "codigo": "E15",
        "estatus_venta": "disponible",
        "estatus_ocupacion": "",
        "referencia_procap": "",
        "observaciones": "",
        "geometryType": "niches",
        "gridRow": 4,
        "gridColumn": 14
      },
      "geometry": {
        "type": "Polygon",
        "coordinates": [
          [
            [
              445.955,
              121.504721
            ],
            [
              472.955,
              121.504721
            ],
            [
              472.955,
              94.504721
            ],
            [
              445.955,
              94.504721
            ],
            [
              445.955,
              121.504721
            ]
          ]
        ]
      }
    },
    {
      "type": "Feature",
      "properties": {
        "id": "PLN-concavo-E16",
        "tipo": "nicho",
        "zonaId": "PLN",
        "cara": "concavo",
        "fila": "E",
        "numero": 16,
        "codigo": "E16",
        "estatus_venta": "disponible",
        "estatus_ocupacion": "",
        "referencia_procap": "",
        "observaciones": "",
        "geometryType": "niches",
        "gridRow": 4,
        "gridColumn": 15
      },
      "geometry": {
        "type": "Polygon",
        "coordinates": [
          [
            [
              476.01,
              121.504721
            ],
            [
              503.01,
              121.504721
            ],
            [
              503.01,
              94.504721
            ],
            [
              476.01,
              94.504721
            ],
            [
              476.01,
              121.504721
            ]
          ]
        ]
      }
    },
    {
      "type": "Feature",
      "properties": {
        "id": "PLN-concavo-E17",
        "tipo": "nicho",
        "zonaId": "PLN",
        "cara": "concavo",
        "fila": "E",
        "numero": 17,
        "codigo": "E17",
        "estatus_venta": "disponible",
        "estatus_ocupacion": "",
        "referencia_procap": "",
        "observaciones": "",
        "geometryType": "niches",
        "gridRow": 4,
        "gridColumn": 16
      },
      "geometry": {
        "type": "Polygon",
        "coordinates": [
          [
            [
              506.065,
              121.504721
            ],
            [
              533.065,
              121.504721
            ],
            [
              533.065,
              94.504721
            ],
            [
              506.065,
              94.504721
            ],
            [
              506.065,
              121.504721
            ]
          ]
        ]
      }
    },
    {
      "type": "Feature",
      "properties": {
        "id": "PLN-concavo-E18",
        "tipo": "nicho",
        "zonaId": "PLN",
        "cara": "concavo",
        "fila": "E",
        "numero": 18,
        "codigo": "E18",
        "estatus_venta": "disponible",
        "estatus_ocupacion": "",
        "referencia_procap": "",
        "observaciones": "",
        "geometryType": "niches",
        "gridRow": 4,
        "gridColumn": 17
      },
      "geometry": {
        "type": "Polygon",
        "coordinates": [
          [
            [
              536.12,
              121.504721
            ],
            [
              563.12,
              121.504721
            ],
            [
              563.12,
              94.504721
            ],
            [
              536.12,
              94.504721
            ],
            [
              536.12,
              121.504721
            ]
          ]
        ]
      }
    },
    {
      "type": "Feature",
      "properties": {
        "id": "PLN-concavo-E19",
        "tipo": "nicho",
        "zonaId": "PLN",
        "cara": "concavo",
        "fila": "E",
        "numero": 19,
        "codigo": "E19",
        "estatus_venta": "disponible",
        "estatus_ocupacion": "",
        "referencia_procap": "",
        "observaciones": "",
        "geometryType": "niches",
        "gridRow": 4,
        "gridColumn": 18
      },
      "geometry": {
        "type": "Polygon",
        "coordinates": [
          [
            [
              566.175,
              121.504721
            ],
            [
              593.175,
              121.504721
            ],
            [
              593.175,
              94.504721
            ],
            [
              566.175,
              94.504721
            ],
            [
              566.175,
              121.504721
            ]
          ]
        ]
      }
    },
    {
      "type": "Feature",
      "properties": {
        "id": "PLN-concavo-E20",
        "tipo": "nicho",
        "zonaId": "PLN",
        "cara": "concavo",
        "fila": "E",
        "numero": 20,
        "codigo": "E20",
        "estatus_venta": "disponible",
        "estatus_ocupacion": "",
        "referencia_procap": "",
        "observaciones": "",
        "geometryType": "niches",
        "gridRow": 4,
        "gridColumn": 19
      },
      "geometry": {
        "type": "Polygon",
        "coordinates": [
          [
            [
              596.23,
              121.504721
            ],
            [
              623.23,
              121.504721
            ],
            [
              623.23,
              94.504721
            ],
            [
              596.23,
              94.504721
            ],
            [
              596.23,
              121.504721
            ]
          ]
        ]
      }
    },
    {
      "type": "Feature",
      "properties": {
        "id": "PLN-concavo-E21",
        "tipo": "nicho",
        "zonaId": "PLN",
        "cara": "concavo",
        "fila": "E",
        "numero": 21,
        "codigo": "E21",
        "estatus_venta": "disponible",
        "estatus_ocupacion": "",
        "referencia_procap": "",
        "observaciones": "",
        "geometryType": "niches",
        "gridRow": 4,
        "gridColumn": 20
      },
      "geometry": {
        "type": "Polygon",
        "coordinates": [
          [
            [
              626.285,
              121.504721
            ],
            [
              653.285,
              121.504721
            ],
            [
              653.285,
              94.504721
            ],
            [
              626.285,
              94.504721
            ],
            [
              626.285,
              121.504721
            ]
          ]
        ]
      }
    },
    {
      "type": "Feature",
      "properties": {
        "id": "PLN-concavo-E22",
        "tipo": "nicho",
        "zonaId": "PLN",
        "cara": "concavo",
        "fila": "E",
        "numero": 22,
        "codigo": "E22",
        "estatus_venta": "disponible",
        "estatus_ocupacion": "",
        "referencia_procap": "",
        "observaciones": "",
        "geometryType": "niches",
        "gridRow": 4,
        "gridColumn": 21
      },
      "geometry": {
        "type": "Polygon",
        "coordinates": [
          [
            [
              656.34,
              121.504721
            ],
            [
              683.34,
              121.504721
            ],
            [
              683.34,
              94.504721
            ],
            [
              656.34,
              94.504721
            ],
            [
              656.34,
              121.504721
            ]
          ]
        ]
      }
    },
    {
      "type": "Feature",
      "properties": {
        "id": "PLN-concavo-E23",
        "tipo": "nicho",
        "zonaId": "PLN",
        "cara": "concavo",
        "fila": "E",
        "numero": 23,
        "codigo": "E23",
        "estatus_venta": "disponible",
        "estatus_ocupacion": "",
        "referencia_procap": "",
        "observaciones": "",
        "geometryType": "niches",
        "gridRow": 4,
        "gridColumn": 22
      },
      "geometry": {
        "type": "Polygon",
        "coordinates": [
          [
            [
              686.395,
              121.504721
            ],
            [
              713.395,
              121.504721
            ],
            [
              713.395,
              94.504721
            ],
            [
              686.395,
              94.504721
            ],
            [
              686.395,
              121.504721
            ]
          ]
        ]
      }
    },
    {
      "type": "Feature",
      "properties": {
        "id": "PLN-concavo-E24",
        "tipo": "nicho",
        "zonaId": "PLN",
        "cara": "concavo",
        "fila": "E",
        "numero": 24,
        "codigo": "E24",
        "estatus_venta": "disponible",
        "estatus_ocupacion": "",
        "referencia_procap": "",
        "observaciones": "",
        "geometryType": "niches",
        "gridRow": 4,
        "gridColumn": 23
      },
      "geometry": {
        "type": "Polygon",
        "coordinates": [
          [
            [
              716.45,
              121.504721
            ],
            [
              743.45,
              121.504721
            ],
            [
              743.45,
              94.504721
            ],
            [
              716.45,
              94.504721
            ],
            [
              716.45,
              121.504721
            ]
          ]
        ]
      }
    },
    {
      "type": "Feature",
      "properties": {
        "id": "PLN-concavo-E25",
        "tipo": "nicho",
        "zonaId": "PLN",
        "cara": "concavo",
        "fila": "E",
        "numero": 25,
        "codigo": "E25",
        "estatus_venta": "disponible",
        "estatus_ocupacion": "",
        "referencia_procap": "",
        "observaciones": "",
        "geometryType": "niches",
        "gridRow": 4,
        "gridColumn": 24
      },
      "geometry": {
        "type": "Polygon",
        "coordinates": [
          [
            [
              746.505,
              121.504721
            ],
            [
              773.505,
              121.504721
            ],
            [
              773.505,
              94.504721
            ],
            [
              746.505,
              94.504721
            ],
            [
              746.505,
              121.504721
            ]
          ]
        ]
      }
    },
    {
      "type": "Feature",
      "properties": {
        "id": "PLN-concavo-E26",
        "tipo": "nicho",
        "zonaId": "PLN",
        "cara": "concavo",
        "fila": "E",
        "numero": 26,
        "codigo": "E26",
        "estatus_venta": "disponible",
        "estatus_ocupacion": "",
        "referencia_procap": "",
        "observaciones": "",
        "geometryType": "niches",
        "gridRow": 4,
        "gridColumn": 25
      },
      "geometry": {
        "type": "Polygon",
        "coordinates": [
          [
            [
              776.56,
              121.504721
            ],
            [
              803.56,
              121.504721
            ],
            [
              803.56,
              94.504721
            ],
            [
              776.56,
              94.504721
            ],
            [
              776.56,
              121.504721
            ]
          ]
        ]
      }
    },
    {
      "type": "Feature",
      "properties": {
        "id": "PLN-concavo-E27",
        "tipo": "nicho",
        "zonaId": "PLN",
        "cara": "concavo",
        "fila": "E",
        "numero": 27,
        "codigo": "E27",
        "estatus_venta": "disponible",
        "estatus_ocupacion": "",
        "referencia_procap": "",
        "observaciones": "",
        "geometryType": "niches",
        "gridRow": 4,
        "gridColumn": 26
      },
      "geometry": {
        "type": "Polygon",
        "coordinates": [
          [
            [
              806.615,
              121.504721
            ],
            [
              833.615,
              121.504721
            ],
            [
              833.615,
              94.504721
            ],
            [
              806.615,
              94.504721
            ],
            [
              806.615,
              121.504721
            ]
          ]
        ]
      }
    },
    {
      "type": "Feature",
      "properties": {
        "id": "PLN-concavo-E28",
        "tipo": "nicho",
        "zonaId": "PLN",
        "cara": "concavo",
        "fila": "E",
        "numero": 28,
        "codigo": "E28",
        "estatus_venta": "disponible",
        "estatus_ocupacion": "",
        "referencia_procap": "",
        "observaciones": "",
        "geometryType": "niches",
        "gridRow": 4,
        "gridColumn": 27
      },
      "geometry": {
        "type": "Polygon",
        "coordinates": [
          [
            [
              836.67,
              121.504721
            ],
            [
              863.67,
              121.504721
            ],
            [
              863.67,
              94.504721
            ],
            [
              836.67,
              94.504721
            ],
            [
              836.67,
              121.504721
            ]
          ]
        ]
      }
    },
    {
      "type": "Feature",
      "properties": {
        "id": "PLN-concavo-E29",
        "tipo": "nicho",
        "zonaId": "PLN",
        "cara": "concavo",
        "fila": "E",
        "numero": 29,
        "codigo": "E29",
        "estatus_venta": "disponible",
        "estatus_ocupacion": "",
        "referencia_procap": "",
        "observaciones": "",
        "geometryType": "niches",
        "gridRow": 4,
        "gridColumn": 28
      },
      "geometry": {
        "type": "Polygon",
        "coordinates": [
          [
            [
              866.725,
              121.504721
            ],
            [
              893.725,
              121.504721
            ],
            [
              893.725,
              94.504721
            ],
            [
              866.725,
              94.504721
            ],
            [
              866.725,
              121.504721
            ]
          ]
        ]
      }
    },
    {
      "type": "Feature",
      "properties": {
        "id": "PLN-concavo-E30",
        "tipo": "nicho",
        "zonaId": "PLN",
        "cara": "concavo",
        "fila": "E",
        "numero": 30,
        "codigo": "E30",
        "estatus_venta": "disponible",
        "estatus_ocupacion": "",
        "referencia_procap": "",
        "observaciones": "",
        "geometryType": "niches",
        "gridRow": 4,
        "gridColumn": 29
      },
      "geometry": {
        "type": "Polygon",
        "coordinates": [
          [
            [
              896.78,
              121.504721
            ],
            [
              923.78,
              121.504721
            ],
            [
              923.78,
              94.504721
            ],
            [
              896.78,
              94.504721
            ],
            [
              896.78,
              121.504721
            ]
          ]
        ]
      }
    },
    {
      "type": "Feature",
      "properties": {
        "id": "PLN-concavo-E31",
        "tipo": "nicho",
        "zonaId": "PLN",
        "cara": "concavo",
        "fila": "E",
        "numero": 31,
        "codigo": "E31",
        "estatus_venta": "disponible",
        "estatus_ocupacion": "",
        "referencia_procap": "",
        "observaciones": "",
        "geometryType": "niches",
        "gridRow": 4,
        "gridColumn": 30
      },
      "geometry": {
        "type": "Polygon",
        "coordinates": [
          [
            [
              926.835,
              121.504721
            ],
            [
              953.835,
              121.504721
            ],
            [
              953.835,
              94.504721
            ],
            [
              926.835,
              94.504721
            ],
            [
              926.835,
              121.504721
            ]
          ]
        ]
      }
    },
    {
      "type": "Feature",
      "properties": {
        "id": "PLN-concavo-E32",
        "tipo": "nicho",
        "zonaId": "PLN",
        "cara": "concavo",
        "fila": "E",
        "numero": 32,
        "codigo": "E32",
        "estatus_venta": "disponible",
        "estatus_ocupacion": "",
        "referencia_procap": "",
        "observaciones": "",
        "geometryType": "niches",
        "gridRow": 4,
        "gridColumn": 31
      },
      "geometry": {
        "type": "Polygon",
        "coordinates": [
          [
            [
              956.89,
              121.504721
            ],
            [
              983.89,
              121.504721
            ],
            [
              983.89,
              94.504721
            ],
            [
              956.89,
              94.504721
            ],
            [
              956.89,
              121.504721
            ]
          ]
        ]
      }
    },
    {
      "type": "Feature",
      "properties": {
        "id": "PLN-concavo-E33",
        "tipo": "nicho",
        "zonaId": "PLN",
        "cara": "concavo",
        "fila": "E",
        "numero": 33,
        "codigo": "E33",
        "estatus_venta": "disponible",
        "estatus_ocupacion": "",
        "referencia_procap": "",
        "observaciones": "",
        "geometryType": "niches",
        "gridRow": 4,
        "gridColumn": 32
      },
      "geometry": {
        "type": "Polygon",
        "coordinates": [
          [
            [
              986.945,
              121.504721
            ],
            [
              1013.945,
              121.504721
            ],
            [
              1013.945,
              94.504721
            ],
            [
              986.945,
              94.504721
            ],
            [
              986.945,
              121.504721
            ]
          ]
        ]
      }
    },
    {
      "type": "Feature",
      "properties": {
        "id": "PLN-concavo-E34",
        "tipo": "nicho",
        "zonaId": "PLN",
        "cara": "concavo",
        "fila": "E",
        "numero": 34,
        "codigo": "E34",
        "estatus_venta": "disponible",
        "estatus_ocupacion": "",
        "referencia_procap": "",
        "observaciones": "",
        "geometryType": "niches",
        "gridRow": 4,
        "gridColumn": 33
      },
      "geometry": {
        "type": "Polygon",
        "coordinates": [
          [
            [
              1017,
              121.504721
            ],
            [
              1044,
              121.504721
            ],
            [
              1044,
              94.504721
            ],
            [
              1017,
              94.504721
            ],
            [
              1017,
              121.504721
            ]
          ]
        ]
      }
    },
    {
      "type": "Feature",
      "properties": {
        "id": "PLN-concavo-E35",
        "tipo": "nicho",
        "zonaId": "PLN",
        "cara": "concavo",
        "fila": "E",
        "numero": 35,
        "codigo": "E35",
        "estatus_venta": "disponible",
        "estatus_ocupacion": "",
        "referencia_procap": "",
        "observaciones": "",
        "geometryType": "niches",
        "gridRow": 4,
        "gridColumn": 34
      },
      "geometry": {
        "type": "Polygon",
        "coordinates": [
          [
            [
              1047.055,
              121.504721
            ],
            [
              1074.055,
              121.504721
            ],
            [
              1074.055,
              94.504721
            ],
            [
              1047.055,
              94.504721
            ],
            [
              1047.055,
              121.504721
            ]
          ]
        ]
      }
    },
    {
      "type": "Feature",
      "properties": {
        "id": "PLN-concavo-E36",
        "tipo": "nicho",
        "zonaId": "PLN",
        "cara": "concavo",
        "fila": "E",
        "numero": 36,
        "codigo": "E36",
        "estatus_venta": "disponible",
        "estatus_ocupacion": "",
        "referencia_procap": "",
        "observaciones": "",
        "geometryType": "niches",
        "gridRow": 4,
        "gridColumn": 35
      },
      "geometry": {
        "type": "Polygon",
        "coordinates": [
          [
            [
              1077.11,
              121.504721
            ],
            [
              1104.11,
              121.504721
            ],
            [
              1104.11,
              94.504721
            ],
            [
              1077.11,
              94.504721
            ],
            [
              1077.11,
              121.504721
            ]
          ]
        ]
      }
    },
    {
      "type": "Feature",
      "properties": {
        "id": "PLN-concavo-E37",
        "tipo": "nicho",
        "zonaId": "PLN",
        "cara": "concavo",
        "fila": "E",
        "numero": 37,
        "codigo": "E37",
        "estatus_venta": "disponible",
        "estatus_ocupacion": "",
        "referencia_procap": "",
        "observaciones": "",
        "geometryType": "niches",
        "gridRow": 4,
        "gridColumn": 36
      },
      "geometry": {
        "type": "Polygon",
        "coordinates": [
          [
            [
              1107.165,
              121.504721
            ],
            [
              1134.165,
              121.504721
            ],
            [
              1134.165,
              94.504721
            ],
            [
              1107.165,
              94.504721
            ],
            [
              1107.165,
              121.504721
            ]
          ]
        ]
      }
    },
    {
      "type": "Feature",
      "properties": {
        "id": "PLN-concavo-E38",
        "tipo": "nicho",
        "zonaId": "PLN",
        "cara": "concavo",
        "fila": "E",
        "numero": 38,
        "codigo": "E38",
        "estatus_venta": "disponible",
        "estatus_ocupacion": "",
        "referencia_procap": "",
        "observaciones": "",
        "geometryType": "niches",
        "gridRow": 4,
        "gridColumn": 37
      },
      "geometry": {
        "type": "Polygon",
        "coordinates": [
          [
            [
              1137.22,
              121.504721
            ],
            [
              1164.22,
              121.504721
            ],
            [
              1164.22,
              94.504721
            ],
            [
              1137.22,
              94.504721
            ],
            [
              1137.22,
              121.504721
            ]
          ]
        ]
      }
    },
    {
      "type": "Feature",
      "properties": {
        "id": "PLN-concavo-E39",
        "tipo": "nicho",
        "zonaId": "PLN",
        "cara": "concavo",
        "fila": "E",
        "numero": 39,
        "codigo": "E39",
        "estatus_venta": "disponible",
        "estatus_ocupacion": "",
        "referencia_procap": "",
        "observaciones": "",
        "geometryType": "niches",
        "gridRow": 4,
        "gridColumn": 38
      },
      "geometry": {
        "type": "Polygon",
        "coordinates": [
          [
            [
              1167.275,
              121.504721
            ],
            [
              1194.275,
              121.504721
            ],
            [
              1194.275,
              94.504721
            ],
            [
              1167.275,
              94.504721
            ],
            [
              1167.275,
              121.504721
            ]
          ]
        ]
      }
    },
    {
      "type": "Feature",
      "properties": {
        "id": "PLN-concavo-E40",
        "tipo": "nicho",
        "zonaId": "PLN",
        "cara": "concavo",
        "fila": "E",
        "numero": 40,
        "codigo": "E40",
        "estatus_venta": "disponible",
        "estatus_ocupacion": "",
        "referencia_procap": "",
        "observaciones": "",
        "geometryType": "niches",
        "gridRow": 4,
        "gridColumn": 39
      },
      "geometry": {
        "type": "Polygon",
        "coordinates": [
          [
            [
              1197.33,
              121.504721
            ],
            [
              1224.33,
              121.504721
            ],
            [
              1224.33,
              94.504721
            ],
            [
              1197.33,
              94.504721
            ],
            [
              1197.33,
              121.504721
            ]
          ]
        ]
      }
    },
    {
      "type": "Feature",
      "properties": {
        "id": "PLN-concavo-E41",
        "tipo": "nicho",
        "zonaId": "PLN",
        "cara": "concavo",
        "fila": "E",
        "numero": 41,
        "codigo": "E41",
        "estatus_venta": "disponible",
        "estatus_ocupacion": "",
        "referencia_procap": "",
        "observaciones": "",
        "geometryType": "niches",
        "gridRow": 4,
        "gridColumn": 40
      },
      "geometry": {
        "type": "Polygon",
        "coordinates": [
          [
            [
              1227.385,
              121.504721
            ],
            [
              1254.385,
              121.504721
            ],
            [
              1254.385,
              94.504721
            ],
            [
              1227.385,
              94.504721
            ],
            [
              1227.385,
              121.504721
            ]
          ]
        ]
      }
    },
    {
      "type": "Feature",
      "properties": {
        "id": "PLN-concavo-E42",
        "tipo": "nicho",
        "zonaId": "PLN",
        "cara": "concavo",
        "fila": "E",
        "numero": 42,
        "codigo": "E42",
        "estatus_venta": "disponible",
        "estatus_ocupacion": "",
        "referencia_procap": "",
        "observaciones": "",
        "geometryType": "niches",
        "gridRow": 4,
        "gridColumn": 41
      },
      "geometry": {
        "type": "Polygon",
        "coordinates": [
          [
            [
              1257.44,
              121.504721
            ],
            [
              1284.44,
              121.504721
            ],
            [
              1284.44,
              94.504721
            ],
            [
              1257.44,
              94.504721
            ],
            [
              1257.44,
              121.504721
            ]
          ]
        ]
      }
    },
    {
      "type": "Feature",
      "properties": {
        "id": "PLN-concavo-E43",
        "tipo": "nicho",
        "zonaId": "PLN",
        "cara": "concavo",
        "fila": "E",
        "numero": 43,
        "codigo": "E43",
        "estatus_venta": "disponible",
        "estatus_ocupacion": "",
        "referencia_procap": "",
        "observaciones": "",
        "geometryType": "niches",
        "gridRow": 4,
        "gridColumn": 42
      },
      "geometry": {
        "type": "Polygon",
        "coordinates": [
          [
            [
              1287.495,
              121.504721
            ],
            [
              1314.495,
              121.504721
            ],
            [
              1314.495,
              94.504721
            ],
            [
              1287.495,
              94.504721
            ],
            [
              1287.495,
              121.504721
            ]
          ]
        ]
      }
    },
    {
      "type": "Feature",
      "properties": {
        "id": "PLN-concavo-E44",
        "tipo": "nicho",
        "zonaId": "PLN",
        "cara": "concavo",
        "fila": "E",
        "numero": 44,
        "codigo": "E44",
        "estatus_venta": "disponible",
        "estatus_ocupacion": "",
        "referencia_procap": "",
        "observaciones": "",
        "geometryType": "niches",
        "gridRow": 4,
        "gridColumn": 43
      },
      "geometry": {
        "type": "Polygon",
        "coordinates": [
          [
            [
              1317.55,
              121.504721
            ],
            [
              1344.55,
              121.504721
            ],
            [
              1344.55,
              94.504721
            ],
            [
              1317.55,
              94.504721
            ],
            [
              1317.55,
              121.504721
            ]
          ]
        ]
      }
    },
    {
      "type": "Feature",
      "properties": {
        "id": "PLN-concavo-E45",
        "tipo": "nicho",
        "zonaId": "PLN",
        "cara": "concavo",
        "fila": "E",
        "numero": 45,
        "codigo": "E45",
        "estatus_venta": "disponible",
        "estatus_ocupacion": "",
        "referencia_procap": "",
        "observaciones": "",
        "geometryType": "niches",
        "gridRow": 4,
        "gridColumn": 44
      },
      "geometry": {
        "type": "Polygon",
        "coordinates": [
          [
            [
              1347.605,
              121.504721
            ],
            [
              1374.605,
              121.504721
            ],
            [
              1374.605,
              94.504721
            ],
            [
              1347.605,
              94.504721
            ],
            [
              1347.605,
              121.504721
            ]
          ]
        ]
      }
    },
    {
      "type": "Feature",
      "properties": {
        "id": "PLN-concavo-E46",
        "tipo": "nicho",
        "zonaId": "PLN",
        "cara": "concavo",
        "fila": "E",
        "numero": 46,
        "codigo": "E46",
        "estatus_venta": "disponible",
        "estatus_ocupacion": "",
        "referencia_procap": "",
        "observaciones": "",
        "geometryType": "niches",
        "gridRow": 4,
        "gridColumn": 45
      },
      "geometry": {
        "type": "Polygon",
        "coordinates": [
          [
            [
              1377.66,
              121.504721
            ],
            [
              1404.66,
              121.504721
            ],
            [
              1404.66,
              94.504721
            ],
            [
              1377.66,
              94.504721
            ],
            [
              1377.66,
              121.504721
            ]
          ]
        ]
      }
    },
    {
      "type": "Feature",
      "properties": {
        "id": "PLN-concavo-E47",
        "tipo": "nicho",
        "zonaId": "PLN",
        "cara": "concavo",
        "fila": "E",
        "numero": 47,
        "codigo": "E47",
        "estatus_venta": "disponible",
        "estatus_ocupacion": "",
        "referencia_procap": "",
        "observaciones": "",
        "geometryType": "niches",
        "gridRow": 4,
        "gridColumn": 46
      },
      "geometry": {
        "type": "Polygon",
        "coordinates": [
          [
            [
              1407.715,
              121.504721
            ],
            [
              1434.715,
              121.504721
            ],
            [
              1434.715,
              94.504721
            ],
            [
              1407.715,
              94.504721
            ],
            [
              1407.715,
              121.504721
            ]
          ]
        ]
      }
    },
    {
      "type": "Feature",
      "properties": {
        "id": "PLN-concavo-E48",
        "tipo": "nicho",
        "zonaId": "PLN",
        "cara": "concavo",
        "fila": "E",
        "numero": 48,
        "codigo": "E48",
        "estatus_venta": "disponible",
        "estatus_ocupacion": "",
        "referencia_procap": "",
        "observaciones": "",
        "geometryType": "niches",
        "gridRow": 4,
        "gridColumn": 47
      },
      "geometry": {
        "type": "Polygon",
        "coordinates": [
          [
            [
              1437.77,
              121.504721
            ],
            [
              1464.77,
              121.504721
            ],
            [
              1464.77,
              94.504721
            ],
            [
              1437.77,
              94.504721
            ],
            [
              1437.77,
              121.504721
            ]
          ]
        ]
      }
    },
    {
      "type": "Feature",
      "properties": {
        "id": "PLN-concavo-E49",
        "tipo": "nicho",
        "zonaId": "PLN",
        "cara": "concavo",
        "fila": "E",
        "numero": 49,
        "codigo": "E49",
        "estatus_venta": "disponible",
        "estatus_ocupacion": "",
        "referencia_procap": "",
        "observaciones": "",
        "geometryType": "niches",
        "gridRow": 4,
        "gridColumn": 48
      },
      "geometry": {
        "type": "Polygon",
        "coordinates": [
          [
            [
              1467.825,
              121.504721
            ],
            [
              1494.825,
              121.504721
            ],
            [
              1494.825,
              94.504721
            ],
            [
              1467.825,
              94.504721
            ],
            [
              1467.825,
              121.504721
            ]
          ]
        ]
      }
    },
    {
      "type": "Feature",
      "properties": {
        "id": "PLN-concavo-E50",
        "tipo": "nicho",
        "zonaId": "PLN",
        "cara": "concavo",
        "fila": "E",
        "numero": 50,
        "codigo": "E50",
        "estatus_venta": "disponible",
        "estatus_ocupacion": "",
        "referencia_procap": "",
        "observaciones": "",
        "geometryType": "niches",
        "gridRow": 4,
        "gridColumn": 49
      },
      "geometry": {
        "type": "Polygon",
        "coordinates": [
          [
            [
              1497.88,
              121.504721
            ],
            [
              1524.88,
              121.504721
            ],
            [
              1524.88,
              94.504721
            ],
            [
              1497.88,
              94.504721
            ],
            [
              1497.88,
              121.504721
            ]
          ]
        ]
      }
    },
    {
      "type": "Feature",
      "properties": {
        "id": "PLN-concavo-E51",
        "tipo": "nicho",
        "zonaId": "PLN",
        "cara": "concavo",
        "fila": "E",
        "numero": 51,
        "codigo": "E51",
        "estatus_venta": "disponible",
        "estatus_ocupacion": "",
        "referencia_procap": "",
        "observaciones": "",
        "geometryType": "niches",
        "gridRow": 4,
        "gridColumn": 50
      },
      "geometry": {
        "type": "Polygon",
        "coordinates": [
          [
            [
              1527.935,
              121.504721
            ],
            [
              1554.935,
              121.504721
            ],
            [
              1554.935,
              94.504721
            ],
            [
              1527.935,
              94.504721
            ],
            [
              1527.935,
              121.504721
            ]
          ]
        ]
      }
    },
    {
      "type": "Feature",
      "properties": {
        "id": "PLN-concavo-E52",
        "tipo": "nicho",
        "zonaId": "PLN",
        "cara": "concavo",
        "fila": "E",
        "numero": 52,
        "codigo": "E52",
        "estatus_venta": "disponible",
        "estatus_ocupacion": "",
        "referencia_procap": "",
        "observaciones": "",
        "geometryType": "niches",
        "gridRow": 4,
        "gridColumn": 51
      },
      "geometry": {
        "type": "Polygon",
        "coordinates": [
          [
            [
              1557.99,
              121.504721
            ],
            [
              1584.99,
              121.504721
            ],
            [
              1584.99,
              94.504721
            ],
            [
              1557.99,
              94.504721
            ],
            [
              1557.99,
              121.504721
            ]
          ]
        ]
      }
    },
    {
      "type": "Feature",
      "properties": {
        "id": "PLN-concavo-E53",
        "tipo": "nicho",
        "zonaId": "PLN",
        "cara": "concavo",
        "fila": "E",
        "numero": 53,
        "codigo": "E53",
        "estatus_venta": "disponible",
        "estatus_ocupacion": "",
        "referencia_procap": "",
        "observaciones": "",
        "geometryType": "niches",
        "gridRow": 4,
        "gridColumn": 52
      },
      "geometry": {
        "type": "Polygon",
        "coordinates": [
          [
            [
              1588.045,
              121.504721
            ],
            [
              1615.045,
              121.504721
            ],
            [
              1615.045,
              94.504721
            ],
            [
              1588.045,
              94.504721
            ],
            [
              1588.045,
              121.504721
            ]
          ]
        ]
      }
    },
    {
      "type": "Feature",
      "properties": {
        "id": "PLN-concavo-E54",
        "tipo": "nicho",
        "zonaId": "PLN",
        "cara": "concavo",
        "fila": "E",
        "numero": 54,
        "codigo": "E54",
        "estatus_venta": "disponible",
        "estatus_ocupacion": "",
        "referencia_procap": "",
        "observaciones": "",
        "geometryType": "niches",
        "gridRow": 4,
        "gridColumn": 53
      },
      "geometry": {
        "type": "Polygon",
        "coordinates": [
          [
            [
              1618.1,
              121.504721
            ],
            [
              1645.1,
              121.504721
            ],
            [
              1645.1,
              94.504721
            ],
            [
              1618.1,
              94.504721
            ],
            [
              1618.1,
              121.504721
            ]
          ]
        ]
      }
    },
    {
      "type": "Feature",
      "properties": {
        "id": "PLN-concavo-E55",
        "tipo": "nicho",
        "zonaId": "PLN",
        "cara": "concavo",
        "fila": "E",
        "numero": 55,
        "codigo": "E55",
        "estatus_venta": "disponible",
        "estatus_ocupacion": "",
        "referencia_procap": "",
        "observaciones": "",
        "geometryType": "niches",
        "gridRow": 4,
        "gridColumn": 54
      },
      "geometry": {
        "type": "Polygon",
        "coordinates": [
          [
            [
              1648.155,
              121.504721
            ],
            [
              1675.155,
              121.504721
            ],
            [
              1675.155,
              94.504721
            ],
            [
              1648.155,
              94.504721
            ],
            [
              1648.155,
              121.504721
            ]
          ]
        ]
      }
    },
    {
      "type": "Feature",
      "properties": {
        "id": "PLN-concavo-E56",
        "tipo": "nicho",
        "zonaId": "PLN",
        "cara": "concavo",
        "fila": "E",
        "numero": 56,
        "codigo": "E56",
        "estatus_venta": "disponible",
        "estatus_ocupacion": "",
        "referencia_procap": "",
        "observaciones": "",
        "geometryType": "niches",
        "gridRow": 4,
        "gridColumn": 55
      },
      "geometry": {
        "type": "Polygon",
        "coordinates": [
          [
            [
              1678.21,
              121.504721
            ],
            [
              1705.21,
              121.504721
            ],
            [
              1705.21,
              94.504721
            ],
            [
              1678.21,
              94.504721
            ],
            [
              1678.21,
              121.504721
            ]
          ]
        ]
      }
    },
    {
      "type": "Feature",
      "properties": {
        "id": "PLN-concavo-E57",
        "tipo": "nicho",
        "zonaId": "PLN",
        "cara": "concavo",
        "fila": "E",
        "numero": 57,
        "codigo": "E57",
        "estatus_venta": "disponible",
        "estatus_ocupacion": "",
        "referencia_procap": "",
        "observaciones": "",
        "geometryType": "niches",
        "gridRow": 4,
        "gridColumn": 56
      },
      "geometry": {
        "type": "Polygon",
        "coordinates": [
          [
            [
              1708.265,
              121.504721
            ],
            [
              1735.265,
              121.504721
            ],
            [
              1735.265,
              94.504721
            ],
            [
              1708.265,
              94.504721
            ],
            [
              1708.265,
              121.504721
            ]
          ]
        ]
      }
    },
    {
      "type": "Feature",
      "properties": {
        "id": "PLN-concavo-E58",
        "tipo": "nicho",
        "zonaId": "PLN",
        "cara": "concavo",
        "fila": "E",
        "numero": 58,
        "codigo": "E58",
        "estatus_venta": "disponible",
        "estatus_ocupacion": "",
        "referencia_procap": "",
        "observaciones": "",
        "geometryType": "niches",
        "gridRow": 4,
        "gridColumn": 57
      },
      "geometry": {
        "type": "Polygon",
        "coordinates": [
          [
            [
              1738.32,
              121.504721
            ],
            [
              1765.32,
              121.504721
            ],
            [
              1765.32,
              94.504721
            ],
            [
              1738.32,
              94.504721
            ],
            [
              1738.32,
              121.504721
            ]
          ]
        ]
      }
    },
    {
      "type": "Feature",
      "properties": {
        "id": "PLN-concavo-E59",
        "tipo": "nicho",
        "zonaId": "PLN",
        "cara": "concavo",
        "fila": "E",
        "numero": 59,
        "codigo": "E59",
        "estatus_venta": "disponible",
        "estatus_ocupacion": "",
        "referencia_procap": "",
        "observaciones": "",
        "geometryType": "niches",
        "gridRow": 4,
        "gridColumn": 58
      },
      "geometry": {
        "type": "Polygon",
        "coordinates": [
          [
            [
              1768.375,
              121.504721
            ],
            [
              1795.375,
              121.504721
            ],
            [
              1795.375,
              94.504721
            ],
            [
              1768.375,
              94.504721
            ],
            [
              1768.375,
              121.504721
            ]
          ]
        ]
      }
    },
    {
      "type": "Feature",
      "properties": {
        "id": "PLN-concavo-E60",
        "tipo": "nicho",
        "zonaId": "PLN",
        "cara": "concavo",
        "fila": "E",
        "numero": 60,
        "codigo": "E60",
        "estatus_venta": "disponible",
        "estatus_ocupacion": "",
        "referencia_procap": "",
        "observaciones": "",
        "geometryType": "niches",
        "gridRow": 4,
        "gridColumn": 59
      },
      "geometry": {
        "type": "Polygon",
        "coordinates": [
          [
            [
              1798.43,
              121.504721
            ],
            [
              1825.43,
              121.504721
            ],
            [
              1825.43,
              94.504721
            ],
            [
              1798.43,
              94.504721
            ],
            [
              1798.43,
              121.504721
            ]
          ]
        ]
      }
    },
    {
      "type": "Feature",
      "properties": {
        "id": "PLN-concavo-E61",
        "tipo": "nicho",
        "zonaId": "PLN",
        "cara": "concavo",
        "fila": "E",
        "numero": 61,
        "codigo": "E61",
        "estatus_venta": "disponible",
        "estatus_ocupacion": "",
        "referencia_procap": "",
        "observaciones": "",
        "geometryType": "niches",
        "gridRow": 4,
        "gridColumn": 60
      },
      "geometry": {
        "type": "Polygon",
        "coordinates": [
          [
            [
              1828.485,
              121.504721
            ],
            [
              1855.485,
              121.504721
            ],
            [
              1855.485,
              94.504721
            ],
            [
              1828.485,
              94.504721
            ],
            [
              1828.485,
              121.504721
            ]
          ]
        ]
      }
    },
    {
      "type": "Feature",
      "properties": {
        "id": "PLN-concavo-E62",
        "tipo": "nicho",
        "zonaId": "PLN",
        "cara": "concavo",
        "fila": "E",
        "numero": 62,
        "codigo": "E62",
        "estatus_venta": "disponible",
        "estatus_ocupacion": "",
        "referencia_procap": "",
        "observaciones": "",
        "geometryType": "niches",
        "gridRow": 4,
        "gridColumn": 61
      },
      "geometry": {
        "type": "Polygon",
        "coordinates": [
          [
            [
              1858.54,
              121.504721
            ],
            [
              1885.54,
              121.504721
            ],
            [
              1885.54,
              94.504721
            ],
            [
              1858.54,
              94.504721
            ],
            [
              1858.54,
              121.504721
            ]
          ]
        ]
      }
    },
    {
      "type": "Feature",
      "properties": {
        "id": "PLN-concavo-E63",
        "tipo": "nicho",
        "zonaId": "PLN",
        "cara": "concavo",
        "fila": "E",
        "numero": 63,
        "codigo": "E63",
        "estatus_venta": "disponible",
        "estatus_ocupacion": "",
        "referencia_procap": "",
        "observaciones": "",
        "geometryType": "niches",
        "gridRow": 4,
        "gridColumn": 62
      },
      "geometry": {
        "type": "Polygon",
        "coordinates": [
          [
            [
              1888.595,
              121.504721
            ],
            [
              1915.595,
              121.504721
            ],
            [
              1915.595,
              94.504721
            ],
            [
              1888.595,
              94.504721
            ],
            [
              1888.595,
              121.504721
            ]
          ]
        ]
      }
    },
    {
      "type": "Feature",
      "properties": {
        "id": "PLN-concavo-E64",
        "tipo": "nicho",
        "zonaId": "PLN",
        "cara": "concavo",
        "fila": "E",
        "numero": 64,
        "codigo": "E64",
        "estatus_venta": "disponible",
        "estatus_ocupacion": "",
        "referencia_procap": "",
        "observaciones": "",
        "geometryType": "niches",
        "gridRow": 4,
        "gridColumn": 63
      },
      "geometry": {
        "type": "Polygon",
        "coordinates": [
          [
            [
              1918.65,
              121.504721
            ],
            [
              1945.65,
              121.504721
            ],
            [
              1945.65,
              94.504721
            ],
            [
              1918.65,
              94.504721
            ],
            [
              1918.65,
              121.504721
            ]
          ]
        ]
      }
    },
    {
      "type": "Feature",
      "properties": {
        "id": "PLN-concavo-E65",
        "tipo": "nicho",
        "zonaId": "PLN",
        "cara": "concavo",
        "fila": "E",
        "numero": 65,
        "codigo": "E65",
        "estatus_venta": "disponible",
        "estatus_ocupacion": "",
        "referencia_procap": "",
        "observaciones": "",
        "geometryType": "niches",
        "gridRow": 4,
        "gridColumn": 64
      },
      "geometry": {
        "type": "Polygon",
        "coordinates": [
          [
            [
              1948.705,
              121.504721
            ],
            [
              1975.705,
              121.504721
            ],
            [
              1975.705,
              94.504721
            ],
            [
              1948.705,
              94.504721
            ],
            [
              1948.705,
              121.504721
            ]
          ]
        ]
      }
    },
    {
      "type": "Feature",
      "properties": {
        "id": "PLN-concavo-E66",
        "tipo": "nicho",
        "zonaId": "PLN",
        "cara": "concavo",
        "fila": "E",
        "numero": 66,
        "codigo": "E66",
        "estatus_venta": "disponible",
        "estatus_ocupacion": "",
        "referencia_procap": "",
        "observaciones": "",
        "geometryType": "niches",
        "gridRow": 4,
        "gridColumn": 65
      },
      "geometry": {
        "type": "Polygon",
        "coordinates": [
          [
            [
              1978.76,
              121.504721
            ],
            [
              2005.76,
              121.504721
            ],
            [
              2005.76,
              94.504721
            ],
            [
              1978.76,
              94.504721
            ],
            [
              1978.76,
              121.504721
            ]
          ]
        ]
      }
    },
    {
      "type": "Feature",
      "properties": {
        "id": "PLN-concavo-E67",
        "tipo": "nicho",
        "zonaId": "PLN",
        "cara": "concavo",
        "fila": "E",
        "numero": 67,
        "codigo": "E67",
        "estatus_venta": "disponible",
        "estatus_ocupacion": "",
        "referencia_procap": "",
        "observaciones": "",
        "geometryType": "niches",
        "gridRow": 4,
        "gridColumn": 66
      },
      "geometry": {
        "type": "Polygon",
        "coordinates": [
          [
            [
              2008.815,
              121.504721
            ],
            [
              2035.815,
              121.504721
            ],
            [
              2035.815,
              94.504721
            ],
            [
              2008.815,
              94.504721
            ],
            [
              2008.815,
              121.504721
            ]
          ]
        ]
      }
    },
    {
      "type": "Feature",
      "properties": {
        "id": "PLN-concavo-F1",
        "tipo": "nicho",
        "zonaId": "PLN",
        "cara": "concavo",
        "fila": "F",
        "numero": 1,
        "codigo": "F1",
        "estatus_venta": "disponible",
        "estatus_ocupacion": "",
        "referencia_procap": "",
        "observaciones": "",
        "geometryType": "niches",
        "gridRow": 5,
        "gridColumn": 0
      },
      "geometry": {
        "type": "Polygon",
        "coordinates": [
          [
            [
              25.185,
              92.504721
            ],
            [
              52.185,
              92.504721
            ],
            [
              52.185,
              65.504721
            ],
            [
              25.185,
              65.504721
            ],
            [
              25.185,
              92.504721
            ]
          ]
        ]
      }
    },
    {
      "type": "Feature",
      "properties": {
        "id": "PLN-concavo-F2",
        "tipo": "nicho",
        "zonaId": "PLN",
        "cara": "concavo",
        "fila": "F",
        "numero": 2,
        "codigo": "F2",
        "estatus_venta": "disponible",
        "estatus_ocupacion": "",
        "referencia_procap": "",
        "observaciones": "",
        "geometryType": "niches",
        "gridRow": 5,
        "gridColumn": 1
      },
      "geometry": {
        "type": "Polygon",
        "coordinates": [
          [
            [
              55.24,
              92.504721
            ],
            [
              82.24,
              92.504721
            ],
            [
              82.24,
              65.504721
            ],
            [
              55.24,
              65.504721
            ],
            [
              55.24,
              92.504721
            ]
          ]
        ]
      }
    },
    {
      "type": "Feature",
      "properties": {
        "id": "PLN-concavo-F3",
        "tipo": "nicho",
        "zonaId": "PLN",
        "cara": "concavo",
        "fila": "F",
        "numero": 3,
        "codigo": "F3",
        "estatus_venta": "disponible",
        "estatus_ocupacion": "",
        "referencia_procap": "",
        "observaciones": "",
        "geometryType": "niches",
        "gridRow": 5,
        "gridColumn": 2
      },
      "geometry": {
        "type": "Polygon",
        "coordinates": [
          [
            [
              85.295,
              92.504721
            ],
            [
              112.295,
              92.504721
            ],
            [
              112.295,
              65.504721
            ],
            [
              85.295,
              65.504721
            ],
            [
              85.295,
              92.504721
            ]
          ]
        ]
      }
    },
    {
      "type": "Feature",
      "properties": {
        "id": "PLN-concavo-F4",
        "tipo": "nicho",
        "zonaId": "PLN",
        "cara": "concavo",
        "fila": "F",
        "numero": 4,
        "codigo": "F4",
        "estatus_venta": "disponible",
        "estatus_ocupacion": "",
        "referencia_procap": "",
        "observaciones": "",
        "geometryType": "niches",
        "gridRow": 5,
        "gridColumn": 3
      },
      "geometry": {
        "type": "Polygon",
        "coordinates": [
          [
            [
              115.35,
              92.504721
            ],
            [
              142.35,
              92.504721
            ],
            [
              142.35,
              65.504721
            ],
            [
              115.35,
              65.504721
            ],
            [
              115.35,
              92.504721
            ]
          ]
        ]
      }
    },
    {
      "type": "Feature",
      "properties": {
        "id": "PLN-concavo-F5",
        "tipo": "nicho",
        "zonaId": "PLN",
        "cara": "concavo",
        "fila": "F",
        "numero": 5,
        "codigo": "F5",
        "estatus_venta": "disponible",
        "estatus_ocupacion": "",
        "referencia_procap": "",
        "observaciones": "",
        "geometryType": "niches",
        "gridRow": 5,
        "gridColumn": 4
      },
      "geometry": {
        "type": "Polygon",
        "coordinates": [
          [
            [
              145.405,
              92.504721
            ],
            [
              172.405,
              92.504721
            ],
            [
              172.405,
              65.504721
            ],
            [
              145.405,
              65.504721
            ],
            [
              145.405,
              92.504721
            ]
          ]
        ]
      }
    },
    {
      "type": "Feature",
      "properties": {
        "id": "PLN-concavo-F6",
        "tipo": "nicho",
        "zonaId": "PLN",
        "cara": "concavo",
        "fila": "F",
        "numero": 6,
        "codigo": "F6",
        "estatus_venta": "disponible",
        "estatus_ocupacion": "",
        "referencia_procap": "",
        "observaciones": "",
        "geometryType": "niches",
        "gridRow": 5,
        "gridColumn": 5
      },
      "geometry": {
        "type": "Polygon",
        "coordinates": [
          [
            [
              175.46,
              92.504721
            ],
            [
              202.46,
              92.504721
            ],
            [
              202.46,
              65.504721
            ],
            [
              175.46,
              65.504721
            ],
            [
              175.46,
              92.504721
            ]
          ]
        ]
      }
    },
    {
      "type": "Feature",
      "properties": {
        "id": "PLN-concavo-F7",
        "tipo": "nicho",
        "zonaId": "PLN",
        "cara": "concavo",
        "fila": "F",
        "numero": 7,
        "codigo": "F7",
        "estatus_venta": "disponible",
        "estatus_ocupacion": "",
        "referencia_procap": "",
        "observaciones": "",
        "geometryType": "niches",
        "gridRow": 5,
        "gridColumn": 6
      },
      "geometry": {
        "type": "Polygon",
        "coordinates": [
          [
            [
              205.515,
              92.504721
            ],
            [
              232.515,
              92.504721
            ],
            [
              232.515,
              65.504721
            ],
            [
              205.515,
              65.504721
            ],
            [
              205.515,
              92.504721
            ]
          ]
        ]
      }
    },
    {
      "type": "Feature",
      "properties": {
        "id": "PLN-concavo-F8",
        "tipo": "nicho",
        "zonaId": "PLN",
        "cara": "concavo",
        "fila": "F",
        "numero": 8,
        "codigo": "F8",
        "estatus_venta": "disponible",
        "estatus_ocupacion": "",
        "referencia_procap": "",
        "observaciones": "",
        "geometryType": "niches",
        "gridRow": 5,
        "gridColumn": 7
      },
      "geometry": {
        "type": "Polygon",
        "coordinates": [
          [
            [
              235.57,
              92.504721
            ],
            [
              262.57,
              92.504721
            ],
            [
              262.57,
              65.504721
            ],
            [
              235.57,
              65.504721
            ],
            [
              235.57,
              92.504721
            ]
          ]
        ]
      }
    },
    {
      "type": "Feature",
      "properties": {
        "id": "PLN-concavo-F9",
        "tipo": "nicho",
        "zonaId": "PLN",
        "cara": "concavo",
        "fila": "F",
        "numero": 9,
        "codigo": "F9",
        "estatus_venta": "disponible",
        "estatus_ocupacion": "",
        "referencia_procap": "",
        "observaciones": "",
        "geometryType": "niches",
        "gridRow": 5,
        "gridColumn": 8
      },
      "geometry": {
        "type": "Polygon",
        "coordinates": [
          [
            [
              265.625,
              92.504721
            ],
            [
              292.625,
              92.504721
            ],
            [
              292.625,
              65.504721
            ],
            [
              265.625,
              65.504721
            ],
            [
              265.625,
              92.504721
            ]
          ]
        ]
      }
    },
    {
      "type": "Feature",
      "properties": {
        "id": "PLN-concavo-F10",
        "tipo": "nicho",
        "zonaId": "PLN",
        "cara": "concavo",
        "fila": "F",
        "numero": 10,
        "codigo": "F10",
        "estatus_venta": "disponible",
        "estatus_ocupacion": "",
        "referencia_procap": "",
        "observaciones": "",
        "geometryType": "niches",
        "gridRow": 5,
        "gridColumn": 9
      },
      "geometry": {
        "type": "Polygon",
        "coordinates": [
          [
            [
              295.68,
              92.504721
            ],
            [
              322.68,
              92.504721
            ],
            [
              322.68,
              65.504721
            ],
            [
              295.68,
              65.504721
            ],
            [
              295.68,
              92.504721
            ]
          ]
        ]
      }
    },
    {
      "type": "Feature",
      "properties": {
        "id": "PLN-concavo-F11",
        "tipo": "nicho",
        "zonaId": "PLN",
        "cara": "concavo",
        "fila": "F",
        "numero": 11,
        "codigo": "F11",
        "estatus_venta": "disponible",
        "estatus_ocupacion": "",
        "referencia_procap": "",
        "observaciones": "",
        "geometryType": "niches",
        "gridRow": 5,
        "gridColumn": 10
      },
      "geometry": {
        "type": "Polygon",
        "coordinates": [
          [
            [
              325.735,
              92.504721
            ],
            [
              352.735,
              92.504721
            ],
            [
              352.735,
              65.504721
            ],
            [
              325.735,
              65.504721
            ],
            [
              325.735,
              92.504721
            ]
          ]
        ]
      }
    },
    {
      "type": "Feature",
      "properties": {
        "id": "PLN-concavo-F12",
        "tipo": "nicho",
        "zonaId": "PLN",
        "cara": "concavo",
        "fila": "F",
        "numero": 12,
        "codigo": "F12",
        "estatus_venta": "disponible",
        "estatus_ocupacion": "",
        "referencia_procap": "",
        "observaciones": "",
        "geometryType": "niches",
        "gridRow": 5,
        "gridColumn": 11
      },
      "geometry": {
        "type": "Polygon",
        "coordinates": [
          [
            [
              355.79,
              92.504721
            ],
            [
              382.79,
              92.504721
            ],
            [
              382.79,
              65.504721
            ],
            [
              355.79,
              65.504721
            ],
            [
              355.79,
              92.504721
            ]
          ]
        ]
      }
    },
    {
      "type": "Feature",
      "properties": {
        "id": "PLN-concavo-F13",
        "tipo": "nicho",
        "zonaId": "PLN",
        "cara": "concavo",
        "fila": "F",
        "numero": 13,
        "codigo": "F13",
        "estatus_venta": "disponible",
        "estatus_ocupacion": "",
        "referencia_procap": "",
        "observaciones": "",
        "geometryType": "niches",
        "gridRow": 5,
        "gridColumn": 12
      },
      "geometry": {
        "type": "Polygon",
        "coordinates": [
          [
            [
              385.845,
              92.504721
            ],
            [
              412.845,
              92.504721
            ],
            [
              412.845,
              65.504721
            ],
            [
              385.845,
              65.504721
            ],
            [
              385.845,
              92.504721
            ]
          ]
        ]
      }
    },
    {
      "type": "Feature",
      "properties": {
        "id": "PLN-concavo-F14",
        "tipo": "nicho",
        "zonaId": "PLN",
        "cara": "concavo",
        "fila": "F",
        "numero": 14,
        "codigo": "F14",
        "estatus_venta": "disponible",
        "estatus_ocupacion": "",
        "referencia_procap": "",
        "observaciones": "",
        "geometryType": "niches",
        "gridRow": 5,
        "gridColumn": 13
      },
      "geometry": {
        "type": "Polygon",
        "coordinates": [
          [
            [
              415.9,
              92.504721
            ],
            [
              442.9,
              92.504721
            ],
            [
              442.9,
              65.504721
            ],
            [
              415.9,
              65.504721
            ],
            [
              415.9,
              92.504721
            ]
          ]
        ]
      }
    },
    {
      "type": "Feature",
      "properties": {
        "id": "PLN-concavo-F15",
        "tipo": "nicho",
        "zonaId": "PLN",
        "cara": "concavo",
        "fila": "F",
        "numero": 15,
        "codigo": "F15",
        "estatus_venta": "disponible",
        "estatus_ocupacion": "",
        "referencia_procap": "",
        "observaciones": "",
        "geometryType": "niches",
        "gridRow": 5,
        "gridColumn": 14
      },
      "geometry": {
        "type": "Polygon",
        "coordinates": [
          [
            [
              445.955,
              92.504721
            ],
            [
              472.955,
              92.504721
            ],
            [
              472.955,
              65.504721
            ],
            [
              445.955,
              65.504721
            ],
            [
              445.955,
              92.504721
            ]
          ]
        ]
      }
    },
    {
      "type": "Feature",
      "properties": {
        "id": "PLN-concavo-F16",
        "tipo": "nicho",
        "zonaId": "PLN",
        "cara": "concavo",
        "fila": "F",
        "numero": 16,
        "codigo": "F16",
        "estatus_venta": "disponible",
        "estatus_ocupacion": "",
        "referencia_procap": "",
        "observaciones": "",
        "geometryType": "niches",
        "gridRow": 5,
        "gridColumn": 15
      },
      "geometry": {
        "type": "Polygon",
        "coordinates": [
          [
            [
              476.01,
              92.504721
            ],
            [
              503.01,
              92.504721
            ],
            [
              503.01,
              65.504721
            ],
            [
              476.01,
              65.504721
            ],
            [
              476.01,
              92.504721
            ]
          ]
        ]
      }
    },
    {
      "type": "Feature",
      "properties": {
        "id": "PLN-concavo-F17",
        "tipo": "nicho",
        "zonaId": "PLN",
        "cara": "concavo",
        "fila": "F",
        "numero": 17,
        "codigo": "F17",
        "estatus_venta": "disponible",
        "estatus_ocupacion": "",
        "referencia_procap": "",
        "observaciones": "",
        "geometryType": "niches",
        "gridRow": 5,
        "gridColumn": 16
      },
      "geometry": {
        "type": "Polygon",
        "coordinates": [
          [
            [
              506.065,
              92.504721
            ],
            [
              533.065,
              92.504721
            ],
            [
              533.065,
              65.504721
            ],
            [
              506.065,
              65.504721
            ],
            [
              506.065,
              92.504721
            ]
          ]
        ]
      }
    },
    {
      "type": "Feature",
      "properties": {
        "id": "PLN-concavo-F18",
        "tipo": "nicho",
        "zonaId": "PLN",
        "cara": "concavo",
        "fila": "F",
        "numero": 18,
        "codigo": "F18",
        "estatus_venta": "disponible",
        "estatus_ocupacion": "",
        "referencia_procap": "",
        "observaciones": "",
        "geometryType": "niches",
        "gridRow": 5,
        "gridColumn": 17
      },
      "geometry": {
        "type": "Polygon",
        "coordinates": [
          [
            [
              536.12,
              92.504721
            ],
            [
              563.12,
              92.504721
            ],
            [
              563.12,
              65.504721
            ],
            [
              536.12,
              65.504721
            ],
            [
              536.12,
              92.504721
            ]
          ]
        ]
      }
    },
    {
      "type": "Feature",
      "properties": {
        "id": "PLN-concavo-F19",
        "tipo": "nicho",
        "zonaId": "PLN",
        "cara": "concavo",
        "fila": "F",
        "numero": 19,
        "codigo": "F19",
        "estatus_venta": "disponible",
        "estatus_ocupacion": "",
        "referencia_procap": "",
        "observaciones": "",
        "geometryType": "niches",
        "gridRow": 5,
        "gridColumn": 18
      },
      "geometry": {
        "type": "Polygon",
        "coordinates": [
          [
            [
              566.175,
              92.504721
            ],
            [
              593.175,
              92.504721
            ],
            [
              593.175,
              65.504721
            ],
            [
              566.175,
              65.504721
            ],
            [
              566.175,
              92.504721
            ]
          ]
        ]
      }
    },
    {
      "type": "Feature",
      "properties": {
        "id": "PLN-concavo-F20",
        "tipo": "nicho",
        "zonaId": "PLN",
        "cara": "concavo",
        "fila": "F",
        "numero": 20,
        "codigo": "F20",
        "estatus_venta": "disponible",
        "estatus_ocupacion": "",
        "referencia_procap": "",
        "observaciones": "",
        "geometryType": "niches",
        "gridRow": 5,
        "gridColumn": 19
      },
      "geometry": {
        "type": "Polygon",
        "coordinates": [
          [
            [
              596.23,
              92.504721
            ],
            [
              623.23,
              92.504721
            ],
            [
              623.23,
              65.504721
            ],
            [
              596.23,
              65.504721
            ],
            [
              596.23,
              92.504721
            ]
          ]
        ]
      }
    },
    {
      "type": "Feature",
      "properties": {
        "id": "PLN-concavo-F21",
        "tipo": "nicho",
        "zonaId": "PLN",
        "cara": "concavo",
        "fila": "F",
        "numero": 21,
        "codigo": "F21",
        "estatus_venta": "disponible",
        "estatus_ocupacion": "",
        "referencia_procap": "",
        "observaciones": "",
        "geometryType": "niches",
        "gridRow": 5,
        "gridColumn": 20
      },
      "geometry": {
        "type": "Polygon",
        "coordinates": [
          [
            [
              626.285,
              92.504721
            ],
            [
              653.285,
              92.504721
            ],
            [
              653.285,
              65.504721
            ],
            [
              626.285,
              65.504721
            ],
            [
              626.285,
              92.504721
            ]
          ]
        ]
      }
    },
    {
      "type": "Feature",
      "properties": {
        "id": "PLN-concavo-F22",
        "tipo": "nicho",
        "zonaId": "PLN",
        "cara": "concavo",
        "fila": "F",
        "numero": 22,
        "codigo": "F22",
        "estatus_venta": "disponible",
        "estatus_ocupacion": "",
        "referencia_procap": "",
        "observaciones": "",
        "geometryType": "niches",
        "gridRow": 5,
        "gridColumn": 21
      },
      "geometry": {
        "type": "Polygon",
        "coordinates": [
          [
            [
              656.34,
              92.504721
            ],
            [
              683.34,
              92.504721
            ],
            [
              683.34,
              65.504721
            ],
            [
              656.34,
              65.504721
            ],
            [
              656.34,
              92.504721
            ]
          ]
        ]
      }
    },
    {
      "type": "Feature",
      "properties": {
        "id": "PLN-concavo-F23",
        "tipo": "nicho",
        "zonaId": "PLN",
        "cara": "concavo",
        "fila": "F",
        "numero": 23,
        "codigo": "F23",
        "estatus_venta": "disponible",
        "estatus_ocupacion": "",
        "referencia_procap": "",
        "observaciones": "",
        "geometryType": "niches",
        "gridRow": 5,
        "gridColumn": 22
      },
      "geometry": {
        "type": "Polygon",
        "coordinates": [
          [
            [
              686.395,
              92.504721
            ],
            [
              713.395,
              92.504721
            ],
            [
              713.395,
              65.504721
            ],
            [
              686.395,
              65.504721
            ],
            [
              686.395,
              92.504721
            ]
          ]
        ]
      }
    },
    {
      "type": "Feature",
      "properties": {
        "id": "PLN-concavo-F24",
        "tipo": "nicho",
        "zonaId": "PLN",
        "cara": "concavo",
        "fila": "F",
        "numero": 24,
        "codigo": "F24",
        "estatus_venta": "disponible",
        "estatus_ocupacion": "",
        "referencia_procap": "",
        "observaciones": "",
        "geometryType": "niches",
        "gridRow": 5,
        "gridColumn": 23
      },
      "geometry": {
        "type": "Polygon",
        "coordinates": [
          [
            [
              716.45,
              92.504721
            ],
            [
              743.45,
              92.504721
            ],
            [
              743.45,
              65.504721
            ],
            [
              716.45,
              65.504721
            ],
            [
              716.45,
              92.504721
            ]
          ]
        ]
      }
    },
    {
      "type": "Feature",
      "properties": {
        "id": "PLN-concavo-F25",
        "tipo": "nicho",
        "zonaId": "PLN",
        "cara": "concavo",
        "fila": "F",
        "numero": 25,
        "codigo": "F25",
        "estatus_venta": "disponible",
        "estatus_ocupacion": "",
        "referencia_procap": "",
        "observaciones": "",
        "geometryType": "niches",
        "gridRow": 5,
        "gridColumn": 24
      },
      "geometry": {
        "type": "Polygon",
        "coordinates": [
          [
            [
              746.505,
              92.504721
            ],
            [
              773.505,
              92.504721
            ],
            [
              773.505,
              65.504721
            ],
            [
              746.505,
              65.504721
            ],
            [
              746.505,
              92.504721
            ]
          ]
        ]
      }
    },
    {
      "type": "Feature",
      "properties": {
        "id": "PLN-concavo-F26",
        "tipo": "nicho",
        "zonaId": "PLN",
        "cara": "concavo",
        "fila": "F",
        "numero": 26,
        "codigo": "F26",
        "estatus_venta": "disponible",
        "estatus_ocupacion": "",
        "referencia_procap": "",
        "observaciones": "",
        "geometryType": "niches",
        "gridRow": 5,
        "gridColumn": 25
      },
      "geometry": {
        "type": "Polygon",
        "coordinates": [
          [
            [
              776.56,
              92.504721
            ],
            [
              803.56,
              92.504721
            ],
            [
              803.56,
              65.504721
            ],
            [
              776.56,
              65.504721
            ],
            [
              776.56,
              92.504721
            ]
          ]
        ]
      }
    },
    {
      "type": "Feature",
      "properties": {
        "id": "PLN-concavo-F27",
        "tipo": "nicho",
        "zonaId": "PLN",
        "cara": "concavo",
        "fila": "F",
        "numero": 27,
        "codigo": "F27",
        "estatus_venta": "disponible",
        "estatus_ocupacion": "",
        "referencia_procap": "",
        "observaciones": "",
        "geometryType": "niches",
        "gridRow": 5,
        "gridColumn": 26
      },
      "geometry": {
        "type": "Polygon",
        "coordinates": [
          [
            [
              806.615,
              92.504721
            ],
            [
              833.615,
              92.504721
            ],
            [
              833.615,
              65.504721
            ],
            [
              806.615,
              65.504721
            ],
            [
              806.615,
              92.504721
            ]
          ]
        ]
      }
    },
    {
      "type": "Feature",
      "properties": {
        "id": "PLN-concavo-F28",
        "tipo": "nicho",
        "zonaId": "PLN",
        "cara": "concavo",
        "fila": "F",
        "numero": 28,
        "codigo": "F28",
        "estatus_venta": "disponible",
        "estatus_ocupacion": "",
        "referencia_procap": "",
        "observaciones": "",
        "geometryType": "niches",
        "gridRow": 5,
        "gridColumn": 27
      },
      "geometry": {
        "type": "Polygon",
        "coordinates": [
          [
            [
              836.67,
              92.504721
            ],
            [
              863.67,
              92.504721
            ],
            [
              863.67,
              65.504721
            ],
            [
              836.67,
              65.504721
            ],
            [
              836.67,
              92.504721
            ]
          ]
        ]
      }
    },
    {
      "type": "Feature",
      "properties": {
        "id": "PLN-concavo-F29",
        "tipo": "nicho",
        "zonaId": "PLN",
        "cara": "concavo",
        "fila": "F",
        "numero": 29,
        "codigo": "F29",
        "estatus_venta": "disponible",
        "estatus_ocupacion": "",
        "referencia_procap": "",
        "observaciones": "",
        "geometryType": "niches",
        "gridRow": 5,
        "gridColumn": 28
      },
      "geometry": {
        "type": "Polygon",
        "coordinates": [
          [
            [
              866.725,
              92.504721
            ],
            [
              893.725,
              92.504721
            ],
            [
              893.725,
              65.504721
            ],
            [
              866.725,
              65.504721
            ],
            [
              866.725,
              92.504721
            ]
          ]
        ]
      }
    },
    {
      "type": "Feature",
      "properties": {
        "id": "PLN-concavo-F30",
        "tipo": "nicho",
        "zonaId": "PLN",
        "cara": "concavo",
        "fila": "F",
        "numero": 30,
        "codigo": "F30",
        "estatus_venta": "disponible",
        "estatus_ocupacion": "",
        "referencia_procap": "",
        "observaciones": "",
        "geometryType": "niches",
        "gridRow": 5,
        "gridColumn": 29
      },
      "geometry": {
        "type": "Polygon",
        "coordinates": [
          [
            [
              896.78,
              92.504721
            ],
            [
              923.78,
              92.504721
            ],
            [
              923.78,
              65.504721
            ],
            [
              896.78,
              65.504721
            ],
            [
              896.78,
              92.504721
            ]
          ]
        ]
      }
    },
    {
      "type": "Feature",
      "properties": {
        "id": "PLN-concavo-F31",
        "tipo": "nicho",
        "zonaId": "PLN",
        "cara": "concavo",
        "fila": "F",
        "numero": 31,
        "codigo": "F31",
        "estatus_venta": "disponible",
        "estatus_ocupacion": "",
        "referencia_procap": "",
        "observaciones": "",
        "geometryType": "niches",
        "gridRow": 5,
        "gridColumn": 30
      },
      "geometry": {
        "type": "Polygon",
        "coordinates": [
          [
            [
              926.835,
              92.504721
            ],
            [
              953.835,
              92.504721
            ],
            [
              953.835,
              65.504721
            ],
            [
              926.835,
              65.504721
            ],
            [
              926.835,
              92.504721
            ]
          ]
        ]
      }
    },
    {
      "type": "Feature",
      "properties": {
        "id": "PLN-concavo-F32",
        "tipo": "nicho",
        "zonaId": "PLN",
        "cara": "concavo",
        "fila": "F",
        "numero": 32,
        "codigo": "F32",
        "estatus_venta": "disponible",
        "estatus_ocupacion": "",
        "referencia_procap": "",
        "observaciones": "",
        "geometryType": "niches",
        "gridRow": 5,
        "gridColumn": 31
      },
      "geometry": {
        "type": "Polygon",
        "coordinates": [
          [
            [
              956.89,
              92.504721
            ],
            [
              983.89,
              92.504721
            ],
            [
              983.89,
              65.504721
            ],
            [
              956.89,
              65.504721
            ],
            [
              956.89,
              92.504721
            ]
          ]
        ]
      }
    },
    {
      "type": "Feature",
      "properties": {
        "id": "PLN-concavo-F33",
        "tipo": "nicho",
        "zonaId": "PLN",
        "cara": "concavo",
        "fila": "F",
        "numero": 33,
        "codigo": "F33",
        "estatus_venta": "disponible",
        "estatus_ocupacion": "",
        "referencia_procap": "",
        "observaciones": "",
        "geometryType": "niches",
        "gridRow": 5,
        "gridColumn": 32
      },
      "geometry": {
        "type": "Polygon",
        "coordinates": [
          [
            [
              986.945,
              92.504721
            ],
            [
              1013.945,
              92.504721
            ],
            [
              1013.945,
              65.504721
            ],
            [
              986.945,
              65.504721
            ],
            [
              986.945,
              92.504721
            ]
          ]
        ]
      }
    },
    {
      "type": "Feature",
      "properties": {
        "id": "PLN-concavo-F34",
        "tipo": "nicho",
        "zonaId": "PLN",
        "cara": "concavo",
        "fila": "F",
        "numero": 34,
        "codigo": "F34",
        "estatus_venta": "disponible",
        "estatus_ocupacion": "",
        "referencia_procap": "",
        "observaciones": "",
        "geometryType": "niches",
        "gridRow": 5,
        "gridColumn": 33
      },
      "geometry": {
        "type": "Polygon",
        "coordinates": [
          [
            [
              1017,
              92.504721
            ],
            [
              1044,
              92.504721
            ],
            [
              1044,
              65.504721
            ],
            [
              1017,
              65.504721
            ],
            [
              1017,
              92.504721
            ]
          ]
        ]
      }
    },
    {
      "type": "Feature",
      "properties": {
        "id": "PLN-concavo-F35",
        "tipo": "nicho",
        "zonaId": "PLN",
        "cara": "concavo",
        "fila": "F",
        "numero": 35,
        "codigo": "F35",
        "estatus_venta": "disponible",
        "estatus_ocupacion": "",
        "referencia_procap": "",
        "observaciones": "",
        "geometryType": "niches",
        "gridRow": 5,
        "gridColumn": 34
      },
      "geometry": {
        "type": "Polygon",
        "coordinates": [
          [
            [
              1047.055,
              92.504721
            ],
            [
              1074.055,
              92.504721
            ],
            [
              1074.055,
              65.504721
            ],
            [
              1047.055,
              65.504721
            ],
            [
              1047.055,
              92.504721
            ]
          ]
        ]
      }
    },
    {
      "type": "Feature",
      "properties": {
        "id": "PLN-concavo-F36",
        "tipo": "nicho",
        "zonaId": "PLN",
        "cara": "concavo",
        "fila": "F",
        "numero": 36,
        "codigo": "F36",
        "estatus_venta": "disponible",
        "estatus_ocupacion": "",
        "referencia_procap": "",
        "observaciones": "",
        "geometryType": "niches",
        "gridRow": 5,
        "gridColumn": 35
      },
      "geometry": {
        "type": "Polygon",
        "coordinates": [
          [
            [
              1077.11,
              92.504721
            ],
            [
              1104.11,
              92.504721
            ],
            [
              1104.11,
              65.504721
            ],
            [
              1077.11,
              65.504721
            ],
            [
              1077.11,
              92.504721
            ]
          ]
        ]
      }
    },
    {
      "type": "Feature",
      "properties": {
        "id": "PLN-concavo-F37",
        "tipo": "nicho",
        "zonaId": "PLN",
        "cara": "concavo",
        "fila": "F",
        "numero": 37,
        "codigo": "F37",
        "estatus_venta": "disponible",
        "estatus_ocupacion": "",
        "referencia_procap": "",
        "observaciones": "",
        "geometryType": "niches",
        "gridRow": 5,
        "gridColumn": 36
      },
      "geometry": {
        "type": "Polygon",
        "coordinates": [
          [
            [
              1107.165,
              92.504721
            ],
            [
              1134.165,
              92.504721
            ],
            [
              1134.165,
              65.504721
            ],
            [
              1107.165,
              65.504721
            ],
            [
              1107.165,
              92.504721
            ]
          ]
        ]
      }
    },
    {
      "type": "Feature",
      "properties": {
        "id": "PLN-concavo-F38",
        "tipo": "nicho",
        "zonaId": "PLN",
        "cara": "concavo",
        "fila": "F",
        "numero": 38,
        "codigo": "F38",
        "estatus_venta": "disponible",
        "estatus_ocupacion": "",
        "referencia_procap": "",
        "observaciones": "",
        "geometryType": "niches",
        "gridRow": 5,
        "gridColumn": 37
      },
      "geometry": {
        "type": "Polygon",
        "coordinates": [
          [
            [
              1137.22,
              92.504721
            ],
            [
              1164.22,
              92.504721
            ],
            [
              1164.22,
              65.504721
            ],
            [
              1137.22,
              65.504721
            ],
            [
              1137.22,
              92.504721
            ]
          ]
        ]
      }
    },
    {
      "type": "Feature",
      "properties": {
        "id": "PLN-concavo-F39",
        "tipo": "nicho",
        "zonaId": "PLN",
        "cara": "concavo",
        "fila": "F",
        "numero": 39,
        "codigo": "F39",
        "estatus_venta": "disponible",
        "estatus_ocupacion": "",
        "referencia_procap": "",
        "observaciones": "",
        "geometryType": "niches",
        "gridRow": 5,
        "gridColumn": 38
      },
      "geometry": {
        "type": "Polygon",
        "coordinates": [
          [
            [
              1167.275,
              92.504721
            ],
            [
              1194.275,
              92.504721
            ],
            [
              1194.275,
              65.504721
            ],
            [
              1167.275,
              65.504721
            ],
            [
              1167.275,
              92.504721
            ]
          ]
        ]
      }
    },
    {
      "type": "Feature",
      "properties": {
        "id": "PLN-concavo-F40",
        "tipo": "nicho",
        "zonaId": "PLN",
        "cara": "concavo",
        "fila": "F",
        "numero": 40,
        "codigo": "F40",
        "estatus_venta": "disponible",
        "estatus_ocupacion": "",
        "referencia_procap": "",
        "observaciones": "",
        "geometryType": "niches",
        "gridRow": 5,
        "gridColumn": 39
      },
      "geometry": {
        "type": "Polygon",
        "coordinates": [
          [
            [
              1197.33,
              92.504721
            ],
            [
              1224.33,
              92.504721
            ],
            [
              1224.33,
              65.504721
            ],
            [
              1197.33,
              65.504721
            ],
            [
              1197.33,
              92.504721
            ]
          ]
        ]
      }
    },
    {
      "type": "Feature",
      "properties": {
        "id": "PLN-concavo-F41",
        "tipo": "nicho",
        "zonaId": "PLN",
        "cara": "concavo",
        "fila": "F",
        "numero": 41,
        "codigo": "F41",
        "estatus_venta": "disponible",
        "estatus_ocupacion": "",
        "referencia_procap": "",
        "observaciones": "",
        "geometryType": "niches",
        "gridRow": 5,
        "gridColumn": 40
      },
      "geometry": {
        "type": "Polygon",
        "coordinates": [
          [
            [
              1227.385,
              92.504721
            ],
            [
              1254.385,
              92.504721
            ],
            [
              1254.385,
              65.504721
            ],
            [
              1227.385,
              65.504721
            ],
            [
              1227.385,
              92.504721
            ]
          ]
        ]
      }
    },
    {
      "type": "Feature",
      "properties": {
        "id": "PLN-concavo-F42",
        "tipo": "nicho",
        "zonaId": "PLN",
        "cara": "concavo",
        "fila": "F",
        "numero": 42,
        "codigo": "F42",
        "estatus_venta": "disponible",
        "estatus_ocupacion": "",
        "referencia_procap": "",
        "observaciones": "",
        "geometryType": "niches",
        "gridRow": 5,
        "gridColumn": 41
      },
      "geometry": {
        "type": "Polygon",
        "coordinates": [
          [
            [
              1257.44,
              92.504721
            ],
            [
              1284.44,
              92.504721
            ],
            [
              1284.44,
              65.504721
            ],
            [
              1257.44,
              65.504721
            ],
            [
              1257.44,
              92.504721
            ]
          ]
        ]
      }
    },
    {
      "type": "Feature",
      "properties": {
        "id": "PLN-concavo-F43",
        "tipo": "nicho",
        "zonaId": "PLN",
        "cara": "concavo",
        "fila": "F",
        "numero": 43,
        "codigo": "F43",
        "estatus_venta": "disponible",
        "estatus_ocupacion": "",
        "referencia_procap": "",
        "observaciones": "",
        "geometryType": "niches",
        "gridRow": 5,
        "gridColumn": 42
      },
      "geometry": {
        "type": "Polygon",
        "coordinates": [
          [
            [
              1287.495,
              92.504721
            ],
            [
              1314.495,
              92.504721
            ],
            [
              1314.495,
              65.504721
            ],
            [
              1287.495,
              65.504721
            ],
            [
              1287.495,
              92.504721
            ]
          ]
        ]
      }
    },
    {
      "type": "Feature",
      "properties": {
        "id": "PLN-concavo-F44",
        "tipo": "nicho",
        "zonaId": "PLN",
        "cara": "concavo",
        "fila": "F",
        "numero": 44,
        "codigo": "F44",
        "estatus_venta": "disponible",
        "estatus_ocupacion": "",
        "referencia_procap": "",
        "observaciones": "",
        "geometryType": "niches",
        "gridRow": 5,
        "gridColumn": 43
      },
      "geometry": {
        "type": "Polygon",
        "coordinates": [
          [
            [
              1317.55,
              92.504721
            ],
            [
              1344.55,
              92.504721
            ],
            [
              1344.55,
              65.504721
            ],
            [
              1317.55,
              65.504721
            ],
            [
              1317.55,
              92.504721
            ]
          ]
        ]
      }
    },
    {
      "type": "Feature",
      "properties": {
        "id": "PLN-concavo-F45",
        "tipo": "nicho",
        "zonaId": "PLN",
        "cara": "concavo",
        "fila": "F",
        "numero": 45,
        "codigo": "F45",
        "estatus_venta": "disponible",
        "estatus_ocupacion": "",
        "referencia_procap": "",
        "observaciones": "",
        "geometryType": "niches",
        "gridRow": 5,
        "gridColumn": 44
      },
      "geometry": {
        "type": "Polygon",
        "coordinates": [
          [
            [
              1347.605,
              92.504721
            ],
            [
              1374.605,
              92.504721
            ],
            [
              1374.605,
              65.504721
            ],
            [
              1347.605,
              65.504721
            ],
            [
              1347.605,
              92.504721
            ]
          ]
        ]
      }
    },
    {
      "type": "Feature",
      "properties": {
        "id": "PLN-concavo-F46",
        "tipo": "nicho",
        "zonaId": "PLN",
        "cara": "concavo",
        "fila": "F",
        "numero": 46,
        "codigo": "F46",
        "estatus_venta": "disponible",
        "estatus_ocupacion": "",
        "referencia_procap": "",
        "observaciones": "",
        "geometryType": "niches",
        "gridRow": 5,
        "gridColumn": 45
      },
      "geometry": {
        "type": "Polygon",
        "coordinates": [
          [
            [
              1377.66,
              92.504721
            ],
            [
              1404.66,
              92.504721
            ],
            [
              1404.66,
              65.504721
            ],
            [
              1377.66,
              65.504721
            ],
            [
              1377.66,
              92.504721
            ]
          ]
        ]
      }
    },
    {
      "type": "Feature",
      "properties": {
        "id": "PLN-concavo-F47",
        "tipo": "nicho",
        "zonaId": "PLN",
        "cara": "concavo",
        "fila": "F",
        "numero": 47,
        "codigo": "F47",
        "estatus_venta": "disponible",
        "estatus_ocupacion": "",
        "referencia_procap": "",
        "observaciones": "",
        "geometryType": "niches",
        "gridRow": 5,
        "gridColumn": 46
      },
      "geometry": {
        "type": "Polygon",
        "coordinates": [
          [
            [
              1407.715,
              92.504721
            ],
            [
              1434.715,
              92.504721
            ],
            [
              1434.715,
              65.504721
            ],
            [
              1407.715,
              65.504721
            ],
            [
              1407.715,
              92.504721
            ]
          ]
        ]
      }
    },
    {
      "type": "Feature",
      "properties": {
        "id": "PLN-concavo-F48",
        "tipo": "nicho",
        "zonaId": "PLN",
        "cara": "concavo",
        "fila": "F",
        "numero": 48,
        "codigo": "F48",
        "estatus_venta": "disponible",
        "estatus_ocupacion": "",
        "referencia_procap": "",
        "observaciones": "",
        "geometryType": "niches",
        "gridRow": 5,
        "gridColumn": 47
      },
      "geometry": {
        "type": "Polygon",
        "coordinates": [
          [
            [
              1437.77,
              92.504721
            ],
            [
              1464.77,
              92.504721
            ],
            [
              1464.77,
              65.504721
            ],
            [
              1437.77,
              65.504721
            ],
            [
              1437.77,
              92.504721
            ]
          ]
        ]
      }
    },
    {
      "type": "Feature",
      "properties": {
        "id": "PLN-concavo-F49",
        "tipo": "nicho",
        "zonaId": "PLN",
        "cara": "concavo",
        "fila": "F",
        "numero": 49,
        "codigo": "F49",
        "estatus_venta": "disponible",
        "estatus_ocupacion": "",
        "referencia_procap": "",
        "observaciones": "",
        "geometryType": "niches",
        "gridRow": 5,
        "gridColumn": 48
      },
      "geometry": {
        "type": "Polygon",
        "coordinates": [
          [
            [
              1467.825,
              92.504721
            ],
            [
              1494.825,
              92.504721
            ],
            [
              1494.825,
              65.504721
            ],
            [
              1467.825,
              65.504721
            ],
            [
              1467.825,
              92.504721
            ]
          ]
        ]
      }
    },
    {
      "type": "Feature",
      "properties": {
        "id": "PLN-concavo-F50",
        "tipo": "nicho",
        "zonaId": "PLN",
        "cara": "concavo",
        "fila": "F",
        "numero": 50,
        "codigo": "F50",
        "estatus_venta": "disponible",
        "estatus_ocupacion": "",
        "referencia_procap": "",
        "observaciones": "",
        "geometryType": "niches",
        "gridRow": 5,
        "gridColumn": 49
      },
      "geometry": {
        "type": "Polygon",
        "coordinates": [
          [
            [
              1497.88,
              92.504721
            ],
            [
              1524.88,
              92.504721
            ],
            [
              1524.88,
              65.504721
            ],
            [
              1497.88,
              65.504721
            ],
            [
              1497.88,
              92.504721
            ]
          ]
        ]
      }
    },
    {
      "type": "Feature",
      "properties": {
        "id": "PLN-concavo-F51",
        "tipo": "nicho",
        "zonaId": "PLN",
        "cara": "concavo",
        "fila": "F",
        "numero": 51,
        "codigo": "F51",
        "estatus_venta": "disponible",
        "estatus_ocupacion": "",
        "referencia_procap": "",
        "observaciones": "",
        "geometryType": "niches",
        "gridRow": 5,
        "gridColumn": 50
      },
      "geometry": {
        "type": "Polygon",
        "coordinates": [
          [
            [
              1527.935,
              92.504721
            ],
            [
              1554.935,
              92.504721
            ],
            [
              1554.935,
              65.504721
            ],
            [
              1527.935,
              65.504721
            ],
            [
              1527.935,
              92.504721
            ]
          ]
        ]
      }
    },
    {
      "type": "Feature",
      "properties": {
        "id": "PLN-concavo-F52",
        "tipo": "nicho",
        "zonaId": "PLN",
        "cara": "concavo",
        "fila": "F",
        "numero": 52,
        "codigo": "F52",
        "estatus_venta": "disponible",
        "estatus_ocupacion": "",
        "referencia_procap": "",
        "observaciones": "",
        "geometryType": "niches",
        "gridRow": 5,
        "gridColumn": 51
      },
      "geometry": {
        "type": "Polygon",
        "coordinates": [
          [
            [
              1557.99,
              92.504721
            ],
            [
              1584.99,
              92.504721
            ],
            [
              1584.99,
              65.504721
            ],
            [
              1557.99,
              65.504721
            ],
            [
              1557.99,
              92.504721
            ]
          ]
        ]
      }
    },
    {
      "type": "Feature",
      "properties": {
        "id": "PLN-concavo-F53",
        "tipo": "nicho",
        "zonaId": "PLN",
        "cara": "concavo",
        "fila": "F",
        "numero": 53,
        "codigo": "F53",
        "estatus_venta": "disponible",
        "estatus_ocupacion": "",
        "referencia_procap": "",
        "observaciones": "",
        "geometryType": "niches",
        "gridRow": 5,
        "gridColumn": 52
      },
      "geometry": {
        "type": "Polygon",
        "coordinates": [
          [
            [
              1588.045,
              92.504721
            ],
            [
              1615.045,
              92.504721
            ],
            [
              1615.045,
              65.504721
            ],
            [
              1588.045,
              65.504721
            ],
            [
              1588.045,
              92.504721
            ]
          ]
        ]
      }
    },
    {
      "type": "Feature",
      "properties": {
        "id": "PLN-concavo-F54",
        "tipo": "nicho",
        "zonaId": "PLN",
        "cara": "concavo",
        "fila": "F",
        "numero": 54,
        "codigo": "F54",
        "estatus_venta": "disponible",
        "estatus_ocupacion": "",
        "referencia_procap": "",
        "observaciones": "",
        "geometryType": "niches",
        "gridRow": 5,
        "gridColumn": 53
      },
      "geometry": {
        "type": "Polygon",
        "coordinates": [
          [
            [
              1618.1,
              92.504721
            ],
            [
              1645.1,
              92.504721
            ],
            [
              1645.1,
              65.504721
            ],
            [
              1618.1,
              65.504721
            ],
            [
              1618.1,
              92.504721
            ]
          ]
        ]
      }
    },
    {
      "type": "Feature",
      "properties": {
        "id": "PLN-concavo-F55",
        "tipo": "nicho",
        "zonaId": "PLN",
        "cara": "concavo",
        "fila": "F",
        "numero": 55,
        "codigo": "F55",
        "estatus_venta": "disponible",
        "estatus_ocupacion": "",
        "referencia_procap": "",
        "observaciones": "",
        "geometryType": "niches",
        "gridRow": 5,
        "gridColumn": 54
      },
      "geometry": {
        "type": "Polygon",
        "coordinates": [
          [
            [
              1648.155,
              92.504721
            ],
            [
              1675.155,
              92.504721
            ],
            [
              1675.155,
              65.504721
            ],
            [
              1648.155,
              65.504721
            ],
            [
              1648.155,
              92.504721
            ]
          ]
        ]
      }
    },
    {
      "type": "Feature",
      "properties": {
        "id": "PLN-concavo-F56",
        "tipo": "nicho",
        "zonaId": "PLN",
        "cara": "concavo",
        "fila": "F",
        "numero": 56,
        "codigo": "F56",
        "estatus_venta": "disponible",
        "estatus_ocupacion": "",
        "referencia_procap": "",
        "observaciones": "",
        "geometryType": "niches",
        "gridRow": 5,
        "gridColumn": 55
      },
      "geometry": {
        "type": "Polygon",
        "coordinates": [
          [
            [
              1678.21,
              92.504721
            ],
            [
              1705.21,
              92.504721
            ],
            [
              1705.21,
              65.504721
            ],
            [
              1678.21,
              65.504721
            ],
            [
              1678.21,
              92.504721
            ]
          ]
        ]
      }
    },
    {
      "type": "Feature",
      "properties": {
        "id": "PLN-concavo-F57",
        "tipo": "nicho",
        "zonaId": "PLN",
        "cara": "concavo",
        "fila": "F",
        "numero": 57,
        "codigo": "F57",
        "estatus_venta": "disponible",
        "estatus_ocupacion": "",
        "referencia_procap": "",
        "observaciones": "",
        "geometryType": "niches",
        "gridRow": 5,
        "gridColumn": 56
      },
      "geometry": {
        "type": "Polygon",
        "coordinates": [
          [
            [
              1708.265,
              92.504721
            ],
            [
              1735.265,
              92.504721
            ],
            [
              1735.265,
              65.504721
            ],
            [
              1708.265,
              65.504721
            ],
            [
              1708.265,
              92.504721
            ]
          ]
        ]
      }
    },
    {
      "type": "Feature",
      "properties": {
        "id": "PLN-concavo-F58",
        "tipo": "nicho",
        "zonaId": "PLN",
        "cara": "concavo",
        "fila": "F",
        "numero": 58,
        "codigo": "F58",
        "estatus_venta": "disponible",
        "estatus_ocupacion": "",
        "referencia_procap": "",
        "observaciones": "",
        "geometryType": "niches",
        "gridRow": 5,
        "gridColumn": 57
      },
      "geometry": {
        "type": "Polygon",
        "coordinates": [
          [
            [
              1738.32,
              92.504721
            ],
            [
              1765.32,
              92.504721
            ],
            [
              1765.32,
              65.504721
            ],
            [
              1738.32,
              65.504721
            ],
            [
              1738.32,
              92.504721
            ]
          ]
        ]
      }
    },
    {
      "type": "Feature",
      "properties": {
        "id": "PLN-concavo-F59",
        "tipo": "nicho",
        "zonaId": "PLN",
        "cara": "concavo",
        "fila": "F",
        "numero": 59,
        "codigo": "F59",
        "estatus_venta": "disponible",
        "estatus_ocupacion": "",
        "referencia_procap": "",
        "observaciones": "",
        "geometryType": "niches",
        "gridRow": 5,
        "gridColumn": 58
      },
      "geometry": {
        "type": "Polygon",
        "coordinates": [
          [
            [
              1768.375,
              92.504721
            ],
            [
              1795.375,
              92.504721
            ],
            [
              1795.375,
              65.504721
            ],
            [
              1768.375,
              65.504721
            ],
            [
              1768.375,
              92.504721
            ]
          ]
        ]
      }
    },
    {
      "type": "Feature",
      "properties": {
        "id": "PLN-concavo-F60",
        "tipo": "nicho",
        "zonaId": "PLN",
        "cara": "concavo",
        "fila": "F",
        "numero": 60,
        "codigo": "F60",
        "estatus_venta": "disponible",
        "estatus_ocupacion": "",
        "referencia_procap": "",
        "observaciones": "",
        "geometryType": "niches",
        "gridRow": 5,
        "gridColumn": 59
      },
      "geometry": {
        "type": "Polygon",
        "coordinates": [
          [
            [
              1798.43,
              92.504721
            ],
            [
              1825.43,
              92.504721
            ],
            [
              1825.43,
              65.504721
            ],
            [
              1798.43,
              65.504721
            ],
            [
              1798.43,
              92.504721
            ]
          ]
        ]
      }
    },
    {
      "type": "Feature",
      "properties": {
        "id": "PLN-concavo-F61",
        "tipo": "nicho",
        "zonaId": "PLN",
        "cara": "concavo",
        "fila": "F",
        "numero": 61,
        "codigo": "F61",
        "estatus_venta": "disponible",
        "estatus_ocupacion": "",
        "referencia_procap": "",
        "observaciones": "",
        "geometryType": "niches",
        "gridRow": 5,
        "gridColumn": 60
      },
      "geometry": {
        "type": "Polygon",
        "coordinates": [
          [
            [
              1828.485,
              92.504721
            ],
            [
              1855.485,
              92.504721
            ],
            [
              1855.485,
              65.504721
            ],
            [
              1828.485,
              65.504721
            ],
            [
              1828.485,
              92.504721
            ]
          ]
        ]
      }
    },
    {
      "type": "Feature",
      "properties": {
        "id": "PLN-concavo-F62",
        "tipo": "nicho",
        "zonaId": "PLN",
        "cara": "concavo",
        "fila": "F",
        "numero": 62,
        "codigo": "F62",
        "estatus_venta": "disponible",
        "estatus_ocupacion": "",
        "referencia_procap": "",
        "observaciones": "",
        "geometryType": "niches",
        "gridRow": 5,
        "gridColumn": 61
      },
      "geometry": {
        "type": "Polygon",
        "coordinates": [
          [
            [
              1858.54,
              92.504721
            ],
            [
              1885.54,
              92.504721
            ],
            [
              1885.54,
              65.504721
            ],
            [
              1858.54,
              65.504721
            ],
            [
              1858.54,
              92.504721
            ]
          ]
        ]
      }
    },
    {
      "type": "Feature",
      "properties": {
        "id": "PLN-concavo-F63",
        "tipo": "nicho",
        "zonaId": "PLN",
        "cara": "concavo",
        "fila": "F",
        "numero": 63,
        "codigo": "F63",
        "estatus_venta": "disponible",
        "estatus_ocupacion": "",
        "referencia_procap": "",
        "observaciones": "",
        "geometryType": "niches",
        "gridRow": 5,
        "gridColumn": 62
      },
      "geometry": {
        "type": "Polygon",
        "coordinates": [
          [
            [
              1888.595,
              92.504721
            ],
            [
              1915.595,
              92.504721
            ],
            [
              1915.595,
              65.504721
            ],
            [
              1888.595,
              65.504721
            ],
            [
              1888.595,
              92.504721
            ]
          ]
        ]
      }
    },
    {
      "type": "Feature",
      "properties": {
        "id": "PLN-concavo-F64",
        "tipo": "nicho",
        "zonaId": "PLN",
        "cara": "concavo",
        "fila": "F",
        "numero": 64,
        "codigo": "F64",
        "estatus_venta": "disponible",
        "estatus_ocupacion": "",
        "referencia_procap": "",
        "observaciones": "",
        "geometryType": "niches",
        "gridRow": 5,
        "gridColumn": 63
      },
      "geometry": {
        "type": "Polygon",
        "coordinates": [
          [
            [
              1918.65,
              92.504721
            ],
            [
              1945.65,
              92.504721
            ],
            [
              1945.65,
              65.504721
            ],
            [
              1918.65,
              65.504721
            ],
            [
              1918.65,
              92.504721
            ]
          ]
        ]
      }
    },
    {
      "type": "Feature",
      "properties": {
        "id": "PLN-concavo-F65",
        "tipo": "nicho",
        "zonaId": "PLN",
        "cara": "concavo",
        "fila": "F",
        "numero": 65,
        "codigo": "F65",
        "estatus_venta": "disponible",
        "estatus_ocupacion": "",
        "referencia_procap": "",
        "observaciones": "",
        "geometryType": "niches",
        "gridRow": 5,
        "gridColumn": 64
      },
      "geometry": {
        "type": "Polygon",
        "coordinates": [
          [
            [
              1948.705,
              92.504721
            ],
            [
              1975.705,
              92.504721
            ],
            [
              1975.705,
              65.504721
            ],
            [
              1948.705,
              65.504721
            ],
            [
              1948.705,
              92.504721
            ]
          ]
        ]
      }
    },
    {
      "type": "Feature",
      "properties": {
        "id": "PLN-concavo-F66",
        "tipo": "nicho",
        "zonaId": "PLN",
        "cara": "concavo",
        "fila": "F",
        "numero": 66,
        "codigo": "F66",
        "estatus_venta": "disponible",
        "estatus_ocupacion": "",
        "referencia_procap": "",
        "observaciones": "",
        "geometryType": "niches",
        "gridRow": 5,
        "gridColumn": 65
      },
      "geometry": {
        "type": "Polygon",
        "coordinates": [
          [
            [
              1978.76,
              92.504721
            ],
            [
              2005.76,
              92.504721
            ],
            [
              2005.76,
              65.504721
            ],
            [
              1978.76,
              65.504721
            ],
            [
              1978.76,
              92.504721
            ]
          ]
        ]
      }
    },
    {
      "type": "Feature",
      "properties": {
        "id": "PLN-concavo-F67",
        "tipo": "nicho",
        "zonaId": "PLN",
        "cara": "concavo",
        "fila": "F",
        "numero": 67,
        "codigo": "F67",
        "estatus_venta": "disponible",
        "estatus_ocupacion": "",
        "referencia_procap": "",
        "observaciones": "",
        "geometryType": "niches",
        "gridRow": 5,
        "gridColumn": 66
      },
      "geometry": {
        "type": "Polygon",
        "coordinates": [
          [
            [
              2008.815,
              92.504721
            ],
            [
              2035.815,
              92.504721
            ],
            [
              2035.815,
              65.504721
            ],
            [
              2008.815,
              65.504721
            ],
            [
              2008.815,
              92.504721
            ]
          ]
        ]
      }
    }
  ]
}