{
  "type": "FeatureCollection",
  "features": [
    {
      "type": "Feature",
      "properties": {
        "id": "SPN-concavo-A1",
        "tipo": "nicho",
        "zonaId": "SPN",
        "cara": "concavo",
        "fila": "A",
        "numero": 1,
        "codigo": "A1",
        "estatus_venta": "disponible",
        "estatus_ocupacion": "",
        "referencia_procap": "",
        "observaciones": "",
        "geometryType": "niches",
        "gridRow": 0,
        "gridColumn": 0
      },
      "geometry": {
        "type": "Polygon",
        "coordinates": [
          [
            [
              37.75,
              261.752931
            ],
            [
              69.75,
              261.752931
            ],
            [
              69.75,
              229.752931
            ],
            [
              37.75,
              229.752931
            ],
            [
              37.75,
              261.752931
            ]
          ]
        ]
      }
    },
    {
      "type": "Feature",
      "properties": {
        "id": "SPN-concavo-A2",
        "tipo": "nicho",
        "zonaId": "SPN",
        "cara": "concavo",
        "fila": "A",
        "numero": 2,
        "codigo": "A2",
        "estatus_venta": "disponible",
        "estatus_ocupacion": "",
        "referencia_procap": "",
        "observaciones": "",
        "geometryType": "niches",
        "gridRow": 0,
        "gridColumn": 1
      },
      "geometry": {
        "type": "Polygon",
        "coordinates": [
          [
            [
              77,
              261.752931
            ],
            [
              109,
              261.752931
            ],
            [
              109,
              229.752931
            ],
            [
              77,
              229.752931
            ],
            [
              77,
              261.752931
            ]
          ]
        ]
      }
    },
    {
      "type": "Feature",
      "properties": {
        "id": "SPN-concavo-A3",
        "tipo": "nicho",
        "zonaId": "SPN",
        "cara": "concavo",
        "fila": "A",
        "numero": 3,
        "codigo": "A3",
        "estatus_venta": "disponible",
        "estatus_ocupacion": "",
        "referencia_procap": "",
        "observaciones": "",
        "geometryType": "niches",
        "gridRow": 0,
        "gridColumn": 2
      },
      "geometry": {
        "type": "Polygon",
        "coordinates": [
          [
            [
              116.25,
              261.752931
            ],
            [
              148.25,
              261.752931
            ],
            [
              148.25,
              229.752931
            ],
            [
              116.25,
              229.752931
            ],
            [
              116.25,
              261.752931
            ]
          ]
        ]
      }
    },
    {
      "type": "Feature",
      "properties": {
        "id": "SPN-concavo-A4",
        "tipo": "nicho",
        "zonaId": "SPN",
        "cara": "concavo",
        "fila": "A",
        "numero": 4,
        "codigo": "A4",
        "estatus_venta": "disponible",
        "estatus_ocupacion": "",
        "referencia_procap": "",
        "observaciones": "",
        "geometryType": "niches",
        "gridRow": 0,
        "gridColumn": 3
      },
      "geometry": {
        "type": "Polygon",
        "coordinates": [
          [
            [
              155.5,
              261.752931
            ],
            [
              187.5,
              261.752931
            ],
            [
              187.5,
              229.752931
            ],
            [
              155.5,
              229.752931
            ],
            [
              155.5,
              261.752931
            ]
          ]
        ]
      }
    },
    {
      "type": "Feature",
      "properties": {
        "id": "SPN-concavo-A5",
        "tipo": "nicho",
        "zonaId": "SPN",
        "cara": "concavo",
        "fila": "A",
        "numero": 5,
        "codigo": "A5",
        "estatus_venta": "disponible",
        "estatus_ocupacion": "",
        "referencia_procap": "",
        "observaciones": "",
        "geometryType": "niches",
        "gridRow": 0,
        "gridColumn": 4
      },
      "geometry": {
        "type": "Polygon",
        "coordinates": [
          [
            [
              194.75,
              261.752931
            ],
            [
              226.75,
              261.752931
            ],
            [
              226.75,
              229.752931
            ],
            [
              194.75,
              229.752931
            ],
            [
              194.75,
              261.752931
            ]
          ]
        ]
      }
    },
    {
      "type": "Feature",
      "properties": {
        "id": "SPN-concavo-A6",
        "tipo": "nicho",
        "zonaId": "SPN",
        "cara": "concavo",
        "fila": "A",
        "numero": 6,
        "codigo": "A6",
        "estatus_venta": "disponible",
        "estatus_ocupacion": "",
        "referencia_procap": "",
        "observaciones": "",
        "geometryType": "niches",
        "gridRow": 0,
        "gridColumn": 5
      },
      "geometry": {
        "type": "Polygon",
        "coordinates": [
          [
            [
              234,
              261.752931
            ],
            [
              266,
              261.752931
            ],
            [
              266,
              229.752931
            ],
            [
              234,
              229.752931
            ],
            [
              234,
              261.752931
            ]
          ]
        ]
      }
    },
    {
      "type": "Feature",
      "properties": {
        "id": "SPN-concavo-A7",
        "tipo": "nicho",
        "zonaId": "SPN",
        "cara": "concavo",
        "fila": "A",
        "numero": 7,
        "codigo": "A7",
        "estatus_venta": "disponible",
        "estatus_ocupacion": "",
        "referencia_procap": "",
        "observaciones": "",
        "geometryType": "niches",
        "gridRow": 0,
        "gridColumn": 6
      },
      "geometry": {
        "type": "Polygon",
        "coordinates": [
          [
            [
              273.25,
              261.752931
            ],
            [
              305.25,
              261.752931
            ],
            [
              305.25,
              229.752931
            ],
            [
              273.25,
              229.752931
            ],
            [
              273.25,
              261.752931
            ]
          ]
        ]
      }
    },
    {
      "type": "Feature",
      "properties": {
        "id": "SPN-concavo-A8",
        "tipo": "nicho",
        "zonaId": "SPN",
        "cara": "concavo",
        "fila": "A",
        "numero": 8,
        "codigo": "A8",
        "estatus_venta": "disponible",
        "estatus_ocupacion": "",
        "referencia_procap": "",
        "observaciones": "",
        "geometryType": "niches",
        "gridRow": 0,
        "gridColumn": 7
      },
      "geometry": {
        "type": "Polygon",
        "coordinates": [
          [
            [
              312.5,
              261.752931
            ],
            [
              344.5,
              261.752931
            ],
            [
              344.5,
              229.752931
            ],
            [
              312.5,
              229.752931
            ],
            [
              312.5,
              261.752931
            ]
          ]
        ]
      }
    },
    {
      "type": "Feature",
      "properties": {
        "id": "SPN-concavo-A9",
        "tipo": "nicho",
        "zonaId": "SPN",
        "cara": "concavo",
        "fila": "A",
        "numero": 9,
        "codigo": "A9",
        "estatus_venta": "disponible",
        "estatus_ocupacion": "",
        "referencia_procap": "",
        "observaciones": "",
        "geometryType": "niches",
        "gridRow": 0,
        "gridColumn": 8
      },
      "geometry": {
        "type": "Polygon",
        "coordinates": [
          [
            [
              351.75,
              261.752931
            ],
            [
              383.75,
              261.752931
            ],
            [
              383.75,
              229.752931
            ],
            [
              351.75,
              229.752931
            ],
            [
              351.75,
              261.752931
            ]
          ]
        ]
      }
    },
    {
      "type": "Feature",
      "properties": {
        "id": "SPN-concavo-A10",
        "tipo": "nicho",
        "zonaId": "SPN",
        "cara": "concavo",
        "fila": "A",
        "numero": 10,
        "codigo": "A10",
        "estatus_venta": "disponible",
        "estatus_ocupacion": "",
        "referencia_procap": "",
        "observaciones": "",
        "geometryType": "niches",
        "gridRow": 0,
        "gridColumn": 9
      },
      "geometry": {
        "type": "Polygon",
        "coordinates": [
          [
            [
              391,
              261.752931
            ],
            [
              423,
              261.752931
            ],
            [
              423,
              229.752931
            ],
            [
              391,
              229.752931
            ],
            [
              391,
              261.752931
            ]
          ]
        ]
      }
    },
    {
      "type": "Feature",
      "properties": {
        "id": "SPN-concavo-A11",
        "tipo": "nicho",
        "zonaId": "SPN",
        "cara": "concavo",
        "fila": "A",
        "numero": 11,
        "codigo": "A11",
        "estatus_venta": "disponible",
        "estatus_ocupacion": "",
        "referencia_procap": "",
        "observaciones": "",
        "geometryType": "niches",
        "gridRow": 0,
        "gridColumn": 10
      },
      "geometry": {
        "type": "Polygon",
        "coordinates": [
          [
            [
              430.25,
              261.752931
            ],
            [
              462.25,
              261.752931
            ],
            [
              462.25,
              229.752931
            ],
            [
              430.25,
              229.752931
            ],
            [
              430.25,
              261.752931
            ]
          ]
        ]
      }
    },
    {
      "type": "Feature",
      "properties": {
        "id": "SPN-concavo-A12",
        "tipo": "nicho",
        "zonaId": "SPN",
        "cara": "concavo",
        "fila": "A",
        "numero": 12,
        "codigo": "A12",
        "estatus_venta": "disponible",
        "estatus_ocupacion": "",
        "referencia_procap": "",
        "observaciones": "",
        "geometryType": "niches",
        "gridRow": 0,
        "gridColumn": 11
      },
      "geometry": {
        "type": "Polygon",
        "coordinates": [
          [
            [
              469.5,
              261.752931
            ],
            [
              501.5,
              261.752931
            ],
            [
              501.5,
              229.752931
            ],
            [
              469.5,
              229.752931
            ],
            [
              469.5,
              261.752931
            ]
          ]
        ]
      }
    },
    {
      "type": "Feature",
      "properties": {
        "id": "SPN-concavo-A13",
        "tipo": "nicho",
        "zonaId": "SPN",
        "cara": "concavo",
        "fila": "A",
        "numero": 13,
        "codigo": "A13",
        "estatus_venta": "disponible",
        "estatus_ocupacion": "",
        "referencia_procap": "",
        "observaciones": "",
        "geometryType": "niches",
        "gridRow": 0,
        "gridColumn": 12
      },
      "geometry": {
        "type": "Polygon",
        "coordinates": [
          [
            [
              508.75,
              261.752931
            ],
            [
              540.75,
              261.752931
            ],
            [
              540.75,
              229.752931
            ],
            [
              508.75,
              229.752931
            ],
            [
              508.75,
              261.752931
            ]
          ]
        ]
      }
    },
    {
      "type": "Feature",
      "properties": {
        "id": "SPN-concavo-A14",
        "tipo": "nicho",
        "zonaId": "SPN",
        "cara": "concavo",
        "fila": "A",
        "numero": 14,
        "codigo": "A14",
        "estatus_venta": "disponible",
        "estatus_ocupacion": "",
        "referencia_procap": "",
        "observaciones": "",
        "geometryType": "niches",
        "gridRow": 0,
        "gridColumn": 13
      },
      "geometry": {
        "type": "Polygon",
        "coordinates": [
          [
            [
              548,
              261.752931
            ],
            [
              580,
              261.752931
            ],
            [
              580,
              229.752931
            ],
            [
              548,
              229.752931
            ],
            [
              548,
              261.752931
            ]
          ]
        ]
      }
    },
    {
      "type": "Feature",
      "properties": {
        "id": "SPN-concavo-A15",
        "tipo": "nicho",
        "zonaId": "SPN",
        "cara": "concavo",
        "fila": "A",
        "numero": 15,
        "codigo": "A15",
        "estatus_venta": "disponible",
        "estatus_ocupacion": "",
        "referencia_procap": "",
        "observaciones": "",
        "geometryType": "niches",
        "gridRow": 0,
        "gridColumn": 14
      },
      "geometry": {
        "type": "Polygon",
        "coordinates": [
          [
            [
              587.25,
              261.752931
            ],
            [
              619.25,
              261.752931
            ],
            [
              619.25,
              229.752931
            ],
            [
              587.25,
              229.752931
            ],
            [
              587.25,
              261.752931
            ]
          ]
        ]
      }
    },
    {
      "type": "Feature",
      "properties": {
        "id": "SPN-concavo-A16",
        "tipo": "nicho",
        "zonaId": "SPN",
        "cara": "concavo",
        "fila": "A",
        "numero": 16,
        "codigo": "A16",
        "estatus_venta": "disponible",
        "estatus_ocupacion": "",
        "referencia_procap": "",
        "observaciones": "",
        "geometryType": "niches",
        "gridRow": 0,
        "gridColumn": 15
      },
      "geometry": {
        "type": "Polygon",
        "coordinates": [
          [
            [
              626.5,
              261.752931
            ],
            [
              658.5,
              261.752931
            ],
            [
              658.5,
              229.752931
            ],
            [
              626.5,
              229.752931
            ],
            [
              626.5,
              261.752931
            ]
          ]
        ]
      }
    },
    {
      "type": "Feature",
      "properties": {
        "id": "SPN-concavo-A17",
        "tipo": "nicho",
        "zonaId": "SPN",
        "cara": "concavo",
        "fila": "A",
        "numero": 17,
        "codigo": "A17",
        "estatus_venta": "disponible",
        "estatus_ocupacion": "",
        "referencia_procap": "",
        "observaciones": "",
        "geometryType": "niches",
        "gridRow": 0,
        "gridColumn": 16
      },
      "geometry": {
        "type": "Polygon",
        "coordinates": [
          [
            [
              665.75,
              261.752931
            ],
            [
              697.75,
              261.752931
            ],
            [
              697.75,
              229.752931
            ],
            [
              665.75,
              229.752931
            ],
            [
              665.75,
              261.752931
            ]
          ]
        ]
      }
    },
    {
      "type": "Feature",
      "properties": {
        "id": "SPN-concavo-A18",
        "tipo": "nicho",
        "zonaId": "SPN",
        "cara": "concavo",
        "fila": "A",
        "numero": 18,
        "codigo": "A18",
        "estatus_venta": "disponible",
        "estatus_ocupacion": "",
        "referencia_procap": "",
        "observaciones": "",
        "geometryType": "niches",
        "gridRow": 0,
        "gridColumn": 17
      },
      "geometry": {
        "type": "Polygon",
        "coordinates": [
          [
            [
              705,
              261.752931
            ],
            [
              737,
              261.752931
            ],
            [
              737,
              229.752931
            ],
            [
              705,
              229.752931
            ],
            [
              705,
              261.752931
            ]
          ]
        ]
      }
    },
    {
      "type": "Feature",
      "properties": {
        "id": "SPN-concavo-A19",
        "tipo": "nicho",
        "zonaId": "SPN",
        "cara": "concavo",
        "fila": "A",
        "numero": 19,
        "codigo": "A19",
        "estatus_venta": "disponible",
        "estatus_ocupacion": "",
        "referencia_procap": "",
        "observaciones": "",
        "geometryType": "niches",
        "gridRow": 0,
        "gridColumn": 18
      },
      "geometry": {
        "type": "Polygon",
        "coordinates": [
          [
            [
              744.25,
              261.752931
            ],
            [
              776.25,
              261.752931
            ],
            [
              776.25,
              229.752931
            ],
            [
              744.25,
              229.752931
            ],
            [
              744.25,
              261.752931
            ]
          ]
        ]
      }
    },
    {
      "type": "Feature",
      "properties": {
        "id": "SPN-concavo-A20",
        "tipo": "nicho",
        "zonaId": "SPN",
        "cara": "concavo",
        "fila": "A",
        "numero": 20,
        "codigo": "A20",
        "estatus_venta": "disponible",
        "estatus_ocupacion": "",
        "referencia_procap": "",
        "observaciones": "",
        "geometryType": "niches",
        "gridRow": 0,
        "gridColumn": 19
      },
      "geometry": {
        "type": "Polygon",
        "coordinates": [
          [
            [
              783.5,
              261.752931
            ],
            [
              815.5,
              261.752931
            ],
            [
              815.5,
              229.752931
            ],
            [
              783.5,
              229.752931
            ],
            [
              783.5,
              261.752931
            ]
          ]
        ]
      }
    },
    {
      "type": "Feature",
      "properties": {
        "id": "SPN-concavo-A21",
        "tipo": "nicho",
        "zonaId": "SPN",
        "cara": "concavo",
        "fila": "A",
        "numero": 21,
        "codigo": "A21",
        "estatus_venta": "disponible",
        "estatus_ocupacion": "",
        "referencia_procap": "",
        "observaciones": "",
        "geometryType": "niches",
        "gridRow": 0,
        "gridColumn": 20
      },
      "geometry": {
        "type": "Polygon",
        "coordinates": [
          [
            [
              822.75,
              261.752931
            ],
            [
              854.75,
              261.752931
            ],
            [
              854.75,
              229.752931
            ],
            [
              822.75,
              229.752931
            ],
            [
              822.75,
              261.752931
            ]
          ]
        ]
      }
    },
    {
      "type": "Feature",
      "properties": {
        "id": "SPN-concavo-A22",
        "tipo": "nicho",
        "zonaId": "SPN",
        "cara": "concavo",
        "fila": "A",
        "numero": 22,
        "codigo": "A22",
        "estatus_venta": "disponible",
        "estatus_ocupacion": "",
        "referencia_procap": "",
        "observaciones": "",
        "geometryType": "niches",
        "gridRow": 0,
        "gridColumn": 21
      },
      "geometry": {
        "type": "Polygon",
        "coordinates": [
          [
            [
              862,
              261.752931
            ],
            [
              894,
              261.752931
            ],
            [
              894,
              229.752931
            ],
            [
              862,
              229.752931
            ],
            [
              862,
              261.752931
            ]
          ]
        ]
      }
    },
    {
      "type": "Feature",
      "properties": {
        "id": "SPN-concavo-A23",
        "tipo": "nicho",
        "zonaId": "SPN",
        "cara": "concavo",
        "fila": "A",
        "numero": 23,
        "codigo": "A23",
        "estatus_venta": "disponible",
        "estatus_ocupacion": "",
        "referencia_procap": "",
        "observaciones": "",
        "geometryType": "niches",
        "gridRow": 0,
        "gridColumn": 22
      },
      "geometry": {
        "type": "Polygon",
        "coordinates": [
          [
            [
              901.25,
              261.752931
            ],
            [
              933.25,
              261.752931
            ],
            [
              933.25,
              229.752931
            ],
            [
              901.25,
              229.752931
            ],
            [
              901.25,
              261.752931
            ]
          ]
        ]
      }
    },
    {
      "type": "Feature",
      "properties": {
        "id": "SPN-concavo-A24",
        "tipo": "nicho",
        "zonaId": "SPN",
        "cara": "concavo",
        "fila": "A",
        "numero": 24,
        "codigo": "A24",
        "estatus_venta": "disponible",
        "estatus_ocupacion": "",
        "referencia_procap": "",
        "observaciones": "",
        "geometryType": "niches",
        "gridRow": 0,
        "gridColumn": 23
      },
      "geometry": {
        "type": "Polygon",
        "coordinates": [
          [
            [
              940.5,
              261.752931
            ],
            [
              972.5,
              261.752931
            ],
            [
              972.5,
              229.752931
            ],
            [
              940.5,
              229.752931
            ],
            [
              940.5,
              261.752931
            ]
          ]
        ]
      }
    },
    {
      "type": "Feature",
      "properties": {
        "id": "SPN-concavo-A25",
        "tipo": "nicho",
        "zonaId": "SPN",
        "cara": "concavo",
        "fila": "A",
        "numero": 25,
        "codigo": "A25",
        "estatus_venta": "disponible",
        "estatus_ocupacion": "",
        "referencia_procap": "",
        "observaciones": "",
        "geometryType": "niches",
        "gridRow": 0,
        "gridColumn": 24
      },
      "geometry": {
        "type": "Polygon",
        "coordinates": [
          [
            [
              979.75,
              261.752931
            ],
            [
              1011.75,
              261.752931
            ],
            [
              1011.75,
              229.752931
            ],
            [
              979.75,
              229.752931
            ],
            [
              979.75,
              261.752931
            ]
          ]
        ]
      }
    },
    {
      "type": "Feature",
      "properties": {
        "id": "SPN-concavo-A26",
        "tipo": "nicho",
        "zonaId": "SPN",
        "cara": "concavo",
        "fila": "A",
        "numero": 26,
        "codigo": "A26",
        "estatus_venta": "disponible",
        "estatus_ocupacion": "",
        "referencia_procap": "",
        "observaciones": "",
        "geometryType": "niches",
        "gridRow": 0,
        "gridColumn": 25
      },
      "geometry": {
        "type": "Polygon",
        "coordinates": [
          [
            [
              1019,
              261.752931
            ],
            [
              1051,
              261.752931
            ],
            [
              1051,
              229.752931
            ],
            [
              1019,
              229.752931
            ],
            [
              1019,
              261.752931
            ]
          ]
        ]
      }
    },
    {
      "type": "Feature",
      "properties": {
        "id": "SPN-concavo-A27",
        "tipo": "nicho",
        "zonaId": "SPN",
        "cara": "concavo",
        "fila": "A",
        "numero": 27,
        "codigo": "A27",
        "estatus_venta": "disponible",
        "estatus_ocupacion": "",
        "referencia_procap": "",
        "observaciones": "",
        "geometryType": "niches",
        "gridRow": 0,
        "gridColumn": 26
      },
      "geometry": {
        "type": "Polygon",
        "coordinates": [
          [
            [
              1058.25,
              261.752931
            ],
            [
              1090.25,
              261.752931
            ],
            [
              1090.25,
              229.752931
            ],
            [
              1058.25,
              229.752931
            ],
            [
              1058.25,
              261.752931
            ]
          ]
        ]
      }
    },
    {
      "type": "Feature",
      "properties": {
        "id": "SPN-concavo-A28",
        "tipo": "nicho",
        "zonaId": "SPN",
        "cara": "concavo",
        "fila": "A",
        "numero": 28,
        "codigo": "A28",
        "estatus_venta": "disponible",
        "estatus_ocupacion": "",
        "referencia_procap": "",
        "observaciones": "",
        "geometryType": "niches",
        "gridRow": 0,
        "gridColumn": 27
      },
      "geometry": {
        "type": "Polygon",
        "coordinates": [
          [
            [
              1097.5,
              261.752931
            ],
            [
              1129.5,
              261.752931
            ],
            [
              1129.5,
              229.752931
            ],
            [
              1097.5,
              229.752931
            ],
            [
              1097.5,
              261.752931
            ]
          ]
        ]
      }
    },
    {
      "type": "Feature",
      "properties": {
        "id": "SPN-concavo-A29",
        "tipo": "nicho",
        "zonaId": "SPN",
        "cara": "concavo",
        "fila": "A",
        "numero": 29,
        "codigo": "A29",
        "estatus_venta": "disponible",
        "estatus_ocupacion": "",
        "referencia_procap": "",
        "observaciones": "",
        "geometryType": "niches",
        "gridRow": 0,
        "gridColumn": 28
      },
      "geometry": {
        "type": "Polygon",
        "coordinates": [
          [
            [
              1136.75,
              261.752931
            ],
            [
              1168.75,
              261.752931
            ],
            [
              1168.75,
              229.752931
            ],
            [
              1136.75,
              229.752931
            ],
            [
              1136.75,
              261.752931
            ]
          ]
        ]
      }
    },
    {
      "type": "Feature",
      "properties": {
        "id": "SPN-concavo-A30",
        "tipo": "nicho",
        "zonaId": "SPN",
        "cara": "concavo",
        "fila": "A",
        "numero": 30,
        "codigo": "A30",
        "estatus_venta": "disponible",
        "estatus_ocupacion": "",
        "referencia_procap": "",
        "observaciones": "",
        "geometryType": "niches",
        "gridRow": 0,
        "gridColumn": 29
      },
      "geometry": {
        "type": "Polygon",
        "coordinates": [
          [
            [
              1176,
              261.752931
            ],
            [
              1208,
              261.752931
            ],
            [
              1208,
              229.752931
            ],
            [
              1176,
              229.752931
            ],
            [
              1176,
              261.752931
            ]
          ]
        ]
      }
    },
    {
      "type": "Feature",
      "properties": {
        "id": "SPN-concavo-A31",
        "tipo": "nicho",
        "zonaId": "SPN",
        "cara": "concavo",
        "fila": "A",
        "numero": 31,
        "codigo": "A31",
        "estatus_venta": "disponible",
        "estatus_ocupacion": "",
        "referencia_procap": "",
        "observaciones": "",
        "geometryType": "niches",
        "gridRow": 0,
        "gridColumn": 30
      },
      "geometry": {
        "type": "Polygon",
        "coordinates": [
          [
            [
              1215.25,
              261.752931
            ],
            [
              1247.25,
              261.752931
            ],
            [
              1247.25,
              229.752931
            ],
            [
              1215.25,
              229.752931
            ],
            [
              1215.25,
              261.752931
            ]
          ]
        ]
      }
    },
    {
      "type": "Feature",
      "properties": {
        "id": "SPN-concavo-A32",
        "tipo": "nicho",
        "zonaId": "SPN",
        "cara": "concavo",
        "fila": "A",
        "numero": 32,
        "codigo": "A32",
        "estatus_venta": "disponible",
        "estatus_ocupacion": "",
        "referencia_procap": "",
        "observaciones": "",
        "geometryType": "niches",
        "gridRow": 0,
        "gridColumn": 31
      },
      "geometry": {
        "type": "Polygon",
        "coordinates": [
          [
            [
              1254.5,
              261.752931
            ],
            [
              1286.5,
              261.752931
            ],
            [
              1286.5,
              229.752931
            ],
            [
              1254.5,
              229.752931
            ],
            [
              1254.5,
              261.752931
            ]
          ]
        ]
      }
    },
    {
      "type": "Feature",
      "properties": {
        "id": "SPN-concavo-A33",
        "tipo": "nicho",
        "zonaId": "SPN",
        "cara": "concavo",
        "fila": "A",
        "numero": 33,
        "codigo": "A33",
        "estatus_venta": "disponible",
        "estatus_ocupacion": "",
        "referencia_procap": "",
        "observaciones": "",
        "geometryType": "niches",
        "gridRow": 0,
        "gridColumn": 32
      },
      "geometry": {
        "type": "Polygon",
        "coordinates": [
          [
            [
              1293.75,
              261.752931
            ],
            [
              1325.75,
              261.752931
            ],
            [
              1325.75,
              229.752931
            ],
            [
              1293.75,
              229.752931
            ],
            [
              1293.75,
              261.752931
            ]
          ]
        ]
      }
    },
    {
      "type": "Feature",
      "properties": {
        "id": "SPN-concavo-A34",
        "tipo": "nicho",
        "zonaId": "SPN",
        "cara": "concavo",
        "fila": "A",
        "numero": 34,
        "codigo": "A34",
        "estatus_venta": "disponible",
        "estatus_ocupacion": "",
        "referencia_procap": "",
        "observaciones": "",
        "geometryType": "niches",
        "gridRow": 0,
        "gridColumn": 33
      },
      "geometry": {
        "type": "Polygon",
        "coordinates": [
          [
            [
              1333,
              261.752931
            ],
            [
              1365,
              261.752931
            ],
            [
              1365,
              229.752931
            ],
            [
              1333,
              229.752931
            ],
            [
              1333,
              261.752931
            ]
          ]
        ]
      }
    },
    {
      "type": "Feature",
      "properties": {
        "id": "SPN-concavo-A35",
        "tipo": "nicho",
        "zonaId": "SPN",
        "cara": "concavo",
        "fila": "A",
        "numero": 35,
        "codigo": "A35",
        "estatus_venta": "disponible",
        "estatus_ocupacion": "",
        "referencia_procap": "",
        "observaciones": "",
        "geometryType": "niches",
        "gridRow": 0,
        "gridColumn": 34
      },
      "geometry": {
        "type": "Polygon",
        "coordinates": [
          [
            [
              1372.25,
              261.752931
            ],
            [
              1404.25,
              261.752931
            ],
            [
              1404.25,
              229.752931
            ],
            [
              1372.25,
              229.752931
            ],
            [
              1372.25,
              261.752931
            ]
          ]
        ]
      }
    },
    {
      "type": "Feature",
      "properties": {
        "id": "SPN-concavo-A36",
        "tipo": "nicho",
        "zonaId": "SPN",
        "cara": "concavo",
        "fila": "A",
        "numero": 36,
        "codigo": "A36",
        "estatus_venta": "disponible",
        "estatus_ocupacion": "",
        "referencia_procap": "",
        "observaciones": "",
        "geometryType": "niches",
        "gridRow": 0,
        "gridColumn": 35
      },
      "geometry": {
        "type": "Polygon",
        "coordinates": [
          [
            [
              1411.5,
              261.752931
            ],
            [
              1443.5,
              261.752931
            ],
            [
              1443.5,
              229.752931
            ],
            [
              1411.5,
              229.752931
            ],
            [
              1411.5,
              261.752931
            ]
          ]
        ]
      }
    },
    {
      "type": "Feature",
      "properties": {
        "id": "SPN-concavo-A37",
        "tipo": "nicho",
        "zonaId": "SPN",
        "cara": "concavo",
        "fila": "A",
        "numero": 37,
        "codigo": "A37",
        "estatus_venta": "disponible",
        "estatus_ocupacion": "",
        "referencia_procap": "",
        "observaciones": "",
        "geometryType": "niches",
        "gridRow": 0,
        "gridColumn": 36
      },
      "geometry": {
        "type": "Polygon",
        "coordinates": [
          [
            [
              1450.75,
              261.752931
            ],
            [
              1482.75,
              261.752931
            ],
            [
              1482.75,
              229.752931
            ],
            [
              1450.75,
              229.752931
            ],
            [
              1450.75,
              261.752931
            ]
          ]
        ]
      }
    },
    {
      "type": "Feature",
      "properties": {
        "id": "SPN-concavo-A38",
        "tipo": "nicho",
        "zonaId": "SPN",
        "cara": "concavo",
        "fila": "A",
        "numero": 38,
        "codigo": "A38",
        "estatus_venta": "disponible",
        "estatus_ocupacion": "",
        "referencia_procap": "",
        "observaciones": "",
        "geometryType": "niches",
        "gridRow": 0,
        "gridColumn": 37
      },
      "geometry": {
        "type": "Polygon",
        "coordinates": [
          [
            [
              1490,
              261.752931
            ],
            [
              1522,
              261.752931
            ],
            [
              1522,
              229.752931
            ],
            [
              1490,
              229.752931
            ],
            [
              1490,
              261.752931
            ]
          ]
        ]
      }
    },
    {
      "type": "Feature",
      "properties": {
        "id": "SPN-concavo-A39",
        "tipo": "nicho",
        "zonaId": "SPN",
        "cara": "concavo",
        "fila": "A",
        "numero": 39,
        "codigo": "A39",
        "estatus_venta": "disponible",
        "estatus_ocupacion": "",
        "referencia_procap": "",
        "observaciones": "",
        "geometryType": "niches",
        "gridRow": 0,
        "gridColumn": 38
      },
      "geometry": {
        "type": "Polygon",
        "coordinates": [
          [
            [
              1529.25,
              261.752931
            ],
            [
              1561.25,
              261.752931
            ],
            [
              1561.25,
              229.752931
            ],
            [
              1529.25,
              229.752931
            ],
            [
              1529.25,
              261.752931
            ]
          ]
        ]
      }
    },
    {
      "type": "Feature",
      "properties": {
        "id": "SPN-concavo-A40",
        "tipo": "nicho",
        "zonaId": "SPN",
        "cara": "concavo",
        "fila": "A",
        "numero": 40,
        "codigo": "A40",
        "estatus_venta": "disponible",
        "estatus_ocupacion": "",
        "referencia_procap": "",
        "observaciones": "",
        "geometryType": "niches",
        "gridRow": 0,
        "gridColumn": 39
      },
      "geometry": {
        "type": "Polygon",
        "coordinates": [
          [
            [
              1568.5,
              261.752931
            ],
            [
              1600.5,
              261.752931
            ],
            [
              1600.5,
              229.752931
            ],
            [
              1568.5,
              229.752931
            ],
            [
              1568.5,
              261.752931
            ]
          ]
        ]
      }
    },
    {
      "type": "Feature",
      "properties": {
        "id": "SPN-concavo-A41",
        "tipo": "nicho",
        "zonaId": "SPN",
        "cara": "concavo",
        "fila": "A",
        "numero": 41,
        "codigo": "A41",
        "estatus_venta": "disponible",
        "estatus_ocupacion": "",
        "referencia_procap": "",
        "observaciones": "",
        "geometryType": "niches",
        "gridRow": 0,
        "gridColumn": 40
      },
      "geometry": {
        "type": "Polygon",
        "coordinates": [
          [
            [
              1607.75,
              261.752931
            ],
            [
              1639.75,
              261.752931
            ],
            [
              1639.75,
              229.752931
            ],
            [
              1607.75,
              229.752931
            ],
            [
              1607.75,
              261.752931
            ]
          ]
        ]
      }
    },
    {
      "type": "Feature",
      "properties": {
        "id": "SPN-concavo-A42",
        "tipo": "nicho",
        "zonaId": "SPN",
        "cara": "concavo",
        "fila": "A",
        "numero": 42,
        "codigo": "A42",
        "estatus_venta": "disponible",
        "estatus_ocupacion": "",
        "referencia_procap": "",
        "observaciones": "",
        "geometryType": "niches",
        "gridRow": 0,
        "gridColumn": 41
      },
      "geometry": {
        "type": "Polygon",
        "coordinates": [
          [
            [
              1647,
              261.752931
            ],
            [
              1679,
              261.752931
            ],
            [
              1679,
              229.752931
            ],
            [
              1647,
              229.752931
            ],
            [
              1647,
              261.752931
            ]
          ]
        ]
      }
    },
    {
      "type": "Feature",
      "properties": {
        "id": "SPN-concavo-A43",
        "tipo": "nicho",
        "zonaId": "SPN",
        "cara": "concavo",
        "fila": "A",
        "numero": 43,
        "codigo": "A43",
        "estatus_venta": "disponible",
        "estatus_ocupacion": "",
        "referencia_procap": "",
        "observaciones": "",
        "geometryType": "niches",
        "gridRow": 0,
        "gridColumn": 42
      },
      "geometry": {
        "type": "Polygon",
        "coordinates": [
          [
            [
              1686.25,
              261.752931
            ],
            [
              1718.25,
              261.752931
            ],
            [
              1718.25,
              229.752931
            ],
            [
              1686.25,
              229.752931
            ],
            [
              1686.25,
              261.752931
            ]
          ]
        ]
      }
    },
    {
      "type": "Feature",
      "properties": {
        "id": "SPN-concavo-A44",
        "tipo": "nicho",
        "zonaId": "SPN",
        "cara": "concavo",
        "fila": "A",
        "numero": 44,
        "codigo": "A44",
        "estatus_venta": "disponible",
        "estatus_ocupacion": "",
        "referencia_procap": "",
        "observaciones": "",
        "geometryType": "niches",
        "gridRow": 0,
        "gridColumn": 43
      },
      "geometry": {
        "type": "Polygon",
        "coordinates": [
          [
            [
              1725.5,
              261.752931
            ],
            [
              1757.5,
              261.752931
            ],
            [
              1757.5,
              229.752931
            ],
            [
              1725.5,
              229.752931
            ],
            [
              1725.5,
              261.752931
            ]
          ]
        ]
      }
    },
    {
      "type": "Feature",
      "properties": {
        "id": "SPN-concavo-A45",
        "tipo": "nicho",
        "zonaId": "SPN",
        "cara": "concavo",
        "fila": "A",
        "numero": 45,
        "codigo": "A45",
        "estatus_venta": "disponible",
        "estatus_ocupacion": "",
        "referencia_procap": "",
        "observaciones": "",
        "geometryType": "niches",
        "gridRow": 0,
        "gridColumn": 44
      },
      "geometry": {
        "type": "Polygon",
        "coordinates": [
          [
            [
              1764.75,
              261.752931
            ],
            [
              1796.75,
              261.752931
            ],
            [
              1796.75,
              229.752931
            ],
            [
              1764.75,
              229.752931
            ],
            [
              1764.75,
              261.752931
            ]
          ]
        ]
      }
    },
    {
      "type": "Feature",
      "properties": {
        "id": "SPN-concavo-A46",
        "tipo": "nicho",
        "zonaId": "SPN",
        "cara": "concavo",
        "fila": "A",
        "numero": 46,
        "codigo": "A46",
        "estatus_venta": "disponible",
        "estatus_ocupacion": "",
        "referencia_procap": "",
        "observaciones": "",
        "geometryType": "niches",
        "gridRow": 0,
        "gridColumn": 45
      },
      "geometry": {
        "type": "Polygon",
        "coordinates": [
          [
            [
              1804,
              261.752931
            ],
            [
              1836,
              261.752931
            ],
            [
              1836,
              229.752931
            ],
            [
              1804,
              229.752931
            ],
            [
              1804,
              261.752931
            ]
          ]
        ]
      }
    },
    {
      "type": "Feature",
      "properties": {
        "id": "SPN-concavo-A47",
        "tipo": "nicho",
        "zonaId": "SPN",
        "cara": "concavo",
        "fila": "A",
        "numero": 47,
        "codigo": "A47",
        "estatus_venta": "disponible",
        "estatus_ocupacion": "",
        "referencia_procap": "",
        "observaciones": "",
        "geometryType": "niches",
        "gridRow": 0,
        "gridColumn": 46
      },
      "geometry": {
        "type": "Polygon",
        "coordinates": [
          [
            [
              1843.25,
              261.752931
            ],
            [
              1875.25,
              261.752931
            ],
            [
              1875.25,
              229.752931
            ],
            [
              1843.25,
              229.752931
            ],
            [
              1843.25,
              261.752931
            ]
          ]
        ]
      }
    },
    {
      "type": "Feature",
      "properties": {
        "id": "SPN-concavo-A48",
        "tipo": "nicho",
        "zonaId": "SPN",
        "cara": "concavo",
        "fila": "A",
        "numero": 48,
        "codigo": "A48",
        "estatus_venta": "disponible",
        "estatus_ocupacion": "",
        "referencia_procap": "",
        "observaciones": "",
        "geometryType": "niches",
        "gridRow": 0,
        "gridColumn": 47
      },
      "geometry": {
        "type": "Polygon",
        "coordinates": [
          [
            [
              1882.5,
              261.752931
            ],
            [
              1914.5,
              261.752931
            ],
            [
              1914.5,
              229.752931
            ],
            [
              1882.5,
              229.752931
            ],
            [
              1882.5,
              261.752931
            ]
          ]
        ]
      }
    },
    {
      "type": "Feature",
      "properties": {
        "id": "SPN-concavo-A49",
        "tipo": "nicho",
        "zonaId": "SPN",
        "cara": "concavo",
        "fila": "A",
        "numero": 49,
        "codigo": "A49",
        "estatus_venta": "disponible",
        "estatus_ocupacion": "",
        "referencia_procap": "",
        "observaciones": "",
        "geometryType": "niches",
        "gridRow": 0,
        "gridColumn": 48
      },
      "geometry": {
        "type": "Polygon",
        "coordinates": [
          [
            [
              1921.75,
              261.752931
            ],
            [
              1953.75,
              261.752931
            ],
            [
              1953.75,
              229.752931
            ],
            [
              1921.75,
              229.752931
            ],
            [
              1921.75,
              261.752931
            ]
          ]
        ]
      }
    },
    {
      "type": "Feature",
      "properties": {
        "id": "SPN-concavo-A50",
        "tipo": "nicho",
        "zonaId": "SPN",
        "cara": "concavo",
        "fila": "A",
        "numero": 50,
        "codigo": "A50",
        "estatus_venta": "disponible",
        "estatus_ocupacion": "",
        "referencia_procap": "",
        "observaciones": "",
        "geometryType": "niches",
        "gridRow": 0,
        "gridColumn": 49
      },
      "geometry": {
        "type": "Polygon",
        "coordinates": [
          [
            [
              1961,
              261.752931
            ],
            [
              1993,
              261.752931
            ],
            [
              1993,
              229.752931
            ],
            [
              1961,
              229.752931
            ],
            [
              1961,
              261.752931
            ]
          ]
        ]
      }
    },
    {
      "type": "Feature",
      "properties": {
        "id": "SPN-concavo-A51",
        "tipo": "nicho",
        "zonaId": "SPN",
        "cara": "concavo",
        "fila": "A",
        "numero": 51,
        "codigo": "A51",
        "estatus_venta": "disponible",
        "estatus_ocupacion": "",
        "referencia_procap": "",
        "observaciones": "",
        "geometryType": "niches",
        "gridRow": 0,
        "gridColumn": 50
      },
      "geometry": {
        "type": "Polygon",
        "coordinates": [
          [
            [
              2000.25,
              261.752931
            ],
            [
              2032.25,
              261.752931
            ],
            [
              2032.25,
              229.752931
            ],
            [
              2000.25,
              229.752931
            ],
            [
              2000.25,
              261.752931
            ]
          ]
        ]
      }
    },
    {
      "type": "Feature",
      "properties": {
        "id": "SPN-concavo-B1",
        "tipo": "nicho",
        "zonaId": "SPN",
        "cara": "concavo",
        "fila": "B",
        "numero": 1,
        "codigo": "B1",
        "estatus_venta": "disponible",
        "estatus_ocupacion": "",
        "referencia_procap": "",
        "observaciones": "",
        "geometryType": "niches",
        "gridRow": 1,
        "gridColumn": 0
      },
      "geometry": {
        "type": "Polygon",
        "coordinates": [
          [
            [
              37.75,
              224.252931
            ],
            [
              69.75,
              224.252931
            ],
            [
              69.75,
              192.252931
            ],
            [
              37.75,
              192.252931
            ],
            [
              37.75,
              224.252931
            ]
          ]
        ]
      }
    },
    {
      "type": "Feature",
      "properties": {
        "id": "SPN-concavo-B2",
        "tipo": "nicho",
        "zonaId": "SPN",
        "cara": "concavo",
        "fila": "B",
        "numero": 2,
        "codigo": "B2",
        "estatus_venta": "disponible",
        "estatus_ocupacion": "",
        "referencia_procap": "",
        "observaciones": "",
        "geometryType": "niches",
        "gridRow": 1,
        "gridColumn": 1
      },
      "geometry": {
        "type": "Polygon",
        "coordinates": [
          [
            [
              77,
              224.252931
            ],
            [
              109,
              224.252931
            ],
            [
              109,
              192.252931
            ],
            [
              77,
              192.252931
            ],
            [
              77,
              224.252931
            ]
          ]
        ]
      }
    },
    {
      "type": "Feature",
      "properties": {
        "id": "SPN-concavo-B3",
        "tipo": "nicho",
        "zonaId": "SPN",
        "cara": "concavo",
        "fila": "B",
        "numero": 3,
        "codigo": "B3",
        "estatus_venta": "disponible",
        "estatus_ocupacion": "",
        "referencia_procap": "",
        "observaciones": "",
        "geometryType": "niches",
        "gridRow": 1,
        "gridColumn": 2
      },
      "geometry": {
        "type": "Polygon",
        "coordinates": [
          [
            [
              116.25,
              224.252931
            ],
            [
              148.25,
              224.252931
            ],
            [
              148.25,
              192.252931
            ],
            [
              116.25,
              192.252931
            ],
            [
              116.25,
              224.252931
            ]
          ]
        ]
      }
    },
    {
      "type": "Feature",
      "properties": {
        "id": "SPN-concavo-B4",
        "tipo": "nicho",
        "zonaId": "SPN",
        "cara": "concavo",
        "fila": "B",
        "numero": 4,
        "codigo": "B4",
        "estatus_venta": "disponible",
        "estatus_ocupacion": "",
        "referencia_procap": "",
        "observaciones": "",
        "geometryType": "niches",
        "gridRow": 1,
        "gridColumn": 3
      },
      "geometry": {
        "type": "Polygon",
        "coordinates": [
          [
            [
              155.5,
              224.252931
            ],
            [
              187.5,
              224.252931
            ],
            [
              187.5,
              192.252931
            ],
            [
              155.5,
              192.252931
            ],
            [
              155.5,
              224.252931
            ]
          ]
        ]
      }
    },
    {
      "type": "Feature",
      "properties": {
        "id": "SPN-concavo-B5",
        "tipo": "nicho",
        "zonaId": "SPN",
        "cara": "concavo",
        "fila": "B",
        "numero": 5,
        "codigo": "B5",
        "estatus_venta": "disponible",
        "estatus_ocupacion": "",
        "referencia_procap": "",
        "observaciones": "",
        "geometryType": "niches",
        "gridRow": 1,
        "gridColumn": 4
      },
      "geometry": {
        "type": "Polygon",
        "coordinates": [
          [
            [
              194.75,
              224.252931
            ],
            [
              226.75,
              224.252931
            ],
            [
              226.75,
              192.252931
            ],
            [
              194.75,
              192.252931
            ],
            [
              194.75,
              224.252931
            ]
          ]
        ]
      }
    },
    {
      "type": "Feature",
      "properties": {
        "id": "SPN-concavo-B6",
        "tipo": "nicho",
        "zonaId": "SPN",
        "cara": "concavo",
        "fila": "B",
        "numero": 6,
        "codigo": "B6",
        "estatus_venta": "disponible",
        "estatus_ocupacion": "",
        "referencia_procap": "",
        "observaciones": "",
        "geometryType": "niches",
        "gridRow": 1,
        "gridColumn": 5
      },
      "geometry": {
        "type": "Polygon",
        "coordinates": [
          [
            [
              234,
              224.252931
            ],
            [
              266,
              224.252931
            ],
            [
              266,
              192.252931
            ],
            [
              234,
              192.252931
            ],
            [
              234,
              224.252931
            ]
          ]
        ]
      }
    },
    {
      "type": "Feature",
      "properties": {
        "id": "SPN-concavo-B7",
        "tipo": "nicho",
        "zonaId": "SPN",
        "cara": "concavo",
        "fila": "B",
        "numero": 7,
        "codigo": "B7",
        "estatus_venta": "disponible",
        "estatus_ocupacion": "",
        "referencia_procap": "",
        "observaciones": "",
        "geometryType": "niches",
        "gridRow": 1,
        "gridColumn": 6
      },
      "geometry": {
        "type": "Polygon",
        "coordinates": [
          [
            [
              273.25,
              224.252931
            ],
            [
              305.25,
              224.252931
            ],
            [
              305.25,
              192.252931
            ],
            [
              273.25,
              192.252931
            ],
            [
              273.25,
              224.252931
            ]
          ]
        ]
      }
    },
    {
      "type": "Feature",
      "properties": {
        "id": "SPN-concavo-B8",
        "tipo": "nicho",
        "zonaId": "SPN",
        "cara": "concavo",
        "fila": "B",
        "numero": 8,
        "codigo": "B8",
        "estatus_venta": "disponible",
        "estatus_ocupacion": "",
        "referencia_procap": "",
        "observaciones": "",
        "geometryType": "niches",
        "gridRow": 1,
        "gridColumn": 7
      },
      "geometry": {
        "type": "Polygon",
        "coordinates": [
          [
            [
              312.5,
              224.252931
            ],
            [
              344.5,
              224.252931
            ],
            [
              344.5,
              192.252931
            ],
            [
              312.5,
              192.252931
            ],
            [
              312.5,
              224.252931
            ]
          ]
        ]
      }
    },
    {
      "type": "Feature",
      "properties": {
        "id": "SPN-concavo-B9",
        "tipo": "nicho",
        "zonaId": "SPN",
        "cara": "concavo",
        "fila": "B",
        "numero": 9,
        "codigo": "B9",
        "estatus_venta": "disponible",
        "estatus_ocupacion": "",
        "referencia_procap": "",
        "observaciones": "",
        "geometryType": "niches",
        "gridRow": 1,
        "gridColumn": 8
      },
      "geometry": {
        "type": "Polygon",
        "coordinates": [
          [
            [
              351.75,
              224.252931
            ],
            [
              383.75,
              224.252931
            ],
            [
              383.75,
              192.252931
            ],
            [
              351.75,
              192.252931
            ],
            [
              351.75,
              224.252931
            ]
          ]
        ]
      }
    },
    {
      "type": "Feature",
      "properties": {
        "id": "SPN-concavo-B10",
        "tipo": "nicho",
        "zonaId": "SPN",
        "cara": "concavo",
        "fila": "B",
        "numero": 10,
        "codigo": "B10",
        "estatus_venta": "disponible",
        "estatus_ocupacion": "",
        "referencia_procap": "",
        "observaciones": "",
        "geometryType": "niches",
        "gridRow": 1,
        "gridColumn": 9
      },
      "geometry": {
        "type": "Polygon",
        "coordinates": [
          [
            [
              391,
              224.252931
            ],
            [
              423,
              224.252931
            ],
            [
              423,
              192.252931
            ],
            [
              391,
              192.252931
            ],
            [
              391,
              224.252931
            ]
          ]
        ]
      }
    },
    {
      "type": "Feature",
      "properties": {
        "id": "SPN-concavo-B11",
        "tipo": "nicho",
        "zonaId": "SPN",
        "cara": "concavo",
        "fila": "B",
        "numero": 11,
        "codigo": "B11",
        "estatus_venta": "disponible",
        "estatus_ocupacion": "",
        "referencia_procap": "",
        "observaciones": "",
        "geometryType": "niches",
        "gridRow": 1,
        "gridColumn": 10
      },
      "geometry": {
        "type": "Polygon",
        "coordinates": [
          [
            [
              430.25,
              224.252931
            ],
            [
              462.25,
              224.252931
            ],
            [
              462.25,
              192.252931
            ],
            [
              430.25,
              192.252931
            ],
            [
              430.25,
              224.252931
            ]
          ]
        ]
      }
    },
    {
      "type": "Feature",
      "properties": {
        "id": "SPN-concavo-B12",
        "tipo": "nicho",
        "zonaId": "SPN",
        "cara": "concavo",
        "fila": "B",
        "numero": 12,
        "codigo": "B12",
        "estatus_venta": "disponible",
        "estatus_ocupacion": "",
        "referencia_procap": "",
        "observaciones": "",
        "geometryType": "niches",
        "gridRow": 1,
        "gridColumn": 11
      },
      "geometry": {
        "type": "Polygon",
        "coordinates": [
          [
            [
              469.5,
              224.252931
            ],
            [
              501.5,
              224.252931
            ],
            [
              501.5,
              192.252931
            ],
            [
              469.5,
              192.252931
            ],
            [
              469.5,
              224.252931
            ]
          ]
        ]
      }
    },
    {
      "type": "Feature",
      "properties": {
        "id": "SPN-concavo-B13",
        "tipo": "nicho",
        "zonaId": "SPN",
        "cara": "concavo",
        "fila": "B",
        "numero": 13,
        "codigo": "B13",
        "estatus_venta": "disponible",
        "estatus_ocupacion": "",
        "referencia_procap": "",
        "observaciones": "",
        "geometryType": "niches",
        "gridRow": 1,
        "gridColumn": 12
      },
      "geometry": {
        "type": "Polygon",
        "coordinates": [
          [
            [
              508.75,
              224.252931
            ],
            [
              540.75,
              224.252931
            ],
            [
              540.75,
              192.252931
            ],
            [
              508.75,
              192.252931
            ],
            [
              508.75,
              224.252931
            ]
          ]
        ]
      }
    },
    {
      "type": "Feature",
      "properties": {
        "id": "SPN-concavo-B14",
        "tipo": "nicho",
        "zonaId": "SPN",
        "cara": "concavo",
        "fila": "B",
        "numero": 14,
        "codigo": "B14",
        "estatus_venta": "disponible",
        "estatus_ocupacion": "",
        "referencia_procap": "",
        "observaciones": "",
        "geometryType": "niches",
        "gridRow": 1,
        "gridColumn": 13
      },
      "geometry": {
        "type": "Polygon",
        "coordinates": [
          [
            [
              548,
              224.252931
            ],
            [
              580,
              224.252931
            ],
            [
              580,
              192.252931
            ],
            [
              548,
              192.252931
            ],
            [
              548,
              224.252931
            ]
          ]
        ]
      }
    },
    {
      "type": "Feature",
      "properties": {
        "id": "SPN-concavo-B15",
        "tipo": "nicho",
        "zonaId": "SPN",
        "cara": "concavo",
        "fila": "B",
        "numero": 15,
        "codigo": "B15",
        "estatus_venta": "disponible",
        "estatus_ocupacion": "",
        "referencia_procap": "",
        "observaciones": "",
        "geometryType": "niches",
        "gridRow": 1,
        "gridColumn": 14
      },
      "geometry": {
        "type": "Polygon",
        "coordinates": [
          [
            [
              587.25,
              224.252931
            ],
            [
              619.25,
              224.252931
            ],
            [
              619.25,
              192.252931
            ],
            [
              587.25,
              192.252931
            ],
            [
              587.25,
              224.252931
            ]
          ]
        ]
      }
    },
    {
      "type": "Feature",
      "properties": {
        "id": "SPN-concavo-B16",
        "tipo": "nicho",
        "zonaId": "SPN",
        "cara": "concavo",
        "fila": "B",
        "numero": 16,
        "codigo": "B16",
        "estatus_venta": "disponible",
        "estatus_ocupacion": "",
        "referencia_procap": "",
        "observaciones": "",
        "geometryType": "niches",
        "gridRow": 1,
        "gridColumn": 15
      },
      "geometry": {
        "type": "Polygon",
        "coordinates": [
          [
            [
              626.5,
              224.252931
            ],
            [
              658.5,
              224.252931
            ],
            [
              658.5,
              192.252931
            ],
            [
              626.5,
              192.252931
            ],
            [
              626.5,
              224.252931
            ]
          ]
        ]
      }
    },
    {
      "type": "Feature",
      "properties": {
        "id": "SPN-concavo-B17",
        "tipo": "nicho",
        "zonaId": "SPN",
        "cara": "concavo",
        "fila": "B",
        "numero": 17,
        "codigo": "B17",
        "estatus_venta": "disponible",
        "estatus_ocupacion": "",
        "referencia_procap": "",
        "observaciones": "",
        "geometryType": "niches",
        "gridRow": 1,
        "gridColumn": 16
      },
      "geometry": {
        "type": "Polygon",
        "coordinates": [
          [
            [
              665.75,
              224.252931
            ],
            [
              697.75,
              224.252931
            ],
            [
              697.75,
              192.252931
            ],
            [
              665.75,
              192.252931
            ],
            [
              665.75,
              224.252931
            ]
          ]
        ]
      }
    },
    {
      "type": "Feature",
      "properties": {
        "id": "SPN-concavo-B18",
        "tipo": "nicho",
        "zonaId": "SPN",
        "cara": "concavo",
        "fila": "B",
        "numero": 18,
        "codigo": "B18",
        "estatus_venta": "disponible",
        "estatus_ocupacion": "",
        "referencia_procap": "",
        "observaciones": "",
        "geometryType": "niches",
        "gridRow": 1,
        "gridColumn": 17
      },
      "geometry": {
        "type": "Polygon",
        "coordinates": [
          [
            [
              705,
              224.252931
            ],
            [
              737,
              224.252931
            ],
            [
              737,
              192.252931
            ],
            [
              705,
              192.252931
            ],
            [
              705,
              224.252931
            ]
          ]
        ]
      }
    },
    {
      "type": "Feature",
      "properties": {
        "id": "SPN-concavo-B19",
        "tipo": "nicho",
        "zonaId": "SPN",
        "cara": "concavo",
        "fila": "B",
        "numero": 19,
        "codigo": "B19",
        "estatus_venta": "disponible",
        "estatus_ocupacion": "",
        "referencia_procap": "",
        "observaciones": "",
        "geometryType": "niches",
        "gridRow": 1,
        "gridColumn": 18
      },
      "geometry": {
        "type": "Polygon",
        "coordinates": [
          [
            [
              744.25,
              224.252931
            ],
            [
              776.25,
              224.252931
            ],
            [
              776.25,
              192.252931
            ],
            [
              744.25,
              192.252931
            ],
            [
              744.25,
              224.252931
            ]
          ]
        ]
      }
    },
    {
      "type": "Feature",
      "properties": {
        "id": "SPN-concavo-B20",
        "tipo": "nicho",
        "zonaId": "SPN",
        "cara": "concavo",
        "fila": "B",
        "numero": 20,
        "codigo": "B20",
        "estatus_venta": "disponible",
        "estatus_ocupacion": "",
        "referencia_procap": "",
        "observaciones": "",
        "geometryType": "niches",
        "gridRow": 1,
        "gridColumn": 19
      },
      "geometry": {
        "type": "Polygon",
        "coordinates": [
          [
            [
              783.5,
              224.252931
            ],
            [
              815.5,
              224.252931
            ],
            [
              815.5,
              192.252931
            ],
            [
              783.5,
              192.252931
            ],
            [
              783.5,
              224.252931
            ]
          ]
        ]
      }
    },
    {
      "type": "Feature",
      "properties": {
        "id": "SPN-concavo-B21",
        "tipo": "nicho",
        "zonaId": "SPN",
        "cara": "concavo",
        "fila": "B",
        "numero": 21,
        "codigo": "B21",
        "estatus_venta": "disponible",
        "estatus_ocupacion": "",
        "referencia_procap": "",
        "observaciones": "",
        "geometryType": "niches",
        "gridRow": 1,
        "gridColumn": 20
      },
      "geometry": {
        "type": "Polygon",
        "coordinates": [
          [
            [
              822.75,
              224.252931
            ],
            [
              854.75,
              224.252931
            ],
            [
              854.75,
              192.252931
            ],
            [
              822.75,
              192.252931
            ],
            [
              822.75,
              224.252931
            ]
          ]
        ]
      }
    },
    {
      "type": "Feature",
      "properties": {
        "id": "SPN-concavo-B22",
        "tipo": "nicho",
        "zonaId": "SPN",
        "cara": "concavo",
        "fila": "B",
        "numero": 22,
        "codigo": "B22",
        "estatus_venta": "disponible",
        "estatus_ocupacion": "",
        "referencia_procap": "",
        "observaciones": "",
        "geometryType": "niches",
        "gridRow": 1,
        "gridColumn": 21
      },
      "geometry": {
        "type": "Polygon",
        "coordinates": [
          [
            [
              862,
              224.252931
            ],
            [
              894,
              224.252931
            ],
            [
              894,
              192.252931
            ],
            [
              862,
              192.252931
            ],
            [
              862,
              224.252931
            ]
          ]
        ]
      }
    },
    {
      "type": "Feature",
      "properties": {
        "id": "SPN-concavo-B23",
        "tipo": "nicho",
        "zonaId": "SPN",
        "cara": "concavo",
        "fila": "B",
        "numero": 23,
        "codigo": "B23",
        "estatus_venta": "disponible",
        "estatus_ocupacion": "",
        "referencia_procap": "",
        "observaciones": "",
        "geometryType": "niches",
        "gridRow": 1,
        "gridColumn": 22
      },
      "geometry": {
        "type": "Polygon",
        "coordinates": [
          [
            [
              901.25,
              224.252931
            ],
            [
              933.25,
              224.252931
            ],
            [
              933.25,
              192.252931
            ],
            [
              901.25,
              192.252931
            ],
            [
              901.25,
              224.252931
            ]
          ]
        ]
      }
    },
    {
      "type": "Feature",
      "properties": {
        "id": "SPN-concavo-B24",
        "tipo": "nicho",
        "zonaId": "SPN",
        "cara": "concavo",
        "fila": "B",
        "numero": 24,
        "codigo": "B24",
        "estatus_venta": "disponible",
        "estatus_ocupacion": "",
        "referencia_procap": "",
        "observaciones": "",
        "geometryType": "niches",
        "gridRow": 1,
        "gridColumn": 23
      },
      "geometry": {
        "type": "Polygon",
        "coordinates": [
          [
            [
              940.5,
              224.252931
            ],
            [
              972.5,
              224.252931
            ],
            [
              972.5,
              192.252931
            ],
            [
              940.5,
              192.252931
            ],
            [
              940.5,
              224.252931
            ]
          ]
        ]
      }
    },
    {
      "type": "Feature",
      "properties": {
        "id": "SPN-concavo-B25",
        "tipo": "nicho",
        "zonaId": "SPN",
        "cara": "concavo",
        "fila": "B",
        "numero": 25,
        "codigo": "B25",
        "estatus_venta": "disponible",
        "estatus_ocupacion": "",
        "referencia_procap": "",
        "observaciones": "",
        "geometryType": "niches",
        "gridRow": 1,
        "gridColumn": 24
      },
      "geometry": {
        "type": "Polygon",
        "coordinates": [
          [
            [
              979.75,
              224.252931
            ],
            [
              1011.75,
              224.252931
            ],
            [
              1011.75,
              192.252931
            ],
            [
              979.75,
              192.252931
            ],
            [
              979.75,
              224.252931
            ]
          ]
        ]
      }
    },
    {
      "type": "Feature",
      "properties": {
        "id": "SPN-concavo-B26",
        "tipo": "nicho",
        "zonaId": "SPN",
        "cara": "concavo",
        "fila": "B",
        "numero": 26,
        "codigo": "B26",
        "estatus_venta": "disponible",
        "estatus_ocupacion": "",
        "referencia_procap": "",
        "observaciones": "",
        "geometryType": "niches",
        "gridRow": 1,
        "gridColumn": 25
      },
      "geometry": {
        "type": "Polygon",
        "coordinates": [
          [
            [
              1019,
              224.252931
            ],
            [
              1051,
              224.252931
            ],
            [
              1051,
              192.252931
            ],
            [
              1019,
              192.252931
            ],
            [
              1019,
              224.252931
            ]
          ]
        ]
      }
    },
    {
      "type": "Feature",
      "properties": {
        "id": "SPN-concavo-B27",
        "tipo": "nicho",
        "zonaId": "SPN",
        "cara": "concavo",
        "fila": "B",
        "numero": 27,
        "codigo": "B27",
        "estatus_venta": "disponible",
        "estatus_ocupacion": "",
        "referencia_procap": "",
        "observaciones": "",
        "geometryType": "niches",
        "gridRow": 1,
        "gridColumn": 26
      },
      "geometry": {
        "type": "Polygon",
        "coordinates": [
          [
            [
              1058.25,
              224.252931
            ],
            [
              1090.25,
              224.252931
            ],
            [
              1090.25,
              192.252931
            ],
            [
              1058.25,
              192.252931
            ],
            [
              1058.25,
              224.252931
            ]
          ]
        ]
      }
    },
    {
      "type": "Feature",
      "properties": {
        "id": "SPN-concavo-B28",
        "tipo": "nicho",
        "zonaId": "SPN",
        "cara": "concavo",
        "fila": "B",
        "numero": 28,
        "codigo": "B28",
        "estatus_venta": "disponible",
        "estatus_ocupacion": "",
        "referencia_procap": "",
        "observaciones": "",
        "geometryType": "niches",
        "gridRow": 1,
        "gridColumn": 27
      },
      "geometry": {
        "type": "Polygon",
        "coordinates": [
          [
            [
              1097.5,
              224.252931
            ],
            [
              1129.5,
              224.252931
            ],
            [
              1129.5,
              192.252931
            ],
            [
              1097.5,
              192.252931
            ],
            [
              1097.5,
              224.252931
            ]
          ]
        ]
      }
    },
    {
      "type": "Feature",
      "properties": {
        "id": "SPN-concavo-B29",
        "tipo": "nicho",
        "zonaId": "SPN",
        "cara": "concavo",
        "fila": "B",
        "numero": 29,
        "codigo": "B29",
        "estatus_venta": "disponible",
        "estatus_ocupacion": "",
        "referencia_procap": "",
        "observaciones": "",
        "geometryType": "niches",
        "gridRow": 1,
        "gridColumn": 28
      },
      "geometry": {
        "type": "Polygon",
        "coordinates": [
          [
            [
              1136.75,
              224.252931
            ],
            [
              1168.75,
              224.252931
            ],
            [
              1168.75,
              192.252931
            ],
            [
              1136.75,
              192.252931
            ],
            [
              1136.75,
              224.252931
            ]
          ]
        ]
      }
    },
    {
      "type": "Feature",
      "properties": {
        "id": "SPN-concavo-B30",
        "tipo": "nicho",
        "zonaId": "SPN",
        "cara": "concavo",
        "fila": "B",
        "numero": 30,
        "codigo": "B30",
        "estatus_venta": "disponible",
        "estatus_ocupacion": "",
        "referencia_procap": "",
        "observaciones": "",
        "geometryType": "niches",
        "gridRow": 1,
        "gridColumn": 29
      },
      "geometry": {
        "type": "Polygon",
        "coordinates": [
          [
            [
              1176,
              224.252931
            ],
            [
              1208,
              224.252931
            ],
            [
              1208,
              192.252931
            ],
            [
              1176,
              192.252931
            ],
            [
              1176,
              224.252931
            ]
          ]
        ]
      }
    },
    {
      "type": "Feature",
      "properties": {
        "id": "SPN-concavo-B31",
        "tipo": "nicho",
        "zonaId": "SPN",
        "cara": "concavo",
        "fila": "B",
        "numero": 31,
        "codigo": "B31",
        "estatus_venta": "disponible",
        "estatus_ocupacion": "",
        "referencia_procap": "",
        "observaciones": "",
        "geometryType": "niches",
        "gridRow": 1,
        "gridColumn": 30
      },
      "geometry": {
        "type": "Polygon",
        "coordinates": [
          [
            [
              1215.25,
              224.252931
            ],
            [
              1247.25,
              224.252931
            ],
            [
              1247.25,
              192.252931
            ],
            [
              1215.25,
              192.252931
            ],
            [
              1215.25,
              224.252931
            ]
          ]
        ]
      }
    },
    {
      "type": "Feature",
      "properties": {
        "id": "SPN-concavo-B32",
        "tipo": "nicho",
        "zonaId": "SPN",
        "cara": "concavo",
        "fila": "B",
        "numero": 32,
        "codigo": "B32",
        "estatus_venta": "disponible",
        "estatus_ocupacion": "",
        "referencia_procap": "",
        "observaciones": "",
        "geometryType": "niches",
        "gridRow": 1,
        "gridColumn": 31
      },
      "geometry": {
        "type": "Polygon",
        "coordinates": [
          [
            [
              1254.5,
              224.252931
            ],
            [
              1286.5,
              224.252931
            ],
            [
              1286.5,
              192.252931
            ],
            [
              1254.5,
              192.252931
            ],
            [
              1254.5,
              224.252931
            ]
          ]
        ]
      }
    },
    {
      "type": "Feature",
      "properties": {
        "id": "SPN-concavo-B33",
        "tipo": "nicho",
        "zonaId": "SPN",
        "cara": "concavo",
        "fila": "B",
        "numero": 33,
        "codigo": "B33",
        "estatus_venta": "disponible",
        "estatus_ocupacion": "",
        "referencia_procap": "",
        "observaciones": "",
        "geometryType": "niches",
        "gridRow": 1,
        "gridColumn": 32
      },
      "geometry": {
        "type": "Polygon",
        "coordinates": [
          [
            [
              1293.75,
              224.252931
            ],
            [
              1325.75,
              224.252931
            ],
            [
              1325.75,
              192.252931
            ],
            [
              1293.75,
              192.252931
            ],
            [
              1293.75,
              224.252931
            ]
          ]
        ]
      }
    },
    {
      "type": "Feature",
      "properties": {
        "id": "SPN-concavo-B34",
        "tipo": "nicho",
        "zonaId": "SPN",
        "cara": "concavo",
        "fila": "B",
        "numero": 34,
        "codigo": "B34",
        "estatus_venta": "disponible",
        "estatus_ocupacion": "",
        "referencia_procap": "",
        "observaciones": "",
        "geometryType": "niches",
        "gridRow": 1,
        "gridColumn": 33
      },
      "geometry": {
        "type": "Polygon",
        "coordinates": [
          [
            [
              1333,
              224.252931
            ],
            [
              1365,
              224.252931
            ],
            [
              1365,
              192.252931
            ],
            [
              1333,
              192.252931
            ],
            [
              1333,
              224.252931
            ]
          ]
        ]
      }
    },
    {
      "type": "Feature",
      "properties": {
        "id": "SPN-concavo-B35",
        "tipo": "nicho",
        "zonaId": "SPN",
        "cara": "concavo",
        "fila": "B",
        "numero": 35,
        "codigo": "B35",
        "estatus_venta": "disponible",
        "estatus_ocupacion": "",
        "referencia_procap": "",
        "observaciones": "",
        "geometryType": "niches",
        "gridRow": 1,
        "gridColumn": 34
      },
      "geometry": {
        "type": "Polygon",
        "coordinates": [
          [
            [
              1372.25,
              224.252931
            ],
            [
              1404.25,
              224.252931
            ],
            [
              1404.25,
              192.252931
            ],
            [
              1372.25,
              192.252931
            ],
            [
              1372.25,
              224.252931
            ]
          ]
        ]
      }
    },
    {
      "type": "Feature",
      "properties": {
        "id": "SPN-concavo-B36",
        "tipo": "nicho",
        "zonaId": "SPN",
        "cara": "concavo",
        "fila": "B",
        "numero": 36,
        "codigo": "B36",
        "estatus_venta": "disponible",
        "estatus_ocupacion": "",
        "referencia_procap": "",
        "observaciones": "",
        "geometryType": "niches",
        "gridRow": 1,
        "gridColumn": 35
      },
      "geometry": {
        "type": "Polygon",
        "coordinates": [
          [
            [
              1411.5,
              224.252931
            ],
            [
              1443.5,
              224.252931
            ],
            [
              1443.5,
              192.252931
            ],
            [
              1411.5,
              192.252931
            ],
            [
              1411.5,
              224.252931
            ]
          ]
        ]
      }
    },
    {
      "type": "Feature",
      "properties": {
        "id": "SPN-concavo-B37",
        "tipo": "nicho",
        "zonaId": "SPN",
        "cara": "concavo",
        "fila": "B",
        "numero": 37,
        "codigo": "B37",
        "estatus_venta": "disponible",
        "estatus_ocupacion": "",
        "referencia_procap": "",
        "observaciones": "",
        "geometryType": "niches",
        "gridRow": 1,
        "gridColumn": 36
      },
      "geometry": {
        "type": "Polygon",
        "coordinates": [
          [
            [
              1450.75,
              224.252931
            ],
            [
              1482.75,
              224.252931
            ],
            [
              1482.75,
              192.252931
            ],
            [
              1450.75,
              192.252931
            ],
            [
              1450.75,
              224.252931
            ]
          ]
        ]
      }
    },
    {
      "type": "Feature",
      "properties": {
        "id": "SPN-concavo-B38",
        "tipo": "nicho",
        "zonaId": "SPN",
        "cara": "concavo",
        "fila": "B",
        "numero": 38,
        "codigo": "B38",
        "estatus_venta": "disponible",
        "estatus_ocupacion": "",
        "referencia_procap": "",
        "observaciones": "",
        "geometryType": "niches",
        "gridRow": 1,
        "gridColumn": 37
      },
      "geometry": {
        "type": "Polygon",
        "coordinates": [
          [
            [
              1490,
              224.252931
            ],
            [
              1522,
              224.252931
            ],
            [
              1522,
              192.252931
            ],
            [
              1490,
              192.252931
            ],
            [
              1490,
              224.252931
            ]
          ]
        ]
      }
    },
    {
      "type": "Feature",
      "properties": {
        "id": "SPN-concavo-B39",
        "tipo": "nicho",
        "zonaId": "SPN",
        "cara": "concavo",
        "fila": "B",
        "numero": 39,
        "codigo": "B39",
        "estatus_venta": "disponible",
        "estatus_ocupacion": "",
        "referencia_procap": "",
        "observaciones": "",
        "geometryType": "niches",
        "gridRow": 1,
        "gridColumn": 38
      },
      "geometry": {
        "type": "Polygon",
        "coordinates": [
          [
            [
              1529.25,
              224.252931
            ],
            [
              1561.25,
              224.252931
            ],
            [
              1561.25,
              192.252931
            ],
            [
              1529.25,
              192.252931
            ],
            [
              1529.25,
              224.252931
            ]
          ]
        ]
      }
    },
    {
      "type": "Feature",
      "properties": {
        "id": "SPN-concavo-B40",
        "tipo": "nicho",
        "zonaId": "SPN",
        "cara": "concavo",
        "fila": "B",
        "numero": 40,
        "codigo": "B40",
        "estatus_venta": "disponible",
        "estatus_ocupacion": "",
        "referencia_procap": "",
        "observaciones": "",
        "geometryType": "niches",
        "gridRow": 1,
        "gridColumn": 39
      },
      "geometry": {
        "type": "Polygon",
        "coordinates": [
          [
            [
              1568.5,
              224.252931
            ],
            [
              1600.5,
              224.252931
            ],
            [
              1600.5,
              192.252931
            ],
            [
              1568.5,
              192.252931
            ],
            [
              1568.5,
              224.252931
            ]
          ]
        ]
      }
    },
    {
      "type": "Feature",
      "properties": {
        "id": "SPN-concavo-B41",
        "tipo": "nicho",
        "zonaId": "SPN",
        "cara": "concavo",
        "fila": "B",
        "numero": 41,
        "codigo": "B41",
        "estatus_venta": "disponible",
        "estatus_ocupacion": "",
        "referencia_procap": "",
        "observaciones": "",
        "geometryType": "niches",
        "gridRow": 1,
        "gridColumn": 40
      },
      "geometry": {
        "type": "Polygon",
        "coordinates": [
          [
            [
              1607.75,
              224.252931
            ],
            [
              1639.75,
              224.252931
            ],
            [
              1639.75,
              192.252931
            ],
            [
              1607.75,
              192.252931
            ],
            [
              1607.75,
              224.252931
            ]
          ]
        ]
      }
    },
    {
      "type": "Feature",
      "properties": {
        "id": "SPN-concavo-B42",
        "tipo": "nicho",
        "zonaId": "SPN",
        "cara": "concavo",
        "fila": "B",
        "numero": 42,
        "codigo": "B42",
        "estatus_venta": "disponible",
        "estatus_ocupacion": "",
        "referencia_procap": "",
        "observaciones": "",
        "geometryType": "niches",
        "gridRow": 1,
        "gridColumn": 41
      },
      "geometry": {
        "type": "Polygon",
        "coordinates": [
          [
            [
              1647,
              224.252931
            ],
            [
              1679,
              224.252931
            ],
            [
              1679,
              192.252931
            ],
            [
              1647,
              192.252931
            ],
            [
              1647,
              224.252931
            ]
          ]
        ]
      }
    },
    {
      "type": "Feature",
      "properties": {
        "id": "SPN-concavo-B43",
        "tipo": "nicho",
        "zonaId": "SPN",
        "cara": "concavo",
        "fila": "B",
        "numero": 43,
        "codigo": "B43",
        "estatus_venta": "disponible",
        "estatus_ocupacion": "",
        "referencia_procap": "",
        "observaciones": "",
        "geometryType": "niches",
        "gridRow": 1,
        "gridColumn": 42
      },
      "geometry": {
        "type": "Polygon",
        "coordinates": [
          [
            [
              1686.25,
              224.252931
            ],
            [
              1718.25,
              224.252931
            ],
            [
              1718.25,
              192.252931
            ],
            [
              1686.25,
              192.252931
            ],
            [
              1686.25,
              224.252931
            ]
          ]
        ]
      }
    },
    {
      "type": "Feature",
      "properties": {
        "id": "SPN-concavo-B44",
        "tipo": "nicho",
        "zonaId": "SPN",
        "cara": "concavo",
        "fila": "B",
        "numero": 44,
        "codigo": "B44",
        "estatus_venta": "disponible",
        "estatus_ocupacion": "",
        "referencia_procap": "",
        "observaciones": "",
        "geometryType": "niches",
        "gridRow": 1,
        "gridColumn": 43
      },
      "geometry": {
        "type": "Polygon",
        "coordinates": [
          [
            [
              1725.5,
              224.252931
            ],
            [
              1757.5,
              224.252931
            ],
            [
              1757.5,
              192.252931
            ],
            [
              1725.5,
              192.252931
            ],
            [
              1725.5,
              224.252931
            ]
          ]
        ]
      }
    },
    {
      "type": "Feature",
      "properties": {
        "id": "SPN-concavo-B45",
        "tipo": "nicho",
        "zonaId": "SPN",
        "cara": "concavo",
        "fila": "B",
        "numero": 45,
        "codigo": "B45",
        "estatus_venta": "disponible",
        "estatus_ocupacion": "",
        "referencia_procap": "",
        "observaciones": "",
        "geometryType": "niches",
        "gridRow": 1,
        "gridColumn": 44
      },
      "geometry": {
        "type": "Polygon",
        "coordinates": [
          [
            [
              1764.75,
              224.252931
            ],
            [
              1796.75,
              224.252931
            ],
            [
              1796.75,
              192.252931
            ],
            [
              1764.75,
              192.252931
            ],
            [
              1764.75,
              224.252931
            ]
          ]
        ]
      }
    },
    {
      "type": "Feature",
      "properties": {
        "id": "SPN-concavo-B46",
        "tipo": "nicho",
        "zonaId": "SPN",
        "cara": "concavo",
        "fila": "B",
        "numero": 46,
        "codigo": "B46",
        "estatus_venta": "disponible",
        "estatus_ocupacion": "",
        "referencia_procap": "",
        "observaciones": "",
        "geometryType": "niches",
        "gridRow": 1,
        "gridColumn": 45
      },
      "geometry": {
        "type": "Polygon",
        "coordinates": [
          [
            [
              1804,
              224.252931
            ],
            [
              1836,
              224.252931
            ],
            [
              1836,
              192.252931
            ],
            [
              1804,
              192.252931
            ],
            [
              1804,
              224.252931
            ]
          ]
        ]
      }
    },
    {
      "type": "Feature",
      "properties": {
        "id": "SPN-concavo-B47",
        "tipo": "nicho",
        "zonaId": "SPN",
        "cara": "concavo",
        "fila": "B",
        "numero": 47,
        "codigo": "B47",
        "estatus_venta": "disponible",
        "estatus_ocupacion": "",
        "referencia_procap": "",
        "observaciones": "",
        "geometryType": "niches",
        "gridRow": 1,
        "gridColumn": 46
      },
      "geometry": {
        "type": "Polygon",
        "coordinates": [
          [
            [
              1843.25,
              224.252931
            ],
            [
              1875.25,
              224.252931
            ],
            [
              1875.25,
              192.252931
            ],
            [
              1843.25,
              192.252931
            ],
            [
              1843.25,
              224.252931
            ]
          ]
        ]
      }
    },
    {
      "type": "Feature",
      "properties": {
        "id": "SPN-concavo-B48",
        "tipo": "nicho",
        "zonaId": "SPN",
        "cara": "concavo",
        "fila": "B",
        "numero": 48,
        "codigo": "B48",
        "estatus_venta": "disponible",
        "estatus_ocupacion": "",
        "referencia_procap": "",
        "observaciones": "",
        "geometryType": "niches",
        "gridRow": 1,
        "gridColumn": 47
      },
      "geometry": {
        "type": "Polygon",
        "coordinates": [
          [
            [
              1882.5,
              224.252931
            ],
            [
              1914.5,
              224.252931
            ],
            [
              1914.5,
              192.252931
            ],
            [
              1882.5,
              192.252931
            ],
            [
              1882.5,
              224.252931
            ]
          ]
        ]
      }
    },
    {
      "type": "Feature",
      "properties": {
        "id": "SPN-concavo-B49",
        "tipo": "nicho",
        "zonaId": "SPN",
        "cara": "concavo",
        "fila": "B",
        "numero": 49,
        "codigo": "B49",
        "estatus_venta": "disponible",
        "estatus_ocupacion": "",
        "referencia_procap": "",
        "observaciones": "",
        "geometryType": "niches",
        "gridRow": 1,
        "gridColumn": 48
      },
      "geometry": {
        "type": "Polygon",
        "coordinates": [
          [
            [
              1921.75,
              224.252931
            ],
            [
              1953.75,
              224.252931
            ],
            [
              1953.75,
              192.252931
            ],
            [
              1921.75,
              192.252931
            ],
            [
              1921.75,
              224.252931
            ]
          ]
        ]
      }
    },
    {
      "type": "Feature",
      "properties": {
        "id": "SPN-concavo-B50",
        "tipo": "nicho",
        "zonaId": "SPN",
        "cara": "concavo",
        "fila": "B",
        "numero": 50,
        "codigo": "B50",
        "estatus_venta": "disponible",
        "estatus_ocupacion": "",
        "referencia_procap": "",
        "observaciones": "",
        "geometryType": "niches",
        "gridRow": 1,
        "gridColumn": 49
      },
      "geometry": {
        "type": "Polygon",
        "coordinates": [
          [
            [
              1961,
              224.252931
            ],
            [
              1993,
              224.252931
            ],
            [
              1993,
              192.252931
            ],
            [
              1961,
              192.252931
            ],
            [
              1961,
              224.252931
            ]
          ]
        ]
      }
    },
    {
      "type": "Feature",
      "properties": {
        "id": "SPN-concavo-B51",
        "tipo": "nicho",
        "zonaId": "SPN",
        "cara": "concavo",
        "fila": "B",
        "numero": 51,
        "codigo": "B51",
        "estatus_venta": "disponible",
        "estatus_ocupacion": "",
        "referencia_procap": "",
        "observaciones": "",
        "geometryType": "niches",
        "gridRow": 1,
        "gridColumn": 50
      },
      "geometry": {
        "type": "Polygon",
        "coordinates": [
          [
            [
              2000.25,
              224.252931
            ],
            [
              2032.25,
              224.252931
            ],
            [
              2032.25,
              192.252931
            ],
            [
              2000.25,
              192.252931
            ],
            [
              2000.25,
              224.252931
            ]
          ]
        ]
      }
    },
    {
      "type": "Feature",
      "properties": {
        "id": "SPN-concavo-C1",
        "tipo": "nicho",
        "zonaId": "SPN",
        "cara": "concavo",
        "fila": "C",
        "numero": 1,
        "codigo": "C1",
        "estatus_venta": "disponible",
        "estatus_ocupacion": "",
        "referencia_procap": "",
        "observaciones": "",
        "geometryType": "niches",
        "gridRow": 2,
        "gridColumn": 0
      },
      "geometry": {
        "type": "Polygon",
        "coordinates": [
          [
            [
              37.75,
              186.752931
            ],
            [
              69.75,
              186.752931
            ],
            [
              69.75,
              154.752931
            ],
            [
              37.75,
              154.752931
            ],
            [
              37.75,
              186.752931
            ]
          ]
        ]
      }
    },
    {
      "type": "Feature",
      "properties": {
        "id": "SPN-concavo-C2",
        "tipo": "nicho",
        "zonaId": "SPN",
        "cara": "concavo",
        "fila": "C",
        "numero": 2,
        "codigo": "C2",
        "estatus_venta": "disponible",
        "estatus_ocupacion": "",
        "referencia_procap": "",
        "observaciones": "",
        "geometryType": "niches",
        "gridRow": 2,
        "gridColumn": 1
      },
      "geometry": {
        "type": "Polygon",
        "coordinates": [
          [
            [
              77,
              186.752931
            ],
            [
              109,
              186.752931
            ],
            [
              109,
              154.752931
            ],
            [
              77,
              154.752931
            ],
            [
              77,
              186.752931
            ]
          ]
        ]
      }
    },
    {
      "type": "Feature",
      "properties": {
        "id": "SPN-concavo-C3",
        "tipo": "nicho",
        "zonaId": "SPN",
        "cara": "concavo",
        "fila": "C",
        "numero": 3,
        "codigo": "C3",
        "estatus_venta": "disponible",
        "estatus_ocupacion": "",
        "referencia_procap": "",
        "observaciones": "",
        "geometryType": "niches",
        "gridRow": 2,
        "gridColumn": 2
      },
      "geometry": {
        "type": "Polygon",
        "coordinates": [
          [
            [
              116.25,
              186.752931
            ],
            [
              148.25,
              186.752931
            ],
            [
              148.25,
              154.752931
            ],
            [
              116.25,
              154.752931
            ],
            [
              116.25,
              186.752931
            ]
          ]
        ]
      }
    },
    {
      "type": "Feature",
      "properties": {
        "id": "SPN-concavo-C4",
        "tipo": "nicho",
        "zonaId": "SPN",
        "cara": "concavo",
        "fila": "C",
        "numero": 4,
        "codigo": "C4",
        "estatus_venta": "disponible",
        "estatus_ocupacion": "",
        "referencia_procap": "",
        "observaciones": "",
        "geometryType": "niches",
        "gridRow": 2,
        "gridColumn": 3
      },
      "geometry": {
        "type": "Polygon",
        "coordinates": [
          [
            [
              155.5,
              186.752931
            ],
            [
              187.5,
              186.752931
            ],
            [
              187.5,
              154.752931
            ],
            [
              155.5,
              154.752931
            ],
            [
              155.5,
              186.752931
            ]
          ]
        ]
      }
    },
    {
      "type": "Feature",
      "properties": {
        "id": "SPN-concavo-C5",
        "tipo": "nicho",
        "zonaId": "SPN",
        "cara": "concavo",
        "fila": "C",
        "numero": 5,
        "codigo": "C5",
        "estatus_venta": "disponible",
        "estatus_ocupacion": "",
        "referencia_procap": "",
        "observaciones": "",
        "geometryType": "niches",
        "gridRow": 2,
        "gridColumn": 4
      },
      "geometry": {
        "type": "Polygon",
        "coordinates": [
          [
            [
              194.75,
              186.752931
            ],
            [
              226.75,
              186.752931
            ],
            [
              226.75,
              154.752931
            ],
            [
              194.75,
              154.752931
            ],
            [
              194.75,
              186.752931
            ]
          ]
        ]
      }
    },
    {
      "type": "Feature",
      "properties": {
        "id": "SPN-concavo-C6",
        "tipo": "nicho",
        "zonaId": "SPN",
        "cara": "concavo",
        "fila": "C",
        "numero": 6,
        "codigo": "C6",
        "estatus_venta": "disponible",
        "estatus_ocupacion": "",
        "referencia_procap": "",
        "observaciones": "",
        "geometryType": "niches",
        "gridRow": 2,
        "gridColumn": 5
      },
      "geometry": {
        "type": "Polygon",
        "coordinates": [
          [
            [
              234,
              186.752931
            ],
            [
              266,
              186.752931
            ],
            [
              266,
              154.752931
            ],
            [
              234,
              154.752931
            ],
            [
              234,
              186.752931
            ]
          ]
        ]
      }
    },
    {
      "type": "Feature",
      "properties": {
        "id": "SPN-concavo-C7",
        "tipo": "nicho",
        "zonaId": "SPN",
        "cara": "concavo",
        "fila": "C",
        "numero": 7,
        "codigo": "C7",
        "estatus_venta": "disponible",
        "estatus_ocupacion": "",
        "referencia_procap": "",
        "observaciones": "",
        "geometryType": "niches",
        "gridRow": 2,
        "gridColumn": 6
      },
      "geometry": {
        "type": "Polygon",
        "coordinates": [
          [
            [
              273.25,
              186.752931
            ],
            [
              305.25,
              186.752931
            ],
            [
              305.25,
              154.752931
            ],
            [
              273.25,
              154.752931
            ],
            [
              273.25,
              186.752931
            ]
          ]
        ]
      }
    },
    {
      "type": "Feature",
      "properties": {
        "id": "SPN-concavo-C8",
        "tipo": "nicho",
        "zonaId": "SPN",
        "cara": "concavo",
        "fila": "C",
        "numero": 8,
        "codigo": "C8",
        "estatus_venta": "disponible",
        "estatus_ocupacion": "",
        "referencia_procap": "",
        "observaciones": "",
        "geometryType": "niches",
        "gridRow": 2,
        "gridColumn": 7
      },
      "geometry": {
        "type": "Polygon",
        "coordinates": [
          [
            [
              312.5,
              186.752931
            ],
            [
              344.5,
              186.752931
            ],
            [
              344.5,
              154.752931
            ],
            [
              312.5,
              154.752931
            ],
            [
              312.5,
              186.752931
            ]
          ]
        ]
      }
    },
    {
      "type": "Feature",
      "properties": {
        "id": "SPN-concavo-C9",
        "tipo": "nicho",
        "zonaId": "SPN",
        "cara": "concavo",
        "fila": "C",
        "numero": 9,
        "codigo": "C9",
        "estatus_venta": "disponible",
        "estatus_ocupacion": "",
        "referencia_procap": "",
        "observaciones": "",
        "geometryType": "niches",
        "gridRow": 2,
        "gridColumn": 8
      },
      "geometry": {
        "type": "Polygon",
        "coordinates": [
          [
            [
              351.75,
              186.752931
            ],
            [
              383.75,
              186.752931
            ],
            [
              383.75,
              154.752931
            ],
            [
              351.75,
              154.752931
            ],
            [
              351.75,
              186.752931
            ]
          ]
        ]
      }
    },
    {
      "type": "Feature",
      "properties": {
        "id": "SPN-concavo-C10",
        "tipo": "nicho",
        "zonaId": "SPN",
        "cara": "concavo",
        "fila": "C",
        "numero": 10,
        "codigo": "C10",
        "estatus_venta": "disponible",
        "estatus_ocupacion": "",
        "referencia_procap": "",
        "observaciones": "",
        "geometryType": "niches",
        "gridRow": 2,
        "gridColumn": 9
      },
      "geometry": {
        "type": "Polygon",
        "coordinates": [
          [
            [
              391,
              186.752931
            ],
            [
              423,
              186.752931
            ],
            [
              423,
              154.752931
            ],
            [
              391,
              154.752931
            ],
            [
              391,
              186.752931
            ]
          ]
        ]
      }
    },
    {
      "type": "Feature",
      "properties": {
        "id": "SPN-concavo-C11",
        "tipo": "nicho",
        "zonaId": "SPN",
        "cara": "concavo",
        "fila": "C",
        "numero": 11,
        "codigo": "C11",
        "estatus_venta": "disponible",
        "estatus_ocupacion": "",
        "referencia_procap": "",
        "observaciones": "",
        "geometryType": "niches",
        "gridRow": 2,
        "gridColumn": 10
      },
      "geometry": {
        "type": "Polygon",
        "coordinates": [
          [
            [
              430.25,
              186.752931
            ],
            [
              462.25,
              186.752931
            ],
            [
              462.25,
              154.752931
            ],
            [
              430.25,
              154.752931
            ],
            [
              430.25,
              186.752931
            ]
          ]
        ]
      }
    },
    {
      "type": "Feature",
      "properties": {
        "id": "SPN-concavo-C12",
        "tipo": "nicho",
        "zonaId": "SPN",
        "cara": "concavo",
        "fila": "C",
        "numero": 12,
        "codigo": "C12",
        "estatus_venta": "disponible",
        "estatus_ocupacion": "",
        "referencia_procap": "",
        "observaciones": "",
        "geometryType": "niches",
        "gridRow": 2,
        "gridColumn": 11
      },
      "geometry": {
        "type": "Polygon",
        "coordinates": [
          [
            [
              469.5,
              186.752931
            ],
            [
              501.5,
              186.752931
            ],
            [
              501.5,
              154.752931
            ],
            [
              469.5,
              154.752931
            ],
            [
              469.5,
              186.752931
            ]
          ]
        ]
      }
    },
    {
      "type": "Feature",
      "properties": {
        "id": "SPN-concavo-C13",
        "tipo": "nicho",
        "zonaId": "SPN",
        "cara": "concavo",
        "fila": "C",
        "numero": 13,
        "codigo": "C13",
        "estatus_venta": "disponible",
        "estatus_ocupacion": "",
        "referencia_procap": "",
        "observaciones": "",
        "geometryType": "niches",
        "gridRow": 2,
        "gridColumn": 12
      },
      "geometry": {
        "type": "Polygon",
        "coordinates": [
          [
            [
              508.75,
              186.752931
            ],
            [
              540.75,
              186.752931
            ],
            [
              540.75,
              154.752931
            ],
            [
              508.75,
              154.752931
            ],
            [
              508.75,
              186.752931
            ]
          ]
        ]
      }
    },
    {
      "type": "Feature",
      "properties": {
        "id": "SPN-concavo-C14",
        "tipo": "nicho",
        "zonaId": "SPN",
        "cara": "concavo",
        "fila": "C",
        "numero": 14,
        "codigo": "C14",
        "estatus_venta": "disponible",
        "estatus_ocupacion": "",
        "referencia_procap": "",
        "observaciones": "",
        "geometryType": "niches",
        "gridRow": 2,
        "gridColumn": 13
      },
      "geometry": {
        "type": "Polygon",
        "coordinates": [
          [
            [
              548,
              186.752931
            ],
            [
              580,
              186.752931
            ],
            [
              580,
              154.752931
            ],
            [
              548,
              154.752931
            ],
            [
              548,
              186.752931
            ]
          ]
        ]
      }
    },
    {
      "type": "Feature",
      "properties": {
        "id": "SPN-concavo-C15",
        "tipo": "nicho",
        "zonaId": "SPN",
        "cara": "concavo",
        "fila": "C",
        "numero": 15,
        "codigo": "C15",
        "estatus_venta": "disponible",
        "estatus_ocupacion": "",
        "referencia_procap": "",
        "observaciones": "",
        "geometryType": "niches",
        "gridRow": 2,
        "gridColumn": 14
      },
      "geometry": {
        "type": "Polygon",
        "coordinates": [
          [
            [
              587.25,
              186.752931
            ],
            [
              619.25,
              186.752931
            ],
            [
              619.25,
              154.752931
            ],
            [
              587.25,
              154.752931
            ],
            [
              587.25,
              186.752931
            ]
          ]
        ]
      }
    },
    {
      "type": "Feature",
      "properties": {
        "id": "SPN-concavo-C16",
        "tipo": "nicho",
        "zonaId": "SPN",
        "cara": "concavo",
        "fila": "C",
        "numero": 16,
        "codigo": "C16",
        "estatus_venta": "disponible",
        "estatus_ocupacion": "",
        "referencia_procap": "",
        "observaciones": "",
        "geometryType": "niches",
        "gridRow": 2,
        "gridColumn": 15
      },
      "geometry": {
        "type": "Polygon",
        "coordinates": [
          [
            [
              626.5,
              186.752931
            ],
            [
              658.5,
              186.752931
            ],
            [
              658.5,
              154.752931
            ],
            [
              626.5,
              154.752931
            ],
            [
              626.5,
              186.752931
            ]
          ]
        ]
      }
    },
    {
      "type": "Feature",
      "properties": {
        "id": "SPN-concavo-C17",
        "tipo": "nicho",
        "zonaId": "SPN",
        "cara": "concavo",
        "fila": "C",
        "numero": 17,
        "codigo": "C17",
        "estatus_venta": "disponible",
        "estatus_ocupacion": "",
        "referencia_procap": "",
        "observaciones": "",
        "geometryType": "niches",
        "gridRow": 2,
        "gridColumn": 16
      },
      "geometry": {
        "type": "Polygon",
        "coordinates": [
          [
            [
              665.75,
              186.752931
            ],
            [
              697.75,
              186.752931
            ],
            [
              697.75,
              154.752931
            ],
            [
              665.75,
              154.752931
            ],
            [
              665.75,
              186.752931
            ]
          ]
        ]
      }
    },
    {
      "type": "Feature",
      "properties": {
        "id": "SPN-concavo-C18",
        "tipo": "nicho",
        "zonaId": "SPN",
        "cara": "concavo",
        "fila": "C",
        "numero": 18,
        "codigo": "C18",
        "estatus_venta": "disponible",
        "estatus_ocupacion": "",
        "referencia_procap": "",
        "observaciones": "",
        "geometryType": "niches",
        "gridRow": 2,
        "gridColumn": 17
      },
      "geometry": {
        "type": "Polygon",
        "coordinates": [
          [
            [
              705,
              186.752931
            ],
            [
              737,
              186.752931
            ],
            [
              737,
              154.752931
            ],
            [
              705,
              154.752931
            ],
            [
              705,
              186.752931
            ]
          ]
        ]
      }
    },
    {
      "type": "Feature",
      "properties": {
        "id": "SPN-concavo-C19",
        "tipo": "nicho",
        "zonaId": "SPN",
        "cara": "concavo",
        "fila": "C",
        "numero": 19,
        "codigo": "C19",
        "estatus_venta": "disponible",
        "estatus_ocupacion": "",
        "referencia_procap": "",
        "observaciones": "",
        "geometryType": "niches",
        "gridRow": 2,
        "gridColumn": 18
      },
      "geometry": {
        "type": "Polygon",
        "coordinates": [
          [
            [
              744.25,
              186.752931
            ],
            [
              776.25,
              186.752931
            ],
            [
              776.25,
              154.752931
            ],
            [
              744.25,
              154.752931
            ],
            [
              744.25,
              186.752931
            ]
          ]
        ]
      }
    },
    {
      "type": "Feature",
      "properties": {
        "id": "SPN-concavo-C20",
        "tipo": "nicho",
        "zonaId": "SPN",
        "cara": "concavo",
        "fila": "C",
        "numero": 20,
        "codigo": "C20",
        "estatus_venta": "disponible",
        "estatus_ocupacion": "",
        "referencia_procap": "",
        "observaciones": "",
        "geometryType": "niches",
        "gridRow": 2,
        "gridColumn": 19
      },
      "geometry": {
        "type": "Polygon",
        "coordinates": [
          [
            [
              783.5,
              186.752931
            ],
            [
              815.5,
              186.752931
            ],
            [
              815.5,
              154.752931
            ],
            [
              783.5,
              154.752931
            ],
            [
              783.5,
              186.752931
            ]
          ]
        ]
      }
    },
    {
      "type": "Feature",
      "properties": {
        "id": "SPN-concavo-C21",
        "tipo": "nicho",
        "zonaId": "SPN",
        "cara": "concavo",
        "fila": "C",
        "numero": 21,
        "codigo": "C21",
        "estatus_venta": "disponible",
        "estatus_ocupacion": "",
        "referencia_procap": "",
        "observaciones": "",
        "geometryType": "niches",
        "gridRow": 2,
        "gridColumn": 20
      },
      "geometry": {
        "type": "Polygon",
        "coordinates": [
          [
            [
              822.75,
              186.752931
            ],
            [
              854.75,
              186.752931
            ],
            [
              854.75,
              154.752931
            ],
            [
              822.75,
              154.752931
            ],
            [
              822.75,
              186.752931
            ]
          ]
        ]
      }
    },
    {
      "type": "Feature",
      "properties": {
        "id": "SPN-concavo-C22",
        "tipo": "nicho",
        "zonaId": "SPN",
        "cara": "concavo",
        "fila": "C",
        "numero": 22,
        "codigo": "C22",
        "estatus_venta": "disponible",
        "estatus_ocupacion": "",
        "referencia_procap": "",
        "observaciones": "",
        "geometryType": "niches",
        "gridRow": 2,
        "gridColumn": 21
      },
      "geometry": {
        "type": "Polygon",
        "coordinates": [
          [
            [
              862,
              186.752931
            ],
            [
              894,
              186.752931
            ],
            [
              894,
              154.752931
            ],
            [
              862,
              154.752931
            ],
            [
              862,
              186.752931
            ]
          ]
        ]
      }
    },
    {
      "type": "Feature",
      "properties": {
        "id": "SPN-concavo-C23",
        "tipo": "nicho",
        "zonaId": "SPN",
        "cara": "concavo",
        "fila": "C",
        "numero": 23,
        "codigo": "C23",
        "estatus_venta": "disponible",
        "estatus_ocupacion": "",
        "referencia_procap": "",
        "observaciones": "",
        "geometryType": "niches",
        "gridRow": 2,
        "gridColumn": 22
      },
      "geometry": {
        "type": "Polygon",
        "coordinates": [
          [
            [
              901.25,
              186.752931
            ],
            [
              933.25,
              186.752931
            ],
            [
              933.25,
              154.752931
            ],
            [
              901.25,
              154.752931
            ],
            [
              901.25,
              186.752931
            ]
          ]
        ]
      }
    },
    {
      "type": "Feature",
      "properties": {
        "id": "SPN-concavo-C24",
        "tipo": "nicho",
        "zonaId": "SPN",
        "cara": "concavo",
        "fila": "C",
        "numero": 24,
        "codigo": "C24",
        "estatus_venta": "disponible",
        "estatus_ocupacion": "",
        "referencia_procap": "",
        "observaciones": "",
        "geometryType": "niches",
        "gridRow": 2,
        "gridColumn": 23
      },
      "geometry": {
        "type": "Polygon",
        "coordinates": [
          [
            [
              940.5,
              186.752931
            ],
            [
              972.5,
              186.752931
            ],
            [
              972.5,
              154.752931
            ],
            [
              940.5,
              154.752931
            ],
            [
              940.5,
              186.752931
            ]
          ]
        ]
      }
    },
    {
      "type": "Feature",
      "properties": {
        "id": "SPN-concavo-C25",
        "tipo": "nicho",
        "zonaId": "SPN",
        "cara": "concavo",
        "fila": "C",
        "numero": 25,
        "codigo": "C25",
        "estatus_venta": "disponible",
        "estatus_ocupacion": "",
        "referencia_procap": "",
        "observaciones": "",
        "geometryType": "niches",
        "gridRow": 2,
        "gridColumn": 24
      },
      "geometry": {
        "type": "Polygon",
        "coordinates": [
          [
            [
              979.75,
              186.752931
            ],
            [
              1011.75,
              186.752931
            ],
            [
              1011.75,
              154.752931
            ],
            [
              979.75,
              154.752931
            ],
            [
              979.75,
              186.752931
            ]
          ]
        ]
      }
    },
    {
      "type": "Feature",
      "properties": {
        "id": "SPN-concavo-C26",
        "tipo": "nicho",
        "zonaId": "SPN",
        "cara": "concavo",
        "fila": "C",
        "numero": 26,
        "codigo": "C26",
        "estatus_venta": "disponible",
        "estatus_ocupacion": "",
        "referencia_procap": "",
        "observaciones": "",
        "geometryType": "niches",
        "gridRow": 2,
        "gridColumn": 25
      },
      "geometry": {
        "type": "Polygon",
        "coordinates": [
          [
            [
              1019,
              186.752931
            ],
            [
              1051,
              186.752931
            ],
            [
              1051,
              154.752931
            ],
            [
              1019,
              154.752931
            ],
            [
              1019,
              186.752931
            ]
          ]
        ]
      }
    },
    {
      "type": "Feature",
      "properties": {
        "id": "SPN-concavo-C27",
        "tipo": "nicho",
        "zonaId": "SPN",
        "cara": "concavo",
        "fila": "C",
        "numero": 27,
        "codigo": "C27",
        "estatus_venta": "disponible",
        "estatus_ocupacion": "",
        "referencia_procap": "",
        "observaciones": "",
        "geometryType": "niches",
        "gridRow": 2,
        "gridColumn": 26
      },
      "geometry": {
        "type": "Polygon",
        "coordinates": [
          [
            [
              1058.25,
              186.752931
            ],
            [
              1090.25,
              186.752931
            ],
            [
              1090.25,
              154.752931
            ],
            [
              1058.25,
              154.752931
            ],
            [
              1058.25,
              186.752931
            ]
          ]
        ]
      }
    },
    {
      "type": "Feature",
      "properties": {
        "id": "SPN-concavo-C28",
        "tipo": "nicho",
        "zonaId": "SPN",
        "cara": "concavo",
        "fila": "C",
        "numero": 28,
        "codigo": "C28",
        "estatus_venta": "disponible",
        "estatus_ocupacion": "",
        "referencia_procap": "",
        "observaciones": "",
        "geometryType": "niches",
        "gridRow": 2,
        "gridColumn": 27
      },
      "geometry": {
        "type": "Polygon",
        "coordinates": [
          [
            [
              1097.5,
              186.752931
            ],
            [
              1129.5,
              186.752931
            ],
            [
              1129.5,
              154.752931
            ],
            [
              1097.5,
              154.752931
            ],
            [
              1097.5,
              186.752931
            ]
          ]
        ]
      }
    },
    {
      "type": "Feature",
      "properties": {
        "id": "SPN-concavo-C29",
        "tipo": "nicho",
        "zonaId": "SPN",
        "cara": "concavo",
        "fila": "C",
        "numero": 29,
        "codigo": "C29",
        "estatus_venta": "disponible",
        "estatus_ocupacion": "",
        "referencia_procap": "",
        "observaciones": "",
        "geometryType": "niches",
        "gridRow": 2,
        "gridColumn": 28
      },
      "geometry": {
        "type": "Polygon",
        "coordinates": [
          [
            [
              1136.75,
              186.752931
            ],
            [
              1168.75,
              186.752931
            ],
            [
              1168.75,
              154.752931
            ],
            [
              1136.75,
              154.752931
            ],
            [
              1136.75,
              186.752931
            ]
          ]
        ]
      }
    },
    {
      "type": "Feature",
      "properties": {
        "id": "SPN-concavo-C30",
        "tipo": "nicho",
        "zonaId": "SPN",
        "cara": "concavo",
        "fila": "C",
        "numero": 30,
        "codigo": "C30",
        "estatus_venta": "disponible",
        "estatus_ocupacion": "",
        "referencia_procap": "",
        "observaciones": "",
        "geometryType": "niches",
        "gridRow": 2,
        "gridColumn": 29
      },
      "geometry": {
        "type": "Polygon",
        "coordinates": [
          [
            [
              1176,
              186.752931
            ],
            [
              1208,
              186.752931
            ],
            [
              1208,
              154.752931
            ],
            [
              1176,
              154.752931
            ],
            [
              1176,
              186.752931
            ]
          ]
        ]
      }
    },
    {
      "type": "Feature",
      "properties": {
        "id": "SPN-concavo-C31",
        "tipo": "nicho",
        "zonaId": "SPN",
        "cara": "concavo",
        "fila": "C",
        "numero": 31,
        "codigo": "C31",
        "estatus_venta": "disponible",
        "estatus_ocupacion": "",
        "referencia_procap": "",
        "observaciones": "",
        "geometryType": "niches",
        "gridRow": 2,
        "gridColumn": 30
      },
      "geometry": {
        "type": "Polygon",
        "coordinates": [
          [
            [
              1215.25,
              186.752931
            ],
            [
              1247.25,
              186.752931
            ],
            [
              1247.25,
              154.752931
            ],
            [
              1215.25,
              154.752931
            ],
            [
              1215.25,
              186.752931
            ]
          ]
        ]
      }
    },
    {
      "type": "Feature",
      "properties": {
        "id": "SPN-concavo-C32",
        "tipo": "nicho",
        "zonaId": "SPN",
        "cara": "concavo",
        "fila": "C",
        "numero": 32,
        "codigo": "C32",
        "estatus_venta": "disponible",
        "estatus_ocupacion": "",
        "referencia_procap": "",
        "observaciones": "",
        "geometryType": "niches",
        "gridRow": 2,
        "gridColumn": 31
      },
      "geometry": {
        "type": "Polygon",
        "coordinates": [
          [
            [
              1254.5,
              186.752931
            ],
            [
              1286.5,
              186.752931
            ],
            [
              1286.5,
              154.752931
            ],
            [
              1254.5,
              154.752931
            ],
            [
              1254.5,
              186.752931
            ]
          ]
        ]
      }
    },
    {
      "type": "Feature",
      "properties": {
        "id": "SPN-concavo-C33",
        "tipo": "nicho",
        "zonaId": "SPN",
        "cara": "concavo",
        "fila": "C",
        "numero": 33,
        "codigo": "C33",
        "estatus_venta": "disponible",
        "estatus_ocupacion": "",
        "referencia_procap": "",
        "observaciones": "",
        "geometryType": "niches",
        "gridRow": 2,
        "gridColumn": 32
      },
      "geometry": {
        "type": "Polygon",
        "coordinates": [
          [
            [
              1293.75,
              186.752931
            ],
            [
              1325.75,
              186.752931
            ],
            [
              1325.75,
              154.752931
            ],
            [
              1293.75,
              154.752931
            ],
            [
              1293.75,
              186.752931
            ]
          ]
        ]
      }
    },
    {
      "type": "Feature",
      "properties": {
        "id": "SPN-concavo-C34",
        "tipo": "nicho",
        "zonaId": "SPN",
        "cara": "concavo",
        "fila": "C",
        "numero": 34,
        "codigo": "C34",
        "estatus_venta": "disponible",
        "estatus_ocupacion": "",
        "referencia_procap": "",
        "observaciones": "",
        "geometryType": "niches",
        "gridRow": 2,
        "gridColumn": 33
      },
      "geometry": {
        "type": "Polygon",
        "coordinates": [
          [
            [
              1333,
              186.752931
            ],
            [
              1365,
              186.752931
            ],
            [
              1365,
              154.752931
            ],
            [
              1333,
              154.752931
            ],
            [
              1333,
              186.752931
            ]
          ]
        ]
      }
    },
    {
      "type": "Feature",
      "properties": {
        "id": "SPN-concavo-C35",
        "tipo": "nicho",
        "zonaId": "SPN",
        "cara": "concavo",
        "fila": "C",
        "numero": 35,
        "codigo": "C35",
        "estatus_venta": "disponible",
        "estatus_ocupacion": "",
        "referencia_procap": "",
        "observaciones": "",
        "geometryType": "niches",
        "gridRow": 2,
        "gridColumn": 34
      },
      "geometry": {
        "type": "Polygon",
        "coordinates": [
          [
            [
              1372.25,
              186.752931
            ],
            [
              1404.25,
              186.752931
            ],
            [
              1404.25,
              154.752931
            ],
            [
              1372.25,
              154.752931
            ],
            [
              1372.25,
              186.752931
            ]
          ]
        ]
      }
    },
    {
      "type": "Feature",
      "properties": {
        "id": "SPN-concavo-C36",
        "tipo": "nicho",
        "zonaId": "SPN",
        "cara": "concavo",
        "fila": "C",
        "numero": 36,
        "codigo": "C36",
        "estatus_venta": "disponible",
        "estatus_ocupacion": "",
        "referencia_procap": "",
        "observaciones": "",
        "geometryType": "niches",
        "gridRow": 2,
        "gridColumn": 35
      },
      "geometry": {
        "type": "Polygon",
        "coordinates": [
          [
            [
              1411.5,
              186.752931
            ],
            [
              1443.5,
              186.752931
            ],
            [
              1443.5,
              154.752931
            ],
            [
              1411.5,
              154.752931
            ],
            [
              1411.5,
              186.752931
            ]
          ]
        ]
      }
    },
    {
      "type": "Feature",
      "properties": {
        "id": "SPN-concavo-C37",
        "tipo": "nicho",
        "zonaId": "SPN",
        "cara": "concavo",
        "fila": "C",
        "numero": 37,
        "codigo": "C37",
        "estatus_venta": "disponible",
        "estatus_ocupacion": "",
        "referencia_procap": "",
        "observaciones": "",
        "geometryType": "niches",
        "gridRow": 2,
        "gridColumn": 36
      },
      "geometry": {
        "type": "Polygon",
        "coordinates": [
          [
            [
              1450.75,
              186.752931
            ],
            [
              1482.75,
              186.752931
            ],
            [
              1482.75,
              154.752931
            ],
            [
              1450.75,
              154.752931
            ],
            [
              1450.75,
              186.752931
            ]
          ]
        ]
      }
    },
    {
      "type": "Feature",
      "properties": {
        "id": "SPN-concavo-C38",
        "tipo": "nicho",
        "zonaId": "SPN",
        "cara": "concavo",
        "fila": "C",
        "numero": 38,
        "codigo": "C38",
        "estatus_venta": "disponible",
        "estatus_ocupacion": "",
        "referencia_procap": "",
        "observaciones": "",
        "geometryType": "niches",
        "gridRow": 2,
        "gridColumn": 37
      },
      "geometry": {
        "type": "Polygon",
        "coordinates": [
          [
            [
              1490,
              186.752931
            ],
            [
              1522,
              186.752931
            ],
            [
              1522,
              154.752931
            ],
            [
              1490,
              154.752931
            ],
            [
              1490,
              186.752931
            ]
          ]
        ]
      }
    },
    {
      "type": "Feature",
      "properties": {
        "id": "SPN-concavo-C39",
        "tipo": "nicho",
        "zonaId": "SPN",
        "cara": "concavo",
        "fila": "C",
        "numero": 39,
        "codigo": "C39",
        "estatus_venta": "disponible",
        "estatus_ocupacion": "",
        "referencia_procap": "",
        "observaciones": "",
        "geometryType": "niches",
        "gridRow": 2,
        "gridColumn": 38
      },
      "geometry": {
        "type": "Polygon",
        "coordinates": [
          [
            [
              1529.25,
              186.752931
            ],
            [
              1561.25,
              186.752931
            ],
            [
              1561.25,
              154.752931
            ],
            [
              1529.25,
              154.752931
            ],
            [
              1529.25,
              186.752931
            ]
          ]
        ]
      }
    },
    {
      "type": "Feature",
      "properties": {
        "id": "SPN-concavo-C40",
        "tipo": "nicho",
        "zonaId": "SPN",
        "cara": "concavo",
        "fila": "C",
        "numero": 40,
        "codigo": "C40",
        "estatus_venta": "disponible",
        "estatus_ocupacion": "",
        "referencia_procap": "",
        "observaciones": "",
        "geometryType": "niches",
        "gridRow": 2,
        "gridColumn": 39
      },
      "geometry": {
        "type": "Polygon",
        "coordinates": [
          [
            [
              1568.5,
              186.752931
            ],
            [
              1600.5,
              186.752931
            ],
            [
              1600.5,
              154.752931
            ],
            [
              1568.5,
              154.752931
            ],
            [
              1568.5,
              186.752931
            ]
          ]
        ]
      }
    },
    {
      "type": "Feature",
      "properties": {
        "id": "SPN-concavo-C41",
        "tipo": "nicho",
        "zonaId": "SPN",
        "cara": "concavo",
        "fila": "C",
        "numero": 41,
        "codigo": "C41",
        "estatus_venta": "disponible",
        "estatus_ocupacion": "",
        "referencia_procap": "",
        "observaciones": "",
        "geometryType": "niches",
        "gridRow": 2,
        "gridColumn": 40
      },
      "geometry": {
        "type": "Polygon",
        "coordinates": [
          [
            [
              1607.75,
              186.752931
            ],
            [
              1639.75,
              186.752931
            ],
            [
              1639.75,
              154.752931
            ],
            [
              1607.75,
              154.752931
            ],
            [
              1607.75,
              186.752931
            ]
          ]
        ]
      }
    },
    {
      "type": "Feature",
      "properties": {
        "id": "SPN-concavo-C42",
        "tipo": "nicho",
        "zonaId": "SPN",
        "cara": "concavo",
        "fila": "C",
        "numero": 42,
        "codigo": "C42",
        "estatus_venta": "disponible",
        "estatus_ocupacion": "",
        "referencia_procap": "",
        "observaciones": "",
        "geometryType": "niches",
        "gridRow": 2,
        "gridColumn": 41
      },
      "geometry": {
        "type": "Polygon",
        "coordinates": [
          [
            [
              1647,
              186.752931
            ],
            [
              1679,
              186.752931
            ],
            [
              1679,
              154.752931
            ],
            [
              1647,
              154.752931
            ],
            [
              1647,
              186.752931
            ]
          ]
        ]
      }
    },
    {
      "type": "Feature",
      "properties": {
        "id": "SPN-concavo-C43",
        "tipo": "nicho",
        "zonaId": "SPN",
        "cara": "concavo",
        "fila": "C",
        "numero": 43,
        "codigo": "C43",
        "estatus_venta": "disponible",
        "estatus_ocupacion": "",
        "referencia_procap": "",
        "observaciones": "",
        "geometryType": "niches",
        "gridRow": 2,
        "gridColumn": 42
      },
      "geometry": {
        "type": "Polygon",
        "coordinates": [
          [
            [
              1686.25,
              186.752931
            ],
            [
              1718.25,
              186.752931
            ],
            [
              1718.25,
              154.752931
            ],
            [
              1686.25,
              154.752931
            ],
            [
              1686.25,
              186.752931
            ]
          ]
        ]
      }
    },
    {
      "type": "Feature",
      "properties": {
        "id": "SPN-concavo-C44",
        "tipo": "nicho",
        "zonaId": "SPN",
        "cara": "concavo",
        "fila": "C",
        "numero": 44,
        "codigo": "C44",
        "estatus_venta": "disponible",
        "estatus_ocupacion": "",
        "referencia_procap": "",
        "observaciones": "",
        "geometryType": "niches",
        "gridRow": 2,
        "gridColumn": 43
      },
      "geometry": {
        "type": "Polygon",
        "coordinates": [
          [
            [
              1725.5,
              186.752931
            ],
            [
              1757.5,
              186.752931
            ],
            [
              1757.5,
              154.752931
            ],
            [
              1725.5,
              154.752931
            ],
            [
              1725.5,
              186.752931
            ]
          ]
        ]
      }
    },
    {
      "type": "Feature",
      "properties": {
        "id": "SPN-concavo-C45",
        "tipo": "nicho",
        "zonaId": "SPN",
        "cara": "concavo",
        "fila": "C",
        "numero": 45,
        "codigo": "C45",
        "estatus_venta": "disponible",
        "estatus_ocupacion": "",
        "referencia_procap": "",
        "observaciones": "",
        "geometryType": "niches",
        "gridRow": 2,
        "gridColumn": 44
      },
      "geometry": {
        "type": "Polygon",
        "coordinates": [
          [
            [
              1764.75,
              186.752931
            ],
            [
              1796.75,
              186.752931
            ],
            [
              1796.75,
              154.752931
            ],
            [
              1764.75,
              154.752931
            ],
            [
              1764.75,
              186.752931
            ]
          ]
        ]
      }
    },
    {
      "type": "Feature",
      "properties": {
        "id": "SPN-concavo-C46",
        "tipo": "nicho",
        "zonaId": "SPN",
        "cara": "concavo",
        "fila": "C",
        "numero": 46,
        "codigo": "C46",
        "estatus_venta": "disponible",
        "estatus_ocupacion": "",
        "referencia_procap": "",
        "observaciones": "",
        "geometryType": "niches",
        "gridRow": 2,
        "gridColumn": 45
      },
      "geometry": {
        "type": "Polygon",
        "coordinates": [
          [
            [
              1804,
              186.752931
            ],
            [
              1836,
              186.752931
            ],
            [
              1836,
              154.752931
            ],
            [
              1804,
              154.752931
            ],
            [
              1804,
              186.752931
            ]
          ]
        ]
      }
    },
    {
      "type": "Feature",
      "properties": {
        "id": "SPN-concavo-C47",
        "tipo": "nicho",
        "zonaId": "SPN",
        "cara": "concavo",
        "fila": "C",
        "numero": 47,
        "codigo": "C47",
        "estatus_venta": "disponible",
        "estatus_ocupacion": "",
        "referencia_procap": "",
        "observaciones": "",
        "geometryType": "niches",
        "gridRow": 2,
        "gridColumn": 46
      },
      "geometry": {
        "type": "Polygon",
        "coordinates": [
          [
            [
              1843.25,
              186.752931
            ],
            [
              1875.25,
              186.752931
            ],
            [
              1875.25,
              154.752931
            ],
            [
              1843.25,
              154.752931
            ],
            [
              1843.25,
              186.752931
            ]
          ]
        ]
      }
    },
    {
      "type": "Feature",
      "properties": {
        "id": "SPN-concavo-C48",
        "tipo": "nicho",
        "zonaId": "SPN",
        "cara": "concavo",
        "fila": "C",
        "numero": 48,
        "codigo": "C48",
        "estatus_venta": "disponible",
        "estatus_ocupacion": "",
        "referencia_procap": "",
        "observaciones": "",
        "geometryType": "niches",
        "gridRow": 2,
        "gridColumn": 47
      },
      "geometry": {
        "type": "Polygon",
        "coordinates": [
          [
            [
              1882.5,
              186.752931
            ],
            [
              1914.5,
              186.752931
            ],
            [
              1914.5,
              154.752931
            ],
            [
              1882.5,
              154.752931
            ],
            [
              1882.5,
              186.752931
            ]
          ]
        ]
      }
    },
    {
      "type": "Feature",
      "properties": {
        "id": "SPN-concavo-C49",
        "tipo": "nicho",
        "zonaId": "SPN",
        "cara": "concavo",
        "fila": "C",
        "numero": 49,
        "codigo": "C49",
        "estatus_venta": "disponible",
        "estatus_ocupacion": "",
        "referencia_procap": "",
        "observaciones": "",
        "geometryType": "niches",
        "gridRow": 2,
        "gridColumn": 48
      },
      "geometry": {
        "type": "Polygon",
        "coordinates": [
          [
            [
              1921.75,
              186.752931
            ],
            [
              1953.75,
              186.752931
            ],
            [
              1953.75,
              154.752931
            ],
            [
              1921.75,
              154.752931
            ],
            [
              1921.75,
              186.752931
            ]
          ]
        ]
      }
    },
    {
      "type": "Feature",
      "properties": {
        "id": "SPN-concavo-C50",
        "tipo": "nicho",
        "zonaId": "SPN",
        "cara": "concavo",
        "fila": "C",
        "numero": 50,
        "codigo": "C50",
        "estatus_venta": "disponible",
        "estatus_ocupacion": "",
        "referencia_procap": "",
        "observaciones": "",
        "geometryType": "niches",
        "gridRow": 2,
        "gridColumn": 49
      },
      "geometry": {
        "type": "Polygon",
        "coordinates": [
          [
            [
              1961,
              186.752931
            ],
            [
              1993,
              186.752931
            ],
            [
              1993,
              154.752931
            ],
            [
              1961,
              154.752931
            ],
            [
              1961,
              186.752931
            ]
          ]
        ]
      }
    },
    {
      "type": "Feature",
      "properties": {
        "id": "SPN-concavo-C51",
        "tipo": "nicho",
        "zonaId": "SPN",
        "cara": "concavo",
        "fila": "C",
        "numero": 51,
        "codigo": "C51",
        "estatus_venta": "disponible",
        "estatus_ocupacion": "",
        "referencia_procap": "",
        "observaciones": "",
        "geometryType": "niches",
        "gridRow": 2,
        "gridColumn": 50
      },
      "geometry": {
        "type": "Polygon",
        "coordinates": [
          [
            [
              2000.25,
              186.752931
            ],
            [
              2032.25,
              186.752931
            ],
            [
              2032.25,
              154.752931
            ],
            [
              2000.25,
              154.752931
            ],
            [
              2000.25,
              186.752931
            ]
          ]
        ]
      }
    },
    {
      "type": "Feature",
      "properties": {
        "id": "SPN-concavo-D1",
        "tipo": "nicho",
        "zonaId": "SPN",
        "cara": "concavo",
        "fila": "D",
        "numero": 1,
        "codigo": "D1",
        "estatus_venta": "disponible",
        "estatus_ocupacion": "",
        "referencia_procap": "",
        "observaciones": "",
        "geometryType": "niches",
        "gridRow": 3,
        "gridColumn": 0
      },
      "geometry": {
        "type": "Polygon",
        "coordinates": [
          [
            [
              37.75,
              149.252931
            ],
            [
              69.75,
              149.252931
            ],
            [
              69.75,
              117.252931
            ],
            [
              37.75,
              117.252931
            ],
            [
              37.75,
              149.252931
            ]
          ]
        ]
      }
    },
    {
      "type": "Feature",
      "properties": {
        "id": "SPN-concavo-D2",
        "tipo": "nicho",
        "zonaId": "SPN",
        "cara": "concavo",
        "fila": "D",
        "numero": 2,
        "codigo": "D2",
        "estatus_venta": "disponible",
        "estatus_ocupacion": "",
        "referencia_procap": "",
        "observaciones": "",
        "geometryType": "niches",
        "gridRow": 3,
        "gridColumn": 1
      },
      "geometry": {
        "type": "Polygon",
        "coordinates": [
          [
            [
              77,
              149.252931
            ],
            [
              109,
              149.252931
            ],
            [
              109,
              117.252931
            ],
            [
              77,
              117.252931
            ],
            [
              77,
              149.252931
            ]
          ]
        ]
      }
    },
    {
      "type": "Feature",
      "properties": {
        "id": "SPN-concavo-D3",
        "tipo": "nicho",
        "zonaId": "SPN",
        "cara": "concavo",
        "fila": "D",
        "numero": 3,
        "codigo": "D3",
        "estatus_venta": "disponible",
        "estatus_ocupacion": "",
        "referencia_procap": "",
        "observaciones": "",
        "geometryType": "niches",
        "gridRow": 3,
        "gridColumn": 2
      },
      "geometry": {
        "type": "Polygon",
        "coordinates": [
          [
            [
              116.25,
              149.252931
            ],
            [
              148.25,
              149.252931
            ],
            [
              148.25,
              117.252931
            ],
            [
              116.25,
              117.252931
            ],
            [
              116.25,
              149.252931
            ]
          ]
        ]
      }
    },
    {
      "type": "Feature",
      "properties": {
        "id": "SPN-concavo-D4",
        "tipo": "nicho",
        "zonaId": "SPN",
        "cara": "concavo",
        "fila": "D",
        "numero": 4,
        "codigo": "D4",
        "estatus_venta": "disponible",
        "estatus_ocupacion": "",
        "referencia_procap": "",
        "observaciones": "",
        "geometryType": "niches",
        "gridRow": 3,
        "gridColumn": 3
      },
      "geometry": {
        "type": "Polygon",
        "coordinates": [
          [
            [
              155.5,
              149.252931
            ],
            [
              187.5,
              149.252931
            ],
            [
              187.5,
              117.252931
            ],
            [
              155.5,
              117.252931
            ],
            [
              155.5,
              149.252931
            ]
          ]
        ]
      }
    },
    {
      "type": "Feature",
      "properties": {
        "id": "SPN-concavo-D5",
        "tipo": "nicho",
        "zonaId": "SPN",
        "cara": "concavo",
        "fila": "D",
        "numero": 5,
        "codigo": "D5",
        "estatus_venta": "disponible",
        "estatus_ocupacion": "",
        "referencia_procap": "",
        "observaciones": "",
        "geometryType": "niches",
        "gridRow": 3,
        "gridColumn": 4
      },
      "geometry": {
        "type": "Polygon",
        "coordinates": [
          [
            [
              194.75,
              149.252931
            ],
            [
              226.75,
              149.252931
            ],
            [
              226.75,
              117.252931
            ],
            [
              194.75,
              117.252931
            ],
            [
              194.75,
              149.252931
            ]
          ]
        ]
      }
    },
    {
      "type": "Feature",
      "properties": {
        "id": "SPN-concavo-D6",
        "tipo": "nicho",
        "zonaId": "SPN",
        "cara": "concavo",
        "fila": "D",
        "numero": 6,
        "codigo": "D6",
        "estatus_venta": "disponible",
        "estatus_ocupacion": "",
        "referencia_procap": "",
        "observaciones": "",
        "geometryType": "niches",
        "gridRow": 3,
        "gridColumn": 5
      },
      "geometry": {
        "type": "Polygon",
        "coordinates": [
          [
            [
              234,
              149.252931
            ],
            [
              266,
              149.252931
            ],
            [
              266,
              117.252931
            ],
            [
              234,
              117.252931
            ],
            [
              234,
              149.252931
            ]
          ]
        ]
      }
    },
    {
      "type": "Feature",
      "properties": {
        "id": "SPN-concavo-D7",
        "tipo": "nicho",
        "zonaId": "SPN",
        "cara": "concavo",
        "fila": "D",
        "numero": 7,
        "codigo": "D7",
        "estatus_venta": "disponible",
        "estatus_ocupacion": "",
        "referencia_procap": "",
        "observaciones": "",
        "geometryType": "niches",
        "gridRow": 3,
        "gridColumn": 6
      },
      "geometry": {
        "type": "Polygon",
        "coordinates": [
          [
            [
              273.25,
              149.252931
            ],
            [
              305.25,
              149.252931
            ],
            [
              305.25,
              117.252931
            ],
            [
              273.25,
              117.252931
            ],
            [
              273.25,
              149.252931
            ]
          ]
        ]
      }
    },
    {
      "type": "Feature",
      "properties": {
        "id": "SPN-concavo-D8",
        "tipo": "nicho",
        "zonaId": "SPN",
        "cara": "concavo",
        "fila": "D",
        "numero": 8,
        "codigo": "D8",
        "estatus_venta": "disponible",
        "estatus_ocupacion": "",
        "referencia_procap": "",
        "observaciones": "",
        "geometryType": "niches",
        "gridRow": 3,
        "gridColumn": 7
      },
      "geometry": {
        "type": "Polygon",
        "coordinates": [
          [
            [
              312.5,
              149.252931
            ],
            [
              344.5,
              149.252931
            ],
            [
              344.5,
              117.252931
            ],
            [
              312.5,
              117.252931
            ],
            [
              312.5,
              149.252931
            ]
          ]
        ]
      }
    },
    {
      "type": "Feature",
      "properties": {
        "id": "SPN-concavo-D9",
        "tipo": "nicho",
        "zonaId": "SPN",
        "cara": "concavo",
        "fila": "D",
        "numero": 9,
        "codigo": "D9",
        "estatus_venta": "disponible",
        "estatus_ocupacion": "",
        "referencia_procap": "",
        "observaciones": "",
        "geometryType": "niches",
        "gridRow": 3,
        "gridColumn": 8
      },
      "geometry": {
        "type": "Polygon",
        "coordinates": [
          [
            [
              351.75,
              149.252931
            ],
            [
              383.75,
              149.252931
            ],
            [
              383.75,
              117.252931
            ],
            [
              351.75,
              117.252931
            ],
            [
              351.75,
              149.252931
            ]
          ]
        ]
      }
    },
    {
      "type": "Feature",
      "properties": {
        "id": "SPN-concavo-D10",
        "tipo": "nicho",
        "zonaId": "SPN",
        "cara": "concavo",
        "fila": "D",
        "numero": 10,
        "codigo": "D10",
        "estatus_venta": "disponible",
        "estatus_ocupacion": "",
        "referencia_procap": "",
        "observaciones": "",
        "geometryType": "niches",
        "gridRow": 3,
        "gridColumn": 9
      },
      "geometry": {
        "type": "Polygon",
        "coordinates": [
          [
            [
              391,
              149.252931
            ],
            [
              423,
              149.252931
            ],
            [
              423,
              117.252931
            ],
            [
              391,
              117.252931
            ],
            [
              391,
              149.252931
            ]
          ]
        ]
      }
    },
    {
      "type": "Feature",
      "properties": {
        "id": "SPN-concavo-D11",
        "tipo": "nicho",
        "zonaId": "SPN",
        "cara": "concavo",
        "fila": "D",
        "numero": 11,
        "codigo": "D11",
        "estatus_venta": "disponible",
        "estatus_ocupacion": "",
        "referencia_procap": "",
        "observaciones": "",
        "geometryType": "niches",
        "gridRow": 3,
        "gridColumn": 10
      },
      "geometry": {
        "type": "Polygon",
        "coordinates": [
          [
            [
              430.25,
              149.252931
            ],
            [
              462.25,
              149.252931
            ],
            [
              462.25,
              117.252931
            ],
            [
              430.25,
              117.252931
            ],
            [
              430.25,
              149.252931
            ]
          ]
        ]
      }
    },
    {
      "type": "Feature",
      "properties": {
        "id": "SPN-concavo-D12",
        "tipo": "nicho",
        "zonaId": "SPN",
        "cara": "concavo",
        "fila": "D",
        "numero": 12,
        "codigo": "D12",
        "estatus_venta": "disponible",
        "estatus_ocupacion": "",
        "referencia_procap": "",
        "observaciones": "",
        "geometryType": "niches",
        "gridRow": 3,
        "gridColumn": 11
      },
      "geometry": {
        "type": "Polygon",
        "coordinates": [
          [
            [
              469.5,
              149.252931
            ],
            [
              501.5,
              149.252931
            ],
            [
              501.5,
              117.252931
            ],
            [
              469.5,
              117.252931
            ],
            [
              469.5,
              149.252931
            ]
          ]
        ]
      }
    },
    {
      "type": "Feature",
      "properties": {
        "id": "SPN-concavo-D13",
        "tipo": "nicho",
        "zonaId": "SPN",
        "cara": "concavo",
        "fila": "D",
        "numero": 13,
        "codigo": "D13",
        "estatus_venta": "disponible",
        "estatus_ocupacion": "",
        "referencia_procap": "",
        "observaciones": "",
        "geometryType": "niches",
        "gridRow": 3,
        "gridColumn": 12
      },
      "geometry": {
        "type": "Polygon",
        "coordinates": [
          [
            [
              508.75,
              149.252931
            ],
            [
              540.75,
              149.252931
            ],
            [
              540.75,
              117.252931
            ],
            [
              508.75,
              117.252931
            ],
            [
              508.75,
              149.252931
            ]
          ]
        ]
      }
    },
    {
      "type": "Feature",
      "properties": {
        "id": "SPN-concavo-D14",
        "tipo": "nicho",
        "zonaId": "SPN",
        "cara": "concavo",
        "fila": "D",
        "numero": 14,
        "codigo": "D14",
        "estatus_venta": "disponible",
        "estatus_ocupacion": "",
        "referencia_procap": "",
        "observaciones": "",
        "geometryType": "niches",
        "gridRow": 3,
        "gridColumn": 13
      },
      "geometry": {
        "type": "Polygon",
        "coordinates": [
          [
            [
              548,
              149.252931
            ],
            [
              580,
              149.252931
            ],
            [
              580,
              117.252931
            ],
            [
              548,
              117.252931
            ],
            [
              548,
              149.252931
            ]
          ]
        ]
      }
    },
    {
      "type": "Feature",
      "properties": {
        "id": "SPN-concavo-D15",
        "tipo": "nicho",
        "zonaId": "SPN",
        "cara": "concavo",
        "fila": "D",
        "numero": 15,
        "codigo": "D15",
        "estatus_venta": "disponible",
        "estatus_ocupacion": "",
        "referencia_procap": "",
        "observaciones": "",
        "geometryType": "niches",
        "gridRow": 3,
        "gridColumn": 14
      },
      "geometry": {
        "type": "Polygon",
        "coordinates": [
          [
            [
              587.25,
              149.252931
            ],
            [
              619.25,
              149.252931
            ],
            [
              619.25,
              117.252931
            ],
            [
              587.25,
              117.252931
            ],
            [
              587.25,
              149.252931
            ]
          ]
        ]
      }
    },
    {
      "type": "Feature",
      "properties": {
        "id": "SPN-concavo-D16",
        "tipo": "nicho",
        "zonaId": "SPN",
        "cara": "concavo",
        "fila": "D",
        "numero": 16,
        "codigo": "D16",
        "estatus_venta": "disponible",
        "estatus_ocupacion": "",
        "referencia_procap": "",
        "observaciones": "",
        "geometryType": "niches",
        "gridRow": 3,
        "gridColumn": 15
      },
      "geometry": {
        "type": "Polygon",
        "coordinates": [
          [
            [
              626.5,
              149.252931
            ],
            [
              658.5,
              149.252931
            ],
            [
              658.5,
              117.252931
            ],
            [
              626.5,
              117.252931
            ],
            [
              626.5,
              149.252931
            ]
          ]
        ]
      }
    },
    {
      "type": "Feature",
      "properties": {
        "id": "SPN-concavo-D17",
        "tipo": "nicho",
        "zonaId": "SPN",
        "cara": "concavo",
        "fila": "D",
        "numero": 17,
        "codigo": "D17",
        "estatus_venta": "disponible",
        "estatus_ocupacion": "",
        "referencia_procap": "",
        "observaciones": "",
        "geometryType": "niches",
        "gridRow": 3,
        "gridColumn": 16
      },
      "geometry": {
        "type": "Polygon",
        "coordinates": [
          [
            [
              665.75,
              149.252931
            ],
            [
              697.75,
              149.252931
            ],
            [
              697.75,
              117.252931
            ],
            [
              665.75,
              117.252931
            ],
            [
              665.75,
              149.252931
            ]
          ]
        ]
      }
    },
    {
      "type": "Feature",
      "properties": {
        "id": "SPN-concavo-D18",
        "tipo": "nicho",
        "zonaId": "SPN",
        "cara": "concavo",
        "fila": "D",
        "numero": 18,
        "codigo": "D18",
        "estatus_venta": "disponible",
        "estatus_ocupacion": "",
        "referencia_procap": "",
        "observaciones": "",
        "geometryType": "niches",
        "gridRow": 3,
        "gridColumn": 17
      },
      "geometry": {
        "type": "Polygon",
        "coordinates": [
          [
            [
              705,
              149.252931
            ],
            [
              737,
              149.252931
            ],
            [
              737,
              117.252931
            ],
            [
              705,
              117.252931
            ],
            [
              705,
              149.252931
            ]
          ]
        ]
      }
    },
    {
      "type": "Feature",
      "properties": {
        "id": "SPN-concavo-D19",
        "tipo": "nicho",
        "zonaId": "SPN",
        "cara": "concavo",
        "fila": "D",
        "numero": 19,
        "codigo": "D19",
        "estatus_venta": "disponible",
        "estatus_ocupacion": "",
        "referencia_procap": "",
        "observaciones": "",
        "geometryType": "niches",
        "gridRow": 3,
        "gridColumn": 18
      },
      "geometry": {
        "type": "Polygon",
        "coordinates": [
          [
            [
              744.25,
              149.252931
            ],
            [
              776.25,
              149.252931
            ],
            [
              776.25,
              117.252931
            ],
            [
              744.25,
              117.252931
            ],
            [
              744.25,
              149.252931
            ]
          ]
        ]
      }
    },
    {
      "type": "Feature",
      "properties": {
        "id": "SPN-concavo-D20",
        "tipo": "nicho",
        "zonaId": "SPN",
        "cara": "concavo",
        "fila": "D",
        "numero": 20,
        "codigo": "D20",
        "estatus_venta": "disponible",
        "estatus_ocupacion": "",
        "referencia_procap": "",
        "observaciones": "",
        "geometryType": "niches",
        "gridRow": 3,
        "gridColumn": 19
      },
      "geometry": {
        "type": "Polygon",
        "coordinates": [
          [
            [
              783.5,
              149.252931
            ],
            [
              815.5,
              149.252931
            ],
            [
              815.5,
              117.252931
            ],
            [
              783.5,
              117.252931
            ],
            [
              783.5,
              149.252931
            ]
          ]
        ]
      }
    },
    {
      "type": "Feature",
      "properties": {
        "id": "SPN-concavo-D21",
        "tipo": "nicho",
        "zonaId": "SPN",
        "cara": "concavo",
        "fila": "D",
        "numero": 21,
        "codigo": "D21",
        "estatus_venta": "disponible",
        "estatus_ocupacion": "",
        "referencia_procap": "",
        "observaciones": "",
        "geometryType": "niches",
        "gridRow": 3,
        "gridColumn": 20
      },
      "geometry": {
        "type": "Polygon",
        "coordinates": [
          [
            [
              822.75,
              149.252931
            ],
            [
              854.75,
              149.252931
            ],
            [
              854.75,
              117.252931
            ],
            [
              822.75,
              117.252931
            ],
            [
              822.75,
              149.252931
            ]
          ]
        ]
      }
    },
    {
      "type": "Feature",
      "properties": {
        "id": "SPN-concavo-D22",
        "tipo": "nicho",
        "zonaId": "SPN",
        "cara": "concavo",
        "fila": "D",
        "numero": 22,
        "codigo": "D22",
        "estatus_venta": "disponible",
        "estatus_ocupacion": "",
        "referencia_procap": "",
        "observaciones": "",
        "geometryType": "niches",
        "gridRow": 3,
        "gridColumn": 21
      },
      "geometry": {
        "type": "Polygon",
        "coordinates": [
          [
            [
              862,
              149.252931
            ],
            [
              894,
              149.252931
            ],
            [
              894,
              117.252931
            ],
            [
              862,
              117.252931
            ],
            [
              862,
              149.252931
            ]
          ]
        ]
      }
    },
    {
      "type": "Feature",
      "properties": {
        "id": "SPN-concavo-D23",
        "tipo": "nicho",
        "zonaId": "SPN",
        "cara": "concavo",
        "fila": "D",
        "numero": 23,
        "codigo": "D23",
        "estatus_venta": "disponible",
        "estatus_ocupacion": "",
        "referencia_procap": "",
        "observaciones": "",
        "geometryType": "niches",
        "gridRow": 3,
        "gridColumn": 22
      },
      "geometry": {
        "type": "Polygon",
        "coordinates": [
          [
            [
              901.25,
              149.252931
            ],
            [
              933.25,
              149.252931
            ],
            [
              933.25,
              117.252931
            ],
            [
              901.25,
              117.252931
            ],
            [
              901.25,
              149.252931
            ]
          ]
        ]
      }
    },
    {
      "type": "Feature",
      "properties": {
        "id": "SPN-concavo-D24",
        "tipo": "nicho",
        "zonaId": "SPN",
        "cara": "concavo",
        "fila": "D",
        "numero": 24,
        "codigo": "D24",
        "estatus_venta": "disponible",
        "estatus_ocupacion": "",
        "referencia_procap": "",
        "observaciones": "",
        "geometryType": "niches",
        "gridRow": 3,
        "gridColumn": 23
      },
      "geometry": {
        "type": "Polygon",
        "coordinates": [
          [
            [
              940.5,
              149.252931
            ],
            [
              972.5,
              149.252931
            ],
            [
              972.5,
              117.252931
            ],
            [
              940.5,
              117.252931
            ],
            [
              940.5,
              149.252931
            ]
          ]
        ]
      }
    },
    {
      "type": "Feature",
      "properties": {
        "id": "SPN-concavo-D25",
        "tipo": "nicho",
        "zonaId": "SPN",
        "cara": "concavo",
        "fila": "D",
        "numero": 25,
        "codigo": "D25",
        "estatus_venta": "disponible",
        "estatus_ocupacion": "",
        "referencia_procap": "",
        "observaciones": "",
        "geometryType": "niches",
        "gridRow": 3,
        "gridColumn": 24
      },
      "geometry": {
        "type": "Polygon",
        "coordinates": [
          [
            [
              979.75,
              149.252931
            ],
            [
              1011.75,
              149.252931
            ],
            [
              1011.75,
              117.252931
            ],
            [
              979.75,
              117.252931
            ],
            [
              979.75,
              149.252931
            ]
          ]
        ]
      }
    },
    {
      "type": "Feature",
      "properties": {
        "id": "SPN-concavo-D26",
        "tipo": "nicho",
        "zonaId": "SPN",
        "cara": "concavo",
        "fila": "D",
        "numero": 26,
        "codigo": "D26",
        "estatus_venta": "disponible",
        "estatus_ocupacion": "",
        "referencia_procap": "",
        "observaciones": "",
        "geometryType": "niches",
        "gridRow": 3,
        "gridColumn": 25
      },
      "geometry": {
        "type": "Polygon",
        "coordinates": [
          [
            [
              1019,
              149.252931
            ],
            [
              1051,
              149.252931
            ],
            [
              1051,
              117.252931
            ],
            [
              1019,
              117.252931
            ],
            [
              1019,
              149.252931
            ]
          ]
        ]
      }
    },
    {
      "type": "Feature",
      "properties": {
        "id": "SPN-concavo-D27",
        "tipo": "nicho",
        "zonaId": "SPN",
        "cara": "concavo",
        "fila": "D",
        "numero": 27,
        "codigo": "D27",
        "estatus_venta": "disponible",
        "estatus_ocupacion": "",
        "referencia_procap": "",
        "observaciones": "",
        "geometryType": "niches",
        "gridRow": 3,
        "gridColumn": 26
      },
      "geometry": {
        "type": "Polygon",
        "coordinates": [
          [
            [
              1058.25,
              149.252931
            ],
            [
              1090.25,
              149.252931
            ],
            [
              1090.25,
              117.252931
            ],
            [
              1058.25,
              117.252931
            ],
            [
              1058.25,
              149.252931
            ]
          ]
        ]
      }
    },
    {
      "type": "Feature",
      "properties": {
        "id": "SPN-concavo-D28",
        "tipo": "nicho",
        "zonaId": "SPN",
        "cara": "concavo",
        "fila": "D",
        "numero": 28,
        "codigo": "D28",
        "estatus_venta": "disponible",
        "estatus_ocupacion": "",
        "referencia_procap": "",
        "observaciones": "",
        "geometryType": "niches",
        "gridRow": 3,
        "gridColumn": 27
      },
      "geometry": {
        "type": "Polygon",
        "coordinates": [
          [
            [
              1097.5,
              149.252931
            ],
            [
              1129.5,
              149.252931
            ],
            [
              1129.5,
              117.252931
            ],
            [
              1097.5,
              117.252931
            ],
            [
              1097.5,
              149.252931
            ]
          ]
        ]
      }
    },
    {
      "type": "Feature",
      "properties": {
        "id": "SPN-concavo-D29",
        "tipo": "nicho",
        "zonaId": "SPN",
        "cara": "concavo",
        "fila": "D",
        "numero": 29,
        "codigo": "D29",
        "estatus_venta": "disponible",
        "estatus_ocupacion": "",
        "referencia_procap": "",
        "observaciones": "",
        "geometryType": "niches",
        "gridRow": 3,
        "gridColumn": 28
      },
      "geometry": {
        "type": "Polygon",
        "coordinates": [
          [
            [
              1136.75,
              149.252931
            ],
            [
              1168.75,
              149.252931
            ],
            [
              1168.75,
              117.252931
            ],
            [
              1136.75,
              117.252931
            ],
            [
              1136.75,
              149.252931
            ]
          ]
        ]
      }
    },
    {
      "type": "Feature",
      "properties": {
        "id": "SPN-concavo-D30",
        "tipo": "nicho",
        "zonaId": "SPN",
        "cara": "concavo",
        "fila": "D",
        "numero": 30,
        "codigo": "D30",
        "estatus_venta": "disponible",
        "estatus_ocupacion": "",
        "referencia_procap": "",
        "observaciones": "",
        "geometryType": "niches",
        "gridRow": 3,
        "gridColumn": 29
      },
      "geometry": {
        "type": "Polygon",
        "coordinates": [
          [
            [
              1176,
              149.252931
            ],
            [
              1208,
              149.252931
            ],
            [
              1208,
              117.252931
            ],
            [
              1176,
              117.252931
            ],
            [
              1176,
              149.252931
            ]
          ]
        ]
      }
    },
    {
      "type": "Feature",
      "properties": {
        "id": "SPN-concavo-D31",
        "tipo": "nicho",
        "zonaId": "SPN",
        "cara": "concavo",
        "fila": "D",
        "numero": 31,
        "codigo": "D31",
        "estatus_venta": "disponible",
        "estatus_ocupacion": "",
        "referencia_procap": "",
        "observaciones": "",
        "geometryType": "niches",
        "gridRow": 3,
        "gridColumn": 30
      },
      "geometry": {
        "type": "Polygon",
        "coordinates": [
          [
            [
              1215.25,
              149.252931
            ],
            [
              1247.25,
              149.252931
            ],
            [
              1247.25,
              117.252931
            ],
            [
              1215.25,
              117.252931
            ],
            [
              1215.25,
              149.252931
            ]
          ]
        ]
      }
    },
    {
      "type": "Feature",
      "properties": {
        "id": "SPN-concavo-D32",
        "tipo": "nicho",
        "zonaId": "SPN",
        "cara": "concavo",
        "fila": "D",
        "numero": 32,
        "codigo": "D32",
        "estatus_venta": "disponible",
        "estatus_ocupacion": "",
        "referencia_procap": "",
        "observaciones": "",
        "geometryType": "niches",
        "gridRow": 3,
        "gridColumn": 31
      },
      "geometry": {
        "type": "Polygon",
        "coordinates": [
          [
            [
              1254.5,
              149.252931
            ],
            [
              1286.5,
              149.252931
            ],
            [
              1286.5,
              117.252931
            ],
            [
              1254.5,
              117.252931
            ],
            [
              1254.5,
              149.252931
            ]
          ]
        ]
      }
    },
    {
      "type": "Feature",
      "properties": {
        "id": "SPN-concavo-D33",
        "tipo": "nicho",
        "zonaId": "SPN",
        "cara": "concavo",
        "fila": "D",
        "numero": 33,
        "codigo": "D33",
        "estatus_venta": "disponible",
        "estatus_ocupacion": "",
        "referencia_procap": "",
        "observaciones": "",
        "geometryType": "niches",
        "gridRow": 3,
        "gridColumn": 32
      },
      "geometry": {
        "type": "Polygon",
        "coordinates": [
          [
            [
              1293.75,
              149.252931
            ],
            [
              1325.75,
              149.252931
            ],
            [
              1325.75,
              117.252931
            ],
            [
              1293.75,
              117.252931
            ],
            [
              1293.75,
              149.252931
            ]
          ]
        ]
      }
    },
    {
      "type": "Feature",
      "properties": {
        "id": "SPN-concavo-D34",
        "tipo": "nicho",
        "zonaId": "SPN",
        "cara": "concavo",
        "fila": "D",
        "numero": 34,
        "codigo": "D34",
        "estatus_venta": "disponible",
        "estatus_ocupacion": "",
        "referencia_procap": "",
        "observaciones": "",
        "geometryType": "niches",
        "gridRow": 3,
        "gridColumn": 33
      },
      "geometry": {
        "type": "Polygon",
        "coordinates": [
          [
            [
              1333,
              149.252931
            ],
            [
              1365,
              149.252931
            ],
            [
              1365,
              117.252931
            ],
            [
              1333,
              117.252931
            ],
            [
              1333,
              149.252931
            ]
          ]
        ]
      }
    },
    {
      "type": "Feature",
      "properties": {
        "id": "SPN-concavo-D35",
        "tipo": "nicho",
        "zonaId": "SPN",
        "cara": "concavo",
        "fila": "D",
        "numero": 35,
        "codigo": "D35",
        "estatus_venta": "disponible",
        "estatus_ocupacion": "",
        "referencia_procap": "",
        "observaciones": "",
        "geometryType": "niches",
        "gridRow": 3,
        "gridColumn": 34
      },
      "geometry": {
        "type": "Polygon",
        "coordinates": [
          [
            [
              1372.25,
              149.252931
            ],
            [
              1404.25,
              149.252931
            ],
            [
              1404.25,
              117.252931
            ],
            [
              1372.25,
              117.252931
            ],
            [
              1372.25,
              149.252931
            ]
          ]
        ]
      }
    },
    {
      "type": "Feature",
      "properties": {
        "id": "SPN-concavo-D36",
        "tipo": "nicho",
        "zonaId": "SPN",
        "cara": "concavo",
        "fila": "D",
        "numero": 36,
        "codigo": "D36",
        "estatus_venta": "disponible",
        "estatus_ocupacion": "",
        "referencia_procap": "",
        "observaciones": "",
        "geometryType": "niches",
        "gridRow": 3,
        "gridColumn": 35
      },
      "geometry": {
        "type": "Polygon",
        "coordinates": [
          [
            [
              1411.5,
              149.252931
            ],
            [
              1443.5,
              149.252931
            ],
            [
              1443.5,
              117.252931
            ],
            [
              1411.5,
              117.252931
            ],
            [
              1411.5,
              149.252931
            ]
          ]
        ]
      }
    },
    {
      "type": "Feature",
      "properties": {
        "id": "SPN-concavo-D37",
        "tipo": "nicho",
        "zonaId": "SPN",
        "cara": "concavo",
        "fila": "D",
        "numero": 37,
        "codigo": "D37",
        "estatus_venta": "disponible",
        "estatus_ocupacion": "",
        "referencia_procap": "",
        "observaciones": "",
        "geometryType": "niches",
        "gridRow": 3,
        "gridColumn": 36
      },
      "geometry": {
        "type": "Polygon",
        "coordinates": [
          [
            [
              1450.75,
              149.252931
            ],
            [
              1482.75,
              149.252931
            ],
            [
              1482.75,
              117.252931
            ],
            [
              1450.75,
              117.252931
            ],
            [
              1450.75,
              149.252931
            ]
          ]
        ]
      }
    },
    {
      "type": "Feature",
      "properties": {
        "id": "SPN-concavo-D38",
        "tipo": "nicho",
        "zonaId": "SPN",
        "cara": "concavo",
        "fila": "D",
        "numero": 38,
        "codigo": "D38",
        "estatus_venta": "disponible",
        "estatus_ocupacion": "",
        "referencia_procap": "",
        "observaciones": "",
        "geometryType": "niches",
        "gridRow": 3,
        "gridColumn": 37
      },
      "geometry": {
        "type": "Polygon",
        "coordinates": [
          [
            [
              1490,
              149.252931
            ],
            [
              1522,
              149.252931
            ],
            [
              1522,
              117.252931
            ],
            [
              1490,
              117.252931
            ],
            [
              1490,
              149.252931
            ]
          ]
        ]
      }
    },
    {
      "type": "Feature",
      "properties": {
        "id": "SPN-concavo-D39",
        "tipo": "nicho",
        "zonaId": "SPN",
        "cara": "concavo",
        "fila": "D",
        "numero": 39,
        "codigo": "D39",
        "estatus_venta": "disponible",
        "estatus_ocupacion": "",
        "referencia_procap": "",
        "observaciones": "",
        "geometryType": "niches",
        "gridRow": 3,
        "gridColumn": 38
      },
      "geometry": {
        "type": "Polygon",
        "coordinates": [
          [
            [
              1529.25,
              149.252931
            ],
            [
              1561.25,
              149.252931
            ],
            [
              1561.25,
              117.252931
            ],
            [
              1529.25,
              117.252931
            ],
            [
              1529.25,
              149.252931
            ]
          ]
        ]
      }
    },
    {
      "type": "Feature",
      "properties": {
        "id": "SPN-concavo-D40",
        "tipo": "nicho",
        "zonaId": "SPN",
        "cara": "concavo",
        "fila": "D",
        "numero": 40,
        "codigo": "D40",
        "estatus_venta": "disponible",
        "estatus_ocupacion": "",
        "referencia_procap": "",
        "observaciones": "",
        "geometryType": "niches",
        "gridRow": 3,
        "gridColumn": 39
      },
      "geometry": {
        "type": "Polygon",
        "coordinates": [
          [
            [
              1568.5,
              149.252931
            ],
            [
              1600.5,
              149.252931
            ],
            [
              1600.5,
              117.252931
            ],
            [
              1568.5,
              117.252931
            ],
            [
              1568.5,
              149.252931
            ]
          ]
        ]
      }
    },
    {
      "type": "Feature",
      "properties": {
        "id": "SPN-concavo-D41",
        "tipo": "nicho",
        "zonaId": "SPN",
        "cara": "concavo",
        "fila": "D",
        "numero": 41,
        "codigo": "D41",
        "estatus_venta": "disponible",
        "estatus_ocupacion": "",
        "referencia_procap": "",
        "observaciones": "",
        "geometryType": "niches",
        "gridRow": 3,
        "gridColumn": 40
      },
      "geometry": {
        "type": "Polygon",
        "coordinates": [
          [
            [
              1607.75,
              149.252931
            ],
            [
              1639.75,
              149.252931
            ],
            [
              1639.75,
              117.252931
            ],
            [
              1607.75,
              117.252931
            ],
            [
              1607.75,
              149.252931
            ]
          ]
        ]
      }
    },
    {
      "type": "Feature",
      "properties": {
        "id": "SPN-concavo-D42",
        "tipo": "nicho",
        "zonaId": "SPN",
        "cara": "concavo",
        "fila": "D",
        "numero": 42,
        "codigo": "D42",
        "estatus_venta": "disponible",
        "estatus_ocupacion": "",
        "referencia_procap": "",
        "observaciones": "",
        "geometryType": "niches",
        "gridRow": 3,
        "gridColumn": 41
      },
      "geometry": {
        "type": "Polygon",
        "coordinates": [
          [
            [
              1647,
              149.252931
            ],
            [
              1679,
              149.252931
            ],
            [
              1679,
              117.252931
            ],
            [
              1647,
              117.252931
            ],
            [
              1647,
              149.252931
            ]
          ]
        ]
      }
    },
    {
      "type": "Feature",
      "properties": {
        "id": "SPN-concavo-D43",
        "tipo": "nicho",
        "zonaId": "SPN",
        "cara": "concavo",
        "fila": "D",
        "numero": 43,
        "codigo": "D43",
        "estatus_venta": "disponible",
        "estatus_ocupacion": "",
        "referencia_procap": "",
        "observaciones": "",
        "geometryType": "niches",
        "gridRow": 3,
        "gridColumn": 42
      },
      "geometry": {
        "type": "Polygon",
        "coordinates": [
          [
            [
              1686.25,
              149.252931
            ],
            [
              1718.25,
              149.252931
            ],
            [
              1718.25,
              117.252931
            ],
            [
              1686.25,
              117.252931
            ],
            [
              1686.25,
              149.252931
            ]
          ]
        ]
      }
    },
    {
      "type": "Feature",
      "properties": {
        "id": "SPN-concavo-D44",
        "tipo": "nicho",
        "zonaId": "SPN",
        "cara": "concavo",
        "fila": "D",
        "numero": 44,
        "codigo": "D44",
        "estatus_venta": "disponible",
        "estatus_ocupacion": "",
        "referencia_procap": "",
        "observaciones": "",
        "geometryType": "niches",
        "gridRow": 3,
        "gridColumn": 43
      },
      "geometry": {
        "type": "Polygon",
        "coordinates": [
          [
            [
              1725.5,
              149.252931
            ],
            [
              1757.5,
              149.252931
            ],
            [
              1757.5,
              117.252931
            ],
            [
              1725.5,
              117.252931
            ],
            [
              1725.5,
              149.252931
            ]
          ]
        ]
      }
    },
    {
      "type": "Feature",
      "properties": {
        "id": "SPN-concavo-D45",
        "tipo": "nicho",
        "zonaId": "SPN",
        "cara": "concavo",
        "fila": "D",
        "numero": 45,
        "codigo": "D45",
        "estatus_venta": "disponible",
        "estatus_ocupacion": "",
        "referencia_procap": "",
        "observaciones": "",
        "geometryType": "niches",
        "gridRow": 3,
        "gridColumn": 44
      },
      "geometry": {
        "type": "Polygon",
        "coordinates": [
          [
            [
              1764.75,
              149.252931
            ],
            [
              1796.75,
              149.252931
            ],
            [
              1796.75,
              117.252931
            ],
            [
              1764.75,
              117.252931
            ],
            [
              1764.75,
              149.252931
            ]
          ]
        ]
      }
    },
    {
      "type": "Feature",
      "properties": {
        "id": "SPN-concavo-D46",
        "tipo": "nicho",
        "zonaId": "SPN",
        "cara": "concavo",
        "fila": "D",
        "numero": 46,
        "codigo": "D46",
        "estatus_venta": "disponible",
        "estatus_ocupacion": "",
        "referencia_procap": "",
        "observaciones": "",
        "geometryType": "niches",
        "gridRow": 3,
        "gridColumn": 45
      },
      "geometry": {
        "type": "Polygon",
        "coordinates": [
          [
            [
              1804,
              149.252931
            ],
            [
              1836,
              149.252931
            ],
            [
              1836,
              117.252931
            ],
            [
              1804,
              117.252931
            ],
            [
              1804,
              149.252931
            ]
          ]
        ]
      }
    },
    {
      "type": "Feature",
      "properties": {
        "id": "SPN-concavo-D47",
        "tipo": "nicho",
        "zonaId": "SPN",
        "cara": "concavo",
        "fila": "D",
        "numero": 47,
        "codigo": "D47",
        "estatus_venta": "disponible",
        "estatus_ocupacion": "",
        "referencia_procap": "",
        "observaciones": "",
        "geometryType": "niches",
        "gridRow": 3,
        "gridColumn": 46
      },
      "geometry": {
        "type": "Polygon",
        "coordinates": [
          [
            [
              1843.25,
              149.252931
            ],
            [
              1875.25,
              149.252931
            ],
            [
              1875.25,
              117.252931
            ],
            [
              1843.25,
              117.252931
            ],
            [
              1843.25,
              149.252931
            ]
          ]
        ]
      }
    },
    {
      "type": "Feature",
      "properties": {
        "id": "SPN-concavo-D48",
        "tipo": "nicho",
        "zonaId": "SPN",
        "cara": "concavo",
        "fila": "D",
        "numero": 48,
        "codigo": "D48",
        "estatus_venta": "disponible",
        "estatus_ocupacion": "",
        "referencia_procap": "",
        "observaciones": "",
        "geometryType": "niches",
        "gridRow": 3,
        "gridColumn": 47
      },
      "geometry": {
        "type": "Polygon",
        "coordinates": [
          [
            [
              1882.5,
              149.252931
            ],
            [
              1914.5,
              149.252931
            ],
            [
              1914.5,
              117.252931
            ],
            [
              1882.5,
              117.252931
            ],
            [
              1882.5,
              149.252931
            ]
          ]
        ]
      }
    },
    {
      "type": "Feature",
      "properties": {
        "id": "SPN-concavo-D49",
        "tipo": "nicho",
        "zonaId": "SPN",
        "cara": "concavo",
        "fila": "D",
        "numero": 49,
        "codigo": "D49",
        "estatus_venta": "disponible",
        "estatus_ocupacion": "",
        "referencia_procap": "",
        "observaciones": "",
        "geometryType": "niches",
        "gridRow": 3,
        "gridColumn": 48
      },
      "geometry": {
        "type": "Polygon",
        "coordinates": [
          [
            [
              1921.75,
              149.252931
            ],
            [
              1953.75,
              149.252931
            ],
            [
              1953.75,
              117.252931
            ],
            [
              1921.75,
              117.252931
            ],
            [
              1921.75,
              149.252931
            ]
          ]
        ]
      }
    },
    {
      "type": "Feature",
      "properties": {
        "id": "SPN-concavo-D50",
        "tipo": "nicho",
        "zonaId": "SPN",
        "cara": "concavo",
        "fila": "D",
        "numero": 50,
        "codigo": "D50",
        "estatus_venta": "disponible",
        "estatus_ocupacion": "",
        "referencia_procap": "",
        "observaciones": "",
        "geometryType": "niches",
        "gridRow": 3,
        "gridColumn": 49
      },
      "geometry": {
        "type": "Polygon",
        "coordinates": [
          [
            [
              1961,
              149.252931
            ],
            [
              1993,
              149.252931
            ],
            [
              1993,
              117.252931
            ],
            [
              1961,
              117.252931
            ],
            [
              1961,
              149.252931
            ]
          ]
        ]
      }
    },
    {
      "type": "Feature",
      "properties": {
        "id": "SPN-concavo-D51",
        "tipo": "nicho",
        "zonaId": "SPN",
        "cara": "concavo",
        "fila": "D",
        "numero": 51,
        "codigo": "D51",
        "estatus_venta": "disponible",
        "estatus_ocupacion": "",
        "referencia_procap": "",
        "observaciones": "",
        "geometryType": "niches",
        "gridRow": 3,
        "gridColumn": 50
      },
      "geometry": {
        "type": "Polygon",
        "coordinates": [
          [
            [
              2000.25,
              149.252931
            ],
            [
              2032.25,
              149.252931
            ],
            [
              2032.25,
              117.252931
            ],
            [
              2000.25,
              117.252931
            ],
            [
              2000.25,
              149.252931
            ]
          ]
        ]
      }
    },
    {
      "type": "Feature",
      "properties": {
        "id": "SPN-concavo-E1",
        "tipo": "nicho",
        "zonaId": "SPN",
        "cara": "concavo",
        "fila": "E",
        "numero": 1,
        "codigo": "E1",
        "estatus_venta": "disponible",
        "estatus_ocupacion": "",
        "referencia_procap": "",
        "observaciones": "",
        "geometryType": "niches",
        "gridRow": 4,
        "gridColumn": 0
      },
      "geometry": {
        "type": "Polygon",
        "coordinates": [
          [
            [
              37.75,
              111.752931
            ],
            [
              69.75,
              111.752931
            ],
            [
              69.75,
              79.752931
            ],
            [
              37.75,
              79.752931
            ],
            [
              37.75,
              111.752931
            ]
          ]
        ]
      }
    },
    {
      "type": "Feature",
      "properties": {
        "id": "SPN-concavo-E2",
        "tipo": "nicho",
        "zonaId": "SPN",
        "cara": "concavo",
        "fila": "E",
        "numero": 2,
        "codigo": "E2",
        "estatus_venta": "disponible",
        "estatus_ocupacion": "",
        "referencia_procap": "",
        "observaciones": "",
        "geometryType": "niches",
        "gridRow": 4,
        "gridColumn": 1
      },
      "geometry": {
        "type": "Polygon",
        "coordinates": [
          [
            [
              77,
              111.752931
            ],
            [
              109,
              111.752931
            ],
            [
              109,
              79.752931
            ],
            [
              77,
              79.752931
            ],
            [
              77,
              111.752931
            ]
          ]
        ]
      }
    },
    {
      "type": "Feature",
      "properties": {
        "id": "SPN-concavo-E3",
        "tipo": "nicho",
        "zonaId": "SPN",
        "cara": "concavo",
        "fila": "E",
        "numero": 3,
        "codigo": "E3",
        "estatus_venta": "disponible",
        "estatus_ocupacion": "",
        "referencia_procap": "",
        "observaciones": "",
        "geometryType": "niches",
        "gridRow": 4,
        "gridColumn": 2
      },
      "geometry": {
        "type": "Polygon",
        "coordinates": [
          [
            [
              116.25,
              111.752931
            ],
            [
              148.25,
              111.752931
            ],
            [
              148.25,
              79.752931
            ],
            [
              116.25,
              79.752931
            ],
            [
              116.25,
              111.752931
            ]
          ]
        ]
      }
    },
    {
      "type": "Feature",
      "properties": {
        "id": "SPN-concavo-E4",
        "tipo": "nicho",
        "zonaId": "SPN",
        "cara": "concavo",
        "fila": "E",
        "numero": 4,
        "codigo": "E4",
        "estatus_venta": "disponible",
        "estatus_ocupacion": "",
        "referencia_procap": "",
        "observaciones": "",
        "geometryType": "niches",
        "gridRow": 4,
        "gridColumn": 3
      },
      "geometry": {
        "type": "Polygon",
        "coordinates": [
          [
            [
              155.5,
              111.752931
            ],
            [
              187.5,
              111.752931
            ],
            [
              187.5,
              79.752931
            ],
            [
              155.5,
              79.752931
            ],
            [
              155.5,
              111.752931
            ]
          ]
        ]
      }
    },
    {
      "type": "Feature",
      "properties": {
        "id": "SPN-concavo-E5",
        "tipo": "nicho",
        "zonaId": "SPN",
        "cara": "concavo",
        "fila": "E",
        "numero": 5,
        "codigo": "E5",
        "estatus_venta": "disponible",
        "estatus_ocupacion": "",
        "referencia_procap": "",
        "observaciones": "",
        "geometryType": "niches",
        "gridRow": 4,
        "gridColumn": 4
      },
      "geometry": {
        "type": "Polygon",
        "coordinates": [
          [
            [
              194.75,
              111.752931
            ],
            [
              226.75,
              111.752931
            ],
            [
              226.75,
              79.752931
            ],
            [
              194.75,
              79.752931
            ],
            [
              194.75,
              111.752931
            ]
          ]
        ]
      }
    },
    {
      "type": "Feature",
      "properties": {
        "id": "SPN-concavo-E6",
        "tipo": "nicho",
        "zonaId": "SPN",
        "cara": "concavo",
        "fila": "E",
        "numero": 6,
        "codigo": "E6",
        "estatus_venta": "disponible",
        "estatus_ocupacion": "",
        "referencia_procap": "",
        "observaciones": "",
        "geometryType": "niches",
        "gridRow": 4,
        "gridColumn": 5
      },
      "geometry": {
        "type": "Polygon",
        "coordinates": [
          [
            [
              234,
              111.752931
            ],
            [
              266,
              111.752931
            ],
            [
              266,
              79.752931
            ],
            [
              234,
              79.752931
            ],
            [
              234,
              111.752931
            ]
          ]
        ]
      }
    },
    {
      "type": "Feature",
      "properties": {
        "id": "SPN-concavo-E7",
        "tipo": "nicho",
        "zonaId": "SPN",
        "cara": "concavo",
        "fila": "E",
        "numero": 7,
        "codigo": "E7",
        "estatus_venta": "disponible",
        "estatus_ocupacion": "",
        "referencia_procap": "",
        "observaciones": "",
        "geometryType": "niches",
        "gridRow": 4,
        "gridColumn": 6
      },
      "geometry": {
        "type": "Polygon",
        "coordinates": [
          [
            [
              273.25,
              111.752931
            ],
            [
              305.25,
              111.752931
            ],
            [
              305.25,
              79.752931
            ],
            [
              273.25,
              79.752931
            ],
            [
              273.25,
              111.752931
            ]
          ]
        ]
      }
    },
    {
      "type": "Feature",
      "properties": {
        "id": "SPN-concavo-E8",
        "tipo": "nicho",
        "zonaId": "SPN",
        "cara": "concavo",
        "fila": "E",
        "numero": 8,
        "codigo": "E8",
        "estatus_venta": "disponible",
        "estatus_ocupacion": "",
        "referencia_procap": "",
        "observaciones": "",
        "geometryType": "niches",
        "gridRow": 4,
        "gridColumn": 7
      },
      "geometry": {
        "type": "Polygon",
        "coordinates": [
          [
            [
              312.5,
              111.752931
            ],
            [
              344.5,
              111.752931
            ],
            [
              344.5,
              79.752931
            ],
            [
              312.5,
              79.752931
            ],
            [
              312.5,
              111.752931
            ]
          ]
        ]
      }
    },
    {
      "type": "Feature",
      "properties": {
        "id": "SPN-concavo-E9",
        "tipo": "nicho",
        "zonaId": "SPN",
        "cara": "concavo",
        "fila": "E",
        "numero": 9,
        "codigo": "E9",
        "estatus_venta": "disponible",
        "estatus_ocupacion": "",
        "referencia_procap": "",
        "observaciones": "",
        "geometryType": "niches",
        "gridRow": 4,
        "gridColumn": 8
      },
      "geometry": {
        "type": "Polygon",
        "coordinates": [
          [
            [
              351.75,
              111.752931
            ],
            [
              383.75,
              111.752931
            ],
            [
              383.75,
              79.752931
            ],
            [
              351.75,
              79.752931
            ],
            [
              351.75,
              111.752931
            ]
          ]
        ]
      }
    },
    {
      "type": "Feature",
      "properties": {
        "id": "SPN-concavo-E10",
        "tipo": "nicho",
        "zonaId": "SPN",
        "cara": "concavo",
        "fila": "E",
        "numero": 10,
        "codigo": "E10",
        "estatus_venta": "disponible",
        "estatus_ocupacion": "",
        "referencia_procap": "",
        "observaciones": "",
        "geometryType": "niches",
        "gridRow": 4,
        "gridColumn": 9
      },
      "geometry": {
        "type": "Polygon",
        "coordinates": [
          [
            [
              391,
              111.752931
            ],
            [
              423,
              111.752931
            ],
            [
              423,
              79.752931
            ],
            [
              391,
              79.752931
            ],
            [
              391,
              111.752931
            ]
          ]
        ]
      }
    },
    {
      "type": "Feature",
      "properties": {
        "id": "SPN-concavo-E11",
        "tipo": "nicho",
        "zonaId": "SPN",
        "cara": "concavo",
        "fila": "E",
        "numero": 11,
        "codigo": "E11",
        "estatus_venta": "disponible",
        "estatus_ocupacion": "",
        "referencia_procap": "",
        "observaciones": "",
        "geometryType": "niches",
        "gridRow": 4,
        "gridColumn": 10
      },
      "geometry": {
        "type": "Polygon",
        "coordinates": [
          [
            [
              430.25,
              111.752931
            ],
            [
              462.25,
              111.752931
            ],
            [
              462.25,
              79.752931
            ],
            [
              430.25,
              79.752931
            ],
            [
              430.25,
              111.752931
            ]
          ]
        ]
      }
    },
    {
      "type": "Feature",
      "properties": {
        "id": "SPN-concavo-E12",
        "tipo": "nicho",
        "zonaId": "SPN",
        "cara": "concavo",
        "fila": "E",
        "numero": 12,
        "codigo": "E12",
        "estatus_venta": "disponible",
        "estatus_ocupacion": "",
        "referencia_procap": "",
        "observaciones": "",
        "geometryType": "niches",
        "gridRow": 4,
        "gridColumn": 11
      },
      "geometry": {
        "type": "Polygon",
        "coordinates": [
          [
            [
              469.5,
              111.752931
            ],
            [
              501.5,
              111.752931
            ],
            [
              501.5,
              79.752931
            ],
            [
              469.5,
              79.752931
            ],
            [
              469.5,
              111.752931
            ]
          ]
        ]
      }
    },
    {
      "type": "Feature",
      "properties": {
        "id": "SPN-concavo-E13",
        "tipo": "nicho",
        "zonaId": "SPN",
        "cara": "concavo",
        "fila": "E",
        "numero": 13,
        "codigo": "E13",
        "estatus_venta": "disponible",
        "estatus_ocupacion": "",
        "referencia_procap": "",
        "observaciones": "",
        "geometryType": "niches",
        "gridRow": 4,
        "gridColumn": 12
      },
      "geometry": {
        "type": "Polygon",
        "coordinates": [
          [
            [
              508.75,
              111.752931
            ],
            [
              540.75,
              111.752931
            ],
            [
              540.75,
              79.752931
            ],
            [
              508.75,
              79.752931
            ],
            [
              508.75,
              111.752931
            ]
          ]
        ]
      }
    },
    {
      "type": "Feature",
      "properties": {
        "id": "SPN-concavo-E14",
        "tipo": "nicho",
        "zonaId": "SPN",
        "cara": "concavo",
        "fila": "E",
        "numero": 14,
        "codigo": "E14",
        "estatus_venta": "disponible",
        "estatus_ocupacion": "",
        "referencia_procap": "",
        "observaciones": "",
        "geometryType": "niches",
        "gridRow": 4,
        "gridColumn": 13
      },
      "geometry": {
        "type": "Polygon",
        "coordinates": [
          [
            [
              548,
              111.752931
            ],
            [
              580,
              111.752931
            ],
            [
              580,
              79.752931
            ],
            [
              548,
              79.752931
            ],
            [
              548,
              111.752931
            ]
          ]
        ]
      }
    },
    {
      "type": "Feature",
      "properties": {
        "id": "SPN-concavo-E15",
        "tipo": "nicho",
        "zonaId": "SPN",
        "cara": "concavo",
        "fila": "E",
        "numero": 15,
        "codigo": "E15",
        "estatus_venta": "disponible",
        "estatus_ocupacion": "",
        "referencia_procap": "",
        "observaciones": "",
        "geometryType": "niches",
        "gridRow": 4,
        "gridColumn": 14
      },
      "geometry": {
        "type": "Polygon",
        "coordinates": [
          [
            [
              587.25,
              111.752931
            ],
            [
              619.25,
              111.752931
            ],
            [
              619.25,
              79.752931
            ],
            [
              587.25,
              79.752931
            ],
            [
              587.25,
              111.752931
            ]
          ]
        ]
      }
    },
    {
      "type": "Feature",
      "properties": {
        "id": "SPN-concavo-E16",
        "tipo": "nicho",
        "zonaId": "SPN",
        "cara": "concavo",
        "fila": "E",
        "numero": 16,
        "codigo": "E16",
        "estatus_venta": "disponible",
        "estatus_ocupacion": "",
        "referencia_procap": "",
        "observaciones": "",
        "geometryType": "niches",
        "gridRow": 4,
        "gridColumn": 15
      },
      "geometry": {
        "type": "Polygon",
        "coordinates": [
          [
            [
              626.5,
              111.752931
            ],
            [
              658.5,
              111.752931
            ],
            [
              658.5,
              79.752931
            ],
            [
              626.5,
              79.752931
            ],
            [
              626.5,
              111.752931
            ]
          ]
        ]
      }
    },
    {
      "type": "Feature",
      "properties": {
        "id": "SPN-concavo-E17",
        "tipo": "nicho",
        "zonaId": "SPN",
        "cara": "concavo",
        "fila": "E",
        "numero": 17,
        "codigo": "E17",
        "estatus_venta": "disponible",
        "estatus_ocupacion": "",
        "referencia_procap": "",
        "observaciones": "",
        "geometryType": "niches",
        "gridRow": 4,
        "gridColumn": 16
      },
      "geometry": {
        "type": "Polygon",
        "coordinates": [
          [
            [
              665.75,
              111.752931
            ],
            [
              697.75,
              111.752931
            ],
            [
              697.75,
              79.752931
            ],
            [
              665.75,
              79.752931
            ],
            [
              665.75,
              111.752931
            ]
          ]
        ]
      }
    },
    {
      "type": "Feature",
      "properties": {
        "id": "SPN-concavo-E18",
        "tipo": "nicho",
        "zonaId": "SPN",
        "cara": "concavo",
        "fila": "E",
        "numero": 18,
        "codigo": "E18",
        "estatus_venta": "disponible",
        "estatus_ocupacion": "",
        "referencia_procap": "",
        "observaciones": "",
        "geometryType": "niches",
        "gridRow": 4,
        "gridColumn": 17
      },
      "geometry": {
        "type": "Polygon",
        "coordinates": [
          [
            [
              705,
              111.752931
            ],
            [
              737,
              111.752931
            ],
            [
              737,
              79.752931
            ],
            [
              705,
              79.752931
            ],
            [
              705,
              111.752931
            ]
          ]
        ]
      }
    },
    {
      "type": "Feature",
      "properties": {
        "id": "SPN-concavo-E19",
        "tipo": "nicho",
        "zonaId": "SPN",
        "cara": "concavo",
        "fila": "E",
        "numero": 19,
        "codigo": "E19",
        "estatus_venta": "disponible",
        "estatus_ocupacion": "",
        "referencia_procap": "",
        "observaciones": "",
        "geometryType": "niches",
        "gridRow": 4,
        "gridColumn": 18
      },
      "geometry": {
        "type": "Polygon",
        "coordinates": [
          [
            [
              744.25,
              111.752931
            ],
            [
              776.25,
              111.752931
            ],
            [
              776.25,
              79.752931
            ],
            [
              744.25,
              79.752931
            ],
            [
              744.25,
              111.752931
            ]
          ]
        ]
      }
    },
    {
      "type": "Feature",
      "properties": {
        "id": "SPN-concavo-E20",
        "tipo": "nicho",
        "zonaId": "SPN",
        "cara": "concavo",
        "fila": "E",
        "numero": 20,
        "codigo": "E20",
        "estatus_venta": "disponible",
        "estatus_ocupacion": "",
        "referencia_procap": "",
        "observaciones": "",
        "geometryType": "niches",
        "gridRow": 4,
        "gridColumn": 19
      },
      "geometry": {
        "type": "Polygon",
        "coordinates": [
          [
            [
              783.5,
              111.752931
            ],
            [
              815.5,
              111.752931
            ],
            [
              815.5,
              79.752931
            ],
            [
              783.5,
              79.752931
            ],
            [
              783.5,
              111.752931
            ]
          ]
        ]
      }
    },
    {
      "type": "Feature",
      "properties": {
        "id": "SPN-concavo-E21",
        "tipo": "nicho",
        "zonaId": "SPN",
        "cara": "concavo",
        "fila": "E",
        "numero": 21,
        "codigo": "E21",
        "estatus_venta": "disponible",
        "estatus_ocupacion": "",
        "referencia_procap": "",
        "observaciones": "",
        "geometryType": "niches",
        "gridRow": 4,
        "gridColumn": 20
      },
      "geometry": {
        "type": "Polygon",
        "coordinates": [
          [
            [
              822.75,
              111.752931
            ],
            [
              854.75,
              111.752931
            ],
            [
              854.75,
              79.752931
            ],
            [
              822.75,
              79.752931
            ],
            [
              822.75,
              111.752931
            ]
          ]
        ]
      }
    },
    {
      "type": "Feature",
      "properties": {
        "id": "SPN-concavo-E22",
        "tipo": "nicho",
        "zonaId": "SPN",
        "cara": "concavo",
        "fila": "E",
        "numero": 22,
        "codigo": "E22",
        "estatus_venta": "disponible",
        "estatus_ocupacion": "",
        "referencia_procap": "",
        "observaciones": "",
        "geometryType": "niches",
        "gridRow": 4,
        "gridColumn": 21
      },
      "geometry": {
        "type": "Polygon",
        "coordinates": [
          [
            [
              862,
              111.752931
            ],
            [
              894,
              111.752931
            ],
            [
              894,
              79.752931
            ],
            [
              862,
              79.752931
            ],
            [
              862,
              111.752931
            ]
          ]
        ]
      }
    },
    {
      "type": "Feature",
      "properties": {
        "id": "SPN-concavo-E23",
        "tipo": "nicho",
        "zonaId": "SPN",
        "cara": "concavo",
        "fila": "E",
        "numero": 23,
        "codigo": "E23",
        "estatus_venta": "disponible",
        "estatus_ocupacion": "",
        "referencia_procap": "",
        "observaciones": "",
        "geometryType": "niches",
        "gridRow": 4,
        "gridColumn": 22
      },
      "geometry": {
        "type": "Polygon",
        "coordinates": [
          [
            [
              901.25,
              111.752931
            ],
            [
              933.25,
              111.752931
            ],
            [
              933.25,
              79.752931
            ],
            [
              901.25,
              79.752931
            ],
            [
              901.25,
              111.752931
            ]
          ]
        ]
      }
    },
    {
      "type": "Feature",
      "properties": {
        "id": "SPN-concavo-E24",
        "tipo": "nicho",
        "zonaId": "SPN",
        "cara": "concavo",
        "fila": "E",
        "numero": 24,
        "codigo": "E24",
        "estatus_venta": "disponible",
        "estatus_ocupacion": "",
        "referencia_procap": "",
        "observaciones": "",
        "geometryType": "niches",
        "gridRow": 4,
        "gridColumn": 23
      },
      "geometry": {
        "type": "Polygon",
        "coordinates": [
          [
            [
              940.5,
              111.752931
            ],
            [
              972.5,
              111.752931
            ],
            [
              972.5,
              79.752931
            ],
            [
              940.5,
              79.752931
            ],
            [
              940.5,
              111.752931
            ]
          ]
        ]
      }
    },
    {
      "type": "Feature",
      "properties": {
        "id": "SPN-concavo-E25",
        "tipo": "nicho",
        "zonaId": "SPN",
        "cara": "concavo",
        "fila": "E",
        "numero": 25,
        "codigo": "E25",
        "estatus_venta": "disponible",
        "estatus_ocupacion": "",
        "referencia_procap": "",
        "observaciones": "",
        "geometryType": "niches",
        "gridRow": 4,
        "gridColumn": 24
      },
      "geometry": {
        "type": "Polygon",
        "coordinates": [
          [
            [
              979.75,
              111.752931
            ],
            [
              1011.75,
              111.752931
            ],
            [
              1011.75,
              79.752931
            ],
            [
              979.75,
              79.752931
            ],
            [
              979.75,
              111.752931
            ]
          ]
        ]
      }
    },
    {
      "type": "Feature",
      "properties": {
        "id": "SPN-concavo-E26",
        "tipo": "nicho",
        "zonaId": "SPN",
        "cara": "concavo",
        "fila": "E",
        "numero": 26,
        "codigo": "E26",
        "estatus_venta": "disponible",
        "estatus_ocupacion": "",
        "referencia_procap": "",
        "observaciones": "",
        "geometryType": "niches",
        "gridRow": 4,
        "gridColumn": 25
      },
      "geometry": {
        "type": "Polygon",
        "coordinates": [
          [
            [
              1019,
              111.752931
            ],
            [
              1051,
              111.752931
            ],
            [
              1051,
              79.752931
            ],
            [
              1019,
              79.752931
            ],
            [
              1019,
              111.752931
            ]
          ]
        ]
      }
    },
    {
      "type": "Feature",
      "properties": {
        "id": "SPN-concavo-E27",
        "tipo": "nicho",
        "zonaId": "SPN",
        "cara": "concavo",
        "fila": "E",
        "numero": 27,
        "codigo": "E27",
        "estatus_venta": "disponible",
        "estatus_ocupacion": "",
        "referencia_procap": "",
        "observaciones": "",
        "geometryType": "niches",
        "gridRow": 4,
        "gridColumn": 26
      },
      "geometry": {
        "type": "Polygon",
        "coordinates": [
          [
            [
              1058.25,
              111.752931
            ],
            [
              1090.25,
              111.752931
            ],
            [
              1090.25,
              79.752931
            ],
            [
              1058.25,
              79.752931
            ],
            [
              1058.25,
              111.752931
            ]
          ]
        ]
      }
    },
    {
      "type": "Feature",
      "properties": {
        "id": "SPN-concavo-E28",
        "tipo": "nicho",
        "zonaId": "SPN",
        "cara": "concavo",
        "fila": "E",
        "numero": 28,
        "codigo": "E28",
        "estatus_venta": "disponible",
        "estatus_ocupacion": "",
        "referencia_procap": "",
        "observaciones": "",
        "geometryType": "niches",
        "gridRow": 4,
        "gridColumn": 27
      },
      "geometry": {
        "type": "Polygon",
        "coordinates": [
          [
            [
              1097.5,
              111.752931
            ],
            [
              1129.5,
              111.752931
            ],
            [
              1129.5,
              79.752931
            ],
            [
              1097.5,
              79.752931
            ],
            [
              1097.5,
              111.752931
            ]
          ]
        ]
      }
    },
    {
      "type": "Feature",
      "properties": {
        "id": "SPN-concavo-E29",
        "tipo": "nicho",
        "zonaId": "SPN",
        "cara": "concavo",
        "fila": "E",
        "numero": 29,
        "codigo": "E29",
        "estatus_venta": "disponible",
        "estatus_ocupacion": "",
        "referencia_procap": "",
        "observaciones": "",
        "geometryType": "niches",
        "gridRow": 4,
        "gridColumn": 28
      },
      "geometry": {
        "type": "Polygon",
        "coordinates": [
          [
            [
              1136.75,
              111.752931
            ],
            [
              1168.75,
              111.752931
            ],
            [
              1168.75,
              79.752931
            ],
            [
              1136.75,
              79.752931
            ],
            [
              1136.75,
              111.752931
            ]
          ]
        ]
      }
    },
    {
      "type": "Feature",
      "properties": {
        "id": "SPN-concavo-E30",
        "tipo": "nicho",
        "zonaId": "SPN",
        "cara": "concavo",
        "fila": "E",
        "numero": 30,
        "codigo": "E30",
        "estatus_venta": "disponible",
        "estatus_ocupacion": "",
        "referencia_procap": "",
        "observaciones": "",
        "geometryType": "niches",
        "gridRow": 4,
        "gridColumn": 29
      },
      "geometry": {
        "type": "Polygon",
        "coordinates": [
          [
            [
              1176,
              111.752931
            ],
            [
              1208,
              111.752931
            ],
            [
              1208,
              79.752931
            ],
            [
              1176,
              79.752931
            ],
            [
              1176,
              111.752931
            ]
          ]
        ]
      }
    },
    {
      "type": "Feature",
      "properties": {
        "id": "SPN-concavo-E31",
        "tipo": "nicho",
        "zonaId": "SPN",
        "cara": "concavo",
        "fila": "E",
        "numero": 31,
        "codigo": "E31",
        "estatus_venta": "disponible",
        "estatus_ocupacion": "",
        "referencia_procap": "",
        "observaciones": "",
        "geometryType": "niches",
        "gridRow": 4,
        "gridColumn": 30
      },
      "geometry": {
        "type": "Polygon",
        "coordinates": [
          [
            [
              1215.25,
              111.752931
            ],
            [
              1247.25,
              111.752931
            ],
            [
              1247.25,
              79.752931
            ],
            [
              1215.25,
              79.752931
            ],
            [
              1215.25,
              111.752931
            ]
          ]
        ]
      }
    },
    {
      "type": "Feature",
      "properties": {
        "id": "SPN-concavo-E32",
        "tipo": "nicho",
        "zonaId": "SPN",
        "cara": "concavo",
        "fila": "E",
        "numero": 32,
        "codigo": "E32",
        "estatus_venta": "disponible",
        "estatus_ocupacion": "",
        "referencia_procap": "",
        "observaciones": "",
        "geometryType": "niches",
        "gridRow": 4,
        "gridColumn": 31
      },
      "geometry": {
        "type": "Polygon",
        "coordinates": [
          [
            [
              1254.5,
              111.752931
            ],
            [
              1286.5,
              111.752931
            ],
            [
              1286.5,
              79.752931
            ],
            [
              1254.5,
              79.752931
            ],
            [
              1254.5,
              111.752931
            ]
          ]
        ]
      }
    },
    {
      "type": "Feature",
      "properties": {
        "id": "SPN-concavo-E33",
        "tipo": "nicho",
        "zonaId": "SPN",
        "cara": "concavo",
        "fila": "E",
        "numero": 33,
        "codigo": "E33",
        "estatus_venta": "disponible",
        "estatus_ocupacion": "",
        "referencia_procap": "",
        "observaciones": "",
        "geometryType": "niches",
        "gridRow": 4,
        "gridColumn": 32
      },
      "geometry": {
        "type": "Polygon",
        "coordinates": [
          [
            [
              1293.75,
              111.752931
            ],
            [
              1325.75,
              111.752931
            ],
            [
              1325.75,
              79.752931
            ],
            [
              1293.75,
              79.752931
            ],
            [
              1293.75,
              111.752931
            ]
          ]
        ]
      }
    },
    {
      "type": "Feature",
      "properties": {
        "id": "SPN-concavo-E34",
        "tipo": "nicho",
        "zonaId": "SPN",
        "cara": "concavo",
        "fila": "E",
        "numero": 34,
        "codigo": "E34",
        "estatus_venta": "disponible",
        "estatus_ocupacion": "",
        "referencia_procap": "",
        "observaciones": "",
        "geometryType": "niches",
        "gridRow": 4,
        "gridColumn": 33
      },
      "geometry": {
        "type": "Polygon",
        "coordinates": [
          [
            [
              1333,
              111.752931
            ],
            [
              1365,
              111.752931
            ],
            [
              1365,
              79.752931
            ],
            [
              1333,
              79.752931
            ],
            [
              1333,
              111.752931
            ]
          ]
        ]
      }
    },
    {
      "type": "Feature",
      "properties": {
        "id": "SPN-concavo-E35",
        "tipo": "nicho",
        "zonaId": "SPN",
        "cara": "concavo",
        "fila": "E",
        "numero": 35,
        "codigo": "E35",
        "estatus_venta": "disponible",
        "estatus_ocupacion": "",
        "referencia_procap": "",
        "observaciones": "",
        "geometryType": "niches",
        "gridRow": 4,
        "gridColumn": 34
      },
      "geometry": {
        "type": "Polygon",
        "coordinates": [
          [
            [
              1372.25,
              111.752931
            ],
            [
              1404.25,
              111.752931
            ],
            [
              1404.25,
              79.752931
            ],
            [
              1372.25,
              79.752931
            ],
            [
              1372.25,
              111.752931
            ]
          ]
        ]
      }
    },
    {
      "type": "Feature",
      "properties": {
        "id": "SPN-concavo-E36",
        "tipo": "nicho",
        "zonaId": "SPN",
        "cara": "concavo",
        "fila": "E",
        "numero": 36,
        "codigo": "E36",
        "estatus_venta": "disponible",
        "estatus_ocupacion": "",
        "referencia_procap": "",
        "observaciones": "",
        "geometryType": "niches",
        "gridRow": 4,
        "gridColumn": 35
      },
      "geometry": {
        "type": "Polygon",
        "coordinates": [
          [
            [
              1411.5,
              111.752931
            ],
            [
              1443.5,
              111.752931
            ],
            [
              1443.5,
              79.752931
            ],
            [
              1411.5,
              79.752931
            ],
            [
              1411.5,
              111.752931
            ]
          ]
        ]
      }
    },
    {
      "type": "Feature",
      "properties": {
        "id": "SPN-concavo-E37",
        "tipo": "nicho",
        "zonaId": "SPN",
        "cara": "concavo",
        "fila": "E",
        "numero": 37,
        "codigo": "E37",
        "estatus_venta": "disponible",
        "estatus_ocupacion": "",
        "referencia_procap": "",
        "observaciones": "",
        "geometryType": "niches",
        "gridRow": 4,
        "gridColumn": 36
      },
      "geometry": {
        "type": "Polygon",
        "coordinates": [
          [
            [
              1450.75,
              111.752931
            ],
            [
              1482.75,
              111.752931
            ],
            [
              1482.75,
              79.752931
            ],
            [
              1450.75,
              79.752931
            ],
            [
              1450.75,
              111.752931
            ]
          ]
        ]
      }
    },
    {
      "type": "Feature",
      "properties": {
        "id": "SPN-concavo-E38",
        "tipo": "nicho",
        "zonaId": "SPN",
        "cara": "concavo",
        "fila": "E",
        "numero": 38,
        "codigo": "E38",
        "estatus_venta": "disponible",
        "estatus_ocupacion": "",
        "referencia_procap": "",
        "observaciones": "",
        "geometryType": "niches",
        "gridRow": 4,
        "gridColumn": 37
      },
      "geometry": {
        "type": "Polygon",
        "coordinates": [
          [
            [
              1490,
              111.752931
            ],
            [
              1522,
              111.752931
            ],
            [
              1522,
              79.752931
            ],
            [
              1490,
              79.752931
            ],
            [
              1490,
              111.752931
            ]
          ]
        ]
      }
    },
    {
      "type": "Feature",
      "properties": {
        "id": "SPN-concavo-E39",
        "tipo": "nicho",
        "zonaId": "SPN",
        "cara": "concavo",
        "fila": "E",
        "numero": 39,
        "codigo": "E39",
        "estatus_venta": "disponible",
        "estatus_ocupacion": "",
        "referencia_procap": "",
        "observaciones": "",
        "geometryType": "niches",
        "gridRow": 4,
        "gridColumn": 38
      },
      "geometry": {
        "type": "Polygon",
        "coordinates": [
          [
            [
              1529.25,
              111.752931
            ],
            [
              1561.25,
              111.752931
            ],
            [
              1561.25,
              79.752931
            ],
            [
              1529.25,
              79.752931
            ],
            [
              1529.25,
              111.752931
            ]
          ]
        ]
      }
    },
    {
      "type": "Feature",
      "properties": {
        "id": "SPN-concavo-E40",
        "tipo": "nicho",
        "zonaId": "SPN",
        "cara": "concavo",
        "fila": "E",
        "numero": 40,
        "codigo": "E40",
        "estatus_venta": "disponible",
        "estatus_ocupacion": "",
        "referencia_procap": "",
        "observaciones": "",
        "geometryType": "niches",
        "gridRow": 4,
        "gridColumn": 39
      },
      "geometry": {
        "type": "Polygon",
        "coordinates": [
          [
            [
              1568.5,
              111.752931
            ],
            [
              1600.5,
              111.752931
            ],
            [
              1600.5,
              79.752931
            ],
            [
              1568.5,
              79.752931
            ],
            [
              1568.5,
              111.752931
            ]
          ]
        ]
      }
    },
    {
      "type": "Feature",
      "properties": {
        "id": "SPN-concavo-E41",
        "tipo": "nicho",
        "zonaId": "SPN",
        "cara": "concavo",
        "fila": "E",
        "numero": 41,
        "codigo": "E41",
        "estatus_venta": "disponible",
        "estatus_ocupacion": "",
        "referencia_procap": "",
        "observaciones": "",
        "geometryType": "niches",
        "gridRow": 4,
        "gridColumn": 40
      },
      "geometry": {
        "type": "Polygon",
        "coordinates": [
          [
            [
              1607.75,
              111.752931
            ],
            [
              1639.75,
              111.752931
            ],
            [
              1639.75,
              79.752931
            ],
            [
              1607.75,
              79.752931
            ],
            [
              1607.75,
              111.752931
            ]
          ]
        ]
      }
    },
    {
      "type": "Feature",
      "properties": {
        "id": "SPN-concavo-E42",
        "tipo": "nicho",
        "zonaId": "SPN",
        "cara": "concavo",
        "fila": "E",
        "numero": 42,
        "codigo": "E42",
        "estatus_venta": "disponible",
        "estatus_ocupacion": "",
        "referencia_procap": "",
        "observaciones": "",
        "geometryType": "niches",
        "gridRow": 4,
        "gridColumn": 41
      },
      "geometry": {
        "type": "Polygon",
        "coordinates": [
          [
            [
              1647,
              111.752931
            ],
            [
              1679,
              111.752931
            ],
            [
              1679,
              79.752931
            ],
            [
              1647,
              79.752931
            ],
            [
              1647,
              111.752931
            ]
          ]
        ]
      }
    },
    {
      "type": "Feature",
      "properties": {
        "id": "SPN-concavo-E43",
        "tipo": "nicho",
        "zonaId": "SPN",
        "cara": "concavo",
        "fila": "E",
        "numero": 43,
        "codigo": "E43",
        "estatus_venta": "disponible",
        "estatus_ocupacion": "",
        "referencia_procap": "",
        "observaciones": "",
        "geometryType": "niches",
        "gridRow": 4,
        "gridColumn": 42
      },
      "geometry": {
        "type": "Polygon",
        "coordinates": [
          [
            [
              1686.25,
              111.752931
            ],
            [
              1718.25,
              111.752931
            ],
            [
              1718.25,
              79.752931
            ],
            [
              1686.25,
              79.752931
            ],
            [
              1686.25,
              111.752931
            ]
          ]
        ]
      }
    },
    {
      "type": "Feature",
      "properties": {
        "id": "SPN-concavo-E44",
        "tipo": "nicho",
        "zonaId": "SPN",
        "cara": "concavo",
        "fila": "E",
        "numero": 44,
        "codigo": "E44",
        "estatus_venta": "disponible",
        "estatus_ocupacion": "",
        "referencia_procap": "",
        "observaciones": "",
        "geometryType": "niches",
        "gridRow": 4,
        "gridColumn": 43
      },
      "geometry": {
        "type": "Polygon",
        "coordinates": [
          [
            [
              1725.5,
              111.752931
            ],
            [
              1757.5,
              111.752931
            ],
            [
              1757.5,
              79.752931
            ],
            [
              1725.5,
              79.752931
            ],
            [
              1725.5,
              111.752931
            ]
          ]
        ]
      }
    },
    {
      "type": "Feature",
      "properties": {
        "id": "SPN-concavo-E45",
        "tipo": "nicho",
        "zonaId": "SPN",
        "cara": "concavo",
        "fila": "E",
        "numero": 45,
        "codigo": "E45",
        "estatus_venta": "disponible",
        "estatus_ocupacion": "",
        "referencia_procap": "",
        "observaciones": "",
        "geometryType": "niches",
        "gridRow": 4,
        "gridColumn": 44
      },
      "geometry": {
        "type": "Polygon",
        "coordinates": [
          [
            [
              1764.75,
              111.752931
            ],
            [
              1796.75,
              111.752931
            ],
            [
              1796.75,
              79.752931
            ],
            [
              1764.75,
              79.752931
            ],
            [
              1764.75,
              111.752931
            ]
          ]
        ]
      }
    },
    {
      "type": "Feature",
      "properties": {
        "id": "SPN-concavo-E46",
        "tipo": "nicho",
        "zonaId": "SPN",
        "cara": "concavo",
        "fila": "E",
        "numero": 46,
        "codigo": "E46",
        "estatus_venta": "disponible",
        "estatus_ocupacion": "",
        "referencia_procap": "",
        "observaciones": "",
        "geometryType": "niches",
        "gridRow": 4,
        "gridColumn": 45
      },
      "geometry": {
        "type": "Polygon",
        "coordinates": [
          [
            [
              1804,
              111.752931
            ],
            [
              1836,
              111.752931
            ],
            [
              1836,
              79.752931
            ],
            [
              1804,
              79.752931
            ],
            [
              1804,
              111.752931
            ]
          ]
        ]
      }
    },
    {
      "type": "Feature",
      "properties": {
        "id": "SPN-concavo-E47",
        "tipo": "nicho",
        "zonaId": "SPN",
        "cara": "concavo",
        "fila": "E",
        "numero": 47,
        "codigo": "E47",
        "estatus_venta": "disponible",
        "estatus_ocupacion": "",
        "referencia_procap": "",
        "observaciones": "",
        "geometryType": "niches",
        "gridRow": 4,
        "gridColumn": 46
      },
      "geometry": {
        "type": "Polygon",
        "coordinates": [
          [
            [
              1843.25,
              111.752931
            ],
            [
              1875.25,
              111.752931
            ],
            [
              1875.25,
              79.752931
            ],
            [
              1843.25,
              79.752931
            ],
            [
              1843.25,
              111.752931
            ]
          ]
        ]
      }
    },
    {
      "type": "Feature",
      "properties": {
        "id": "SPN-concavo-E48",
        "tipo": "nicho",
        "zonaId": "SPN",
        "cara": "concavo",
        "fila": "E",
        "numero": 48,
        "codigo": "E48",
        "estatus_venta": "disponible",
        "estatus_ocupacion": "",
        "referencia_procap": "",
        "observaciones": "",
        "geometryType": "niches",
        "gridRow": 4,
        "gridColumn": 47
      },
      "geometry": {
        "type": "Polygon",
        "coordinates": [
          [
            [
              1882.5,
              111.752931
            ],
            [
              1914.5,
              111.752931
            ],
            [
              1914.5,
              79.752931
            ],
            [
              1882.5,
              79.752931
            ],
            [
              1882.5,
              111.752931
            ]
          ]
        ]
      }
    },
    {
      "type": "Feature",
      "properties": {
        "id": "SPN-concavo-E49",
        "tipo": "nicho",
        "zonaId": "SPN",
        "cara": "concavo",
        "fila": "E",
        "numero": 49,
        "codigo": "E49",
        "estatus_venta": "disponible",
        "estatus_ocupacion": "",
        "referencia_procap": "",
        "observaciones": "",
        "geometryType": "niches",
        "gridRow": 4,
        "gridColumn": 48
      },
      "geometry": {
        "type": "Polygon",
        "coordinates": [
          [
            [
              1921.75,
              111.752931
            ],
            [
              1953.75,
              111.752931
            ],
            [
              1953.75,
              79.752931
            ],
            [
              1921.75,
              79.752931
            ],
            [
              1921.75,
              111.752931
            ]
          ]
        ]
      }
    },
    {
      "type": "Feature",
      "properties": {
        "id": "SPN-concavo-E50",
        "tipo": "nicho",
        "zonaId": "SPN",
        "cara": "concavo",
        "fila": "E",
        "numero": 50,
        "codigo": "E50",
        "estatus_venta": "disponible",
        "estatus_ocupacion": "",
        "referencia_procap": "",
        "observaciones": "",
        "geometryType": "niches",
        "gridRow": 4,
        "gridColumn": 49
      },
      "geometry": {
        "type": "Polygon",
        "coordinates": [
          [
            [
              1961,
              111.752931
            ],
            [
              1993,
              111.752931
            ],
            [
              1993,
              79.752931
            ],
            [
              1961,
              79.752931
            ],
            [
              1961,
              111.752931
            ]
          ]
        ]
      }
    },
    {
      "type": "Feature",
      "properties": {
        "id": "SPN-concavo-E51",
        "tipo": "nicho",
        "zonaId": "SPN",
        "cara": "concavo",
        "fila": "E",
        "numero": 51,
        "codigo": "E51",
        "estatus_venta": "disponible",
        "estatus_ocupacion": "",
        "referencia_procap": "",
        "observaciones": "",
        "geometryType": "niches",
        "gridRow": 4,
        "gridColumn": 50
      },
      "geometry": {
        "type": "Polygon",
        "coordinates": [
          [
            [
              2000.25,
              111.752931
            ],
            [
              2032.25,
              111.752931
            ],
            [
              2032.25,
              79.752931
            ],
            [
              2000.25,
              79.752931
            ],
            [
              2000.25,
              111.752931
            ]
          ]
        ]
      }
    },
    {
      "type": "Feature",
      "properties": {
        "id": "SPN-concavo-F1",
        "tipo": "nicho",
        "zonaId": "SPN",
        "cara": "concavo",
        "fila": "F",
        "numero": 1,
        "codigo": "F1",
        "estatus_venta": "disponible",
        "estatus_ocupacion": "",
        "referencia_procap": "",
        "observaciones": "",
        "geometryType": "niches",
        "gridRow": 5,
        "gridColumn": 0
      },
      "geometry": {
        "type": "Polygon",
        "coordinates": [
          [
            [
              37.75,
              74.252931
            ],
            [
              69.75,
              74.252931
            ],
            [
              69.75,
              42.252931
            ],
            [
              37.75,
              42.252931
            ],
            [
              37.75,
              74.252931
            ]
          ]
        ]
      }
    },
    {
      "type": "Feature",
      "properties": {
        "id": "SPN-concavo-F2",
        "tipo": "nicho",
        "zonaId": "SPN",
        "cara": "concavo",
        "fila": "F",
        "numero": 2,
        "codigo": "F2",
        "estatus_venta": "disponible",
        "estatus_ocupacion": "",
        "referencia_procap": "",
        "observaciones": "",
        "geometryType": "niches",
        "gridRow": 5,
        "gridColumn": 1
      },
      "geometry": {
        "type": "Polygon",
        "coordinates": [
          [
            [
              77,
              74.252931
            ],
            [
              109,
              74.252931
            ],
            [
              109,
              42.252931
            ],
            [
              77,
              42.252931
            ],
            [
              77,
              74.252931
            ]
          ]
        ]
      }
    },
    {
      "type": "Feature",
      "properties": {
        "id": "SPN-concavo-F3",
        "tipo": "nicho",
        "zonaId": "SPN",
        "cara": "concavo",
        "fila": "F",
        "numero": 3,
        "codigo": "F3",
        "estatus_venta": "disponible",
        "estatus_ocupacion": "",
        "referencia_procap": "",
        "observaciones": "",
        "geometryType": "niches",
        "gridRow": 5,
        "gridColumn": 2
      },
      "geometry": {
        "type": "Polygon",
        "coordinates": [
          [
            [
              116.25,
              74.252931
            ],
            [
              148.25,
              74.252931
            ],
            [
              148.25,
              42.252931
            ],
            [
              116.25,
              42.252931
            ],
            [
              116.25,
              74.252931
            ]
          ]
        ]
      }
    },
    {
      "type": "Feature",
      "properties": {
        "id": "SPN-concavo-F4",
        "tipo": "nicho",
        "zonaId": "SPN",
        "cara": "concavo",
        "fila": "F",
        "numero": 4,
        "codigo": "F4",
        "estatus_venta": "disponible",
        "estatus_ocupacion": "",
        "referencia_procap": "",
        "observaciones": "",
        "geometryType": "niches",
        "gridRow": 5,
        "gridColumn": 3
      },
      "geometry": {
        "type": "Polygon",
        "coordinates": [
          [
            [
              155.5,
              74.252931
            ],
            [
              187.5,
              74.252931
            ],
            [
              187.5,
              42.252931
            ],
            [
              155.5,
              42.252931
            ],
            [
              155.5,
              74.252931
            ]
          ]
        ]
      }
    },
    {
      "type": "Feature",
      "properties": {
        "id": "SPN-concavo-F5",
        "tipo": "nicho",
        "zonaId": "SPN",
        "cara": "concavo",
        "fila": "F",
        "numero": 5,
        "codigo": "F5",
        "estatus_venta": "disponible",
        "estatus_ocupacion": "",
        "referencia_procap": "",
        "observaciones": "",
        "geometryType": "niches",
        "gridRow": 5,
        "gridColumn": 4
      },
      "geometry": {
        "type": "Polygon",
        "coordinates": [
          [
            [
              194.75,
              74.252931
            ],
            [
              226.75,
              74.252931
            ],
            [
              226.75,
              42.252931
            ],
            [
              194.75,
              42.252931
            ],
            [
              194.75,
              74.252931
            ]
          ]
        ]
      }
    },
    {
      "type": "Feature",
      "properties": {
        "id": "SPN-concavo-F6",
        "tipo": "nicho",
        "zonaId": "SPN",
        "cara": "concavo",
        "fila": "F",
        "numero": 6,
        "codigo": "F6",
        "estatus_venta": "disponible",
        "estatus_ocupacion": "",
        "referencia_procap": "",
        "observaciones": "",
        "geometryType": "niches",
        "gridRow": 5,
        "gridColumn": 5
      },
      "geometry": {
        "type": "Polygon",
        "coordinates": [
          [
            [
              234,
              74.252931
            ],
            [
              266,
              74.252931
            ],
            [
              266,
              42.252931
            ],
            [
              234,
              42.252931
            ],
            [
              234,
              74.252931
            ]
          ]
        ]
      }
    },
    {
      "type": "Feature",
      "properties": {
        "id": "SPN-concavo-F7",
        "tipo": "nicho",
        "zonaId": "SPN",
        "cara": "concavo",
        "fila": "F",
        "numero": 7,
        "codigo": "F7",
        "estatus_venta": "disponible",
        "estatus_ocupacion": "",
        "referencia_procap": "",
        "observaciones": "",
        "geometryType": "niches",
        "gridRow": 5,
        "gridColumn": 6
      },
      "geometry": {
        "type": "Polygon",
        "coordinates": [
          [
            [
              273.25,
              74.252931
            ],
            [
              305.25,
              74.252931
            ],
            [
              305.25,
              42.252931
            ],
            [
              273.25,
              42.252931
            ],
            [
              273.25,
              74.252931
            ]
          ]
        ]
      }
    },
    {
      "type": "Feature",
      "properties": {
        "id": "SPN-concavo-F8",
        "tipo": "nicho",
        "zonaId": "SPN",
        "cara": "concavo",
        "fila": "F",
        "numero": 8,
        "codigo": "F8",
        "estatus_venta": "disponible",
        "estatus_ocupacion": "",
        "referencia_procap": "",
        "observaciones": "",
        "geometryType": "niches",
        "gridRow": 5,
        "gridColumn": 7
      },
      "geometry": {
        "type": "Polygon",
        "coordinates": [
          [
            [
              312.5,
              74.252931
            ],
            [
              344.5,
              74.252931
            ],
            [
              344.5,
              42.252931
            ],
            [
              312.5,
              42.252931
            ],
            [
              312.5,
              74.252931
            ]
          ]
        ]
      }
    },
    {
      "type": "Feature",
      "properties": {
        "id": "SPN-concavo-F9",
        "tipo": "nicho",
        "zonaId": "SPN",
        "cara": "concavo",
        "fila": "F",
        "numero": 9,
        "codigo": "F9",
        "estatus_venta": "disponible",
        "estatus_ocupacion": "",
        "referencia_procap": "",
        "observaciones": "",
        "geometryType": "niches",
        "gridRow": 5,
        "gridColumn": 8
      },
      "geometry": {
        "type": "Polygon",
        "coordinates": [
          [
            [
              351.75,
              74.252931
            ],
            [
              383.75,
              74.252931
            ],
            [
              383.75,
              42.252931
            ],
            [
              351.75,
              42.252931
            ],
            [
              351.75,
              74.252931
            ]
          ]
        ]
      }
    },
    {
      "type": "Feature",
      "properties": {
        "id": "SPN-concavo-F10",
        "tipo": "nicho",
        "zonaId": "SPN",
        "cara": "concavo",
        "fila": "F",
        "numero": 10,
        "codigo": "F10",
        "estatus_venta": "disponible",
        "estatus_ocupacion": "",
        "referencia_procap": "",
        "observaciones": "",
        "geometryType": "niches",
        "gridRow": 5,
        "gridColumn": 9
      },
      "geometry": {
        "type": "Polygon",
        "coordinates": [
          [
            [
              391,
              74.252931
            ],
            [
              423,
              74.252931
            ],
            [
              423,
              42.252931
            ],
            [
              391,
              42.252931
            ],
            [
              391,
              74.252931
            ]
          ]
        ]
      }
    },
    {
      "type": "Feature",
      "properties": {
        "id": "SPN-concavo-F11",
        "tipo": "nicho",
        "zonaId": "SPN",
        "cara": "concavo",
        "fila": "F",
        "numero": 11,
        "codigo": "F11",
        "estatus_venta": "disponible",
        "estatus_ocupacion": "",
        "referencia_procap": "",
        "observaciones": "",
        "geometryType": "niches",
        "gridRow": 5,
        "gridColumn": 10
      },
      "geometry": {
        "type": "Polygon",
        "coordinates": [
          [
            [
              430.25,
              74.252931
            ],
            [
              462.25,
              74.252931
            ],
            [
              462.25,
              42.252931
            ],
            [
              430.25,
              42.252931
            ],
            [
              430.25,
              74.252931
            ]
          ]
        ]
      }
    },
    {
      "type": "Feature",
      "properties": {
        "id": "SPN-concavo-F12",
        "tipo": "nicho",
        "zonaId": "SPN",
        "cara": "concavo",
        "fila": "F",
        "numero": 12,
        "codigo": "F12",
        "estatus_venta": "disponible",
        "estatus_ocupacion": "",
        "referencia_procap": "",
        "observaciones": "",
        "geometryType": "niches",
        "gridRow": 5,
        "gridColumn": 11
      },
      "geometry": {
        "type": "Polygon",
        "coordinates": [
          [
            [
              469.5,
              74.252931
            ],
            [
              501.5,
              74.252931
            ],
            [
              501.5,
              42.252931
            ],
            [
              469.5,
              42.252931
            ],
            [
              469.5,
              74.252931
            ]
          ]
        ]
      }
    },
    {
      "type": "Feature",
      "properties": {
        "id": "SPN-concavo-F13",
        "tipo": "nicho",
        "zonaId": "SPN",
        "cara": "concavo",
        "fila": "F",
        "numero": 13,
        "codigo": "F13",
        "estatus_venta": "disponible",
        "estatus_ocupacion": "",
        "referencia_procap": "",
        "observaciones": "",
        "geometryType": "niches",
        "gridRow": 5,
        "gridColumn": 12
      },
      "geometry": {
        "type": "Polygon",
        "coordinates": [
          [
            [
              508.75,
              74.252931
            ],
            [
              540.75,
              74.252931
            ],
            [
              540.75,
              42.252931
            ],
            [
              508.75,
              42.252931
            ],
            [
              508.75,
              74.252931
            ]
          ]
        ]
      }
    },
    {
      "type": "Feature",
      "properties": {
        "id": "SPN-concavo-F14",
        "tipo": "nicho",
        "zonaId": "SPN",
        "cara": "concavo",
        "fila": "F",
        "numero": 14,
        "codigo": "F14",
        "estatus_venta": "disponible",
        "estatus_ocupacion": "",
        "referencia_procap": "",
        "observaciones": "",
        "geometryType": "niches",
        "gridRow": 5,
        "gridColumn": 13
      },
      "geometry": {
        "type": "Polygon",
        "coordinates": [
          [
            [
              548,
              74.252931
            ],
            [
              580,
              74.252931
            ],
            [
              580,
              42.252931
            ],
            [
              548,
              42.252931
            ],
            [
              548,
              74.252931
            ]
          ]
        ]
      }
    },
    {
      "type": "Feature",
      "properties": {
        "id": "SPN-concavo-F15",
        "tipo": "nicho",
        "zonaId": "SPN",
        "cara": "concavo",
        "fila": "F",
        "numero": 15,
        "codigo": "F15",
        "estatus_venta": "disponible",
        "estatus_ocupacion": "",
        "referencia_procap": "",
        "observaciones": "",
        "geometryType": "niches",
        "gridRow": 5,
        "gridColumn": 14
      },
      "geometry": {
        "type": "Polygon",
        "coordinates": [
          [
            [
              587.25,
              74.252931
            ],
            [
              619.25,
              74.252931
            ],
            [
              619.25,
              42.252931
            ],
            [
              587.25,
              42.252931
            ],
            [
              587.25,
              74.252931
            ]
          ]
        ]
      }
    },
    {
      "type": "Feature",
      "properties": {
        "id": "SPN-concavo-F16",
        "tipo": "nicho",
        "zonaId": "SPN",
        "cara": "concavo",
        "fila": "F",
        "numero": 16,
        "codigo": "F16",
        "estatus_venta": "disponible",
        "estatus_ocupacion": "",
        "referencia_procap": "",
        "observaciones": "",
        "geometryType": "niches",
        "gridRow": 5,
        "gridColumn": 15
      },
      "geometry": {
        "type": "Polygon",
        "coordinates": [
          [
            [
              626.5,
              74.252931
            ],
            [
              658.5,
              74.252931
            ],
            [
              658.5,
              42.252931
            ],
            [
              626.5,
              42.252931
            ],
            [
              626.5,
              74.252931
            ]
          ]
        ]
      }
    },
    {
      "type": "Feature",
      "properties": {
        "id": "SPN-concavo-F17",
        "tipo": "nicho",
        "zonaId": "SPN",
        "cara": "concavo",
        "fila": "F",
        "numero": 17,
        "codigo": "F17",
        "estatus_venta": "disponible",
        "estatus_ocupacion": "",
        "referencia_procap": "",
        "observaciones": "",
        "geometryType": "niches",
        "gridRow": 5,
        "gridColumn": 16
      },
      "geometry": {
        "type": "Polygon",
        "coordinates": [
          [
            [
              665.75,
              74.252931
            ],
            [
              697.75,
              74.252931
            ],
            [
              697.75,
              42.252931
            ],
            [
              665.75,
              42.252931
            ],
            [
              665.75,
              74.252931
            ]
          ]
        ]
      }
    },
    {
      "type": "Feature",
      "properties": {
        "id": "SPN-concavo-F18",
        "tipo": "nicho",
        "zonaId": "SPN",
        "cara": "concavo",
        "fila": "F",
        "numero": 18,
        "codigo": "F18",
        "estatus_venta": "disponible",
        "estatus_ocupacion": "",
        "referencia_procap": "",
        "observaciones": "",
        "geometryType": "niches",
        "gridRow": 5,
        "gridColumn": 17
      },
      "geometry": {
        "type": "Polygon",
        "coordinates": [
          [
            [
              705,
              74.252931
            ],
            [
              737,
              74.252931
            ],
            [
              737,
              42.252931
            ],
            [
              705,
              42.252931
            ],
            [
              705,
              74.252931
            ]
          ]
        ]
      }
    },
    {
      "type": "Feature",
      "properties": {
        "id": "SPN-concavo-F19",
        "tipo": "nicho",
        "zonaId": "SPN",
        "cara": "concavo",
        "fila": "F",
        "numero": 19,
        "codigo": "F19",
        "estatus_venta": "disponible",
        "estatus_ocupacion": "",
        "referencia_procap": "",
        "observaciones": "",
        "geometryType": "niches",
        "gridRow": 5,
        "gridColumn": 18
      },
      "geometry": {
        "type": "Polygon",
        "coordinates": [
          [
            [
              744.25,
              74.252931
            ],
            [
              776.25,
              74.252931
            ],
            [
              776.25,
              42.252931
            ],
            [
              744.25,
              42.252931
            ],
            [
              744.25,
              74.252931
            ]
          ]
        ]
      }
    },
    {
      "type": "Feature",
      "properties": {
        "id": "SPN-concavo-F20",
        "tipo": "nicho",
        "zonaId": "SPN",
        "cara": "concavo",
        "fila": "F",
        "numero": 20,
        "codigo": "F20",
        "estatus_venta": "disponible",
        "estatus_ocupacion": "",
        "referencia_procap": "",
        "observaciones": "",
        "geometryType": "niches",
        "gridRow": 5,
        "gridColumn": 19
      },
      "geometry": {
        "type": "Polygon",
        "coordinates": [
          [
            [
              783.5,
              74.252931
            ],
            [
              815.5,
              74.252931
            ],
            [
              815.5,
              42.252931
            ],
            [
              783.5,
              42.252931
            ],
            [
              783.5,
              74.252931
            ]
          ]
        ]
      }
    },
    {
      "type": "Feature",
      "properties": {
        "id": "SPN-concavo-F21",
        "tipo": "nicho",
        "zonaId": "SPN",
        "cara": "concavo",
        "fila": "F",
        "numero": 21,
        "codigo": "F21",
        "estatus_venta": "disponible",
        "estatus_ocupacion": "",
        "referencia_procap": "",
        "observaciones": "",
        "geometryType": "niches",
        "gridRow": 5,
        "gridColumn": 20
      },
      "geometry": {
        "type": "Polygon",
        "coordinates": [
          [
            [
              822.75,
              74.252931
            ],
            [
              854.75,
              74.252931
            ],
            [
              854.75,
              42.252931
            ],
            [
              822.75,
              42.252931
            ],
            [
              822.75,
              74.252931
            ]
          ]
        ]
      }
    },
    {
      "type": "Feature",
      "properties": {
        "id": "SPN-concavo-F22",
        "tipo": "nicho",
        "zonaId": "SPN",
        "cara": "concavo",
        "fila": "F",
        "numero": 22,
        "codigo": "F22",
        "estatus_venta": "disponible",
        "estatus_ocupacion": "",
        "referencia_procap": "",
        "observaciones": "",
        "geometryType": "niches",
        "gridRow": 5,
        "gridColumn": 21
      },
      "geometry": {
        "type": "Polygon",
        "coordinates": [
          [
            [
              862,
              74.252931
            ],
            [
              894,
              74.252931
            ],
            [
              894,
              42.252931
            ],
            [
              862,
              42.252931
            ],
            [
              862,
              74.252931
            ]
          ]
        ]
      }
    },
    {
      "type": "Feature",
      "properties": {
        "id": "SPN-concavo-F23",
        "tipo": "nicho",
        "zonaId": "SPN",
        "cara": "concavo",
        "fila": "F",
        "numero": 23,
        "codigo": "F23",
        "estatus_venta": "disponible",
        "estatus_ocupacion": "",
        "referencia_procap": "",
        "observaciones": "",
        "geometryType": "niches",
        "gridRow": 5,
        "gridColumn": 22
      },
      "geometry": {
        "type": "Polygon",
        "coordinates": [
          [
            [
              901.25,
              74.252931
            ],
            [
              933.25,
              74.252931
            ],
            [
              933.25,
              42.252931
            ],
            [
              901.25,
              42.252931
            ],
            [
              901.25,
              74.252931
            ]
          ]
        ]
      }
    },
    {
      "type": "Feature",
      "properties": {
        "id": "SPN-concavo-F24",
        "tipo": "nicho",
        "zonaId": "SPN",
        "cara": "concavo",
        "fila": "F",
        "numero": 24,
        "codigo": "F24",
        "estatus_venta": "disponible",
        "estatus_ocupacion": "",
        "referencia_procap": "",
        "observaciones": "",
        "geometryType": "niches",
        "gridRow": 5,
        "gridColumn": 23
      },
      "geometry": {
        "type": "Polygon",
        "coordinates": [
          [
            [
              940.5,
              74.252931
            ],
            [
              972.5,
              74.252931
            ],
            [
              972.5,
              42.252931
            ],
            [
              940.5,
              42.252931
            ],
            [
              940.5,
              74.252931
            ]
          ]
        ]
      }
    },
    {
      "type": "Feature",
      "properties": {
        "id": "SPN-concavo-F25",
        "tipo": "nicho",
        "zonaId": "SPN",
        "cara": "concavo",
        "fila": "F",
        "numero": 25,
        "codigo": "F25",
        "estatus_venta": "disponible",
        "estatus_ocupacion": "",
        "referencia_procap": "",
        "observaciones": "",
        "geometryType": "niches",
        "gridRow": 5,
        "gridColumn": 24
      },
      "geometry": {
        "type": "Polygon",
        "coordinates": [
          [
            [
              979.75,
              74.252931
            ],
            [
              1011.75,
              74.252931
            ],
            [
              1011.75,
              42.252931
            ],
            [
              979.75,
              42.252931
            ],
            [
              979.75,
              74.252931
            ]
          ]
        ]
      }
    },
    {
      "type": "Feature",
      "properties": {
        "id": "SPN-concavo-F26",
        "tipo": "nicho",
        "zonaId": "SPN",
        "cara": "concavo",
        "fila": "F",
        "numero": 26,
        "codigo": "F26",
        "estatus_venta": "disponible",
        "estatus_ocupacion": "",
        "referencia_procap": "",
        "observaciones": "",
        "geometryType": "niches",
        "gridRow": 5,
        "gridColumn": 25
      },
      "geometry": {
        "type": "Polygon",
        "coordinates": [
          [
            [
              1019,
              74.252931
            ],
            [
              1051,
              74.252931
            ],
            [
              1051,
              42.252931
            ],
            [
              1019,
              42.252931
            ],
            [
              1019,
              74.252931
            ]
          ]
        ]
      }
    },
    {
      "type": "Feature",
      "properties": {
        "id": "SPN-concavo-F27",
        "tipo": "nicho",
        "zonaId": "SPN",
        "cara": "concavo",
        "fila": "F",
        "numero": 27,
        "codigo": "F27",
        "estatus_venta": "disponible",
        "estatus_ocupacion": "",
        "referencia_procap": "",
        "observaciones": "",
        "geometryType": "niches",
        "gridRow": 5,
        "gridColumn": 26
      },
      "geometry": {
        "type": "Polygon",
        "coordinates": [
          [
            [
              1058.25,
              74.252931
            ],
            [
              1090.25,
              74.252931
            ],
            [
              1090.25,
              42.252931
            ],
            [
              1058.25,
              42.252931
            ],
            [
              1058.25,
              74.252931
            ]
          ]
        ]
      }
    },
    {
      "type": "Feature",
      "properties": {
        "id": "SPN-concavo-F28",
        "tipo": "nicho",
        "zonaId": "SPN",
        "cara": "concavo",
        "fila": "F",
        "numero": 28,
        "codigo": "F28",
        "estatus_venta": "disponible",
        "estatus_ocupacion": "",
        "referencia_procap": "",
        "observaciones": "",
        "geometryType": "niches",
        "gridRow": 5,
        "gridColumn": 27
      },
      "geometry": {
        "type": "Polygon",
        "coordinates": [
          [
            [
              1097.5,
              74.252931
            ],
            [
              1129.5,
              74.252931
            ],
            [
              1129.5,
              42.252931
            ],
            [
              1097.5,
              42.252931
            ],
            [
              1097.5,
              74.252931
            ]
          ]
        ]
      }
    },
    {
      "type": "Feature",
      "properties": {
        "id": "SPN-concavo-F29",
        "tipo": "nicho",
        "zonaId": "SPN",
        "cara": "concavo",
        "fila": "F",
        "numero": 29,
        "codigo": "F29",
        "estatus_venta": "disponible",
        "estatus_ocupacion": "",
        "referencia_procap": "",
        "observaciones": "",
        "geometryType": "niches",
        "gridRow": 5,
        "gridColumn": 28
      },
      "geometry": {
        "type": "Polygon",
        "coordinates": [
          [
            [
              1136.75,
              74.252931
            ],
            [
              1168.75,
              74.252931
            ],
            [
              1168.75,
              42.252931
            ],
            [
              1136.75,
              42.252931
            ],
            [
              1136.75,
              74.252931
            ]
          ]
        ]
      }
    },
    {
      "type": "Feature",
      "properties": {
        "id": "SPN-concavo-F30",
        "tipo": "nicho",
        "zonaId": "SPN",
        "cara": "concavo",
        "fila": "F",
        "numero": 30,
        "codigo": "F30",
        "estatus_venta": "disponible",
        "estatus_ocupacion": "",
        "referencia_procap": "",
        "observaciones": "",
        "geometryType": "niches",
        "gridRow": 5,
        "gridColumn": 29
      },
      "geometry": {
        "type": "Polygon",
        "coordinates": [
          [
            [
              1176,
              74.252931
            ],
            [
              1208,
              74.252931
            ],
            [
              1208,
              42.252931
            ],
            [
              1176,
              42.252931
            ],
            [
              1176,
              74.252931
            ]
          ]
        ]
      }
    },
    {
      "type": "Feature",
      "properties": {
        "id": "SPN-concavo-F31",
        "tipo": "nicho",
        "zonaId": "SPN",
        "cara": "concavo",
        "fila": "F",
        "numero": 31,
        "codigo": "F31",
        "estatus_venta": "disponible",
        "estatus_ocupacion": "",
        "referencia_procap": "",
        "observaciones": "",
        "geometryType": "niches",
        "gridRow": 5,
        "gridColumn": 30
      },
      "geometry": {
        "type": "Polygon",
        "coordinates": [
          [
            [
              1215.25,
              74.252931
            ],
            [
              1247.25,
              74.252931
            ],
            [
              1247.25,
              42.252931
            ],
            [
              1215.25,
              42.252931
            ],
            [
              1215.25,
              74.252931
            ]
          ]
        ]
      }
    },
    {
      "type": "Feature",
      "properties": {
        "id": "SPN-concavo-F32",
        "tipo": "nicho",
        "zonaId": "SPN",
        "cara": "concavo",
        "fila": "F",
        "numero": 32,
        "codigo": "F32",
        "estatus_venta": "disponible",
        "estatus_ocupacion": "",
        "referencia_procap": "",
        "observaciones": "",
        "geometryType": "niches",
        "gridRow": 5,
        "gridColumn": 31
      },
      "geometry": {
        "type": "Polygon",
        "coordinates": [
          [
            [
              1254.5,
              74.252931
            ],
            [
              1286.5,
              74.252931
            ],
            [
              1286.5,
              42.252931
            ],
            [
              1254.5,
              42.252931
            ],
            [
              1254.5,
              74.252931
            ]
          ]
        ]
      }
    },
    {
      "type": "Feature",
      "properties": {
        "id": "SPN-concavo-F33",
        "tipo": "nicho",
        "zonaId": "SPN",
        "cara": "concavo",
        "fila": "F",
        "numero": 33,
        "codigo": "F33",
        "estatus_venta": "disponible",
        "estatus_ocupacion": "",
        "referencia_procap": "",
        "observaciones": "",
        "geometryType": "niches",
        "gridRow": 5,
        "gridColumn": 32
      },
      "geometry": {
        "type": "Polygon",
        "coordinates": [
          [
            [
              1293.75,
              74.252931
            ],
            [
              1325.75,
              74.252931
            ],
            [
              1325.75,
              42.252931
            ],
            [
              1293.75,
              42.252931
            ],
            [
              1293.75,
              74.252931
            ]
          ]
        ]
      }
    },
    {
      "type": "Feature",
      "properties": {
        "id": "SPN-concavo-F34",
        "tipo": "nicho",
        "zonaId": "SPN",
        "cara": "concavo",
        "fila": "F",
        "numero": 34,
        "codigo": "F34",
        "estatus_venta": "disponible",
        "estatus_ocupacion": "",
        "referencia_procap": "",
        "observaciones": "",
        "geometryType": "niches",
        "gridRow": 5,
        "gridColumn": 33
      },
      "geometry": {
        "type": "Polygon",
        "coordinates": [
          [
            [
              1333,
              74.252931
            ],
            [
              1365,
              74.252931
            ],
            [
              1365,
              42.252931
            ],
            [
              1333,
              42.252931
            ],
            [
              1333,
              74.252931
            ]
          ]
        ]
      }
    },
    {
      "type": "Feature",
      "properties": {
        "id": "SPN-concavo-F35",
        "tipo": "nicho",
        "zonaId": "SPN",
        "cara": "concavo",
        "fila": "F",
        "numero": 35,
        "codigo": "F35",
        "estatus_venta": "disponible",
        "estatus_ocupacion": "",
        "referencia_procap": "",
        "observaciones": "",
        "geometryType": "niches",
        "gridRow": 5,
        "gridColumn": 34
      },
      "geometry": {
        "type": "Polygon",
        "coordinates": [
          [
            [
              1372.25,
              74.252931
            ],
            [
              1404.25,
              74.252931
            ],
            [
              1404.25,
              42.252931
            ],
            [
              1372.25,
              42.252931
            ],
            [
              1372.25,
              74.252931
            ]
          ]
        ]
      }
    },
    {
      "type": "Feature",
      "properties": {
        "id": "SPN-concavo-F36",
        "tipo": "nicho",
        "zonaId": "SPN",
        "cara": "concavo",
        "fila": "F",
        "numero": 36,
        "codigo": "F36",
        "estatus_venta": "disponible",
        "estatus_ocupacion": "",
        "referencia_procap": "",
        "observaciones": "",
        "geometryType": "niches",
        "gridRow": 5,
        "gridColumn": 35
      },
      "geometry": {
        "type": "Polygon",
        "coordinates": [
          [
            [
              1411.5,
              74.252931
            ],
            [
              1443.5,
              74.252931
            ],
            [
              1443.5,
              42.252931
            ],
            [
              1411.5,
              42.252931
            ],
            [
              1411.5,
              74.252931
            ]
          ]
        ]
      }
    },
    {
      "type": "Feature",
      "properties": {
        "id": "SPN-concavo-F37",
        "tipo": "nicho",
        "zonaId": "SPN",
        "cara": "concavo",
        "fila": "F",
        "numero": 37,
        "codigo": "F37",
        "estatus_venta": "disponible",
        "estatus_ocupacion": "",
        "referencia_procap": "",
        "observaciones": "",
        "geometryType": "niches",
        "gridRow": 5,
        "gridColumn": 36
      },
      "geometry": {
        "type": "Polygon",
        "coordinates": [
          [
            [
              1450.75,
              74.252931
            ],
            [
              1482.75,
              74.252931
            ],
            [
              1482.75,
              42.252931
            ],
            [
              1450.75,
              42.252931
            ],
            [
              1450.75,
              74.252931
            ]
          ]
        ]
      }
    },
    {
      "type": "Feature",
      "properties": {
        "id": "SPN-concavo-F38",
        "tipo": "nicho",
        "zonaId": "SPN",
        "cara": "concavo",
        "fila": "F",
        "numero": 38,
        "codigo": "F38",
        "estatus_venta": "disponible",
        "estatus_ocupacion": "",
        "referencia_procap": "",
        "observaciones": "",
        "geometryType": "niches",
        "gridRow": 5,
        "gridColumn": 37
      },
      "geometry": {
        "type": "Polygon",
        "coordinates": [
          [
            [
              1490,
              74.252931
            ],
            [
              1522,
              74.252931
            ],
            [
              1522,
              42.252931
            ],
            [
              1490,
              42.252931
            ],
            [
              1490,
              74.252931
            ]
          ]
        ]
      }
    },
    {
      "type": "Feature",
      "properties": {
        "id": "SPN-concavo-F39",
        "tipo": "nicho",
        "zonaId": "SPN",
        "cara": "concavo",
        "fila": "F",
        "numero": 39,
        "codigo": "F39",
        "estatus_venta": "disponible",
        "estatus_ocupacion": "",
        "referencia_procap": "",
        "observaciones": "",
        "geometryType": "niches",
        "gridRow": 5,
        "gridColumn": 38
      },
      "geometry": {
        "type": "Polygon",
        "coordinates": [
          [
            [
              1529.25,
              74.252931
            ],
            [
              1561.25,
              74.252931
            ],
            [
              1561.25,
              42.252931
            ],
            [
              1529.25,
              42.252931
            ],
            [
              1529.25,
              74.252931
            ]
          ]
        ]
      }
    },
    {
      "type": "Feature",
      "properties": {
        "id": "SPN-concavo-F40",
        "tipo": "nicho",
        "zonaId": "SPN",
        "cara": "concavo",
        "fila": "F",
        "numero": 40,
        "codigo": "F40",
        "estatus_venta": "disponible",
        "estatus_ocupacion": "",
        "referencia_procap": "",
        "observaciones": "",
        "geometryType": "niches",
        "gridRow": 5,
        "gridColumn": 39
      },
      "geometry": {
        "type": "Polygon",
        "coordinates": [
          [
            [
              1568.5,
              74.252931
            ],
            [
              1600.5,
              74.252931
            ],
            [
              1600.5,
              42.252931
            ],
            [
              1568.5,
              42.252931
            ],
            [
              1568.5,
              74.252931
            ]
          ]
        ]
      }
    },
    {
      "type": "Feature",
      "properties": {
        "id": "SPN-concavo-F41",
        "tipo": "nicho",
        "zonaId": "SPN",
        "cara": "concavo",
        "fila": "F",
        "numero": 41,
        "codigo": "F41",
        "estatus_venta": "disponible",
        "estatus_ocupacion": "",
        "referencia_procap": "",
        "observaciones": "",
        "geometryType": "niches",
        "gridRow": 5,
        "gridColumn": 40
      },
      "geometry": {
        "type": "Polygon",
        "coordinates": [
          [
            [
              1607.75,
              74.252931
            ],
            [
              1639.75,
              74.252931
            ],
            [
              1639.75,
              42.252931
            ],
            [
              1607.75,
              42.252931
            ],
            [
              1607.75,
              74.252931
            ]
          ]
        ]
      }
    },
    {
      "type": "Feature",
      "properties": {
        "id": "SPN-concavo-F42",
        "tipo": "nicho",
        "zonaId": "SPN",
        "cara": "concavo",
        "fila": "F",
        "numero": 42,
        "codigo": "F42",
        "estatus_venta": "disponible",
        "estatus_ocupacion": "",
        "referencia_procap": "",
        "observaciones": "",
        "geometryType": "niches",
        "gridRow": 5,
        "gridColumn": 41
      },
      "geometry": {
        "type": "Polygon",
        "coordinates": [
          [
            [
              1647,
              74.252931
            ],
            [
              1679,
              74.252931
            ],
            [
              1679,
              42.252931
            ],
            [
              1647,
              42.252931
            ],
            [
              1647,
              74.252931
            ]
          ]
        ]
      }
    },
    {
      "type": "Feature",
      "properties": {
        "id": "SPN-concavo-F43",
        "tipo": "nicho",
        "zonaId": "SPN",
        "cara": "concavo",
        "fila": "F",
        "numero": 43,
        "codigo": "F43",
        "estatus_venta": "disponible",
        "estatus_ocupacion": "",
        "referencia_procap": "",
        "observaciones": "",
        "geometryType": "niches",
        "gridRow": 5,
        "gridColumn": 42
      },
      "geometry": {
        "type": "Polygon",
        "coordinates": [
          [
            [
              1686.25,
              74.252931
            ],
            [
              1718.25,
              74.252931
            ],
            [
              1718.25,
              42.252931
            ],
            [
              1686.25,
              42.252931
            ],
            [
              1686.25,
              74.252931
            ]
          ]
        ]
      }
    },
    {
      "type": "Feature",
      "properties": {
        "id": "SPN-concavo-F44",
        "tipo": "nicho",
        "zonaId": "SPN",
        "cara": "concavo",
        "fila": "F",
        "numero": 44,
        "codigo": "F44",
        "estatus_venta": "disponible",
        "estatus_ocupacion": "",
        "referencia_procap": "",
        "observaciones": "",
        "geometryType": "niches",
        "gridRow": 5,
        "gridColumn": 43
      },
      "geometry": {
        "type": "Polygon",
        "coordinates": [
          [
            [
              1725.5,
              74.252931
            ],
            [
              1757.5,
              74.252931
            ],
            [
              1757.5,
              42.252931
            ],
            [
              1725.5,
              42.252931
            ],
            [
              1725.5,
              74.252931
            ]
          ]
        ]
      }
    },
    {
      "type": "Feature",
      "properties": {
        "id": "SPN-concavo-F45",
        "tipo": "nicho",
        "zonaId": "SPN",
        "cara": "concavo",
        "fila": "F",
        "numero": 45,
        "codigo": "F45",
        "estatus_venta": "disponible",
        "estatus_ocupacion": "",
        "referencia_procap": "",
        "observaciones": "",
        "geometryType": "niches",
        "gridRow": 5,
        "gridColumn": 44
      },
      "geometry": {
        "type": "Polygon",
        "coordinates": [
          [
            [
              1764.75,
              74.252931
            ],
            [
              1796.75,
              74.252931
            ],
            [
              1796.75,
              42.252931
            ],
            [
              1764.75,
              42.252931
            ],
            [
              1764.75,
              74.252931
            ]
          ]
        ]
      }
    },
    {
      "type": "Feature",
      "properties": {
        "id": "SPN-concavo-F46",
        "tipo": "nicho",
        "zonaId": "SPN",
        "cara": "concavo",
        "fila": "F",
        "numero": 46,
        "codigo": "F46",
        "estatus_venta": "disponible",
        "estatus_ocupacion": "",
        "referencia_procap": "",
        "observaciones": "",
        "geometryType": "niches",
        "gridRow": 5,
        "gridColumn": 45
      },
      "geometry": {
        "type": "Polygon",
        "coordinates": [
          [
            [
              1804,
              74.252931
            ],
            [
              1836,
              74.252931
            ],
            [
              1836,
              42.252931
            ],
            [
              1804,
              42.252931
            ],
            [
              1804,
              74.252931
            ]
          ]
        ]
      }
    },
    {
      "type": "Feature",
      "properties": {
        "id": "SPN-concavo-F47",
        "tipo": "nicho",
        "zonaId": "SPN",
        "cara": "concavo",
        "fila": "F",
        "numero": 47,
        "codigo": "F47",
        "estatus_venta": "disponible",
        "estatus_ocupacion": "",
        "referencia_procap": "",
        "observaciones": "",
        "geometryType": "niches",
        "gridRow": 5,
        "gridColumn": 46
      },
      "geometry": {
        "type": "Polygon",
        "coordinates": [
          [
            [
              1843.25,
              74.252931
            ],
            [
              1875.25,
              74.252931
            ],
            [
              1875.25,
              42.252931
            ],
            [
              1843.25,
              42.252931
            ],
            [
              1843.25,
              74.252931
            ]
          ]
        ]
      }
    },
    {
      "type": "Feature",
      "properties": {
        "id": "SPN-concavo-F48",
        "tipo": "nicho",
        "zonaId": "SPN",
        "cara": "concavo",
        "fila": "F",
        "numero": 48,
        "codigo": "F48",
        "estatus_venta": "disponible",
        "estatus_ocupacion": "",
        "referencia_procap": "",
        "observaciones": "",
        "geometryType": "niches",
        "gridRow": 5,
        "gridColumn": 47
      },
      "geometry": {
        "type": "Polygon",
        "coordinates": [
          [
            [
              1882.5,
              74.252931
            ],
            [
              1914.5,
              74.252931
            ],
            [
              1914.5,
              42.252931
            ],
            [
              1882.5,
              42.252931
            ],
            [
              1882.5,
              74.252931
            ]
          ]
        ]
      }
    },
    {
      "type": "Feature",
      "properties": {
        "id": "SPN-concavo-F49",
        "tipo": "nicho",
        "zonaId": "SPN",
        "cara": "concavo",
        "fila": "F",
        "numero": 49,
        "codigo": "F49",
        "estatus_venta": "disponible",
        "estatus_ocupacion": "",
        "referencia_procap": "",
        "observaciones": "",
        "geometryType": "niches",
        "gridRow": 5,
        "gridColumn": 48
      },
      "geometry": {
        "type": "Polygon",
        "coordinates": [
          [
            [
              1921.75,
              74.252931
            ],
            [
              1953.75,
              74.252931
            ],
            [
              1953.75,
              42.252931
            ],
            [
              1921.75,
              42.252931
            ],
            [
              1921.75,
              74.252931
            ]
          ]
        ]
      }
    },
    {
      "type": "Feature",
      "properties": {
        "id": "SPN-concavo-F50",
        "tipo": "nicho",
        "zonaId": "SPN",
        "cara": "concavo",
        "fila": "F",
        "numero": 50,
        "codigo": "F50",
        "estatus_venta": "disponible",
        "estatus_ocupacion": "",
        "referencia_procap": "",
        "observaciones": "",
        "geometryType": "niches",
        "gridRow": 5,
        "gridColumn": 49
      },
      "geometry": {
        "type": "Polygon",
        "coordinates": [
          [
            [
              1961,
              74.252931
            ],
            [
              1993,
              74.252931
            ],
            [
              1993,
              42.252931
            ],
            [
              1961,
              42.252931
            ],
            [
              1961,
              74.252931
            ]
          ]
        ]
      }
    },
    {
      "type": "Feature",
      "properties": {
        "id": "SPN-concavo-F51",
        "tipo": "nicho",
        "zonaId": "SPN",
        "cara": "concavo",
        "fila": "F",
        "numero": 51,
        "codigo": "F51",
        "estatus_venta": "disponible",
        "estatus_ocupacion": "",
        "referencia_procap": "",
        "observaciones": "",
        "geometryType": "niches",
        "gridRow": 5,
        "gridColumn": 50
      },
      "geometry": {
        "type": "Polygon",
        "coordinates": [
          [
            [
              2000.25,
              74.252931
            ],
            [
              2032.25,
              74.252931
            ],
            [
              2032.25,
              42.252931
            ],
            [
              2000.25,
              42.252931
            ],
            [
              2000.25,
              74.252931
            ]
          ]
        ]
      }
    }
  ]
}